frame_id,frame_ms,frame_interval_ms,prepare_cpu_ms,record_cpu_ms,submit_cpu_ms,present_cpu_ms,sync_cpu_ms,gpu_ms,mesh_gpu_ms,lighting_gpu_ms,sky_gpu_ms,ui_gpu_ms,mesh_draw_calls,primitive_instances,triangles,point_lights,queue_submissions
1371,0.114200,0.126800,0.007200,0.022600,0.022900,0.058300,0.003100,0.018720,0.003072,,0.010208,0.001152,1,4,48,0,1
1372,0.114100,0.127000,0.007200,0.022400,0.023200,0.057800,0.003400,0.019104,0.003072,,0.010528,0.001152,1,4,48,0,1
1373,0.114500,0.127100,0.007200,0.022600,0.022900,0.058300,0.003100,0.019200,0.003168,,0.010592,0.001088,1,4,48,0,1
1374,0.113400,0.127500,0.007100,0.022700,0.023500,0.057000,0.003100,0.019136,0.003040,,0.010592,0.001120,1,4,48,0,1
1375,0.113900,0.126200,0.007200,0.022600,0.023200,0.057600,0.003000,0.019360,0.003360,,0.010496,0.001088,1,4,48,0,1
1376,0.113400,0.126600,0.007000,0.022600,0.023400,0.056900,0.003200,0.018784,0.003008,,0.010336,0.001120,1,4,48,0,1
1377,0.114900,0.126300,0.007100,0.022700,0.023100,0.058900,0.003100,0.021632,0.003040,,0.011072,0.001152,1,4,48,0,1
1378,0.123600,0.128000,0.007100,0.022700,0.023000,0.058900,0.011800,0.019232,0.003136,,0.010528,0.001184,1,4,48,0,1
1379,0.113300,0.136500,0.007100,0.022500,0.023600,0.058200,0.001800,0.019104,0.003104,,0.010464,0.001184,1,4,48,0,1
1380,0.115100,0.125900,0.007000,0.022600,0.023500,0.058600,0.003400,0.018496,0.003008,,0.010848,0.001152,1,4,48,0,1
1381,0.114500,0.128000,0.007100,0.022500,0.023000,0.058700,0.003000,0.021984,0.003104,,0.011328,0.001152,1,4,48,0,1
1382,0.123500,0.127600,0.007100,0.029100,0.023700,0.060400,0.003100,0.019072,0.003008,,0.013120,0.001152,1,4,48,0,1
1383,0.128600,0.136600,0.007200,0.033200,0.020700,0.064000,0.003500,0.021440,0.002944,,0.012224,0.001152,1,4,48,0,1
1384,0.122700,0.141900,0.007300,0.024200,0.027800,0.060000,0.003100,0.019008,0.003168,,0.010432,0.001120,1,4,48,0,1
1385,0.116000,0.135700,0.007300,0.022800,0.023200,0.059500,0.003100,0.018656,0.003264,,0.010784,0.001152,1,4,48,0,1
1386,0.115000,0.128800,0.007100,0.022600,0.023200,0.058900,0.003100,0.018432,0.003040,,0.010720,0.001120,1,4,48,0,1
1387,0.112700,0.127900,0.007200,0.022500,0.023200,0.057700,0.002000,0.019168,0.003232,,0.010496,0.001088,1,4,48,0,1
1388,0.115200,0.125500,0.007200,0.022700,0.023100,0.059000,0.003100,0.021344,0.003040,,0.011040,0.001152,1,4,48,0,1
1389,0.114100,0.128100,0.007100,0.022600,0.023100,0.057800,0.003200,0.021952,0.003008,,0.011392,0.001152,1,4,48,0,1
1390,0.115000,0.127000,0.007300,0.022800,0.023600,0.058700,0.002400,0.021376,0.002976,,0.010976,0.001120,1,4,48,0,1
1391,0.139200,0.128000,0.007100,0.022700,0.023300,0.083400,0.002700,0.021632,0.003104,,0.011040,0.001152,1,4,48,0,1
1392,0.134700,0.156200,0.009400,0.028200,0.032400,0.061400,0.003200,0.021728,0.003488,,0.011072,0.001056,1,4,48,0,1
1393,0.117100,0.148200,0.007500,0.023200,0.023400,0.059800,0.003200,0.019104,0.003008,,0.010592,0.001152,1,4,48,0,1
1394,0.114400,0.130100,0.007000,0.022900,0.023000,0.058800,0.002500,0.018912,0.003008,,0.010400,0.001152,1,4,48,0,1
1395,0.123500,0.127400,0.006900,0.022600,0.023300,0.059900,0.010500,0.018944,0.003136,,0.010272,0.001184,1,4,48,0,1
1396,0.115500,0.136100,0.007000,0.022600,0.023600,0.058900,0.003200,0.018464,0.003008,,0.010848,0.001152,1,4,48,0,1
1397,0.120600,0.128300,0.007100,0.027800,0.023800,0.058600,0.003100,0.021824,0.003264,,0.011040,0.001120,1,4,48,0,1
1398,0.123800,0.133800,0.007100,0.022700,0.023000,0.058800,0.012000,0.019168,0.003136,,0.010560,0.001120,1,4,48,0,1
1399,0.124500,0.136800,0.007100,0.022800,0.023600,0.059000,0.011900,0.018720,0.003104,,0.010400,0.001184,1,4,48,0,1
1400,0.127400,0.137300,0.006900,0.022800,0.023600,0.068600,0.005300,0.019136,0.003328,,0.010336,0.001152,1,4,48,0,1
1401,0.114200,0.140200,0.007100,0.022900,0.023700,0.058200,0.002100,0.019520,0.002976,,0.012704,0.001152,1,4,48,0,1
1402,0.126200,0.127200,0.007000,0.022900,0.026000,0.059600,0.010600,0.019072,0.003136,,0.010432,0.001088,1,4,48,0,1
1403,0.121400,0.139200,0.007000,0.022900,0.023400,0.059000,0.009100,0.018272,0.002944,,0.010784,0.001088,1,4,48,0,1
1404,0.121900,0.134300,0.007100,0.022400,0.023200,0.059100,0.009800,0.019200,0.003232,,0.010528,0.001056,1,4,48,0,1
1405,0.113900,0.134800,0.007200,0.022800,0.023000,0.058800,0.002000,0.019264,0.003168,,0.013024,0.001184,1,4,48,0,1
1406,0.122900,0.126800,0.007200,0.022800,0.023300,0.067600,0.001900,0.018880,0.003168,,0.010272,0.001056,1,4,48,0,1
1407,0.118800,0.136000,0.007000,0.022800,0.023700,0.063400,0.001800,0.018624,0.003072,,0.010816,0.001152,1,4,48,0,1
1408,0.114200,0.131700,0.006900,0.022600,0.023100,0.058100,0.003300,0.019040,0.003136,,0.010368,0.001120,1,4,48,0,1
1409,0.114500,0.127000,0.007200,0.022700,0.023100,0.059000,0.002500,0.021248,0.003104,,0.012192,0.001152,1,4,48,0,1
1410,0.122400,0.127600,0.007100,0.022700,0.023000,0.058900,0.010600,0.018752,0.003104,,0.010464,0.001152,1,4,48,0,1
1411,0.115400,0.135300,0.007200,0.022900,0.023200,0.058600,0.003200,0.019136,0.003296,,0.010400,0.001088,1,4,48,0,1
1412,0.129100,0.128200,0.007000,0.027800,0.023500,0.059700,0.010900,0.019072,0.003232,,0.010432,0.001088,1,4,48,0,1
1413,0.114300,0.142000,0.007200,0.022500,0.023200,0.058700,0.002600,0.019040,0.003104,,0.010464,0.001120,1,4,48,0,1
1414,0.122500,0.127100,0.007100,0.022800,0.023200,0.059600,0.009700,0.018976,0.002944,,0.013024,0.001152,1,4,48,0,1
1415,0.115100,0.135400,0.007000,0.022600,0.023300,0.058700,0.003100,0.021568,0.003072,,0.011168,0.001088,1,4,48,0,1
1416,0.114600,0.128100,0.007100,0.022600,0.023000,0.058600,0.003200,0.018528,0.003040,,0.010720,0.001120,1,4,48,0,1
1417,0.115400,0.127300,0.007100,0.022500,0.023300,0.059000,0.003200,0.021568,0.003008,,0.012352,0.001152,1,4,48,0,1
1418,0.126000,0.128300,0.007000,0.023100,0.023500,0.059200,0.013100,0.019776,0.003360,,0.010240,0.001120,1,4,48,0,1
1419,0.113800,0.138900,0.007100,0.022700,0.023200,0.058800,0.001900,0.021664,0.003104,,0.011040,0.001152,1,4,48,0,1
1420,0.115100,0.126800,0.007100,0.022700,0.023400,0.058700,0.003100,0.019104,0.003232,,0.010432,0.001056,1,4,48,0,1
1421,0.122800,0.128100,0.007100,0.022700,0.023300,0.064800,0.004700,0.018496,0.003072,,0.010816,0.001152,1,4,48,0,1
1422,0.127700,0.136000,0.007000,0.025000,0.027100,0.066700,0.001800,0.018880,0.002976,,0.010336,0.001152,1,4,48,0,1
1423,0.117000,0.141100,0.007400,0.023500,0.023800,0.059000,0.003100,0.021472,0.002944,,0.011072,0.001120,1,4,48,0,1
1424,0.113900,0.129900,0.007000,0.022500,0.023100,0.057800,0.003100,0.019232,0.003296,,0.010464,0.001088,1,4,48,0,1
1425,0.115100,0.126700,0.007200,0.022600,0.023400,0.058300,0.003100,0.022144,0.003136,,0.011392,0.001184,1,4,48,0,1
1426,0.124400,0.128100,0.007000,0.022600,0.023100,0.059000,0.012500,0.019104,0.002944,,0.013056,0.001152,1,4,48,0,1
1427,0.119000,0.137400,0.007200,0.022600,0.028100,0.059300,0.001800,0.020608,0.003328,,0.011360,0.001088,1,4,48,0,1
1428,0.147300,0.132100,0.007100,0.023300,0.020800,0.088600,0.007200,0.019872,0.003072,,0.013920,0.001120,1,4,48,0,1
1429,0.176000,0.166300,0.010200,0.038300,0.038900,0.083300,0.005200,0.019808,0.003008,,0.013888,0.001152,1,4,48,0,1
1430,0.150300,0.193500,0.009400,0.029100,0.034400,0.073300,0.004000,0.021568,0.003040,,0.011072,0.001152,1,4,48,0,1
1431,0.142400,0.166800,0.008900,0.028400,0.029100,0.071900,0.003900,0.021376,0.003040,,0.011040,0.001152,1,4,48,0,1
1432,0.155600,0.158700,0.008900,0.028200,0.031000,0.072400,0.015000,0.019776,0.002944,,0.013856,0.001088,1,4,48,0,1
1433,0.141700,0.172200,0.009200,0.027700,0.028700,0.071700,0.004400,0.019296,0.003040,,0.012960,0.001152,1,4,48,0,1
1434,0.139100,0.157900,0.008700,0.027600,0.028400,0.070300,0.004000,0.019040,0.003200,,0.010368,0.001056,1,4,48,0,1
1435,0.139600,0.155300,0.008900,0.027600,0.028800,0.070300,0.003800,0.018880,0.003008,,0.010400,0.001152,1,4,48,0,1
1436,0.141100,0.155900,0.008700,0.027700,0.029200,0.071300,0.003900,0.019008,0.002912,,0.013088,0.001152,1,4,48,0,1
1437,0.149600,0.157100,0.008800,0.027300,0.030800,0.080400,0.002200,0.019424,0.003232,,0.010560,0.001152,1,4,48,0,1
1438,0.138800,0.165700,0.008800,0.027500,0.029500,0.061300,0.011600,0.021696,0.003136,,0.011072,0.001152,1,4,48,0,1
1439,0.167600,0.152400,0.007400,0.022600,0.042100,0.090900,0.004500,0.021408,0.003136,,0.011008,0.001152,1,4,48,0,1
1440,0.130300,0.182300,0.008200,0.025600,0.024800,0.068000,0.003700,0.019104,0.003168,,0.010528,0.001056,1,4,48,0,1
1441,0.130400,0.143700,0.007200,0.023400,0.024000,0.060300,0.015300,0.021632,0.003040,,0.012544,0.001120,1,4,48,0,1
1442,0.116700,0.143400,0.007200,0.022900,0.023600,0.059700,0.003100,0.021792,0.003456,,0.011328,0.001056,1,4,48,0,1
1443,0.123500,0.129600,0.007300,0.022700,0.023900,0.059800,0.009700,0.019040,0.003232,,0.010336,0.001056,1,4,48,0,1
1444,0.122600,0.136500,0.007000,0.022700,0.023300,0.059300,0.010200,0.019104,0.002912,,0.013120,0.001152,1,4,48,0,1
1445,0.124200,0.135600,0.007200,0.022700,0.023500,0.059000,0.011700,0.019072,0.003328,,0.010304,0.001088,1,4,48,0,1
1446,0.115500,0.137000,0.007000,0.022700,0.023500,0.059000,0.003200,0.018912,0.003232,,0.010528,0.001120,1,4,48,0,1
1447,0.121600,0.128500,0.007100,0.022500,0.029300,0.059200,0.003400,0.019168,0.003392,,0.010336,0.001088,1,4,48,0,1
1448,0.122200,0.134500,0.007100,0.022700,0.023600,0.065000,0.003700,0.018432,0.003008,,0.010848,0.001120,1,4,48,0,1
1449,0.122400,0.135000,0.007000,0.022500,0.023500,0.059000,0.010300,0.020416,0.003520,,0.013888,0.001152,1,4,48,0,1
1450,0.116400,0.135400,0.007200,0.022700,0.023700,0.059000,0.003500,0.021440,0.003104,,0.011040,0.001184,1,4,48,0,1
1451,0.115200,0.129100,0.007300,0.022700,0.023200,0.058500,0.003400,0.019232,0.003296,,0.010464,0.001120,1,4,48,0,1
1452,0.116200,0.133400,0.007200,0.023300,0.024000,0.058500,0.003100,0.019776,0.003040,,0.012320,0.001152,1,4,48,0,1
1453,0.113800,0.129200,0.007200,0.022200,0.023400,0.059000,0.001900,0.018912,0.003168,,0.010240,0.001120,1,4,48,0,1
1454,0.116800,0.126700,0.007100,0.022700,0.023100,0.060500,0.003200,0.019552,0.003200,,0.010400,0.001152,1,4,48,0,1
1455,0.115300,0.129900,0.007100,0.022500,0.023300,0.059100,0.003100,0.019200,0.003168,,0.010528,0.001152,1,4,48,0,1
1456,0.131500,0.128400,0.007100,0.022600,0.029000,0.069400,0.003300,0.019328,0.003296,,0.013024,0.001056,1,4,48,0,1
1457,0.158300,0.145200,0.039400,0.023400,0.024000,0.059300,0.012000,0.019296,0.003296,,0.010464,0.001120,1,4,48,0,1
1458,0.115800,0.171200,0.007300,0.022700,0.023200,0.059200,0.003200,0.021536,0.002976,,0.011040,0.001152,1,4,48,0,1
1459,0.122000,0.128600,0.007000,0.022800,0.023300,0.059200,0.009600,0.018432,0.003008,,0.010720,0.001152,1,4,48,0,1
1460,0.125500,0.134800,0.007100,0.022500,0.023200,0.059400,0.012800,0.018976,0.003104,,0.010336,0.001184,1,4,48,0,1
1461,0.124600,0.138500,0.007200,0.022600,0.023200,0.059200,0.012300,0.019424,0.003040,,0.012928,0.001120,1,4,48,0,1
1462,0.124200,0.137500,0.007200,0.022500,0.023000,0.059500,0.011900,0.021568,0.002976,,0.012448,0.001152,1,4,48,0,1
1463,0.123200,0.137200,0.007200,0.022500,0.023300,0.059500,0.010600,0.019072,0.003488,,0.010208,0.001056,1,4,48,0,1
1464,0.124000,0.136000,0.007300,0.022600,0.023600,0.059900,0.010500,0.018976,0.003008,,0.013056,0.001152,1,4,48,0,1
1465,0.121400,0.137200,0.007500,0.022400,0.022900,0.059200,0.009100,0.018656,0.003104,,0.010976,0.001152,1,4,48,0,1
1466,0.121300,0.134300,0.007100,0.022600,0.022800,0.066500,0.001900,0.018464,0.003104,,0.010688,0.001120,1,4,48,0,1
1467,0.128800,0.134400,0.007400,0.022900,0.023100,0.071600,0.003700,0.021632,0.002976,,0.012384,0.001184,1,4,48,0,1
1468,0.120400,0.142000,0.007400,0.026700,0.023500,0.059300,0.003300,0.021728,0.003136,,0.011072,0.001152,1,4,48,0,1
1469,0.116100,0.133100,0.007400,0.022800,0.023800,0.060000,0.001900,0.021216,0.003008,,0.012032,0.001120,1,4,48,0,1
1470,0.108400,0.129000,0.007000,0.022800,0.020600,0.055900,0.001700,0.020928,0.003008,,0.011904,0.001152,1,4,48,0,1
1471,0.116700,0.121100,0.007000,0.022200,0.026300,0.059100,0.001800,0.019456,0.003104,,0.010432,0.001184,1,4,48,0,1
1472,0.116400,0.129500,0.007200,0.022100,0.021000,0.062700,0.003400,0.021728,0.003232,,0.011584,0.001120,1,4,48,0,1
1473,0.124400,0.129300,0.007200,0.022800,0.031800,0.059400,0.003100,0.019168,0.003456,,0.010240,0.001120,1,4,48,0,1
1474,0.115200,0.137300,0.007000,0.022300,0.023500,0.059200,0.003000,0.019136,0.003040,,0.012992,0.001088,1,4,48,0,1
1475,0.145600,0.128100,0.007400,0.022600,0.023700,0.087900,0.004000,0.020544,0.003072,,0.011872,0.001056,1,4,48,0,1
1476,0.247000,0.159000,0.007500,0.025100,0.024700,0.185200,0.004500,0.019136,0.003072,,0.010560,0.001120,1,4,48,0,1
1477,0.244600,0.265900,0.010500,0.038000,0.034200,0.155100,0.006700,0.019872,0.003040,,0.013888,0.001152,1,4,48,0,1
1478,0.145300,0.260100,0.009100,0.031500,0.029800,0.073000,0.001800,0.019008,0.003072,,0.013056,0.001088,1,4,48,0,1
1479,0.119900,0.159500,0.008000,0.023500,0.024400,0.060400,0.003400,0.018816,0.003040,,0.010240,0.001152,1,4,48,0,1
1480,0.146300,0.133300,0.010800,0.023700,0.024500,0.081600,0.005700,0.019936,0.003040,,0.013920,0.001152,1,4,48,0,1
1481,0.157200,0.161500,0.009200,0.031100,0.030100,0.084900,0.001900,0.019008,0.003296,,0.010304,0.001056,1,4,48,0,1
1482,0.128600,0.171100,0.008400,0.025000,0.025600,0.066000,0.003400,0.019904,0.003008,,0.013920,0.001152,1,4,48,0,1
1483,0.148700,0.142100,0.007500,0.023200,0.024300,0.089900,0.003600,0.020064,0.003232,,0.013888,0.001088,1,4,48,0,1
1484,0.160900,0.163300,0.008800,0.031000,0.030100,0.084100,0.006800,0.019936,0.003104,,0.013856,0.001184,1,4,48,0,1
1485,0.171300,0.180100,0.010700,0.038100,0.035700,0.081300,0.005400,0.020064,0.003168,,0.011392,0.001120,1,4,48,0,1
1486,0.157100,0.188300,0.009600,0.028500,0.029800,0.073900,0.015200,0.018880,0.003008,,0.010368,0.001120,1,4,48,0,1
1487,0.151700,0.173700,0.009100,0.027800,0.029200,0.072700,0.012800,0.018400,0.002880,,0.010400,0.001184,1,4,48,0,1
1488,0.150900,0.168000,0.009000,0.028000,0.028600,0.071700,0.013600,0.018784,0.003296,,0.010848,0.001152,1,4,48,0,1
1489,0.173200,0.167500,0.009000,0.027500,0.028300,0.104400,0.003900,0.018880,0.003136,,0.010208,0.001152,1,4,48,0,1
1490,0.142500,0.189900,0.009400,0.028800,0.028000,0.072200,0.003800,0.018688,0.003200,,0.010848,0.001152,1,4,48,0,1
1491,0.140200,0.158700,0.008900,0.027800,0.028300,0.071500,0.003600,0.019392,0.003296,,0.010624,0.001152,1,4,48,0,1
1492,0.121400,0.156400,0.009300,0.025900,0.023300,0.059700,0.003200,0.019072,0.003232,,0.010368,0.001056,1,4,48,0,1
1493,0.117500,0.134500,0.007600,0.023400,0.023300,0.059900,0.003200,0.019296,0.003040,,0.012928,0.001056,1,4,48,0,1
1494,0.116300,0.130600,0.007400,0.023200,0.023300,0.059200,0.003100,0.021664,0.003008,,0.012480,0.001152,1,4,48,0,1
1495,0.140300,0.129300,0.007900,0.022700,0.023500,0.082800,0.003300,0.019008,0.003008,,0.010496,0.001152,1,4,48,0,1
1496,0.134700,0.156900,0.011800,0.027900,0.028000,0.063500,0.003300,0.018912,0.003072,,0.010336,0.001152,1,4,48,0,1
1497,0.125000,0.148300,0.007800,0.023000,0.023800,0.068100,0.002000,0.018592,0.003104,,0.010848,0.001152,1,4,48,0,1
1498,0.116400,0.138300,0.007400,0.023300,0.023900,0.059800,0.001900,0.021568,0.003040,,0.011040,0.001152,1,4,48,0,1
1499,0.183400,0.129600,0.007400,0.023000,0.023800,0.113800,0.015400,0.019136,0.003264,,0.010368,0.001120,1,4,48,0,1
1500,0.144700,0.202100,0.008300,0.027100,0.027100,0.079900,0.002200,0.019040,0.003168,,0.010368,0.001120,1,4,48,0,1
1501,0.121200,0.161400,0.007900,0.024400,0.025500,0.060700,0.002300,0.021248,0.003008,,0.012000,0.001152,1,4,48,0,1
1502,0.163900,0.134200,0.007200,0.023100,0.024200,0.065800,0.043300,0.019040,0.003008,,0.013088,0.001152,1,4,48,0,1
1503,0.206000,0.186800,0.016200,0.058300,0.034900,0.091400,0.005000,0.021696,0.002976,,0.011520,0.001184,1,4,48,0,1
1504,0.134000,0.221500,0.009900,0.027400,0.027600,0.065600,0.003400,0.019296,0.003328,,0.010464,0.001088,1,4,48,0,1
1505,0.127200,0.147700,0.007700,0.023600,0.024500,0.068600,0.002600,0.018880,0.003008,,0.010432,0.001088,1,4,48,0,1
1506,0.119400,0.140400,0.007600,0.023200,0.024200,0.061100,0.003200,0.019040,0.003168,,0.010432,0.001088,1,4,48,0,1
1507,0.116700,0.132600,0.007700,0.023000,0.023500,0.058900,0.003300,0.019200,0.003072,,0.012928,0.001120,1,4,48,0,1
1508,0.113300,0.130100,0.007500,0.023100,0.021700,0.059000,0.001900,0.019104,0.003168,,0.010336,0.001152,1,4,48,0,1
1509,0.258800,0.126400,0.007300,0.022800,0.024300,0.058400,0.145800,0.021280,0.003040,,0.011648,0.001152,1,4,48,0,1
1510,0.146700,0.274200,0.009100,0.031400,0.028000,0.072500,0.005500,0.018816,0.003040,,0.010336,0.001120,1,4,48,0,1
1511,0.135400,0.160600,0.007800,0.024000,0.036200,0.063800,0.003400,0.018976,0.003296,,0.010208,0.001088,1,4,48,0,1
1512,0.118400,0.148900,0.008100,0.023500,0.024300,0.060300,0.002100,0.020704,0.003168,,0.012960,0.001152,1,4,48,0,1
1513,0.117800,0.131900,0.007400,0.022900,0.024600,0.059200,0.003400,0.019104,0.003264,,0.010464,0.001056,1,4,48,0,1
1514,0.116300,0.131300,0.007600,0.023100,0.024000,0.058800,0.002700,0.018496,0.003040,,0.010880,0.001120,1,4,48,0,1
1515,0.123300,0.130000,0.007500,0.023000,0.023500,0.060100,0.009100,0.019968,0.003136,,0.010080,0.001120,1,4,48,0,1
1516,0.123500,0.136600,0.007600,0.022600,0.023400,0.059200,0.010500,0.019232,0.003168,,0.010560,0.001088,1,4,48,0,1
1517,0.122200,0.136800,0.007800,0.022700,0.023600,0.060100,0.008000,0.019200,0.003008,,0.013056,0.001088,1,4,48,0,1
1518,0.128700,0.135400,0.007400,0.022700,0.023500,0.060200,0.014700,0.019744,0.003072,,0.010368,0.001152,1,4,48,0,1
1519,0.125200,0.142300,0.007800,0.023400,0.024800,0.060200,0.008900,0.019040,0.003008,,0.013056,0.001152,1,4,48,0,1
1520,0.117600,0.138600,0.007700,0.022600,0.024000,0.060100,0.003100,0.019360,0.002976,,0.010464,0.001152,1,4,48,0,1
1521,0.116800,0.130800,0.008000,0.022900,0.023500,0.059200,0.003100,0.019104,0.003104,,0.010496,0.001152,1,4,48,0,1
1522,0.116700,0.130000,0.007500,0.022800,0.023600,0.059200,0.003300,0.021632,0.003072,,0.012448,0.001152,1,4,48,0,1
1523,0.122800,0.130100,0.007800,0.022800,0.023600,0.059900,0.008700,0.021728,0.003264,,0.012480,0.001056,1,4,48,0,1
1524,0.117100,0.135900,0.007700,0.022800,0.023300,0.059900,0.003200,0.018944,0.003168,,0.010304,0.001088,1,4,48,0,1
1525,0.122700,0.130200,0.007800,0.022600,0.023200,0.060300,0.008700,0.019104,0.003232,,0.010400,0.001088,1,4,48,0,1
1526,0.125000,0.136000,0.007600,0.022800,0.023300,0.059900,0.011200,0.018848,0.003232,,0.010112,0.001152,1,4,48,0,1
1527,0.126200,0.138100,0.007600,0.022400,0.023500,0.067400,0.005100,0.018624,0.003200,,0.010784,0.001152,1,4,48,0,1
1528,0.124400,0.139400,0.007900,0.022700,0.023400,0.060100,0.010100,0.019136,0.003136,,0.010432,0.001152,1,4,48,0,1
1529,0.116700,0.137500,0.007700,0.022700,0.023700,0.059400,0.003200,0.021504,0.002976,,0.011040,0.001184,1,4,48,0,1
1530,0.124200,0.129700,0.007500,0.022700,0.024000,0.059400,0.010300,0.019296,0.003232,,0.013056,0.001088,1,4,48,0,1
1531,0.122000,0.137300,0.007800,0.022600,0.022800,0.066800,0.001900,0.018496,0.003040,,0.010816,0.001152,1,4,48,0,1
1532,0.124100,0.135100,0.007400,0.022900,0.023600,0.060000,0.010200,0.019136,0.003200,,0.010464,0.001088,1,4,48,0,1
1533,0.144000,0.137300,0.007700,0.022800,0.023500,0.086600,0.003100,0.019104,0.003040,,0.013088,0.001152,1,4,48,0,1
1534,0.169100,0.162200,0.010000,0.032500,0.034700,0.079300,0.012500,0.021632,0.003040,,0.011072,0.001152,1,4,48,0,1
1535,0.154500,0.185700,0.009200,0.028300,0.029300,0.074200,0.013500,0.018432,0.002912,,0.010560,0.001152,1,4,48,0,1
1536,0.141700,0.170600,0.009000,0.027900,0.028500,0.072600,0.003600,0.019008,0.003200,,0.010496,0.001088,1,4,48,0,1
1537,0.141800,0.157900,0.009100,0.027600,0.028700,0.072600,0.003600,0.021696,0.003040,,0.012544,0.001152,1,4,48,0,1
1538,0.138800,0.157600,0.009000,0.027500,0.028600,0.070300,0.003400,0.018912,0.003168,,0.010336,0.001056,1,4,48,0,1
1539,0.132800,0.154700,0.009000,0.027100,0.028900,0.066000,0.001800,0.018464,0.002880,,0.011008,0.001152,1,4,48,0,1
1540,0.122400,0.145800,0.007200,0.022600,0.023900,0.059900,0.008800,0.018432,0.002912,,0.010848,0.001152,1,4,48,0,1
1541,0.116600,0.135400,0.007400,0.022800,0.023500,0.059600,0.003200,0.019008,0.003104,,0.010464,0.001088,1,4,48,0,1
1542,0.128900,0.129900,0.007200,0.022600,0.030700,0.065300,0.002900,0.018528,0.003072,,0.010784,0.001120,1,4,48,0,1
1543,0.116800,0.141800,0.007400,0.022700,0.023700,0.059600,0.003200,0.021632,0.003072,,0.012416,0.001184,1,4,48,0,1
1544,0.116000,0.129900,0.007300,0.022600,0.023200,0.059600,0.003100,0.018624,0.003104,,0.010208,0.001152,1,4,48,0,1
1545,0.122700,0.129000,0.007400,0.022400,0.029800,0.059900,0.003200,0.020992,0.003104,,0.012096,0.001088,1,4,48,0,1
1546,0.116700,0.135900,0.007400,0.022900,0.023200,0.059800,0.003200,0.019520,0.003104,,0.012000,0.001056,1,4,48,0,1
1547,0.114900,0.129400,0.007200,0.022700,0.023100,0.058600,0.003100,0.021472,0.003008,,0.012384,0.001088,1,4,48,0,1
1548,0.115400,0.127900,0.007400,0.022600,0.022800,0.059300,0.003100,0.021536,0.003040,,0.011040,0.001120,1,4,48,0,1
1549,0.115700,0.128400,0.007300,0.022500,0.023500,0.059000,0.003000,0.019104,0.003168,,0.010432,0.001120,1,4,48,0,1
1550,0.125600,0.128500,0.007100,0.022700,0.025900,0.067100,0.002700,0.018848,0.003328,,0.010464,0.001088,1,4,48,0,1
1551,0.108800,0.138400,0.007400,0.022500,0.020800,0.056100,0.001800,0.019200,0.003040,,0.010400,0.001120,1,4,48,0,1
1552,0.116500,0.121700,0.007800,0.022500,0.020200,0.063600,0.001900,0.018496,0.002944,,0.010272,0.001152,1,4,48,0,1
1553,0.117900,0.129400,0.007300,0.022300,0.020600,0.064300,0.003100,0.021376,0.003104,,0.012000,0.001088,1,4,48,0,1
1554,0.118100,0.130700,0.007200,0.022500,0.023900,0.062800,0.001700,0.019040,0.003072,,0.010464,0.001120,1,4,48,0,1
1555,0.122800,0.131100,0.007200,0.022500,0.023700,0.065200,0.004200,0.021568,0.003200,,0.011328,0.001120,1,4,48,0,1
1556,0.123400,0.136000,0.007200,0.022900,0.023800,0.059900,0.009600,0.018688,0.003136,,0.010304,0.001120,1,4,48,0,1
1557,0.117800,0.136100,0.007400,0.022700,0.023700,0.062100,0.001900,0.019008,0.003200,,0.010336,0.001088,1,4,48,0,1
1558,0.117100,0.130700,0.007600,0.022900,0.023800,0.059500,0.003300,0.020608,0.003008,,0.011840,0.001152,1,4,48,0,1
1559,0.116100,0.130000,0.007200,0.022700,0.023700,0.059300,0.003000,0.018560,0.003008,,0.010400,0.001184,1,4,48,0,1
1560,0.121900,0.129000,0.007400,0.022700,0.020500,0.068000,0.003100,0.018752,0.002912,,0.010752,0.001088,1,4,48,0,1
1561,0.158200,0.135000,0.007500,0.027600,0.048500,0.071500,0.003000,0.019136,0.003072,,0.010496,0.001184,1,4,48,0,1
1562,0.117500,0.171800,0.007700,0.023800,0.023700,0.058900,0.003200,0.021760,0.003136,,0.011040,0.001184,1,4,48,0,1
1563,0.118100,0.130400,0.007300,0.023400,0.023600,0.060400,0.003300,0.019136,0.003264,,0.010400,0.001088,1,4,48,0,1
1564,0.125200,0.131100,0.007300,0.022900,0.023900,0.061500,0.009500,0.021600,0.003040,,0.011072,0.001152,1,4,48,0,1
1565,0.120800,0.138400,0.007700,0.024600,0.025100,0.060000,0.003300,0.019040,0.003104,,0.010496,0.001056,1,4,48,0,1
1566,0.115000,0.133700,0.007300,0.023000,0.023300,0.058200,0.003200,0.018976,0.003296,,0.010240,0.001056,1,4,48,0,1
1567,0.113900,0.128000,0.007100,0.022800,0.023000,0.057600,0.003200,0.019808,0.003296,,0.010272,0.001088,1,4,48,0,1
1568,0.115000,0.126700,0.007300,0.022900,0.023200,0.058100,0.003400,0.021664,0.003104,,0.011072,0.001152,1,4,48,0,1
1569,0.128400,0.127900,0.007900,0.031100,0.024900,0.061100,0.003200,0.019008,0.003200,,0.010336,0.001088,1,4,48,0,1
1570,0.115400,0.141800,0.007400,0.023200,0.023200,0.058300,0.003200,0.019680,0.003072,,0.010336,0.001152,1,4,48,0,1
1571,0.115400,0.128200,0.007400,0.022800,0.023100,0.058700,0.003200,0.019040,0.003168,,0.010304,0.001184,1,4,48,0,1
1572,0.122700,0.128500,0.007200,0.022700,0.023000,0.058700,0.011000,0.018912,0.002976,,0.010400,0.001152,1,4,48,0,1
1573,0.115100,0.135600,0.007200,0.022600,0.023800,0.058400,0.003100,0.018944,0.003488,,0.010336,0.001088,1,4,48,0,1
1574,0.114400,0.128000,0.007000,0.023000,0.023200,0.057900,0.003200,0.021504,0.002976,,0.012448,0.001152,1,4,48,0,1
1575,0.124300,0.127400,0.007200,0.022600,0.023300,0.069100,0.001800,0.018912,0.003104,,0.010336,0.001120,1,4,48,0,1
1576,0.119300,0.137300,0.009500,0.023300,0.024000,0.059100,0.003200,0.019232,0.003360,,0.010400,0.001088,1,4,48,0,1
1577,0.113500,0.132100,0.007400,0.022500,0.023300,0.057800,0.002400,0.019040,0.003200,,0.010368,0.001120,1,4,48,0,1
1578,0.115300,0.126400,0.007400,0.022500,0.023400,0.058800,0.003200,0.021792,0.003168,,0.012480,0.001152,1,4,48,0,1
1579,0.115000,0.128300,0.007600,0.022800,0.023300,0.058100,0.003100,0.019040,0.003200,,0.010368,0.001088,1,4,48,0,1
1580,0.114500,0.127700,0.007200,0.022800,0.023200,0.058000,0.003200,0.020160,0.003264,,0.010496,0.001120,1,4,48,0,1
1581,0.113700,0.127500,0.007300,0.022500,0.022800,0.057700,0.003200,0.021344,0.003072,,0.012096,0.001152,1,4,48,0,1
1582,0.114500,0.126500,0.007200,0.022700,0.023300,0.057900,0.003100,0.019040,0.003200,,0.010336,0.001120,1,4,48,0,1
1583,0.122400,0.127600,0.007200,0.022700,0.022800,0.058400,0.011200,0.018496,0.003072,,0.010784,0.001152,1,4,48,0,1
1584,0.114800,0.135500,0.007100,0.022700,0.023300,0.058200,0.003300,0.019232,0.003008,,0.012960,0.001120,1,4,48,0,1
1585,0.114100,0.127700,0.007200,0.022600,0.022900,0.058000,0.003200,0.022144,0.003168,,0.011456,0.001120,1,4,48,0,1
1586,0.115100,0.127000,0.007200,0.023000,0.022600,0.059800,0.002400,0.018976,0.003040,,0.010400,0.001152,1,4,48,0,1
1587,0.114900,0.128100,0.007100,0.022700,0.023200,0.058400,0.003200,0.018816,0.003104,,0.010336,0.001152,1,4,48,0,1
1588,0.115000,0.127700,0.007200,0.022900,0.023300,0.058200,0.003200,0.021504,0.003040,,0.011040,0.001120,1,4,48,0,1
1589,0.114000,0.127700,0.007400,0.022700,0.022600,0.057700,0.003200,0.018592,0.003136,,0.010816,0.001152,1,4,48,0,1
1590,0.114700,0.126800,0.007200,0.022700,0.023300,0.058300,0.003200,0.021344,0.003072,,0.011104,0.001120,1,4,48,0,1
1591,0.121000,0.127500,0.007200,0.027900,0.023700,0.058800,0.003200,0.019104,0.003200,,0.010336,0.001152,1,4,48,0,1
1592,0.127600,0.134100,0.007500,0.035200,0.022900,0.058500,0.003200,0.019296,0.003328,,0.010496,0.001088,1,4,48,0,1
1593,0.114500,0.140500,0.007200,0.022800,0.023000,0.058100,0.003200,0.019104,0.003264,,0.010336,0.001152,1,4,48,0,1
1594,0.114000,0.127300,0.007100,0.022700,0.022800,0.058000,0.003200,0.019168,0.003200,,0.010464,0.001088,1,4,48,0,1
1595,0.113700,0.127100,0.007300,0.022600,0.023000,0.057500,0.003200,0.021472,0.002912,,0.011072,0.001184,1,4,48,0,1
1596,0.127800,0.126600,0.007200,0.022800,0.029000,0.065300,0.003300,0.018560,0.003136,,0.010880,0.001152,1,4,48,0,1
1597,0.158900,0.140700,0.007500,0.022800,0.033400,0.087200,0.008000,0.019744,0.003360,,0.010304,0.001152,1,4,48,0,1
1598,0.226500,0.218000,0.010600,0.037600,0.034700,0.138000,0.005300,0.020192,0.003296,,0.013888,0.001120,1,4,48,0,1
1599,0.212300,0.244100,0.010000,0.031600,0.030300,0.135800,0.004500,0.019904,0.003360,,0.010336,0.001152,1,4,48,0,1
1600,0.211800,0.229600,0.009400,0.030100,0.030100,0.137700,0.004300,0.019040,0.002944,,0.013120,0.001184,1,4,48,0,1
1601,0.208100,0.228600,0.009700,0.030400,0.030000,0.133800,0.004100,0.019616,0.003008,,0.012512,0.001152,1,4,48,0,1
1602,0.217700,0.225100,0.009300,0.029900,0.029600,0.144900,0.003900,0.018624,0.003136,,0.010208,0.001184,1,4,48,0,1
1603,0.206100,0.235400,0.009600,0.030700,0.030900,0.131500,0.003100,0.019104,0.003200,,0.010464,0.001088,1,4,48,0,1
1604,0.218500,0.222800,0.020600,0.030100,0.029800,0.134500,0.003200,0.019680,0.003008,,0.013856,0.001088,1,4,48,0,1
1605,0.144800,0.235000,0.009500,0.043900,0.025600,0.062500,0.003100,0.018848,0.003040,,0.010400,0.001152,1,4,48,0,1
1606,0.116900,0.158600,0.007900,0.023200,0.023500,0.059200,0.003100,0.019232,0.003168,,0.010560,0.001152,1,4,48,0,1
1607,0.115500,0.130000,0.007200,0.022500,0.023200,0.059400,0.003100,0.018976,0.003104,,0.010336,0.001152,1,4,48,0,1
1608,0.124300,0.128200,0.007200,0.022700,0.022900,0.059300,0.012000,0.019200,0.003424,,0.010272,0.001120,1,4,48,0,1
1609,0.122000,0.137100,0.007200,0.022500,0.022900,0.063600,0.005500,0.018496,0.002912,,0.010432,0.001184,1,4,48,0,1
1610,0.128800,0.134900,0.007200,0.022900,0.023700,0.071500,0.003200,0.021664,0.003072,,0.011104,0.001152,1,4,48,0,1
1611,0.256000,0.145400,0.009200,0.066000,0.058900,0.116500,0.005300,0.019200,0.003104,,0.010368,0.001152,1,4,48,0,1
1612,0.178500,0.278500,0.011800,0.036700,0.034900,0.090700,0.004200,0.019040,0.003200,,0.010368,0.001088,1,4,48,0,1
1613,0.170500,0.198600,0.010900,0.033600,0.033200,0.088200,0.004200,0.019136,0.003200,,0.010464,0.001120,1,4,48,0,1
1614,0.166400,0.190200,0.010500,0.032800,0.033700,0.078800,0.010600,0.019904,0.003104,,0.013824,0.001184,1,4,48,0,1
1615,0.139300,0.182600,0.009100,0.027800,0.028900,0.071300,0.002000,0.019936,0.003104,,0.013920,0.001120,1,4,48,0,1
1616,0.140700,0.155600,0.008800,0.027700,0.029100,0.070500,0.004400,0.018976,0.003040,,0.010464,0.001056,1,4,48,0,1
1617,0.142400,0.157000,0.009200,0.027500,0.028500,0.072600,0.004300,0.021568,0.002976,,0.012544,0.001120,1,4,48,0,1
1618,0.142600,0.158400,0.010400,0.027400,0.028600,0.072100,0.004000,0.018944,0.003040,,0.010368,0.001152,1,4,48,0,1
1619,0.137800,0.158700,0.009000,0.027200,0.028900,0.070400,0.002100,0.019168,0.003264,,0.010464,0.001088,1,4,48,0,1
1620,0.162000,0.153900,0.008800,0.027400,0.028400,0.071700,0.025400,0.018624,0.003200,,0.010208,0.001056,1,4,48,0,1
1621,0.189900,0.181000,0.012700,0.037900,0.036400,0.100200,0.002400,0.020000,0.003072,,0.010400,0.001152,1,4,48,0,1
1622,0.144400,0.207200,0.009500,0.028800,0.030000,0.073400,0.002600,0.021344,0.003104,,0.012096,0.001152,1,4,48,0,1
1623,0.152600,0.161100,0.009500,0.028100,0.029300,0.073800,0.011900,0.018944,0.003168,,0.010304,0.001120,1,4,48,0,1
1624,0.140100,0.168900,0.008700,0.028300,0.029200,0.070700,0.002800,0.019680,0.003168,,0.010272,0.001152,1,4,48,0,1
1625,0.139300,0.156300,0.008900,0.027900,0.029100,0.070700,0.002500,0.019232,0.003328,,0.010400,0.001120,1,4,48,0,1
1626,0.140000,0.155800,0.008900,0.027700,0.030400,0.070300,0.002600,0.019840,0.003424,,0.010496,0.001152,1,4,48,0,1
1627,0.146600,0.156000,0.009000,0.027400,0.029000,0.077800,0.003200,0.019264,0.003168,,0.013088,0.001120,1,4,48,0,1
1628,0.139200,0.163000,0.008800,0.027300,0.029200,0.070500,0.003200,0.019168,0.003232,,0.010432,0.001152,1,4,48,0,1
1629,0.140600,0.155300,0.008900,0.027200,0.029100,0.071300,0.004000,0.019264,0.003296,,0.010464,0.001088,1,4,48,0,1
1630,0.139400,0.156500,0.008800,0.027400,0.026700,0.074000,0.002400,0.021184,0.003360,,0.012992,0.001088,1,4,48,0,1
1631,0.147500,0.155100,0.008900,0.027300,0.024600,0.084200,0.002400,0.020640,0.003072,,0.011712,0.001120,1,4,48,0,1
1632,0.146400,0.163600,0.009100,0.028200,0.031000,0.075700,0.002100,0.020704,0.003040,,0.011776,0.001152,1,4,48,0,1
1633,0.119500,0.162600,0.008800,0.025200,0.023800,0.058200,0.003200,0.019008,0.003296,,0.010208,0.001120,1,4,48,0,1
1634,0.119100,0.132700,0.007400,0.022600,0.027200,0.058500,0.003200,0.021536,0.003008,,0.010976,0.001120,1,4,48,0,1
1635,0.124700,0.132200,0.007400,0.022700,0.023500,0.068000,0.003100,0.018624,0.003040,,0.010464,0.001152,1,4,48,0,1
1636,0.116300,0.138000,0.007400,0.022900,0.023800,0.058700,0.003500,0.019808,0.003072,,0.013888,0.001120,1,4,48,0,1
1637,0.115400,0.129800,0.007300,0.022800,0.023500,0.058400,0.003400,0.019232,0.003040,,0.013056,0.001184,1,4,48,0,1
1638,0.115500,0.128800,0.007700,0.022800,0.023100,0.058300,0.003300,0.019296,0.003072,,0.012928,0.001152,1,4,48,0,1
1639,0.115000,0.128700,0.007200,0.022600,0.023300,0.058600,0.003200,0.018912,0.003104,,0.010336,0.001120,1,4,48,0,1
1640,0.124200,0.128000,0.007300,0.022500,0.023700,0.059300,0.011100,0.018976,0.002976,,0.013056,0.001152,1,4,48,0,1
1641,0.125600,0.137500,0.007300,0.022900,0.023800,0.059400,0.012100,0.018496,0.003072,,0.010848,0.001152,1,4,48,0,1
1642,0.115300,0.138500,0.007100,0.022700,0.023100,0.059000,0.003100,0.021408,0.002944,,0.011040,0.001152,1,4,48,0,1
1643,0.115700,0.128300,0.007500,0.023000,0.023200,0.058800,0.003100,0.019136,0.003136,,0.010432,0.001184,1,4,48,0,1
1644,0.115800,0.129200,0.007300,0.022800,0.023300,0.058800,0.003300,0.019168,0.003104,,0.010528,0.001152,1,4,48,0,1
1645,0.114700,0.128900,0.007300,0.022500,0.023100,0.058400,0.003100,0.021568,0.003072,,0.011040,0.001120,1,4,48,0,1
1646,0.130000,0.127800,0.007400,0.022800,0.029400,0.068200,0.002100,0.019200,0.003328,,0.010400,0.001056,1,4,48,0,1
1647,0.115700,0.143300,0.007400,0.022900,0.023700,0.058300,0.003200,0.020992,0.003136,,0.011392,0.001152,1,4,48,0,1
1648,0.116200,0.129000,0.007300,0.022900,0.023600,0.059000,0.003300,0.020864,0.003168,,0.011360,0.001152,1,4,48,0,1
1649,0.128900,0.129300,0.007200,0.022700,0.026100,0.070800,0.001700,0.019040,0.003328,,0.010432,0.001088,1,4,48,0,1
1650,0.116400,0.142500,0.007300,0.023400,0.023600,0.058900,0.003100,0.018912,0.002976,,0.010400,0.001184,1,4,48,0,1
1651,0.116400,0.129700,0.007200,0.022600,0.023900,0.059400,0.003200,0.018880,0.003136,,0.010432,0.001088,1,4,48,0,1
1652,0.126600,0.129500,0.007600,0.022900,0.024100,0.059400,0.012500,0.020640,0.003040,,0.011744,0.001120,1,4,48,0,1
1653,0.116500,0.140000,0.007400,0.023100,0.023700,0.058700,0.003400,0.021632,0.003008,,0.011072,0.001152,1,4,48,0,1
1654,0.115100,0.129800,0.007600,0.022700,0.022900,0.058500,0.003300,0.019680,0.003072,,0.010336,0.001152,1,4,48,0,1
1655,0.115300,0.128100,0.007400,0.022600,0.023200,0.058900,0.003200,0.019200,0.003328,,0.010400,0.001088,1,4,48,0,1
1656,0.114700,0.128500,0.007300,0.022500,0.022900,0.058600,0.003100,0.021600,0.003072,,0.011040,0.001152,1,4,48,0,1
1657,0.115300,0.127800,0.007400,0.022600,0.023700,0.058300,0.003200,0.018976,0.003168,,0.010336,0.001120,1,4,48,0,1
1658,0.114900,0.128600,0.007300,0.022700,0.023000,0.058600,0.003200,0.019648,0.003168,,0.012608,0.001120,1,4,48,0,1
1659,0.114700,0.128200,0.007300,0.022600,0.023000,0.058500,0.003200,0.019360,0.003296,,0.010528,0.001152,1,4,48,0,1
1660,0.114100,0.127900,0.007300,0.022700,0.022500,0.058300,0.003200,0.019200,0.003392,,0.010336,0.001088,1,4,48,0,1
1661,0.127400,0.127400,0.007200,0.022700,0.023200,0.072200,0.002000,0.018560,0.003136,,0.010784,0.001152,1,4,48,0,1
1662,0.114800,0.140700,0.007400,0.023100,0.023000,0.058000,0.003200,0.019616,0.003104,,0.012896,0.001152,1,4,48,0,1
1663,0.114800,0.127700,0.007200,0.022600,0.023300,0.058100,0.003400,0.018528,0.003104,,0.010176,0.001088,1,4,48,0,1
1664,0.114100,0.127900,0.007400,0.022500,0.022900,0.058100,0.003100,0.019104,0.003168,,0.010432,0.001152,1,4,48,0,1
1665,0.123000,0.127200,0.007500,0.022500,0.023100,0.058400,0.011400,0.018816,0.003360,,0.010176,0.001056,1,4,48,0,1
1666,0.123000,0.136200,0.007200,0.022600,0.023000,0.058500,0.011300,0.018656,0.003136,,0.010816,0.001152,1,4,48,0,1
1667,0.122800,0.135900,0.007600,0.022600,0.023100,0.058500,0.011000,0.018432,0.003040,,0.010848,0.001088,1,4,48,0,1
1668,0.115000,0.136000,0.007300,0.022600,0.023200,0.058500,0.003200,0.019680,0.003008,,0.013856,0.001152,1,4,48,0,1
1669,0.113900,0.128000,0.007400,0.022400,0.023500,0.058200,0.002400,0.021632,0.003136,,0.011008,0.001120,1,4,48,0,1
1670,0.115300,0.126800,0.007300,0.023000,0.023200,0.058500,0.003200,0.021440,0.003040,,0.011008,0.001120,1,4,48,0,1
1671,0.123200,0.128600,0.007300,0.022500,0.023100,0.058600,0.011500,0.018432,0.003008,,0.010912,0.001152,1,4,48,0,1
1672,0.114400,0.136500,0.007400,0.022500,0.023200,0.057800,0.003300,0.018944,0.003072,,0.010368,0.001120,1,4,48,0,1
1673,0.122700,0.127800,0.007300,0.022700,0.022900,0.058700,0.010800,0.018784,0.003200,,0.010240,0.001152,1,4,48,0,1
1674,0.114200,0.135900,0.007100,0.022500,0.023000,0.058100,0.003300,0.019232,0.003040,,0.013152,0.001152,1,4,48,0,1
1675,0.117200,0.127300,0.007600,0.022700,0.023000,0.061800,0.002000,0.020832,0.003136,,0.011392,0.001152,1,4,48,0,1
1676,0.129300,0.130500,0.007400,0.022700,0.021100,0.076000,0.002000,0.018912,0.003328,,0.010400,0.001088,1,4,48,0,1
1677,0.125000,0.142500,0.007900,0.023200,0.030700,0.060600,0.002500,0.020992,0.003008,,0.012896,0.001152,1,4,48,0,1
1678,0.124600,0.138200,0.007500,0.023000,0.024000,0.058800,0.011300,0.018432,0.003008,,0.010784,0.001152,1,4,48,0,1
1679,0.125600,0.137600,0.007000,0.022800,0.023500,0.059600,0.012400,0.018816,0.002848,,0.010464,0.001120,1,4,48,0,1
1680,0.125700,0.138600,0.007300,0.022800,0.023100,0.059300,0.013100,0.019008,0.003072,,0.010400,0.001152,1,4,48,0,1
1681,0.124400,0.138700,0.007400,0.022500,0.022900,0.058800,0.012500,0.019200,0.003200,,0.010496,0.001152,1,4,48,0,1
1682,0.128800,0.137400,0.007300,0.022600,0.026400,0.060000,0.012300,0.018976,0.003040,,0.013088,0.001120,1,4,48,0,1
1683,0.125500,0.141800,0.007500,0.022600,0.023200,0.059800,0.012400,0.019008,0.003008,,0.010496,0.001152,1,4,48,0,1
1684,0.125100,0.138900,0.007200,0.022600,0.023800,0.059300,0.012100,0.019904,0.003200,,0.013856,0.001088,1,4,48,0,1
1685,0.115900,0.138000,0.007300,0.022700,0.023100,0.059500,0.003200,0.021472,0.002944,,0.012512,0.001152,1,4,48,0,1
1686,0.122900,0.129000,0.007300,0.022500,0.022900,0.059000,0.011100,0.019104,0.003200,,0.010400,0.001152,1,4,48,0,1
1687,0.115800,0.136100,0.007300,0.022700,0.023500,0.059000,0.003300,0.021312,0.002944,,0.012512,0.001152,1,4,48,0,1
1688,0.125700,0.128900,0.007300,0.022700,0.023700,0.059300,0.012700,0.019744,0.003296,,0.010240,0.001088,1,4,48,0,1
1689,0.122300,0.139100,0.007400,0.022400,0.023500,0.058700,0.010100,0.019264,0.003328,,0.010432,0.001120,1,4,48,0,1
1690,0.122600,0.135700,0.007200,0.022400,0.023000,0.058300,0.011600,0.019552,0.003008,,0.010336,0.001152,1,4,48,0,1
1691,0.128400,0.135800,0.007300,0.022400,0.023300,0.073000,0.002400,0.018976,0.003040,,0.010432,0.001152,1,4,48,0,1
1692,0.117500,0.141700,0.007200,0.023000,0.023300,0.062200,0.001700,0.019040,0.003008,,0.013088,0.001152,1,4,48,0,1
1693,0.121200,0.130700,0.007100,0.022300,0.023800,0.058000,0.009800,0.021088,0.003008,,0.011968,0.001120,1,4,48,0,1
1694,0.121500,0.134300,0.007200,0.022500,0.023400,0.066200,0.002000,0.021312,0.003168,,0.012032,0.001056,1,4,48,0,1
1695,0.114700,0.134700,0.007100,0.022600,0.023400,0.057900,0.003200,0.019200,0.003296,,0.010432,0.001120,1,4,48,0,1
1696,0.124700,0.127700,0.007300,0.022800,0.023100,0.059400,0.012000,0.019136,0.003168,,0.010496,0.001120,1,4,48,0,1
1697,0.154600,0.137700,0.007300,0.022800,0.023700,0.097700,0.003100,0.019168,0.003296,,0.010432,0.001056,1,4,48,0,1
1698,0.126400,0.168800,0.007700,0.031500,0.022500,0.061100,0.003400,0.019200,0.003232,,0.010144,0.001152,1,4,48,0,1
1699,0.126100,0.139700,0.007400,0.022800,0.023400,0.059200,0.013100,0.019072,0.003136,,0.010368,0.001152,1,4,48,0,1
1700,0.126500,0.139200,0.007300,0.022700,0.023100,0.070900,0.002500,0.019136,0.003264,,0.010336,0.001152,1,4,48,0,1
1701,0.123600,0.139600,0.007500,0.022800,0.023300,0.065700,0.004100,0.018400,0.002944,,0.010784,0.001152,1,4,48,0,1
1702,0.125400,0.136700,0.007200,0.022600,0.023800,0.059400,0.012400,0.019360,0.003328,,0.013024,0.001088,1,4,48,0,1
1703,0.116100,0.138500,0.007400,0.022600,0.023500,0.059400,0.003100,0.021536,0.003072,,0.011008,0.001184,1,4,48,0,1
1704,0.123000,0.129200,0.012600,0.023500,0.024100,0.058600,0.004200,0.019072,0.003072,,0.010496,0.001088,1,4,48,0,1
1705,0.127800,0.136400,0.007300,0.022500,0.023100,0.063400,0.011500,0.020192,0.003360,,0.013888,0.001088,1,4,48,0,1
1706,0.115500,0.140900,0.007300,0.022800,0.023300,0.058900,0.003200,0.021632,0.003104,,0.011040,0.001120,1,4,48,0,1
1707,0.115800,0.128600,0.007400,0.022700,0.023100,0.059400,0.003200,0.021344,0.003008,,0.011040,0.001184,1,4,48,0,1
1708,0.115100,0.128800,0.007200,0.022700,0.023000,0.059000,0.003000,0.018880,0.002912,,0.010528,0.001056,1,4,48,0,1
1709,0.123300,0.128300,0.007200,0.022600,0.023400,0.065400,0.004600,0.018464,0.002976,,0.010848,0.001184,1,4,48,0,1
1710,0.124500,0.136500,0.007400,0.022400,0.023700,0.059000,0.011900,0.019136,0.003104,,0.010528,0.001184,1,4,48,0,1
1711,0.125000,0.137500,0.007500,0.022600,0.023300,0.059200,0.012300,0.021600,0.003008,,0.012384,0.001152,1,4,48,0,1
1712,0.116500,0.138400,0.007600,0.022600,0.023600,0.059500,0.003200,0.019296,0.003264,,0.010528,0.001088,1,4,48,0,1
1713,0.116100,0.129400,0.007500,0.022400,0.023300,0.059500,0.003200,0.019040,0.003040,,0.010496,0.001120,1,4,48,0,1
1714,0.122200,0.129300,0.007200,0.022400,0.022900,0.059600,0.010000,0.018400,0.002912,,0.010848,0.001120,1,4,48,0,1
1715,0.124400,0.135400,0.007500,0.022600,0.023600,0.059000,0.011500,0.018912,0.003104,,0.010304,0.001152,1,4,48,0,1
1716,0.126100,0.137400,0.007700,0.022600,0.023500,0.059900,0.012200,0.018944,0.003104,,0.010336,0.001152,1,4,48,0,1
1717,0.124900,0.139100,0.007300,0.022500,0.023500,0.058900,0.012600,0.021568,0.002944,,0.011072,0.001152,1,4,48,0,1
1718,0.115800,0.138000,0.007500,0.022600,0.023500,0.059000,0.003200,0.021632,0.003104,,0.011040,0.001152,1,4,48,0,1
1719,0.118000,0.134000,0.007400,0.023400,0.023500,0.059800,0.003600,0.018912,0.003072,,0.010336,0.001152,1,4,48,0,1
1720,0.113900,0.131400,0.007400,0.022500,0.021000,0.060300,0.002300,0.018720,0.003168,,0.009920,0.001152,1,4,48,0,1
1721,0.119300,0.134000,0.007200,0.022100,0.026200,0.061500,0.002200,0.018688,0.003072,,0.009984,0.001152,1,4,48,0,1
1722,0.113300,0.132000,0.007200,0.022300,0.020700,0.060800,0.002000,0.020608,0.003104,,0.011584,0.001120,1,4,48,0,1
1723,0.178000,0.126300,0.007100,0.022200,0.031200,0.114500,0.002800,0.021376,0.002912,,0.011264,0.001184,1,4,48,0,1
1724,0.148700,0.195600,0.013900,0.029400,0.037800,0.063900,0.003400,0.019136,0.003264,,0.010368,0.001088,1,4,48,0,1
1725,0.125000,0.162500,0.007600,0.023100,0.024000,0.065100,0.005200,0.018528,0.003136,,0.010752,0.001152,1,4,48,0,1
1726,0.116700,0.138500,0.007500,0.022700,0.023700,0.059500,0.003300,0.019232,0.002976,,0.013088,0.001152,1,4,48,0,1
1727,0.117500,0.129700,0.007500,0.022900,0.023800,0.060000,0.003300,0.019008,0.003040,,0.010464,0.001152,1,4,48,0,1
1728,0.115500,0.130800,0.007200,0.022800,0.023200,0.058900,0.003300,0.019200,0.003136,,0.010560,0.001088,1,4,48,0,1
1729,0.114700,0.128800,0.007200,0.022500,0.023500,0.058300,0.003100,0.019232,0.003296,,0.010464,0.001056,1,4,48,0,1
1730,0.122300,0.127800,0.007400,0.022500,0.023500,0.067000,0.001700,0.018464,0.003040,,0.010656,0.001088,1,4,48,0,1
1731,0.116500,0.135200,0.007500,0.023000,0.023400,0.059400,0.003100,0.021600,0.003104,,0.011072,0.001120,1,4,48,0,1
1732,0.114700,0.129500,0.007100,0.022400,0.022900,0.059100,0.003100,0.021472,0.002944,,0.011072,0.001120,1,4,48,0,1
1733,0.123800,0.127700,0.007400,0.022500,0.023800,0.059700,0.010300,0.019264,0.003232,,0.010528,0.001120,1,4,48,0,1
1734,0.135000,0.136700,0.007300,0.022500,0.033300,0.059600,0.012100,0.019136,0.003136,,0.010496,0.001152,1,4,48,0,1
1735,0.121900,0.148000,0.007400,0.022600,0.023000,0.059100,0.009800,0.018464,0.003040,,0.010880,0.001120,1,4,48,0,1
1736,0.124900,0.134900,0.007200,0.022900,0.023300,0.069600,0.001800,0.019104,0.003200,,0.010464,0.001056,1,4,48,0,1
1737,0.118500,0.138300,0.007400,0.023200,0.023500,0.058300,0.005800,0.021696,0.003136,,0.011040,0.001088,1,4,48,0,1
1738,0.115000,0.140900,0.007300,0.022700,0.023200,0.058600,0.003100,0.019136,0.002976,,0.013088,0.001152,1,4,48,0,1
1739,0.114400,0.128300,0.007300,0.022500,0.023100,0.058200,0.003200,0.018912,0.003200,,0.010336,0.001056,1,4,48,0,1
1740,0.123600,0.127800,0.007400,0.023000,0.023300,0.058700,0.011000,0.018560,0.003072,,0.010944,0.001152,1,4,48,0,1
1741,0.114900,0.136600,0.007300,0.022700,0.023500,0.058100,0.003100,0.018944,0.003104,,0.010304,0.001152,1,4,48,0,1
1742,0.124200,0.128000,0.007200,0.022900,0.023300,0.058400,0.012400,0.018528,0.003136,,0.010656,0.001120,1,4,48,0,1
1743,0.113500,0.137300,0.007300,0.022800,0.023000,0.057700,0.002500,0.019168,0.002976,,0.013184,0.001152,1,4,48,0,1
1744,0.114900,0.126600,0.007400,0.022500,0.023500,0.057900,0.003300,0.019168,0.003008,,0.013024,0.001152,1,4,48,0,1
1745,0.114000,0.128200,0.007300,0.022300,0.023100,0.058100,0.003100,0.019008,0.003072,,0.010400,0.001152,1,4,48,0,1
1746,0.114300,0.127100,0.007400,0.022600,0.022900,0.058200,0.003100,0.019008,0.003200,,0.010400,0.001056,1,4,48,0,1
1747,0.115400,0.127200,0.007600,0.022600,0.023400,0.058400,0.003200,0.021408,0.002912,,0.010976,0.001152,1,4,48,0,1
1748,0.115000,0.128500,0.007500,0.022700,0.023100,0.058400,0.003200,0.021632,0.003104,,0.012448,0.001120,1,4,48,0,1
1749,0.124200,0.128400,0.007300,0.022600,0.023100,0.058300,0.012600,0.018400,0.002912,,0.010976,0.001152,1,4,48,0,1
1750,0.115600,0.137300,0.007500,0.022700,0.023100,0.058900,0.003200,0.019072,0.003136,,0.010400,0.001152,1,4,48,0,1
1751,0.126300,0.128900,0.007500,0.022600,0.023300,0.063200,0.009700,0.019104,0.003200,,0.010432,0.001088,1,4,48,0,1
1752,0.122200,0.139500,0.007300,0.023500,0.023500,0.064200,0.003700,0.018752,0.003296,,0.010848,0.001152,1,4,48,0,1
1753,0.125300,0.135100,0.007100,0.022700,0.023600,0.059100,0.012400,0.019168,0.002976,,0.013088,0.001184,1,4,48,0,1
1754,0.124900,0.138400,0.007300,0.022800,0.023300,0.059500,0.011900,0.018880,0.002976,,0.010368,0.001152,1,4,48,0,1
1755,0.124900,0.138500,0.007500,0.022700,0.023300,0.059900,0.011300,0.019104,0.003264,,0.010368,0.001056,1,4,48,0,1
1756,0.130400,0.138200,0.007400,0.022800,0.023500,0.072900,0.003600,0.019040,0.003200,,0.010400,0.001056,1,4,48,0,1
1757,0.115700,0.143200,0.007200,0.022600,0.023100,0.059500,0.003300,0.021696,0.003104,,0.012416,0.001120,1,4,48,0,1
1758,0.122700,0.128700,0.007300,0.022900,0.023400,0.066900,0.002100,0.018624,0.003072,,0.010528,0.001120,1,4,48,0,1
1759,0.124000,0.135400,0.007200,0.022500,0.023100,0.058600,0.012300,0.019040,0.002976,,0.013024,0.001056,1,4,48,0,1
1760,0.125100,0.136800,0.007300,0.022900,0.023300,0.059300,0.012200,0.019776,0.002976,,0.013888,0.001152,1,4,48,0,1
1761,0.122800,0.138000,0.007300,0.022500,0.023100,0.059200,0.010300,0.019232,0.003200,,0.010464,0.001152,1,4,48,0,1
1762,0.115700,0.135700,0.007300,0.022600,0.023100,0.059400,0.003100,0.019936,0.003104,,0.013920,0.001152,1,4,48,0,1
1763,0.116100,0.128800,0.007300,0.022900,0.023500,0.059200,0.003100,0.019840,0.003072,,0.013824,0.001184,1,4,48,0,1
1764,0.115900,0.129300,0.007200,0.023100,0.023400,0.059000,0.003100,0.020736,0.003104,,0.011776,0.001152,1,4,48,0,1
1765,0.118500,0.129300,0.007200,0.022400,0.020700,0.066100,0.001800,0.020768,0.003008,,0.011616,0.001152,1,4,48,0,1
1766,0.141900,0.131300,0.007200,0.022300,0.038200,0.071600,0.002500,0.020544,0.003008,,0.011680,0.001120,1,4,48,0,1
1767,0.115100,0.154900,0.007200,0.022700,0.020500,0.061200,0.003400,0.021504,0.002944,,0.011712,0.001120,1,4,48,0,1
1768,0.118100,0.127900,0.007200,0.022900,0.022800,0.061900,0.003200,0.020864,0.003104,,0.012960,0.001152,1,4,48,0,1
1769,0.116000,0.131200,0.007100,0.022800,0.023700,0.059200,0.003100,0.019904,0.003104,,0.013888,0.001152,1,4,48,0,1
1770,0.124900,0.129100,0.007100,0.022800,0.023000,0.059100,0.012800,0.018880,0.002944,,0.010400,0.001152,1,4,48,0,1
1771,0.136000,0.137900,0.007100,0.022600,0.023300,0.079800,0.003100,0.019136,0.003296,,0.010400,0.001088,1,4,48,0,1
1772,0.117300,0.149600,0.007300,0.023400,0.023800,0.059700,0.003100,0.019008,0.003072,,0.010432,0.001152,1,4,48,0,1
1773,0.122100,0.130300,0.006900,0.022600,0.023400,0.059100,0.010100,0.018944,0.003104,,0.010304,0.001184,1,4,48,0,1
1774,0.115600,0.135000,0.007000,0.022600,0.023800,0.058900,0.003100,0.021408,0.003104,,0.011040,0.001152,1,4,48,0,1
1775,0.125200,0.128500,0.007100,0.022800,0.023600,0.058900,0.012700,0.019040,0.003296,,0.010272,0.001088,1,4,48,0,1
1776,0.121400,0.138200,0.007100,0.022500,0.023200,0.058600,0.009700,0.019104,0.003008,,0.013088,0.001152,1,4,48,0,1
1777,0.125100,0.134400,0.007400,0.022500,0.023500,0.059200,0.012400,0.019104,0.003264,,0.010368,0.001088,1,4,48,0,1
1778,0.124100,0.138100,0.007100,0.022600,0.023800,0.058800,0.011600,0.019104,0.003104,,0.010496,0.001152,1,4,48,0,1
1779,0.112700,0.137000,0.007100,0.022600,0.023300,0.057100,0.002400,0.019744,0.003072,,0.010496,0.001152,1,4,48,0,1
1780,0.113900,0.129300,0.007100,0.022900,0.023800,0.057300,0.002500,0.019136,0.002976,,0.013088,0.001152,1,4,48,0,1
1781,0.124800,0.126700,0.007200,0.022500,0.028000,0.065100,0.001700,0.019424,0.003072,,0.012928,0.001152,1,4,48,0,1
1782,0.114900,0.138100,0.007200,0.022900,0.023000,0.058200,0.003400,0.019264,0.003296,,0.010464,0.001120,1,4,48,0,1
1783,0.115000,0.127900,0.007200,0.023000,0.023100,0.058300,0.003100,0.021216,0.003072,,0.011360,0.001152,1,4,48,0,1
1784,0.114800,0.127900,0.007200,0.022900,0.023100,0.058400,0.003100,0.021632,0.003168,,0.011008,0.001088,1,4,48,0,1
1785,0.114100,0.127900,0.007300,0.022600,0.023100,0.057900,0.003200,0.018976,0.003008,,0.010432,0.001184,1,4,48,0,1
1786,0.115500,0.126800,0.007000,0.022600,0.023500,0.059100,0.003200,0.018880,0.003104,,0.010336,0.001152,1,4,48,0,1
1787,0.114800,0.128500,0.007100,0.022400,0.023300,0.058500,0.003300,0.019040,0.002944,,0.013120,0.001152,1,4,48,0,1
1788,0.114400,0.127700,0.007000,0.022700,0.023100,0.058300,0.003200,0.019008,0.003200,,0.010432,0.001088,1,4,48,0,1
1789,0.114800,0.127200,0.007100,0.022700,0.023300,0.058400,0.003200,0.019360,0.003040,,0.012928,0.001120,1,4,48,0,1
1790,0.115700,0.127700,0.007200,0.022700,0.023200,0.059300,0.003300,0.019040,0.003136,,0.010368,0.001152,1,4,48,0,1
1791,0.114900,0.128800,0.007100,0.022600,0.023400,0.058400,0.003200,0.019360,0.003264,,0.010592,0.001152,1,4,48,0,1
1792,0.122000,0.127800,0.007100,0.022400,0.022800,0.058000,0.011500,0.018592,0.003008,,0.010656,0.001184,1,4,48,0,1
1793,0.114300,0.134900,0.007200,0.022800,0.023100,0.057900,0.003200,0.019008,0.002944,,0.013056,0.001184,1,4,48,0,1
1794,0.114800,0.127400,0.007200,0.022700,0.023100,0.058500,0.003200,0.018976,0.003104,,0.010400,0.001088,1,4,48,0,1
1795,0.113900,0.127800,0.007200,0.022500,0.022900,0.058000,0.003200,0.019040,0.003072,,0.010432,0.001184,1,4,48,0,1
1796,0.114400,0.126800,0.007100,0.022700,0.022900,0.058300,0.003200,0.019328,0.003328,,0.010528,0.001088,1,4,48,0,1
1797,0.123000,0.131700,0.007300,0.023500,0.023900,0.064600,0.003600,0.018496,0.003008,,0.010528,0.001152,1,4,48,0,1
1798,0.114500,0.136600,0.007000,0.022600,0.023200,0.058500,0.003200,0.021248,0.002944,,0.011072,0.001152,1,4,48,0,1
1799,0.114700,0.127600,0.007100,0.022700,0.023100,0.058600,0.003100,0.019008,0.002976,,0.010528,0.001152,1,4,48,0,1
1800,0.124600,0.127600,0.007000,0.022800,0.023300,0.069400,0.002000,0.019232,0.003264,,0.010464,0.001088,1,4,48,0,1
1801,0.114800,0.137600,0.007200,0.022800,0.023400,0.058000,0.003300,0.021568,0.003104,,0.012544,0.001120,1,4,48,0,1
1802,0.114200,0.127800,0.007000,0.022400,0.023300,0.058500,0.003000,0.019520,0.003040,,0.012576,0.001120,1,4,48,0,1
1803,0.113500,0.127200,0.007000,0.022400,0.023300,0.057600,0.003100,0.021600,0.003040,,0.012480,0.001120,1,4,48,0,1
1804,0.114500,0.126400,0.007200,0.022700,0.023500,0.057700,0.003200,0.018944,0.003008,,0.013024,0.001088,1,4,48,0,1
1805,0.114000,0.127600,0.007100,0.022400,0.023400,0.057900,0.003200,0.019040,0.003296,,0.010304,0.001088,1,4,48,0,1
1806,0.122000,0.127000,0.007000,0.022500,0.022900,0.058600,0.010800,0.018432,0.003008,,0.010688,0.001088,1,4,48,0,1
1807,0.114700,0.135100,0.007100,0.022500,0.023300,0.058600,0.003200,0.018944,0.003104,,0.010368,0.001088,1,4,48,0,1
1808,0.113700,0.127500,0.007000,0.022600,0.022900,0.057600,0.003200,0.021536,0.003040,,0.011040,0.001120,1,4,48,0,1
1809,0.114100,0.126400,0.007300,0.022500,0.022900,0.058000,0.003300,0.019456,0.003008,,0.010368,0.001152,1,4,48,0,1
1810,0.115200,0.127100,0.007100,0.022800,0.023000,0.058900,0.003200,0.019008,0.002976,,0.012992,0.001184,1,4,48,0,1
1811,0.114500,0.128000,0.007300,0.022600,0.020600,0.062100,0.001800,0.020800,0.002976,,0.012064,0.001152,1,4,48,0,1
1812,0.138400,0.127200,0.009100,0.025900,0.033400,0.068000,0.001900,0.018784,0.003104,,0.010336,0.001152,1,4,48,0,1
1813,0.120400,0.151500,0.007200,0.022500,0.020600,0.066600,0.003300,0.019328,0.002912,,0.010816,0.001120,1,4,48,0,1
1814,0.127500,0.133200,0.007100,0.022900,0.035000,0.059000,0.003200,0.019232,0.003008,,0.013088,0.001184,1,4,48,0,1
1815,0.115800,0.140600,0.007300,0.022900,0.023500,0.058800,0.003200,0.019328,0.003232,,0.010528,0.001152,1,4,48,0,1
1816,0.114300,0.128800,0.007000,0.022800,0.022900,0.058200,0.003100,0.019232,0.003232,,0.010464,0.001152,1,4,48,0,1
1817,0.122000,0.127100,0.007300,0.022900,0.022900,0.064400,0.004400,0.018624,0.003232,,0.010688,0.001088,1,4,48,0,1
1818,0.114000,0.134800,0.007000,0.022600,0.023100,0.057900,0.003200,0.020544,0.003104,,0.011360,0.001088,1,4,48,0,1
1819,0.113900,0.126800,0.006900,0.022400,0.023100,0.058100,0.003200,0.019488,0.003328,,0.010400,0.001088,1,4,48,0,1
1820,0.117400,0.127000,0.007000,0.022900,0.026000,0.058300,0.003200,0.018976,0.003232,,0.010272,0.001088,1,4,48,0,1
1821,0.113900,0.130200,0.007000,0.022600,0.023300,0.057800,0.003200,0.019200,0.003200,,0.010496,0.001152,1,4,48,0,1
1822,0.113700,0.126900,0.007000,0.022600,0.022500,0.058100,0.003200,0.018944,0.003104,,0.010432,0.001152,1,4,48,0,1
1823,0.114300,0.126500,0.007100,0.022700,0.023300,0.057900,0.003200,0.019776,0.002944,,0.013888,0.001152,1,4,48,0,1
1824,0.123700,0.127400,0.007100,0.022800,0.022900,0.058300,0.012600,0.018496,0.003008,,0.010816,0.001184,1,4,48,0,1
1825,0.114600,0.136700,0.007300,0.022600,0.023600,0.057900,0.003200,0.019264,0.003392,,0.010432,0.001088,1,4,48,0,1
1826,0.125000,0.127500,0.007000,0.022600,0.023500,0.058900,0.012900,0.019104,0.002944,,0.013056,0.001152,1,4,48,0,1
1827,0.124500,0.137800,0.007100,0.023000,0.023400,0.067000,0.003900,0.018528,0.003040,,0.010944,0.001152,1,4,48,0,1
1828,0.125000,0.137400,0.007100,0.023200,0.023100,0.058900,0.012500,0.019008,0.003072,,0.010432,0.001120,1,4,48,0,1
1829,0.122500,0.138200,0.007200,0.022800,0.023400,0.059100,0.009700,0.018400,0.003040,,0.010080,0.001056,1,4,48,0,1
1830,0.115300,0.135300,0.007100,0.022700,0.023300,0.059000,0.003100,0.021792,0.003232,,0.011104,0.001088,1,4,48,0,1
1831,0.122300,0.128200,0.007300,0.022500,0.023500,0.059000,0.009900,0.018592,0.003072,,0.010912,0.001152,1,4,48,0,1
1832,0.122300,0.135200,0.006900,0.022500,0.023500,0.065500,0.003700,0.019200,0.003168,,0.013088,0.001152,1,4,48,0,1
1833,0.123800,0.135100,0.007500,0.022700,0.023800,0.059500,0.010200,0.019232,0.003264,,0.010528,0.001088,1,4,48,0,1
1834,0.115700,0.136500,0.007100,0.022500,0.023400,0.059400,0.003300,0.018944,0.003168,,0.010240,0.001152,1,4,48,0,1
1835,0.123700,0.128700,0.007100,0.022700,0.023000,0.058500,0.012300,0.018720,0.003328,,0.010784,0.001152,1,4,48,0,1
1836,0.122200,0.136600,0.007100,0.022700,0.023300,0.059400,0.009700,0.018944,0.003136,,0.010368,0.001088,1,4,48,0,1
1837,0.125100,0.135300,0.007100,0.022900,0.023600,0.059800,0.011700,0.019104,0.002912,,0.012864,0.001152,1,4,48,0,1
1838,0.115700,0.138000,0.007100,0.022700,0.023500,0.059200,0.003000,0.019616,0.003104,,0.010496,0.001152,1,4,48,0,1
1839,0.114800,0.128400,0.007200,0.022800,0.023000,0.058600,0.003200,0.019264,0.002976,,0.013056,0.001152,1,4,48,0,1
1840,0.112800,0.127700,0.007100,0.022400,0.022900,0.058400,0.001900,0.018944,0.003136,,0.010304,0.001152,1,4,48,0,1
1841,0.148200,0.125800,0.008700,0.030800,0.027300,0.077700,0.003600,0.021312,0.003072,,0.011040,0.001152,1,4,48,0,1
1842,0.257300,0.166700,0.009800,0.034100,0.053700,0.155200,0.004300,0.019136,0.002944,,0.010208,0.001184,1,4,48,0,1
1843,0.210700,0.275700,0.009800,0.032300,0.031300,0.133800,0.003400,0.019648,0.003072,,0.012512,0.001152,1,4,48,0,1
1844,0.208400,0.228100,0.010000,0.030600,0.030300,0.134100,0.003300,0.021792,0.003264,,0.011040,0.001056,1,4,48,0,1
1845,0.223100,0.225600,0.010800,0.038400,0.038400,0.132300,0.003100,0.019360,0.003296,,0.010336,0.001088,1,4,48,0,1
1846,0.205500,0.240100,0.009300,0.029800,0.030000,0.133000,0.003200,0.019424,0.003168,,0.012992,0.001120,1,4,48,0,1
1847,0.201000,0.222100,0.009200,0.029900,0.029700,0.129000,0.003200,0.021504,0.002976,,0.011040,0.001088,1,4,48,0,1
1848,0.204000,0.217900,0.009300,0.029600,0.029400,0.132100,0.003400,0.018784,0.003136,,0.010496,0.001152,1,4,48,0,1
1849,0.228800,0.220600,0.009100,0.029600,0.029400,0.154200,0.006400,0.019264,0.003392,,0.010400,0.001088,1,4,48,0,1
1850,0.206200,0.250400,0.009900,0.035300,0.036000,0.120600,0.004000,0.021568,0.002944,,0.011776,0.001120,1,4,48,0,1
1851,0.152400,0.223800,0.009400,0.030900,0.027800,0.080200,0.003900,0.019776,0.003264,,0.010496,0.001088,1,4,48,0,1
1852,0.159700,0.168800,0.009100,0.028500,0.028900,0.088300,0.004700,0.019008,0.003104,,0.010336,0.001152,1,4,48,0,1
1853,0.143700,0.176400,0.009300,0.029200,0.028900,0.072400,0.003700,0.021600,0.003136,,0.011424,0.001152,1,4,48,0,1
1854,0.138800,0.160200,0.008800,0.027500,0.028600,0.070100,0.003500,0.019072,0.003168,,0.010400,0.001120,1,4,48,0,1
1855,0.137900,0.155300,0.008700,0.027300,0.028400,0.069600,0.003600,0.019136,0.003200,,0.010432,0.001152,1,4,48,0,1
1856,0.139000,0.153500,0.008600,0.027300,0.028500,0.070600,0.003600,0.018880,0.003328,,0.010240,0.001120,1,4,48,0,1
1857,0.139300,0.155600,0.008600,0.027400,0.028700,0.070600,0.004000,0.019136,0.003136,,0.010560,0.001120,1,4,48,0,1
1858,0.138200,0.155600,0.008700,0.027200,0.028400,0.069900,0.003700,0.019072,0.003168,,0.010432,0.001088,1,4,48,0,1
1859,0.138000,0.154300,0.009000,0.027400,0.027900,0.070000,0.003500,0.021664,0.003040,,0.011104,0.001152,1,4,48,0,1
1860,0.137600,0.154100,0.008900,0.027400,0.028200,0.069400,0.003500,0.019104,0.003136,,0.010432,0.001152,1,4,48,0,1
1861,0.152500,0.153600,0.008900,0.027100,0.028300,0.084700,0.003400,0.021536,0.003072,,0.011456,0.001152,1,4,48,0,1
1862,0.138800,0.168700,0.009000,0.027900,0.028200,0.070000,0.003500,0.021632,0.003040,,0.012352,0.001120,1,4,48,0,1
1863,0.138700,0.154800,0.008800,0.027500,0.029200,0.069700,0.003400,0.019008,0.003040,,0.013024,0.001152,1,4,48,0,1
1864,0.116500,0.154600,0.007800,0.022900,0.023500,0.058800,0.003200,0.019040,0.003072,,0.010464,0.001152,1,4,48,0,1
1865,0.116400,0.129600,0.007400,0.022700,0.023300,0.059700,0.003200,0.019200,0.003360,,0.010336,0.001152,1,4,48,0,1
1866,0.114700,0.129600,0.007400,0.022700,0.023000,0.058400,0.003100,0.021536,0.002944,,0.011040,0.001184,1,4,48,0,1
1867,0.115500,0.127700,0.007100,0.022600,0.023100,0.059200,0.003200,0.019168,0.003168,,0.010496,0.001152,1,4,48,0,1
1868,0.116000,0.128700,0.007100,0.023000,0.023300,0.059300,0.003200,0.019072,0.003296,,0.010432,0.001056,1,4,48,0,1
1869,0.115300,0.129100,0.007300,0.022500,0.023300,0.059000,0.003000,0.021280,0.003200,,0.011360,0.001088,1,4,48,0,1
1870,0.116400,0.128500,0.007200,0.022700,0.023400,0.059800,0.003000,0.021504,0.002944,,0.011072,0.001120,1,4,48,0,1
1871,0.115800,0.129700,0.007300,0.022800,0.023000,0.059200,0.003200,0.019008,0.003200,,0.010304,0.001152,1,4,48,0,1
1872,0.114600,0.128800,0.007400,0.022500,0.023000,0.058200,0.003200,0.021760,0.003040,,0.012576,0.001152,1,4,48,0,1
1873,0.113900,0.127800,0.007300,0.022400,0.022900,0.058000,0.003300,0.019200,0.003264,,0.010432,0.001152,1,4,48,0,1
1874,0.113800,0.126800,0.007300,0.022500,0.023600,0.057800,0.002400,0.019232,0.003424,,0.010336,0.001088,1,4,48,0,1
1875,0.114900,0.126800,0.007200,0.022600,0.023300,0.058400,0.003300,0.019104,0.003168,,0.010496,0.001056,1,4,48,0,1
1876,0.125200,0.127900,0.007200,0.022600,0.023300,0.070100,0.002000,0.018720,0.003168,,0.010848,0.001152,1,4,48,0,1
1877,0.116600,0.138400,0.007500,0.023300,0.023400,0.058800,0.003400,0.019136,0.003136,,0.010464,0.001152,1,4,48,0,1
1878,0.115000,0.129700,0.007400,0.022600,0.023300,0.058300,0.003300,0.018912,0.003264,,0.010176,0.001152,1,4,48,0,1
1879,0.124400,0.128000,0.007100,0.022700,0.023100,0.058500,0.012800,0.018496,0.003040,,0.010848,0.001152,1,4,48,0,1
1880,0.114800,0.137600,0.007300,0.022600,0.023500,0.058000,0.003200,0.019104,0.003040,,0.013056,0.001152,1,4,48,0,1
1881,0.114600,0.127800,0.007400,0.022800,0.023100,0.057800,0.003300,0.019136,0.003168,,0.010432,0.001152,1,4,48,0,1
1882,0.115200,0.127700,0.007400,0.022700,0.023200,0.058500,0.003200,0.021728,0.003232,,0.011392,0.001152,1,4,48,0,1
1883,0.115100,0.128000,0.007500,0.022600,0.023000,0.058400,0.003100,0.021664,0.003136,,0.012480,0.001056,1,4,48,0,1
1884,0.113600,0.128600,0.007200,0.022600,0.022600,0.057800,0.003200,0.021696,0.003040,,0.012512,0.001152,1,4,48,0,1
1885,0.114600,0.126500,0.007400,0.023100,0.023000,0.057800,0.003300,0.018848,0.002912,,0.010432,0.001088,1,4,48,0,1
1886,0.114700,0.127700,0.007500,0.023000,0.023200,0.057800,0.003100,0.018976,0.003104,,0.010304,0.001152,1,4,48,0,1
1887,0.123700,0.128200,0.007300,0.022800,0.022700,0.058100,0.012600,0.018432,0.003008,,0.010560,0.001088,1,4,48,0,1
1888,0.113600,0.136500,0.007300,0.022500,0.023000,0.057500,0.003200,0.019872,0.003040,,0.013888,0.001152,1,4,48,0,1
1889,0.114600,0.126600,0.007300,0.022700,0.022900,0.058400,0.003200,0.019168,0.003072,,0.013056,0.001152,1,4,48,0,1
1890,0.124900,0.127600,0.007400,0.023100,0.023500,0.058300,0.012600,0.018496,0.003008,,0.010912,0.001120,1,4,48,0,1
1891,0.114400,0.138100,0.007400,0.022500,0.022800,0.058100,0.003400,0.018432,0.003008,,0.010816,0.001152,1,4,48,0,1
1892,0.122400,0.127400,0.007600,0.028000,0.024200,0.059300,0.003300,0.019136,0.003168,,0.012992,0.001152,1,4,48,0,1
1893,0.116600,0.135900,0.007400,0.022600,0.023600,0.060800,0.002000,0.020768,0.003008,,0.011968,0.001088,1,4,48,0,1
1894,0.115600,0.129900,0.007200,0.022700,0.020500,0.062700,0.002400,0.019872,0.003136,,0.010272,0.001088,1,4,48,0,1
1895,0.124400,0.128700,0.007400,0.022700,0.022700,0.059200,0.012300,0.019936,0.003168,,0.010464,0.001120,1,4,48,0,1
1896,0.113700,0.137600,0.007300,0.022900,0.022900,0.058100,0.002500,0.019584,0.003200,,0.010368,0.001120,1,4,48,0,1
1897,0.113100,0.126700,0.007300,0.022200,0.022700,0.057500,0.003300,0.018976,0.003200,,0.010272,0.001120,1,4,48,0,1
1898,0.114900,0.126600,0.007300,0.022600,0.023100,0.058800,0.003100,0.019040,0.003040,,0.010464,0.001152,1,4,48,0,1
1899,0.114800,0.128100,0.007300,0.022700,0.023200,0.058200,0.003200,0.019520,0.003296,,0.012960,0.001152,1,4,48,0,1
1900,0.124900,0.128000,0.007300,0.022700,0.022800,0.069800,0.002300,0.018624,0.003008,,0.010528,0.001152,1,4,48,0,1
1901,0.116000,0.138000,0.007200,0.023400,0.023300,0.058600,0.003100,0.021600,0.003040,,0.011040,0.001088,1,4,48,0,1
1902,0.123600,0.129200,0.007300,0.023000,0.023300,0.059700,0.010200,0.018368,0.002912,,0.010752,0.001120,1,4,48,0,1
1903,0.115000,0.136500,0.007400,0.022600,0.023300,0.058100,0.003300,0.019008,0.003104,,0.010368,0.001152,1,4,48,0,1
1904,0.114100,0.128000,0.007400,0.022800,0.023300,0.058100,0.002400,0.021216,0.003104,,0.011936,0.001088,1,4,48,0,1
1905,0.115400,0.127500,0.007500,0.022900,0.023300,0.058500,0.003200,0.021696,0.003104,,0.012544,0.001088,1,4,48,0,1
1906,0.115200,0.128700,0.007400,0.022700,0.023200,0.058600,0.003200,0.018912,0.003104,,0.010368,0.001120,1,4,48,0,1
1907,0.125300,0.128100,0.007500,0.022700,0.022900,0.068900,0.003100,0.018752,0.003328,,0.010144,0.001120,1,4,48,0,1
1908,0.115400,0.138600,0.007500,0.023100,0.023100,0.058400,0.003300,0.022016,0.003040,,0.011360,0.001152,1,4,48,0,1
1909,0.113700,0.128300,0.007600,0.022700,0.023200,0.057600,0.002300,0.019072,0.003104,,0.010432,0.001152,1,4,48,0,1
1910,0.115100,0.126900,0.007200,0.022700,0.023700,0.058000,0.003200,0.021056,0.003168,,0.012096,0.001120,1,4,48,0,1
1911,0.114200,0.128100,0.007500,0.022900,0.022900,0.057700,0.003100,0.018816,0.003008,,0.010240,0.001184,1,4,48,0,1
1912,0.114900,0.127200,0.007500,0.022600,0.023200,0.058400,0.003200,0.019040,0.003200,,0.010368,0.001088,1,4,48,0,1
1913,0.114100,0.128300,0.007300,0.022800,0.023400,0.057400,0.003200,0.019200,0.003360,,0.010336,0.001152,1,4,48,0,1
1914,0.113700,0.127400,0.007200,0.022700,0.022700,0.057900,0.003200,0.019200,0.003168,,0.010496,0.001152,1,4,48,0,1
1915,0.125500,0.126600,0.007700,0.023000,0.023100,0.060300,0.011100,0.018592,0.003104,,0.010976,0.001152,1,4,48,0,1
1916,0.132600,0.144500,0.008000,0.026200,0.026500,0.061300,0.010600,0.019072,0.003232,,0.010336,0.001056,1,4,48,0,1
1917,0.123300,0.146100,0.007400,0.023300,0.023200,0.058200,0.011000,0.018560,0.003104,,0.010880,0.001152,1,4,48,0,1
1918,0.115100,0.136200,0.007300,0.022900,0.023100,0.058400,0.003400,0.018976,0.003168,,0.010368,0.001088,1,4,48,0,1
1919,0.123100,0.128200,0.007600,0.022700,0.023500,0.066700,0.002600,0.019232,0.003008,,0.012992,0.001152,1,4,48,0,1
1920,0.124400,0.136600,0.007400,0.024100,0.023900,0.067100,0.001900,0.019424,0.003008,,0.010304,0.001120,1,4,48,0,1
1921,0.113800,0.137400,0.007300,0.022600,0.023100,0.057400,0.003400,0.019072,0.003200,,0.010304,0.001152,1,4,48,0,1
1922,0.128400,0.126700,0.007400,0.022800,0.022700,0.063800,0.011600,0.019712,0.003104,,0.010304,0.001152,1,4,48,0,1
1923,0.114900,0.141600,0.007300,0.023000,0.023100,0.058200,0.003100,0.019168,0.003168,,0.010496,0.001152,1,4,48,0,1
1924,0.124000,0.127800,0.007300,0.022900,0.022700,0.058300,0.012700,0.019136,0.003328,,0.010368,0.001088,1,4,48,0,1
1925,0.115000,0.136900,0.007300,0.022600,0.023100,0.058800,0.003200,0.018656,0.003136,,0.010080,0.001120,1,4,48,0,1
1926,0.124600,0.128300,0.007300,0.022500,0.023100,0.059000,0.012400,0.019168,0.003200,,0.010464,0.001120,1,4,48,0,1
1927,0.116000,0.137700,0.007300,0.022500,0.023500,0.059400,0.003200,0.019264,0.003264,,0.010528,0.001088,1,4,48,0,1
1928,0.115500,0.129000,0.007400,0.022900,0.023400,0.058800,0.003000,0.021536,0.002944,,0.011072,0.001152,1,4,48,0,1
1929,0.114400,0.128600,0.007300,0.022600,0.022500,0.058700,0.003300,0.019008,0.003104,,0.010368,0.001152,1,4,48,0,1
1930,0.121500,0.127600,0.007300,0.022900,0.023100,0.058900,0.009200,0.018336,0.002944,,0.010496,0.001088,1,4,48,0,1
1931,0.114600,0.134800,0.007400,0.022500,0.022900,0.058500,0.003100,0.021344,0.002944,,0.011008,0.001120,1,4,48,0,1
1932,0.115100,0.127800,0.007200,0.022800,0.023200,0.058800,0.003000,0.021472,0.002944,,0.011072,0.001152,1,4,48,0,1
1933,0.114500,0.128200,0.007600,0.022700,0.022900,0.058000,0.003300,0.021632,0.003040,,0.012480,0.001152,1,4,48,0,1
1934,0.114800,0.127300,0.007200,0.022800,0.023500,0.057900,0.003100,0.019072,0.003168,,0.010432,0.001120,1,4,48,0,1
1935,0.113600,0.127900,0.007100,0.022900,0.023000,0.057300,0.003100,0.018752,0.003200,,0.011008,0.001152,1,4,48,0,1
1936,0.114800,0.126600,0.007400,0.022800,0.022900,0.058400,0.003200,0.021408,0.003008,,0.011104,0.001184,1,4,48,0,1
1937,0.114200,0.127900,0.007300,0.022800,0.023200,0.057700,0.003100,0.021600,0.003040,,0.011008,0.001152,1,4,48,0,1
1938,0.116500,0.131500,0.007500,0.023400,0.024000,0.058300,0.003300,0.019072,0.003008,,0.010528,0.001152,1,4,48,0,1
1939,0.157600,0.129900,0.007200,0.022500,0.022700,0.101700,0.003200,0.020576,0.003104,,0.011360,0.001152,1,4,48,0,1
1940,0.120700,0.170500,0.007400,0.022700,0.021000,0.067300,0.002100,0.020864,0.003168,,0.012928,0.001152,1,4,48,0,1
1941,0.113700,0.133600,0.007400,0.022700,0.023300,0.057900,0.002300,0.019200,0.003200,,0.010496,0.001152,1,4,48,0,1
1942,0.122900,0.126800,0.007400,0.022400,0.022900,0.058600,0.011300,0.019232,0.003232,,0.010464,0.001088,1,4,48,0,1
1943,0.114800,0.136000,0.007300,0.022700,0.023100,0.058300,0.003200,0.021920,0.003072,,0.011200,0.001120,1,4,48,0,1
1944,0.114900,0.127800,0.007400,0.022600,0.023600,0.057900,0.003300,0.019008,0.003072,,0.010400,0.001120,1,4,48,0,1
1945,0.123700,0.128000,0.007300,0.022500,0.022900,0.058700,0.012200,0.018752,0.003232,,0.010400,0.001120,1,4,48,0,1
1946,0.114900,0.136700,0.007300,0.022700,0.023300,0.058200,0.003200,0.019136,0.003008,,0.012928,0.001152,1,4,48,0,1
1947,0.113300,0.128000,0.007200,0.022500,0.022900,0.057300,0.003200,0.019168,0.003296,,0.010368,0.001184,1,4,48,0,1
1948,0.114100,0.126400,0.007300,0.022500,0.023000,0.058000,0.003200,0.019008,0.003136,,0.010272,0.001184,1,4,48,0,1
1949,0.113800,0.127000,0.007300,0.022300,0.022800,0.058000,0.003200,0.021536,0.002976,,0.011136,0.001152,1,4,48,0,1
1950,0.122700,0.126900,0.007400,0.022600,0.023100,0.058300,0.011100,0.018752,0.003200,,0.011008,0.001152,1,4,48,0,1
1951,0.116900,0.135800,0.007500,0.022700,0.023400,0.060000,0.003300,0.019232,0.003264,,0.010464,0.001152,1,4,48,0,1
1952,0.123200,0.130200,0.007300,0.022900,0.022900,0.058900,0.011000,0.018592,0.003072,,0.010912,0.001184,1,4,48,0,1
1953,0.157400,0.141600,0.007500,0.023300,0.023300,0.090000,0.013100,0.019552,0.003232,,0.010368,0.001056,1,4,48,0,1
1954,0.205400,0.190700,0.013500,0.046400,0.050000,0.089700,0.005700,0.019424,0.002912,,0.010336,0.001152,1,4,48,0,1
1955,0.170600,0.223300,0.009400,0.029000,0.030000,0.099800,0.002300,0.019680,0.003072,,0.010368,0.001152,1,4,48,0,1
1956,0.157800,0.187100,0.008800,0.041300,0.028900,0.073800,0.004700,0.019712,0.003264,,0.010432,0.001088,1,4,48,0,1
1957,0.141700,0.174300,0.008800,0.028000,0.029100,0.071400,0.004300,0.019584,0.003296,,0.010464,0.001088,1,4,48,0,1
1958,0.148300,0.157800,0.008800,0.027700,0.028800,0.070000,0.012800,0.019712,0.003200,,0.010464,0.001120,1,4,48,0,1
1959,0.143500,0.164500,0.008800,0.031000,0.028000,0.073300,0.002300,0.019424,0.003168,,0.010400,0.001152,1,4,48,0,1
1960,0.143000,0.159900,0.008800,0.027800,0.032500,0.070300,0.003500,0.019008,0.003136,,0.010368,0.001152,1,4,48,0,1
1961,0.139200,0.159200,0.008900,0.027200,0.029400,0.070100,0.003500,0.019264,0.003488,,0.010368,0.001088,1,4,48,0,1
1962,0.138300,0.155100,0.008900,0.027300,0.028600,0.070000,0.003300,0.019136,0.003232,,0.010464,0.001120,1,4,48,0,1
1963,0.157100,0.154300,0.009000,0.027100,0.028500,0.089500,0.003000,0.021312,0.003040,,0.011008,0.001152,1,4,48,0,1
1964,0.146200,0.174000,0.008500,0.032500,0.030600,0.070900,0.003400,0.021408,0.002912,,0.011040,0.001120,1,4,48,0,1
1965,0.126200,0.160300,0.007600,0.024200,0.024500,0.067800,0.002000,0.018880,0.003104,,0.010336,0.001056,1,4,48,0,1
1966,0.128900,0.139500,0.007500,0.023100,0.023900,0.060300,0.014100,0.019040,0.002944,,0.012992,0.001152,1,4,48,0,1
1967,0.115100,0.142100,0.007400,0.022800,0.023300,0.058200,0.003300,0.019328,0.003360,,0.010528,0.001088,1,4,48,0,1
1968,0.114600,0.128200,0.007400,0.022600,0.023400,0.057900,0.003200,0.019296,0.003328,,0.010464,0.001120,1,4,48,0,1
1969,0.114600,0.127900,0.007300,0.022300,0.023200,0.058300,0.003300,0.019168,0.003264,,0.010432,0.001088,1,4,48,0,1
1970,0.121700,0.127700,0.007200,0.022600,0.023600,0.058000,0.010200,0.018816,0.003328,,0.010432,0.001088,1,4,48,0,1
1971,0.114900,0.134700,0.007200,0.022500,0.023500,0.058300,0.003400,0.021120,0.002944,,0.012096,0.001152,1,4,48,0,1
1972,0.114800,0.127800,0.007300,0.022700,0.023100,0.058200,0.003300,0.019104,0.003264,,0.010400,0.001120,1,4,48,0,1
1973,0.133400,0.127600,0.007400,0.022400,0.023700,0.076600,0.003200,0.018720,0.002976,,0.010208,0.001152,1,4,48,0,1
1974,0.125400,0.146600,0.007500,0.023000,0.023500,0.059000,0.012300,0.018432,0.003008,,0.010816,0.001152,1,4,48,0,1
1975,0.114900,0.138300,0.007200,0.022800,0.023600,0.057900,0.003100,0.021504,0.003008,,0.011040,0.001184,1,4,48,0,1
1976,0.124300,0.127900,0.007300,0.022700,0.023100,0.069300,0.001800,0.018912,0.003584,,0.010816,0.001088,1,4,48,0,1
1977,0.116100,0.137400,0.007300,0.023100,0.023800,0.058400,0.003300,0.019200,0.003168,,0.013024,0.001152,1,4,48,0,1
1978,0.115200,0.129100,0.007500,0.022900,0.023400,0.058100,0.003200,0.018912,0.003488,,0.010880,0.001152,1,4,48,0,1
1979,0.122700,0.128400,0.007300,0.022900,0.023200,0.058100,0.011100,0.018496,0.003040,,0.010912,0.001120,1,4,48,0,1
1980,0.114500,0.135800,0.007300,0.022600,0.023200,0.058100,0.003200,0.018944,0.003200,,0.010336,0.001088,1,4,48,0,1
1981,0.113800,0.127400,0.007500,0.022700,0.023500,0.058000,0.002000,0.020704,0.003072,,0.011424,0.001120,1,4,48,0,1
1982,0.143500,0.126500,0.007100,0.022900,0.026100,0.073000,0.014200,0.019776,0.003104,,0.013856,0.001088,1,4,48,0,1
1983,0.264500,0.162100,0.010300,0.075600,0.034200,0.137900,0.006400,0.019616,0.003136,,0.010304,0.001088,1,4,48,0,1
1984,0.203900,0.281700,0.009400,0.030400,0.030300,0.129100,0.004500,0.019008,0.003008,,0.010432,0.001184,1,4,48,0,1
1985,0.208200,0.225800,0.009200,0.030500,0.030900,0.133300,0.004200,0.019136,0.003424,,0.010240,0.001152,1,4,48,0,1
1986,0.203300,0.225500,0.009000,0.030100,0.029600,0.130100,0.004200,0.018592,0.003072,,0.010848,0.001152,1,4,48,0,1
1987,0.202300,0.220200,0.009200,0.029800,0.029500,0.129300,0.004200,0.019360,0.003392,,0.010528,0.001088,1,4,48,0,1
1988,0.207100,0.219100,0.009100,0.029600,0.030500,0.133700,0.004000,0.019168,0.003264,,0.010400,0.001120,1,4,48,0,1
1989,0.175500,0.223700,0.009500,0.029900,0.029600,0.104100,0.002200,0.021280,0.003040,,0.011008,0.001120,1,4,48,0,1
1990,0.191900,0.192400,0.009100,0.029300,0.028800,0.121100,0.003500,0.019744,0.003008,,0.013856,0.001152,1,4,48,0,1
1991,0.131500,0.206600,0.008400,0.026100,0.025100,0.061600,0.010200,0.019040,0.003168,,0.010304,0.001184,1,4,48,0,1
1992,0.116100,0.145100,0.007300,0.022500,0.023400,0.059400,0.003300,0.019136,0.003232,,0.010464,0.001088,1,4,48,0,1
1993,0.115100,0.129100,0.007300,0.022600,0.023400,0.058200,0.003300,0.019168,0.003232,,0.010464,0.001088,1,4,48,0,1
1994,0.115600,0.128000,0.007300,0.022500,0.023200,0.059200,0.003300,0.018944,0.003040,,0.010336,0.001152,1,4,48,0,1
1995,0.123300,0.128700,0.007500,0.022500,0.023500,0.058300,0.011400,0.018528,0.002912,,0.010240,0.001152,1,4,48,0,1
1996,0.115400,0.136300,0.007200,0.023000,0.023500,0.058300,0.003200,0.018784,0.003040,,0.010368,0.001152,1,4,48,0,1
1997,0.114400,0.128600,0.007300,0.022700,0.023100,0.058000,0.003200,0.019456,0.003136,,0.010304,0.001152,1,4,48,0,1
1998,0.122300,0.127700,0.007200,0.022500,0.023200,0.058400,0.011000,0.018560,0.003168,,0.010848,0.001056,1,4,48,0,1
1999,0.152100,0.135400,0.007400,0.022500,0.023200,0.089100,0.009800,0.019264,0.003232,,0.010592,0.001056,1,4,48,0,1
2000,0.154300,0.168200,0.009000,0.028200,0.028400,0.084100,0.004500,0.018592,0.003040,,0.010272,0.001120,1,4,48,0,1
2001,0.139800,0.170600,0.008800,0.027500,0.028600,0.070600,0.003900,0.019424,0.003456,,0.010464,0.001088,1,4,48,0,1
2002,0.147400,0.155700,0.008700,0.027300,0.027900,0.079400,0.003900,0.019072,0.003168,,0.010464,0.001088,1,4,48,0,1
2003,0.146100,0.163700,0.009200,0.027800,0.028200,0.078700,0.002200,0.018592,0.003040,,0.010432,0.001152,1,4,48,0,1
2004,0.139700,0.161900,0.008800,0.027100,0.027800,0.070600,0.005300,0.018592,0.003008,,0.011040,0.001184,1,4,48,0,1
2005,0.134400,0.155800,0.008800,0.027100,0.027800,0.059600,0.011100,0.019296,0.003456,,0.010400,0.001088,1,4,48,0,1
2006,0.114700,0.147400,0.007400,0.022700,0.023400,0.057800,0.003200,0.019040,0.003296,,0.010432,0.001088,1,4,48,0,1
2007,0.113600,0.127800,0.007200,0.022500,0.022800,0.057700,0.003200,0.021344,0.003008,,0.011072,0.001120,1,4,48,0,1
2008,0.113800,0.126800,0.007200,0.022500,0.023000,0.057900,0.003200,0.019040,0.003136,,0.010368,0.001184,1,4,48,0,1
2009,0.136700,0.126800,0.007200,0.022900,0.028300,0.064700,0.013300,0.021280,0.003136,,0.012032,0.001152,1,4,48,0,1
2010,0.121000,0.149600,0.007200,0.022500,0.022900,0.065600,0.002500,0.021664,0.003136,,0.011008,0.001120,1,4,48,0,1
2011,0.115100,0.134000,0.007300,0.022700,0.023700,0.057800,0.003400,0.019264,0.002976,,0.010336,0.001120,1,4,48,0,1
2012,0.114900,0.128100,0.007300,0.022800,0.023300,0.058300,0.003100,0.019072,0.003200,,0.010400,0.001088,1,4,48,0,1
2013,0.114800,0.127900,0.007400,0.022700,0.023300,0.058200,0.003100,0.021664,0.003296,,0.011360,0.001056,1,4,48,0,1
2014,0.113800,0.127800,0.007200,0.022600,0.023200,0.057400,0.003300,0.019360,0.003360,,0.010496,0.001120,1,4,48,0,1
2015,0.113700,0.126800,0.007400,0.022600,0.022600,0.058000,0.003100,0.018752,0.003168,,0.010464,0.001152,1,4,48,0,1
2016,0.113800,0.126800,0.007300,0.022700,0.023000,0.057400,0.003300,0.019328,0.003296,,0.010528,0.001120,1,4,48,0,1
2017,0.128700,0.126900,0.007200,0.022700,0.027900,0.069000,0.001800,0.018400,0.002976,,0.010784,0.001152,1,4,48,0,1
2018,0.128400,0.142200,0.007600,0.023600,0.023900,0.060500,0.012600,0.019520,0.003136,,0.012960,0.001152,1,4,48,0,1
2019,0.114300,0.141600,0.007200,0.022700,0.023200,0.057800,0.003200,0.019200,0.003104,,0.013056,0.001152,1,4,48,0,1
2020,0.121600,0.127800,0.007300,0.022700,0.027400,0.061000,0.003200,0.018592,0.003136,,0.010912,0.001120,1,4,48,0,1
2021,0.129400,0.136000,0.010000,0.022900,0.020800,0.072800,0.002600,0.021280,0.003040,,0.012128,0.001120,1,4,48,0,1
2022,0.117000,0.142300,0.007300,0.022400,0.023300,0.060600,0.003300,0.020640,0.003104,,0.011392,0.001120,1,4,48,0,1
2023,0.114900,0.130300,0.007300,0.022700,0.023500,0.057800,0.003200,0.021632,0.003072,,0.011040,0.001152,1,4,48,0,1
2024,0.114100,0.128100,0.007200,0.022600,0.023100,0.057900,0.003100,0.018784,0.003232,,0.010240,0.001184,1,4,48,0,1
2025,0.116000,0.127000,0.007500,0.022900,0.023400,0.058900,0.003100,0.019296,0.003040,,0.013120,0.001152,1,4,48,0,1
2026,0.120300,0.133700,0.013200,0.022800,0.023100,0.057800,0.003200,0.021600,0.003104,,0.011040,0.001152,1,4,48,0,1
2027,0.114300,0.133300,0.007200,0.022500,0.023200,0.058200,0.003100,0.021664,0.003168,,0.011040,0.001088,1,4,48,0,1
2028,0.114900,0.127200,0.007500,0.022700,0.023000,0.058400,0.003100,0.018944,0.003136,,0.010432,0.001152,1,4,48,0,1
2029,0.113900,0.128300,0.007100,0.022700,0.022800,0.058000,0.003100,0.018944,0.003328,,0.010496,0.001152,1,4,48,0,1
2030,0.123600,0.127000,0.007300,0.022800,0.022700,0.058200,0.012400,0.018464,0.002976,,0.010208,0.001152,1,4,48,0,1
2031,0.113900,0.136500,0.007400,0.022600,0.023000,0.057500,0.003200,0.021632,0.003040,,0.011040,0.001184,1,4,48,0,1
2032,0.123800,0.127000,0.007200,0.022400,0.028000,0.064400,0.001700,0.019200,0.003264,,0.010432,0.001120,1,4,48,0,1
2033,0.114200,0.137400,0.007400,0.022800,0.023200,0.057500,0.003200,0.019136,0.003200,,0.010368,0.001152,1,4,48,0,1
2034,0.114500,0.127600,0.007300,0.022800,0.022900,0.058100,0.003200,0.018912,0.003168,,0.010368,0.001088,1,4,48,0,1
2035,0.114500,0.127700,0.007300,0.022700,0.023700,0.057400,0.003100,0.021536,0.003008,,0.011040,0.001152,1,4,48,0,1
2036,0.134800,0.127300,0.007200,0.022800,0.023100,0.079900,0.001700,0.020192,0.003360,,0.013856,0.001088,1,4,48,0,1
2037,0.114100,0.147700,0.007300,0.022800,0.022800,0.058100,0.003100,0.019008,0.003168,,0.010368,0.001056,1,4,48,0,1
2038,0.114800,0.127000,0.007200,0.022800,0.023100,0.058400,0.003200,0.021632,0.003136,,0.011040,0.001152,1,4,48,0,1
2039,0.114600,0.127800,0.007200,0.022600,0.023300,0.058200,0.003200,0.019168,0.003200,,0.010432,0.001184,1,4,48,0,1
2040,0.113600,0.127600,0.007000,0.022700,0.022900,0.057700,0.003100,0.021696,0.003136,,0.012480,0.001152,1,4,48,0,1
2041,0.113700,0.126400,0.006900,0.022400,0.023100,0.058000,0.003100,0.021632,0.002976,,0.012480,0.001120,1,4,48,0,1
2042,0.114200,0.126500,0.007000,0.022700,0.023300,0.057700,0.003300,0.018848,0.003008,,0.010368,0.001152,1,4,48,0,1
2043,0.114100,0.127100,0.007200,0.022500,0.023100,0.057800,0.003200,0.018432,0.003040,,0.010752,0.001152,1,4,48,0,1
2044,0.113800,0.127000,0.007100,0.022900,0.023000,0.057500,0.003300,0.019200,0.003232,,0.010400,0.001152,1,4,48,0,1
2045,0.114000,0.126700,0.007300,0.022400,0.023100,0.057900,0.003000,0.021632,0.003040,,0.011008,0.001152,1,4,48,0,1
2046,0.113600,0.126700,0.007100,0.022700,0.023000,0.057500,0.003200,0.019040,0.003104,,0.010464,0.001152,1,4,48,0,1
2047,0.114300,0.126300,0.007100,0.022700,0.023400,0.057700,0.003300,0.019328,0.003488,,0.010336,0.001120,1,4,48,0,1
2048,0.116200,0.131900,0.007300,0.023000,0.024000,0.058700,0.003200,0.021568,0.003008,,0.012480,0.001120,1,4,48,0,1
2049,0.114300,0.129200,0.007200,0.022800,0.023300,0.057700,0.003300,0.018944,0.003392,,0.010560,0.001152,1,4,48,0,1
2050,0.123700,0.127200,0.007000,0.022900,0.022900,0.058300,0.012300,0.018336,0.002944,,0.010784,0.001120,1,4,48,0,1
2051,0.114200,0.136600,0.007100,0.022700,0.023300,0.058000,0.003100,0.019104,0.003072,,0.010528,0.001152,1,4,48,0,1
2052,0.113500,0.127100,0.007200,0.022500,0.023000,0.057500,0.003100,0.018944,0.002976,,0.010464,0.001120,1,4,48,0,1
2053,0.114100,0.126300,0.007100,0.022400,0.023200,0.058100,0.003200,0.018464,0.002944,,0.010848,0.001152,1,4,48,0,1
2054,0.113600,0.126900,0.007100,0.022600,0.023200,0.057500,0.003200,0.019424,0.003264,,0.012928,0.001056,1,4,48,0,1
2055,0.113700,0.126400,0.007100,0.022600,0.023200,0.057500,0.003100,0.021600,0.003040,,0.011040,0.001152,1,4,48,0,1
2056,0.126900,0.126500,0.007000,0.031000,0.024900,0.060500,0.003400,0.018944,0.003008,,0.010400,0.001152,1,4,48,0,1
2057,0.123300,0.140100,0.007300,0.022800,0.023200,0.058500,0.011300,0.018560,0.003168,,0.010400,0.001088,1,4,48,0,1
2058,0.113300,0.136200,0.007000,0.022700,0.023000,0.057200,0.003200,0.019104,0.003200,,0.010432,0.001056,1,4,48,0,1
2059,0.113400,0.126200,0.006900,0.022500,0.023100,0.057600,0.003200,0.019136,0.003328,,0.010336,0.001088,1,4,48,0,1
2060,0.113700,0.126200,0.006900,0.022500,0.023200,0.057700,0.003100,0.019200,0.002976,,0.013120,0.001184,1,4,48,0,1
2061,0.123200,0.126500,0.007000,0.022500,0.022800,0.058000,0.012700,0.018592,0.003136,,0.010752,0.001184,1,4,48,0,1
2062,0.113200,0.136100,0.007000,0.022800,0.022900,0.057300,0.003100,0.019104,0.003168,,0.010368,0.001184,1,4,48,0,1
2063,0.133700,0.126400,0.007200,0.022700,0.028100,0.061400,0.014200,0.021632,0.003072,,0.012544,0.001120,1,4,48,0,1
2064,0.226600,0.164000,0.013200,0.044600,0.036300,0.126600,0.005700,0.019552,0.003200,,0.010464,0.001088,1,4,48,0,1
2065,0.201700,0.244100,0.009600,0.031800,0.036500,0.117800,0.005800,0.019712,0.003200,,0.010656,0.001184,1,4,48,0,1
2066,0.172100,0.238400,0.009800,0.033100,0.032300,0.091600,0.005200,0.019840,0.003296,,0.010304,0.001152,1,4,48,0,1
2067,0.163800,0.189500,0.009400,0.031300,0.030900,0.088600,0.003500,0.019168,0.003232,,0.010432,0.001152,1,4,48,0,1
2068,0.160600,0.180800,0.009700,0.030600,0.030900,0.085900,0.003300,0.018432,0.003040,,0.010624,0.001088,1,4,48,0,1
2069,0.167500,0.177300,0.009400,0.030400,0.030500,0.092500,0.004500,0.021248,0.003008,,0.011008,0.001120,1,4,48,0,1
2070,0.162100,0.184400,0.009200,0.030700,0.030600,0.088400,0.003100,0.021696,0.003136,,0.011200,0.001152,1,4,48,0,1
2071,0.164500,0.179600,0.009300,0.031100,0.030800,0.089800,0.003500,0.019104,0.002880,,0.013024,0.001152,1,4,48,0,1
2072,0.168200,0.181100,0.009500,0.030800,0.030300,0.093900,0.003600,0.022048,0.003168,,0.011168,0.001184,1,4,48,0,1
2073,0.141000,0.182900,0.008500,0.030900,0.029600,0.069900,0.001800,0.018624,0.002976,,0.010272,0.001152,1,4,48,0,1
2074,0.124600,0.154300,0.007400,0.023100,0.023600,0.060200,0.010200,0.018848,0.003040,,0.010304,0.001152,1,4,48,0,1
2075,0.117100,0.137600,0.007200,0.022800,0.024100,0.059800,0.003200,0.021568,0.003040,,0.011008,0.001120,1,4,48,0,1
2076,0.123300,0.129900,0.007000,0.022900,0.023400,0.059000,0.010800,0.018816,0.003360,,0.010976,0.001152,1,4,48,0,1
2077,0.126900,0.136200,0.006900,0.022600,0.023100,0.069700,0.004300,0.018944,0.003104,,0.010336,0.001120,1,4,48,0,1
2078,0.147300,0.142700,0.008600,0.027700,0.028200,0.070400,0.012300,0.018880,0.003008,,0.010368,0.001184,1,4,48,0,1
2079,0.139000,0.163400,0.008700,0.027200,0.028000,0.070700,0.004200,0.018976,0.003072,,0.010432,0.001152,1,4,48,0,1
2080,0.140900,0.154900,0.008500,0.027400,0.028200,0.071100,0.005700,0.018432,0.002976,,0.010944,0.001088,1,4,48,0,1
2081,0.137300,0.156600,0.008400,0.027200,0.028000,0.069200,0.004300,0.019392,0.003520,,0.010400,0.001120,1,4,48,0,1
2082,0.139300,0.153200,0.008500,0.026900,0.027800,0.070400,0.005500,0.018560,0.003136,,0.010784,0.001088,1,4,48,0,1
2083,0.135400,0.155400,0.008700,0.026900,0.027600,0.070200,0.001800,0.021728,0.003136,,0.011072,0.001152,1,4,48,0,1
2084,0.125100,0.148200,0.007100,0.022700,0.023500,0.069900,0.001800,0.019200,0.003328,,0.010464,0.001056,1,4,48,0,1
2085,0.115900,0.138200,0.007300,0.022900,0.023500,0.058800,0.003200,0.021568,0.002976,,0.011136,0.001152,1,4,48,0,1
2086,0.115800,0.128800,0.007200,0.022700,0.023500,0.059100,0.003200,0.019232,0.002848,,0.013056,0.001152,1,4,48,0,1
2087,0.121700,0.128700,0.007100,0.022600,0.023100,0.066700,0.001900,0.018816,0.003328,,0.010304,0.001120,1,4,48,0,1
2088,0.115100,0.134600,0.007100,0.022600,0.023100,0.058800,0.003200,0.021536,0.002976,,0.011712,0.001152,1,4,48,0,1
2089,0.140800,0.128000,0.007200,0.022500,0.023100,0.086300,0.001700,0.018880,0.003008,,0.010336,0.001152,1,4,48,0,1
2090,0.115100,0.153900,0.007100,0.022500,0.023000,0.059000,0.003300,0.021440,0.002976,,0.011008,0.001120,1,4,48,0,1
2091,0.115200,0.128100,0.007300,0.022500,0.023200,0.058800,0.003100,0.019232,0.003296,,0.010400,0.001152,1,4,48,0,1
2092,0.115000,0.128100,0.007000,0.022700,0.023400,0.058600,0.003200,0.019232,0.003232,,0.010496,0.001152,1,4,48,0,1
2093,0.115600,0.127900,0.007300,0.022500,0.023200,0.058800,0.003300,0.019488,0.002976,,0.012576,0.001120,1,4,48,0,1
2094,0.122400,0.128400,0.007000,0.022900,0.022900,0.058600,0.011000,0.018624,0.003072,,0.010400,0.001088,1,4,48,0,1
2095,0.114900,0.135300,0.007100,0.022600,0.023500,0.058400,0.003300,0.019040,0.003040,,0.013056,0.001120,1,4,48,0,1
2096,0.123100,0.127700,0.007100,0.022700,0.023000,0.058800,0.011400,0.018688,0.003104,,0.010240,0.001152,1,4,48,0,1
2097,0.113700,0.135900,0.007000,0.022500,0.022900,0.057900,0.003200,0.019264,0.003200,,0.013088,0.001088,1,4,48,0,1
2098,0.114700,0.126900,0.007000,0.022800,0.023100,0.058500,0.003200,0.019200,0.003040,,0.013088,0.001152,1,4,48,0,1
2099,0.126000,0.127600,0.007100,0.022600,0.022800,0.068600,0.004800,0.018496,0.003136,,0.010592,0.001120,1,4,48,0,1
2100,0.129200,0.139000,0.007100,0.023400,0.026000,0.062000,0.010700,0.019040,0.003008,,0.013088,0.001088,1,4,48,0,1
2101,0.114900,0.142300,0.007100,0.022700,0.023000,0.058900,0.003200,0.018528,0.002976,,0.010880,0.001152,1,4,48,0,1
2102,0.122000,0.127700,0.007000,0.022700,0.023300,0.058900,0.009900,0.018688,0.003136,,0.010944,0.001152,1,4,48,0,1
2103,0.114200,0.134900,0.007200,0.022600,0.023100,0.058800,0.002400,0.019136,0.003104,,0.010528,0.001120,1,4,48,0,1
2104,0.113700,0.126900,0.007100,0.022600,0.023000,0.058400,0.002400,0.019072,0.003104,,0.010496,0.001088,1,4,48,0,1
2105,0.114900,0.126400,0.007100,0.022300,0.023300,0.058800,0.003200,0.021568,0.003104,,0.011040,0.001088,1,4,48,0,1
2106,0.115900,0.127800,0.007300,0.022300,0.023000,0.059000,0.003900,0.021632,0.003168,,0.010848,0.001184,1,4,48,0,1
2107,0.117800,0.128700,0.007100,0.022700,0.023200,0.061300,0.003400,0.019616,0.003296,,0.010176,0.001056,1,4,48,0,1
2108,0.125400,0.130800,0.007000,0.022500,0.022700,0.069800,0.003300,0.018848,0.003456,,0.010784,0.001152,1,4,48,0,1
2109,0.113700,0.138400,0.007000,0.022500,0.023400,0.057500,0.003100,0.021664,0.003040,,0.012416,0.001152,1,4,48,0,1
2110,0.114200,0.126400,0.007100,0.022500,0.023200,0.058000,0.003100,0.019296,0.003168,,0.012960,0.001152,1,4,48,0,1
2111,0.114300,0.127200,0.007200,0.022600,0.022900,0.058200,0.003200,0.018880,0.003392,,0.010208,0.001088,1,4,48,0,1
2112,0.114400,0.127200,0.007300,0.022800,0.023100,0.058000,0.003200,0.021632,0.003040,,0.011136,0.001152,1,4,48,0,1
2113,0.123500,0.127400,0.007100,0.022500,0.023400,0.057600,0.012700,0.018784,0.003296,,0.010560,0.001152,1,4,48,0,1
2114,0.114000,0.136600,0.007100,0.022700,0.023300,0.057700,0.003200,0.018944,0.003008,,0.010368,0.001152,1,4,48,0,1
2115,0.129800,0.127000,0.011900,0.023300,0.023400,0.058400,0.012400,0.018496,0.003008,,0.010592,0.001184,1,4,48,0,1
2116,0.113700,0.142800,0.007100,0.022500,0.023200,0.057500,0.003300,0.019072,0.003168,,0.010464,0.001088,1,4,48,0,1
2117,0.114700,0.126600,0.007100,0.022600,0.023500,0.058200,0.003200,0.019072,0.003168,,0.010464,0.001120,1,4,48,0,1
2118,0.114100,0.127600,0.007200,0.022800,0.023100,0.057800,0.003100,0.018784,0.003232,,0.010848,0.001184,1,4,48,0,1
2119,0.113000,0.127000,0.007100,0.022500,0.022600,0.057600,0.003200,0.019200,0.003200,,0.010528,0.001088,1,4,48,0,1
2120,0.113700,0.126000,0.006900,0.022600,0.023200,0.057700,0.003200,0.019264,0.003264,,0.010560,0.001056,1,4,48,0,1
2121,0.113500,0.126700,0.007100,0.022500,0.022800,0.057600,0.003300,0.019072,0.003104,,0.010400,0.001184,1,4,48,0,1
2122,0.113900,0.126600,0.007100,0.022700,0.022800,0.058000,0.003200,0.019136,0.003296,,0.010400,0.001088,1,4,48,0,1
2123,0.114700,0.126600,0.007200,0.022400,0.023000,0.058800,0.003000,0.019072,0.002976,,0.013088,0.001056,1,4,48,0,1
2124,0.165000,0.129200,0.009700,0.055400,0.026300,0.070200,0.003200,0.019136,0.003232,,0.010432,0.001088,1,4,48,0,1
2125,0.115100,0.178600,0.007400,0.023300,0.023400,0.057600,0.003200,0.019008,0.003008,,0.010432,0.001184,1,4,48,0,1
2126,0.114500,0.128000,0.007000,0.022700,0.023400,0.057800,0.003200,0.021632,0.002976,,0.012544,0.001152,1,4,48,0,1
2127,0.113100,0.127600,0.007100,0.022600,0.022800,0.057300,0.003200,0.021792,0.003104,,0.012544,0.001184,1,4,48,0,1
2128,0.113200,0.126100,0.007100,0.022700,0.023000,0.057200,0.003100,0.022240,0.003296,,0.011360,0.001088,1,4,48,0,1
2129,0.114000,0.126100,0.007200,0.022400,0.023000,0.058100,0.003200,0.018336,0.002976,,0.010848,0.001152,1,4,48,0,1
2130,0.120600,0.127000,0.007000,0.022800,0.028300,0.059300,0.003100,0.019200,0.003008,,0.013056,0.001152,1,4,48,0,1
2131,0.126100,0.133700,0.007200,0.022900,0.023100,0.071100,0.001700,0.019136,0.003168,,0.010464,0.001120,1,4,48,0,1
2132,0.120600,0.139500,0.007400,0.023800,0.024100,0.061900,0.003100,0.020064,0.003168,,0.013952,0.001152,1,4,48,0,1
2133,0.113100,0.133700,0.007200,0.022500,0.023200,0.056900,0.003200,0.018560,0.003072,,0.010944,0.001152,1,4,48,0,1
2134,0.114400,0.126200,0.007000,0.022600,0.023000,0.058300,0.003300,0.021632,0.003008,,0.012352,0.001152,1,4,48,0,1
2135,0.114300,0.127200,0.007200,0.022700,0.023200,0.057700,0.003300,0.019104,0.003232,,0.010400,0.001120,1,4,48,0,1
2136,0.114300,0.127200,0.007200,0.022500,0.023700,0.057700,0.003200,0.019296,0.003040,,0.013056,0.001184,1,4,48,0,1
2137,0.114700,0.127200,0.007100,0.022800,0.023100,0.058200,0.003200,0.018560,0.003072,,0.010848,0.001184,1,4,48,0,1
2138,0.113700,0.127600,0.006900,0.022500,0.023300,0.057700,0.003200,0.018432,0.003040,,0.010784,0.001120,1,4,48,0,1
2139,0.114900,0.126600,0.007100,0.022800,0.023000,0.058600,0.003200,0.018688,0.003296,,0.010784,0.001152,1,4,48,0,1
2140,0.112900,0.127800,0.007000,0.022600,0.022900,0.057300,0.003100,0.019264,0.003360,,0.010400,0.001056,1,4,48,0,1
2141,0.113700,0.125800,0.007000,0.022500,0.023000,0.057700,0.003300,0.019168,0.003296,,0.010336,0.001152,1,4,48,0,1
2142,0.122200,0.126500,0.007000,0.022500,0.023400,0.057800,0.011400,0.018880,0.002976,,0.010368,0.001152,1,4,48,0,1
2143,0.113300,0.135100,0.007200,0.022300,0.023000,0.057500,0.003200,0.021504,0.002944,,0.011072,0.001152,1,4,48,0,1
2144,0.113200,0.126300,0.007000,0.022400,0.023100,0.057400,0.003100,0.021536,0.003104,,0.012544,0.001152,1,4,48,0,1
2145,0.124400,0.126200,0.007300,0.022500,0.022900,0.061800,0.009600,0.019072,0.003200,,0.010432,0.001056,1,4,48,0,1
2146,0.115000,0.137300,0.007200,0.023200,0.023300,0.057900,0.003200,0.018944,0.002976,,0.010464,0.001152,1,4,48,0,1
2147,0.113400,0.127700,0.007100,0.022900,0.022900,0.057300,0.003200,0.019136,0.003136,,0.010464,0.001152,1,4,48,0,1
2148,0.113700,0.126300,0.007000,0.022300,0.023000,0.058100,0.003200,0.018976,0.003040,,0.010400,0.001152,1,4,48,0,1
2149,0.113300,0.126500,0.007100,0.022500,0.022800,0.057600,0.003300,0.021568,0.003008,,0.011104,0.001152,1,4,48,0,1
2150,0.113500,0.126200,0.007100,0.022600,0.022800,0.057900,0.003100,0.018368,0.002976,,0.010848,0.001152,1,4,48,0,1
2151,0.114000,0.126400,0.007200,0.022500,0.023100,0.057800,0.003100,0.019168,0.002976,,0.013056,0.001152,1,4,48,0,1
2152,0.113200,0.126800,0.007200,0.022500,0.022800,0.057500,0.003200,0.019168,0.003232,,0.010496,0.001056,1,4,48,0,1
2153,0.148400,0.125900,0.007100,0.022400,0.022900,0.091300,0.004500,0.019168,0.003104,,0.013024,0.001152,1,4,48,0,1
2154,0.118300,0.161200,0.007000,0.022600,0.020800,0.065400,0.002300,0.020800,0.002976,,0.012992,0.001152,1,4,48,0,1
2155,0.112800,0.131100,0.007000,0.022500,0.023400,0.057100,0.002800,0.019232,0.003200,,0.010528,0.001152,1,4,48,0,1
2156,0.114000,0.125400,0.007000,0.022400,0.023200,0.058000,0.003100,0.019424,0.002880,,0.012736,0.001152,1,4,48,0,1
2157,0.113200,0.127100,0.007200,0.022400,0.022800,0.057400,0.003300,0.019072,0.003168,,0.010528,0.001120,1,4,48,0,1
2158,0.114100,0.126000,0.007000,0.022400,0.023000,0.058300,0.003100,0.019232,0.003200,,0.010464,0.001152,1,4,48,0,1
2159,0.121200,0.126800,0.007200,0.022400,0.023000,0.057700,0.010900,0.018816,0.003360,,0.010080,0.001088,1,4,48,0,1
2160,0.113400,0.134000,0.007000,0.022500,0.022900,0.057700,0.003100,0.019168,0.003200,,0.010464,0.001152,1,4,48,0,1
2161,0.118400,0.126400,0.007100,0.027400,0.022900,0.057700,0.003100,0.019296,0.003360,,0.010464,0.001088,1,4,48,0,1
2162,0.123900,0.131600,0.007100,0.022600,0.023000,0.069400,0.001800,0.018912,0.003104,,0.010368,0.001120,1,4,48,0,1
2163,0.123600,0.137100,0.007300,0.023200,0.023400,0.058300,0.011200,0.018464,0.002976,,0.010912,0.001152,1,4,48,0,1
2164,0.123400,0.136500,0.007300,0.022400,0.023100,0.057700,0.012800,0.018848,0.002912,,0.010432,0.001152,1,4,48,0,1
2165,0.114100,0.136200,0.007100,0.022600,0.023300,0.057600,0.003200,0.019168,0.003072,,0.010560,0.001184,1,4,48,0,1
2166,0.113400,0.126800,0.007000,0.022500,0.023000,0.057700,0.003200,0.021664,0.002976,,0.011104,0.001152,1,4,48,0,1
2167,0.113500,0.126200,0.007300,0.022600,0.022900,0.057400,0.003300,0.019296,0.003200,,0.013120,0.001120,1,4,48,0,1
2168,0.114000,0.126400,0.007000,0.022400,0.023100,0.058000,0.003400,0.019328,0.003200,,0.013056,0.001152,1,4,48,0,1
2169,0.113800,0.126900,0.007000,0.022500,0.023100,0.057800,0.003200,0.019232,0.003168,,0.013088,0.001152,1,4,48,0,1
2170,0.113800,0.126900,0.007000,0.022400,0.023500,0.057600,0.003200,0.019360,0.003200,,0.012960,0.001120,1,4,48,0,1
2171,0.114200,0.126700,0.007200,0.022700,0.023300,0.057700,0.003200,0.021632,0.003072,,0.011072,0.001120,1,4,48,0,1
2172,0.113400,0.127100,0.007000,0.022500,0.023000,0.057700,0.003100,0.019200,0.003296,,0.010400,0.001120,1,4,48,0,1
2173,0.113300,0.126200,0.007000,0.022500,0.023000,0.057400,0.003200,0.019072,0.003296,,0.010336,0.001056,1,4,48,0,1
2174,0.124100,0.126200,0.007000,0.022700,0.023200,0.059700,0.011500,0.018368,0.002944,,0.010816,0.001152,1,4,48,0,1
2175,0.113400,0.137100,0.007200,0.022500,0.022900,0.057400,0.003200,0.021536,0.002976,,0.012512,0.001120,1,4,48,0,1
2176,0.128200,0.126000,0.007000,0.022400,0.022700,0.063500,0.012200,0.021408,0.002944,,0.011040,0.001120,1,4,48,0,1
2177,0.117200,0.141400,0.007200,0.022900,0.023800,0.059800,0.003400,0.019520,0.003008,,0.012896,0.001184,1,4,48,0,1
2178,0.201600,0.134500,0.009300,0.052600,0.032100,0.105600,0.001800,0.018656,0.003072,,0.010176,0.001152,1,4,48,0,1
2179,0.126400,0.215900,0.007900,0.023900,0.023700,0.058800,0.011900,0.018464,0.002976,,0.010432,0.001088,1,4,48,0,1
2180,0.114700,0.139800,0.007100,0.022600,0.023500,0.058200,0.003200,0.020544,0.002912,,0.012128,0.001120,1,4,48,0,1
2181,0.114600,0.127700,0.007000,0.022500,0.023300,0.058300,0.003200,0.019072,0.003136,,0.010464,0.001056,1,4,48,0,1
2182,0.122700,0.127500,0.007100,0.022600,0.023200,0.058500,0.011200,0.018560,0.003136,,0.010880,0.001152,1,4,48,0,1
2183,0.114700,0.135700,0.007100,0.022400,0.023300,0.059500,0.002400,0.019328,0.003328,,0.010528,0.001088,1,4,48,0,1
2184,0.115100,0.127600,0.007400,0.022600,0.023400,0.058300,0.003300,0.021632,0.003008,,0.012480,0.001152,1,4,48,0,1
2185,0.114500,0.128300,0.007100,0.022700,0.023100,0.058400,0.003100,0.019296,0.003232,,0.010528,0.001120,1,4,48,0,1
2186,0.114200,0.127300,0.007100,0.022600,0.023300,0.057900,0.003100,0.019904,0.003040,,0.013920,0.001152,1,4,48,0,1
2187,0.115400,0.127100,0.007200,0.022600,0.023300,0.059100,0.003200,0.019072,0.003040,,0.010528,0.001152,1,4,48,0,1
2188,0.113500,0.128200,0.007100,0.022600,0.023300,0.057200,0.003200,0.019008,0.003104,,0.010368,0.001152,1,4,48,0,1
2189,0.113700,0.126600,0.007100,0.022300,0.023200,0.057700,0.003200,0.021600,0.003424,,0.011296,0.001120,1,4,48,0,1
2190,0.113700,0.126400,0.007200,0.022400,0.023300,0.057500,0.003200,0.021600,0.003040,,0.011424,0.001152,1,4,48,0,1
2191,0.127700,0.126500,0.007100,0.022700,0.027600,0.059300,0.010900,0.019776,0.003360,,0.010272,0.001056,1,4,48,0,1
2192,0.115200,0.140600,0.007100,0.022900,0.023500,0.058300,0.003200,0.019136,0.003296,,0.010432,0.001120,1,4,48,0,1
2193,0.114000,0.128100,0.007000,0.022600,0.023400,0.057700,0.003100,0.019136,0.003232,,0.010400,0.001152,1,4,48,0,1
2194,0.123600,0.127200,0.007000,0.022700,0.023100,0.058100,0.012700,0.018656,0.003072,,0.010656,0.001184,1,4,48,0,1
2195,0.113900,0.136600,0.007000,0.022600,0.023100,0.057900,0.003100,0.021312,0.003008,,0.011072,0.001152,1,4,48,0,1
2196,0.113900,0.126700,0.007100,0.022700,0.023000,0.057800,0.003300,0.018944,0.003136,,0.010272,0.001120,1,4,48,0,1
2197,0.113800,0.126600,0.007200,0.022600,0.023100,0.057700,0.003100,0.019264,0.002976,,0.013088,0.001152,1,4,48,0,1
2198,0.114300,0.126800,0.007000,0.022600,0.023300,0.058200,0.003200,0.021728,0.003104,,0.012480,0.001152,1,4,48,0,1
2199,0.120200,0.127200,0.007100,0.022800,0.022800,0.065100,0.002200,0.020736,0.003008,,0.012896,0.001152,1,4,48,0,1
2200,0.117200,0.133000,0.007000,0.022700,0.020800,0.064300,0.002200,0.021120,0.003424,,0.013056,0.001088,1,4,48,0,1
2201,0.143500,0.130300,0.007200,0.034600,0.029400,0.069100,0.003000,0.018592,0.003072,,0.010368,0.001152,1,4,48,0,1
2202,0.116100,0.156900,0.007200,0.023500,0.023800,0.058300,0.003300,0.019296,0.003232,,0.010592,0.001088,1,4,48,0,1
2203,0.124300,0.129200,0.007000,0.023000,0.023400,0.058100,0.012700,0.018400,0.002944,,0.010560,0.001152,1,4,48,0,1
2204,0.114300,0.137400,0.007100,0.022700,0.023400,0.057700,0.003200,0.018400,0.003072,,0.010720,0.001088,1,4,48,0,1
2205,0.114800,0.127100,0.007000,0.022900,0.022900,0.058600,0.003200,0.019392,0.002944,,0.012960,0.001152,1,4,48,0,1
2206,0.126900,0.127600,0.007000,0.022800,0.023400,0.071600,0.002100,0.021536,0.003168,,0.011040,0.001088,1,4,48,0,1
2207,0.114900,0.140000,0.007100,0.023100,0.023300,0.058100,0.003100,0.021568,0.003072,,0.011168,0.001120,1,4,48,0,1
2208,0.129300,0.127700,0.007200,0.022600,0.023300,0.074100,0.002000,0.021504,0.003008,,0.011072,0.001152,1,4,48,0,1
2209,0.137800,0.142800,0.007500,0.023800,0.023700,0.080500,0.002300,0.019552,0.003168,,0.010432,0.001088,1,4,48,0,1
2210,0.113500,0.150800,0.007100,0.022600,0.023400,0.057200,0.003200,0.021344,0.003168,,0.012064,0.001152,1,4,48,0,1
2211,0.113400,0.126500,0.006900,0.022600,0.023000,0.057700,0.003200,0.021504,0.002976,,0.011040,0.001184,1,4,48,0,1
2212,0.127300,0.126200,0.007100,0.022800,0.023300,0.058600,0.015500,0.018656,0.003040,,0.010528,0.001152,1,4,48,0,1
2213,0.129700,0.145000,0.008200,0.024700,0.025300,0.059800,0.011600,0.018400,0.002976,,0.010976,0.001088,1,4,48,0,1
2214,0.123600,0.142900,0.007000,0.022700,0.023100,0.058200,0.012500,0.018816,0.003264,,0.010528,0.001088,1,4,48,0,1
2215,0.114500,0.136400,0.007100,0.022500,0.023100,0.058600,0.003200,0.019200,0.003072,,0.013120,0.001152,1,4,48,0,1
2216,0.114600,0.127600,0.007000,0.022800,0.023300,0.058200,0.003200,0.019136,0.003200,,0.010464,0.001120,1,4,48,0,1
2217,0.113600,0.127700,0.007100,0.022500,0.022700,0.057900,0.003300,0.021536,0.002976,,0.011072,0.001120,1,4,48,0,1
2218,0.123600,0.126300,0.007100,0.022400,0.023100,0.058300,0.012600,0.018624,0.003104,,0.010624,0.001152,1,4,48,0,1
2219,0.114800,0.136500,0.007000,0.022600,0.023300,0.058500,0.003300,0.019296,0.003264,,0.013056,0.001120,1,4,48,0,1
2220,0.113700,0.127700,0.007200,0.022500,0.023100,0.057600,0.003200,0.018752,0.003168,,0.010368,0.001120,1,4,48,0,1
2221,0.123400,0.126500,0.007100,0.022500,0.023200,0.068700,0.001700,0.018848,0.003264,,0.010304,0.001120,1,4,48,0,1
2222,0.115300,0.136400,0.007200,0.023100,0.023500,0.058300,0.003200,0.019328,0.003136,,0.013024,0.001120,1,4,48,0,1
2223,0.114400,0.128300,0.007400,0.022400,0.023000,0.058000,0.003200,0.019040,0.002944,,0.013120,0.001184,1,4,48,0,1
2224,0.114300,0.127200,0.006900,0.022600,0.023400,0.058100,0.003200,0.019168,0.003264,,0.010464,0.001056,1,4,48,0,1
2225,0.114100,0.127000,0.007100,0.022500,0.023600,0.057600,0.003300,0.019232,0.003264,,0.010464,0.001120,1,4,48,0,1
2226,0.112700,0.127100,0.006900,0.022500,0.022900,0.057800,0.002400,0.018816,0.003264,,0.010208,0.001120,1,4,48,0,1
2227,0.114100,0.125800,0.007100,0.022600,0.022900,0.058100,0.003400,0.020640,0.003072,,0.011808,0.001152,1,4,48,0,1
2228,0.114000,0.126800,0.007200,0.022400,0.023400,0.057800,0.003100,0.020512,0.003200,,0.011456,0.001120,1,4,48,0,1
2229,0.116600,0.126900,0.007200,0.022600,0.024900,0.058700,0.003200,0.021152,0.003040,,0.012160,0.001152,1,4,48,0,1
2230,0.114500,0.129700,0.007100,0.022300,0.023200,0.058600,0.003300,0.018880,0.003072,,0.010464,0.001088,1,4,48,0,1
2231,0.112400,0.127300,0.007200,0.022500,0.022800,0.057500,0.002300,0.021376,0.003104,,0.012448,0.001120,1,4,48,0,1
2232,0.114000,0.125400,0.007100,0.022500,0.023000,0.058100,0.003300,0.020800,0.003104,,0.011392,0.001152,1,4,48,0,1
2233,0.113600,0.126800,0.007100,0.022400,0.023100,0.057600,0.003200,0.020480,0.003072,,0.011488,0.001088,1,4,48,0,1
2234,0.112100,0.126600,0.006900,0.022500,0.022900,0.057200,0.002400,0.021536,0.002912,,0.011072,0.001184,1,4,48,0,1
2235,0.113100,0.124900,0.007100,0.022500,0.022800,0.057200,0.003300,0.019264,0.003072,,0.012928,0.001088,1,4,48,0,1
2236,0.113200,0.126100,0.006900,0.022500,0.023000,0.057500,0.003000,0.019744,0.003008,,0.013856,0.001088,1,4,48,0,1
2237,0.120000,0.126100,0.007000,0.027300,0.023700,0.058700,0.003100,0.019040,0.003104,,0.010464,0.001152,1,4,48,0,1
2238,0.115800,0.133000,0.007100,0.022300,0.025700,0.057500,0.003200,0.019104,0.003072,,0.010496,0.001152,1,4,48,0,1
2239,0.113600,0.128600,0.007000,0.022600,0.023400,0.057200,0.003200,0.021792,0.003136,,0.012544,0.001152,1,4,48,0,1
2240,0.124800,0.126400,0.007000,0.026100,0.027500,0.060800,0.003300,0.021408,0.002976,,0.011008,0.001088,1,4,48,0,1
2241,0.115400,0.138100,0.007300,0.023000,0.023600,0.058100,0.003200,0.018752,0.003296,,0.010080,0.001088,1,4,48,0,1
2242,0.122600,0.128200,0.006900,0.022600,0.022800,0.058700,0.011300,0.018400,0.002976,,0.010464,0.001152,1,4,48,0,1
2243,0.113900,0.135600,0.007000,0.022600,0.023000,0.058100,0.003100,0.019264,0.003424,,0.010368,0.001120,1,4,48,0,1
2244,0.113800,0.126900,0.006900,0.022500,0.023300,0.057500,0.003300,0.021408,0.002848,,0.012320,0.001120,1,4,48,0,1
2245,0.113100,0.126800,0.007100,0.022600,0.022900,0.058400,0.001900,0.021760,0.003136,,0.011616,0.001088,1,4,48,0,1
2246,0.114500,0.125900,0.007200,0.022600,0.022300,0.060100,0.002300,0.018976,0.003264,,0.010304,0.001120,1,4,48,0,1
2247,0.112300,0.127300,0.007200,0.022200,0.019900,0.060700,0.002200,0.020000,0.003360,,0.009984,0.001088,1,4,48,0,1
2248,0.125900,0.125300,0.007100,0.022300,0.030700,0.062500,0.003300,0.021248,0.003072,,0.010944,0.001152,1,4,48,0,1
2249,0.114700,0.138600,0.007100,0.022600,0.023600,0.057900,0.003300,0.021504,0.003104,,0.010944,0.001088,1,4,48,0,1
2250,0.123800,0.127800,0.007000,0.022600,0.023200,0.058100,0.012800,0.018784,0.003072,,0.010272,0.001088,1,4,48,0,1
2251,0.113200,0.136600,0.007200,0.022300,0.022800,0.057500,0.003300,0.021440,0.003072,,0.011328,0.001152,1,4,48,0,1
2252,0.127800,0.125900,0.007000,0.022400,0.023400,0.068900,0.006000,0.019104,0.003200,,0.010368,0.001152,1,4,48,0,1
2253,0.115100,0.140800,0.007100,0.023300,0.023000,0.058400,0.003200,0.019072,0.003200,,0.010496,0.001120,1,4,48,0,1
2254,0.113900,0.128000,0.007000,0.022700,0.022900,0.057900,0.003300,0.019200,0.003008,,0.012864,0.001120,1,4,48,0,1
2255,0.113200,0.126800,0.007100,0.022500,0.022900,0.057400,0.003200,0.018944,0.003072,,0.010368,0.001152,1,4,48,0,1
2256,0.113600,0.126300,0.007100,0.022400,0.023000,0.057900,0.003100,0.019104,0.003200,,0.010496,0.001056,1,4,48,0,1
2257,0.113500,0.126600,0.007100,0.022500,0.022900,0.057600,0.003200,0.018944,0.003008,,0.010464,0.001120,1,4,48,0,1
2258,0.113900,0.126300,0.007300,0.022700,0.023000,0.057600,0.003200,0.019136,0.003296,,0.010368,0.001088,1,4,48,0,1
2259,0.123600,0.126900,0.007100,0.022700,0.023100,0.058200,0.012500,0.018400,0.003040,,0.010752,0.001088,1,4,48,0,1
2260,0.122600,0.136500,0.006900,0.022400,0.023200,0.058600,0.011300,0.018624,0.003072,,0.010432,0.001152,1,4,48,0,1
2261,0.122200,0.135400,0.006900,0.022500,0.023400,0.058000,0.011200,0.018784,0.003296,,0.010400,0.001152,1,4,48,0,1
2262,0.114600,0.135000,0.007200,0.022800,0.023100,0.058100,0.003300,0.021472,0.002976,,0.011008,0.001152,1,4,48,0,1
2263,0.113900,0.127300,0.007100,0.022600,0.022800,0.058000,0.003200,0.019104,0.003232,,0.010400,0.001088,1,4,48,0,1
2264,0.114400,0.127000,0.007100,0.022800,0.023200,0.057700,0.003500,0.021536,0.003232,,0.011264,0.001152,1,4,48,0,1
2265,0.114000,0.127200,0.007000,0.022700,0.023300,0.057700,0.003100,0.019488,0.003104,,0.012928,0.001152,1,4,48,0,1
2266,0.122200,0.127000,0.007200,0.022500,0.023100,0.058300,0.011000,0.018464,0.003040,,0.010880,0.001184,1,4,48,0,1
2267,0.113900,0.135200,0.007000,0.022300,0.023200,0.058000,0.003300,0.021536,0.003072,,0.010976,0.001120,1,4,48,0,1
2268,0.119400,0.126800,0.011700,0.023200,0.023400,0.057900,0.003100,0.021728,0.002976,,0.011104,0.001088,1,4,48,0,1
2269,0.123400,0.132600,0.007100,0.022500,0.022900,0.058100,0.012500,0.018368,0.002976,,0.010784,0.001152,1,4,48,0,1
2270,0.113700,0.136500,0.007100,0.022400,0.023200,0.057700,0.003200,0.019168,0.003168,,0.013056,0.001088,1,4,48,0,1
2271,0.113900,0.126600,0.007100,0.022600,0.023200,0.057800,0.003200,0.018976,0.003200,,0.010304,0.001056,1,4,48,0,1
2272,0.121900,0.127000,0.007000,0.022600,0.023000,0.066400,0.002600,0.020704,0.003232,,0.011776,0.001088,1,4,48,0,1
2273,0.121100,0.134800,0.007000,0.022400,0.023300,0.066200,0.001900,0.018784,0.003200,,0.010176,0.001184,1,4,48,0,1
2274,0.114500,0.134000,0.007100,0.022500,0.023400,0.057800,0.003600,0.018976,0.003008,,0.010464,0.001152,1,4,48,0,1
2275,0.119900,0.127300,0.007000,0.022600,0.022800,0.065300,0.001900,0.021504,0.003008,,0.012288,0.001152,1,4,48,0,1
2276,0.116100,0.132700,0.007000,0.022500,0.023200,0.061500,0.001700,0.018976,0.003200,,0.010304,0.001088,1,4,48,0,1
2277,0.121300,0.129000,0.007000,0.022500,0.023200,0.066500,0.002100,0.021504,0.003072,,0.011104,0.001120,1,4,48,0,1
2278,0.129400,0.134400,0.007100,0.022600,0.023400,0.064600,0.011600,0.019040,0.003040,,0.010464,0.001152,1,4,48,0,1
2279,0.120000,0.142800,0.007500,0.024300,0.024700,0.060200,0.003200,0.019712,0.003168,,0.010496,0.001152,1,4,48,0,1
2280,0.114000,0.133300,0.007000,0.022500,0.023300,0.057800,0.003100,0.022144,0.003200,,0.011360,0.001120,1,4,48,0,1
2281,0.113700,0.126900,0.007100,0.022500,0.023200,0.057700,0.003200,0.019232,0.003040,,0.013088,0.001152,1,4,48,0,1
2282,0.114000,0.126800,0.007000,0.022700,0.023400,0.057500,0.003400,0.020384,0.003008,,0.011808,0.001152,1,4,48,0,1
2283,0.118800,0.126900,0.007000,0.022300,0.027800,0.058400,0.003200,0.019232,0.003136,,0.010592,0.001120,1,4,48,0,1
2284,0.112200,0.131800,0.007100,0.022600,0.023000,0.057100,0.002400,0.021760,0.003104,,0.011104,0.001184,1,4,48,0,1
2285,0.114000,0.124900,0.007000,0.022200,0.023300,0.058000,0.003200,0.019296,0.003296,,0.013024,0.001088,1,4,48,0,1
2286,0.130100,0.126800,0.007000,0.022800,0.023200,0.074300,0.002600,0.021280,0.003008,,0.012160,0.001152,1,4,48,0,1
2287,0.119200,0.143500,0.007300,0.023700,0.023200,0.062200,0.002400,0.020960,0.002880,,0.012128,0.001152,1,4,48,0,1
2288,0.114100,0.132100,0.007100,0.022500,0.023000,0.057900,0.003400,0.019072,0.003232,,0.010400,0.001088,1,4,48,0,1
2289,0.113500,0.127100,0.007000,0.022600,0.022900,0.057500,0.003200,0.021728,0.003072,,0.011136,0.001152,1,4,48,0,1
2290,0.122200,0.126200,0.007000,0.022800,0.023200,0.058100,0.011000,0.019200,0.003040,,0.013056,0.001184,1,4,48,0,1
2291,0.115100,0.135300,0.007000,0.022500,0.023000,0.059100,0.003300,0.018464,0.003072,,0.010880,0.001152,1,4,48,0,1
2292,0.109200,0.127900,0.007200,0.022900,0.020900,0.056200,0.001800,0.019904,0.003040,,0.013088,0.001152,1,4,48,0,1
2293,0.168000,0.121900,0.007100,0.037000,0.022800,0.057800,0.043200,0.021536,0.003040,,0.010976,0.001184,1,4,48,0,1
2294,0.131300,0.181300,0.007500,0.024200,0.022300,0.073700,0.003400,0.019424,0.003104,,0.010464,0.001152,1,4,48,0,1
2295,0.137400,0.144200,0.007200,0.022900,0.034600,0.061200,0.011300,0.019200,0.003136,,0.010464,0.001120,1,4,48,0,1
2296,0.113800,0.150500,0.007000,0.022800,0.023300,0.057300,0.003300,0.019136,0.003264,,0.010400,0.001088,1,4,48,0,1
2297,0.113800,0.126700,0.007200,0.022300,0.022900,0.058000,0.003100,0.019168,0.003232,,0.010464,0.001088,1,4,48,0,1
2298,0.114400,0.126600,0.007000,0.022700,0.023300,0.058100,0.003200,0.019136,0.003104,,0.013088,0.001152,1,4,48,0,1
2299,0.185600,0.127100,0.007100,0.022500,0.028900,0.115700,0.011300,0.019488,0.003072,,0.010272,0.001152,1,4,48,0,1
2300,0.136000,0.210000,0.007900,0.030200,0.031300,0.063900,0.002500,0.019776,0.003072,,0.013856,0.001056,1,4,48,0,1
2301,0.117100,0.149100,0.007600,0.023200,0.023400,0.059400,0.003400,0.019104,0.003232,,0.010400,0.001120,1,4,48,0,1
2302,0.114800,0.130100,0.007000,0.022700,0.023200,0.059400,0.002500,0.019136,0.003072,,0.010528,0.001152,1,4,48,0,1
2303,0.125400,0.127900,0.007100,0.022400,0.023800,0.059500,0.012600,0.018816,0.002944,,0.010368,0.001152,1,4,48,0,1
2304,0.114900,0.138300,0.007000,0.022700,0.023400,0.059200,0.002500,0.019104,0.003104,,0.010464,0.001152,1,4,48,0,1
2305,0.115500,0.127700,0.007200,0.022600,0.023200,0.059200,0.003200,0.021504,0.002976,,0.011104,0.001152,1,4,48,0,1
2306,0.123000,0.128400,0.007000,0.022600,0.029000,0.061000,0.003200,0.020768,0.003040,,0.012064,0.001088,1,4,48,0,1
2307,0.115800,0.136000,0.007300,0.023000,0.023000,0.059200,0.003200,0.018912,0.003008,,0.010400,0.001152,1,4,48,0,1
2308,0.124800,0.128500,0.007100,0.022700,0.022500,0.058100,0.013900,0.018432,0.002976,,0.010496,0.001184,1,4,48,0,1
2309,0.113900,0.137600,0.007000,0.022900,0.023300,0.057400,0.003200,0.018944,0.002944,,0.010496,0.001120,1,4,48,0,1
2310,0.113900,0.126700,0.007300,0.022700,0.022900,0.057800,0.003100,0.019840,0.003008,,0.013920,0.001152,1,4,48,0,1
2311,0.114300,0.126700,0.007100,0.022700,0.023200,0.058100,0.003100,0.021344,0.002976,,0.011104,0.001184,1,4,48,0,1
2312,0.115000,0.127300,0.007100,0.022700,0.023100,0.058900,0.003000,0.021632,0.002976,,0.012352,0.001184,1,4,48,0,1
2313,0.114900,0.127900,0.007300,0.022600,0.023100,0.058700,0.003100,0.021696,0.003104,,0.012448,0.001152,1,4,48,0,1
2314,0.114800,0.127700,0.007300,0.022800,0.022900,0.058700,0.003100,0.019232,0.003200,,0.010464,0.001152,1,4,48,0,1
2315,0.115100,0.127500,0.007300,0.022400,0.023700,0.058600,0.003100,0.019232,0.003424,,0.010400,0.001056,1,4,48,0,1
2316,0.114800,0.128100,0.007000,0.022700,0.022900,0.058900,0.003100,0.021696,0.003072,,0.011072,0.001184,1,4,48,0,1
2317,0.114200,0.127800,0.007000,0.022500,0.023000,0.058500,0.003100,0.021280,0.003008,,0.011072,0.001120,1,4,48,0,1
2318,0.114500,0.127100,0.007000,0.022800,0.023000,0.058600,0.003100,0.021696,0.003136,,0.012448,0.001152,1,4,48,0,1
2319,0.114800,0.127600,0.007200,0.022900,0.022700,0.058700,0.003100,0.019264,0.003168,,0.013056,0.001152,1,4,48,0,1
2320,0.122000,0.127900,0.007000,0.022500,0.023100,0.058700,0.010600,0.018624,0.003040,,0.010272,0.001152,1,4,48,0,1
2321,0.126500,0.134900,0.007100,0.022500,0.022800,0.072100,0.001900,0.019104,0.003040,,0.013088,0.001088,1,4,48,0,1
2322,0.119700,0.139600,0.007200,0.023400,0.024000,0.063300,0.001700,0.018496,0.003008,,0.010912,0.001152,1,4,48,0,1
2323,0.114200,0.132600,0.007200,0.022400,0.022800,0.058400,0.003300,0.021728,0.003072,,0.011072,0.001152,1,4,48,0,1
2324,0.119900,0.127000,0.007100,0.022400,0.023200,0.058700,0.008100,0.018592,0.003104,,0.010752,0.001120,1,4,48,0,1
2325,0.117600,0.132700,0.007200,0.022800,0.022800,0.062900,0.001700,0.018528,0.003072,,0.010528,0.001184,1,4,48,0,1
2326,0.120200,0.130400,0.007000,0.022500,0.023000,0.059200,0.008100,0.019168,0.003296,,0.010432,0.001088,1,4,48,0,1
2327,0.120300,0.133100,0.007100,0.022500,0.023400,0.063400,0.003500,0.018432,0.003104,,0.010496,0.001056,1,4,48,0,1
2328,0.114500,0.133100,0.007100,0.022500,0.023100,0.058600,0.003100,0.021472,0.002880,,0.011072,0.001184,1,4,48,0,1
2329,0.114500,0.127300,0.007100,0.022600,0.022900,0.058700,0.003200,0.021824,0.003232,,0.011040,0.001120,1,4,48,0,1
2330,0.119000,0.127100,0.007100,0.022600,0.023200,0.063100,0.002900,0.018656,0.003136,,0.010240,0.001152,1,4,48,0,1
2331,0.125700,0.132000,0.007000,0.022600,0.034300,0.058500,0.003100,0.021728,0.003136,,0.011232,0.001152,1,4,48,0,1
2332,0.113600,0.138600,0.006900,0.022400,0.022700,0.058400,0.003000,0.021600,0.003040,,0.011040,0.001120,1,4,48,0,1
2333,0.113800,0.126300,0.006900,0.022600,0.022900,0.058100,0.003000,0.019008,0.003264,,0.010432,0.001088,1,4,48,0,1
2334,0.113900,0.126500,0.007000,0.022300,0.023000,0.058400,0.003000,0.021664,0.002976,,0.012416,0.001152,1,4,48,0,1
2335,0.113400,0.126700,0.007300,0.022700,0.023100,0.057100,0.003100,0.019136,0.003200,,0.010368,0.001184,1,4,48,0,1
2336,0.113600,0.126300,0.007000,0.022700,0.022800,0.057600,0.003300,0.019200,0.003168,,0.010560,0.001088,1,4,48,0,1
2337,0.139400,0.126500,0.007000,0.027500,0.023400,0.069400,0.012100,0.020832,0.003104,,0.011456,0.001120,1,4,48,0,1
2338,0.114300,0.152400,0.007300,0.022400,0.020500,0.060700,0.003300,0.021088,0.003008,,0.012064,0.001152,1,4,48,0,1
2339,0.113900,0.126900,0.007000,0.022600,0.023300,0.057600,0.003200,0.019840,0.003072,,0.013888,0.001120,1,4,48,0,1
2340,0.114400,0.126600,0.007200,0.022600,0.023200,0.058200,0.003200,0.019264,0.003008,,0.012960,0.001152,1,4,48,0,1
2341,0.113600,0.127000,0.007100,0.022400,0.023300,0.057700,0.003100,0.018976,0.003200,,0.010304,0.001088,1,4,48,0,1
2342,0.114000,0.126400,0.007200,0.022700,0.023400,0.057400,0.003200,0.021600,0.003104,,0.011424,0.001120,1,4,48,0,1
2343,0.114600,0.126900,0.007100,0.022400,0.023100,0.058600,0.003100,0.021664,0.003040,,0.011104,0.001152,1,4,48,0,1
2344,0.122700,0.127500,0.007200,0.022700,0.022800,0.059200,0.010600,0.018816,0.002976,,0.010336,0.001152,1,4,48,0,1
2345,0.115100,0.135600,0.007000,0.022600,0.022900,0.059200,0.003300,0.018880,0.003040,,0.010304,0.001152,1,4,48,0,1
2346,0.114400,0.128000,0.007100,0.022600,0.022900,0.058600,0.003100,0.019488,0.002976,,0.012640,0.001120,1,4,48,0,1
2347,0.121900,0.127300,0.007300,0.022500,0.023000,0.059100,0.009900,0.018528,0.003104,,0.010560,0.001152,1,4,48,0,1
2348,0.115300,0.135000,0.007200,0.022700,0.023300,0.058900,0.003100,0.021248,0.002944,,0.012352,0.001120,1,4,48,0,1
2349,0.124100,0.128200,0.007100,0.022700,0.023200,0.058500,0.012400,0.019200,0.003008,,0.012992,0.001152,1,4,48,0,1
2350,0.114700,0.137100,0.007200,0.022500,0.023000,0.058800,0.003100,0.021600,0.003200,,0.011008,0.001120,1,4,48,0,1
2351,0.123400,0.127600,0.007000,0.022600,0.022800,0.058400,0.012200,0.019040,0.003104,,0.010432,0.001120,1,4,48,0,1
2352,0.131600,0.136200,0.007100,0.022600,0.028000,0.070400,0.003500,0.019328,0.003360,,0.010496,0.001088,1,4,48,0,1
2353,0.126900,0.145200,0.007600,0.024700,0.025000,0.065900,0.003600,0.018592,0.003104,,0.010752,0.001152,1,4,48,0,1
2354,0.115400,0.139900,0.007100,0.022600,0.023500,0.058700,0.003300,0.019296,0.003328,,0.010496,0.001088,1,4,48,0,1
2355,0.125100,0.128200,0.007000,0.022800,0.023400,0.059100,0.012700,0.019168,0.003200,,0.010496,0.001088,1,4,48,0,1
2356,0.114700,0.138000,0.007100,0.022400,0.023100,0.059000,0.003000,0.019040,0.003104,,0.010400,0.001152,1,4,48,0,1
2357,0.123600,0.127600,0.007100,0.022600,0.022600,0.059000,0.012200,0.019328,0.003136,,0.012960,0.001088,1,4,48,0,1
2358,0.113800,0.136500,0.007000,0.022400,0.023000,0.058000,0.003300,0.019040,0.003168,,0.010336,0.001120,1,4,48,0,1
2359,0.113800,0.126700,0.007100,0.022500,0.022700,0.058000,0.003200,0.018528,0.003040,,0.010880,0.001184,1,4,48,0,1
2360,0.132500,0.126600,0.007200,0.022600,0.038200,0.060900,0.003500,0.018976,0.003008,,0.013024,0.001120,1,4,48,0,1
2361,0.136500,0.145900,0.007300,0.023600,0.027300,0.063600,0.014600,0.019680,0.003200,,0.010432,0.001056,1,4,48,0,1
2362,0.112700,0.149300,0.007300,0.022700,0.023000,0.057000,0.002500,0.018944,0.003072,,0.010368,0.001088,1,4,48,0,1
2363,0.114300,0.125500,0.007200,0.022400,0.023100,0.058100,0.003300,0.019264,0.003072,,0.013088,0.001152,1,4,48,0,1
2364,0.127300,0.127300,0.007100,0.022800,0.023000,0.072500,0.001800,0.021472,0.003200,,0.011040,0.001152,1,4,48,0,1
2365,0.126200,0.140600,0.007400,0.023600,0.023300,0.059000,0.012800,0.018528,0.003040,,0.010848,0.001152,1,4,48,0,1
2366,0.122900,0.138900,0.007000,0.022500,0.023400,0.059400,0.010500,0.019104,0.003232,,0.010400,0.001088,1,4,48,0,1
2367,0.126900,0.135800,0.007100,0.027400,0.023600,0.059500,0.009000,0.018496,0.002976,,0.010752,0.001184,1,4,48,0,1
2368,0.115000,0.139900,0.007200,0.022700,0.023300,0.058600,0.003100,0.021696,0.003104,,0.011040,0.001184,1,4,48,0,1
2369,0.114700,0.128000,0.007200,0.022400,0.022900,0.058700,0.003100,0.019328,0.003104,,0.012896,0.001120,1,4,48,0,1
2370,0.114700,0.127500,0.007100,0.022800,0.022600,0.059100,0.003000,0.021568,0.002976,,0.011104,0.001184,1,4,48,0,1
2371,0.121700,0.127600,0.007200,0.022400,0.023100,0.058800,0.010000,0.018880,0.002848,,0.010464,0.001152,1,4,48,0,1
2372,0.114500,0.134500,0.007000,0.022600,0.023100,0.058400,0.003200,0.021696,0.003072,,0.012352,0.001152,1,4,48,0,1
2373,0.113400,0.127400,0.007000,0.022200,0.023100,0.057500,0.003200,0.021632,0.003040,,0.011072,0.001152,1,4,48,0,1
2374,0.115400,0.126300,0.007100,0.022700,0.023100,0.059000,0.003300,0.019200,0.003104,,0.010496,0.001152,1,4,48,0,1
2375,0.114300,0.128300,0.007200,0.022700,0.023200,0.058000,0.003100,0.018496,0.003072,,0.010912,0.001152,1,4,48,0,1
2376,0.113700,0.127300,0.007200,0.022500,0.023100,0.057700,0.003200,0.019328,0.002976,,0.013088,0.001152,1,4,48,0,1
2377,0.113500,0.126400,0.007100,0.022400,0.022600,0.057800,0.003300,0.018688,0.003136,,0.010240,0.001088,1,4,48,0,1
2378,0.116100,0.126200,0.007000,0.022600,0.025600,0.057600,0.003100,0.022016,0.003232,,0.011296,0.001056,1,4,48,0,1
2379,0.114100,0.129000,0.007300,0.022600,0.023100,0.057700,0.003200,0.021536,0.002912,,0.012544,0.001120,1,4,48,0,1
2380,0.113900,0.126900,0.007300,0.022600,0.023100,0.057800,0.003100,0.021504,0.002944,,0.011040,0.001152,1,4,48,0,1
2381,0.126600,0.126800,0.007400,0.022400,0.022900,0.070600,0.003200,0.019200,0.003136,,0.010560,0.001120,1,4,48,0,1
2382,0.127100,0.139500,0.007100,0.022700,0.023000,0.063800,0.010300,0.021568,0.002976,,0.011040,0.001152,1,4,48,0,1
2383,0.114300,0.140200,0.007200,0.022800,0.023600,0.058300,0.002300,0.020768,0.003040,,0.011776,0.001152,1,4,48,0,1
2384,0.116000,0.127000,0.007100,0.022600,0.020900,0.062700,0.002600,0.020096,0.003424,,0.010368,0.001088,1,4,48,0,1
2385,0.122900,0.128700,0.007200,0.022900,0.022400,0.067700,0.002300,0.019840,0.003200,,0.010368,0.001152,1,4,48,0,1
2386,0.115400,0.135800,0.007000,0.023000,0.022900,0.060400,0.002100,0.021600,0.003168,,0.011424,0.001088,1,4,48,0,1
2387,0.116100,0.128500,0.007200,0.022500,0.023800,0.059200,0.003300,0.018624,0.003232,,0.010816,0.001120,1,4,48,0,1
2388,0.115000,0.129100,0.007300,0.022900,0.023600,0.058100,0.003100,0.019136,0.003136,,0.010432,0.001184,1,4,48,0,1
2389,0.114600,0.127800,0.007100,0.022800,0.023200,0.058100,0.003100,0.019136,0.003264,,0.010400,0.001088,1,4,48,0,1
2390,0.114900,0.127400,0.006900,0.022800,0.023100,0.058800,0.003200,0.021568,0.003040,,0.012320,0.001120,1,4,48,0,1
2391,0.121800,0.127800,0.007000,0.022500,0.023200,0.058100,0.010800,0.018432,0.002880,,0.010464,0.001120,1,4,48,0,1
2392,0.114400,0.134600,0.007000,0.022700,0.023300,0.058100,0.003200,0.021760,0.003136,,0.012384,0.001152,1,4,48,0,1
2393,0.114600,0.127300,0.007200,0.022500,0.023400,0.058300,0.003200,0.019360,0.003328,,0.013056,0.001088,1,4,48,0,1
2394,0.122100,0.127600,0.007000,0.022800,0.023400,0.057800,0.011000,0.018560,0.003008,,0.011040,0.001152,1,4,48,0,1
2395,0.114700,0.134900,0.007400,0.022500,0.023400,0.058000,0.003300,0.019136,0.003040,,0.013056,0.001152,1,4,48,0,1
2396,0.122600,0.127600,0.007000,0.022800,0.022900,0.058700,0.010900,0.018464,0.003040,,0.010624,0.001152,1,4,48,0,1
2397,0.114700,0.135300,0.007100,0.022600,0.023400,0.058200,0.003300,0.019008,0.003136,,0.010368,0.001120,1,4,48,0,1
2398,0.120800,0.127700,0.011700,0.023400,0.023600,0.058800,0.003200,0.021504,0.002976,,0.011072,0.001184,1,4,48,0,1
2399,0.114900,0.133800,0.007000,0.022800,0.023200,0.058400,0.003200,0.021696,0.003136,,0.012416,0.001120,1,4,48,0,1
2400,0.124000,0.127900,0.007100,0.022600,0.023200,0.061000,0.010100,0.019232,0.003328,,0.010464,0.001088,1,4,48,0,1
2401,0.114700,0.137000,0.007300,0.022900,0.022900,0.058200,0.003200,0.021664,0.003008,,0.011104,0.001152,1,4,48,0,1
2402,0.113300,0.127500,0.007000,0.022800,0.022700,0.057400,0.003100,0.021600,0.002912,,0.012512,0.001184,1,4,48,0,1
2403,0.114900,0.126200,0.007100,0.022400,0.023400,0.058600,0.003200,0.021664,0.002976,,0.012544,0.001152,1,4,48,0,1
2404,0.114500,0.127500,0.007000,0.022900,0.023000,0.058200,0.003300,0.021536,0.003040,,0.012416,0.001088,1,4,48,0,1
2405,0.123000,0.127600,0.007200,0.022600,0.023100,0.058900,0.011100,0.018528,0.003104,,0.010848,0.001120,1,4,48,0,1
2406,0.115700,0.135700,0.006900,0.022700,0.023600,0.059100,0.003300,0.019392,0.002976,,0.012992,0.001152,1,4,48,0,1
2407,0.123200,0.128800,0.007300,0.023000,0.023200,0.058700,0.010900,0.018560,0.003104,,0.010816,0.001184,1,4,48,0,1
2408,0.114700,0.136400,0.007000,0.022700,0.023400,0.058300,0.003100,0.018880,0.003520,,0.010688,0.001152,1,4,48,0,1
2409,0.124000,0.127300,0.007200,0.022500,0.023200,0.058400,0.012500,0.018656,0.003264,,0.010752,0.001152,1,4,48,0,1
2410,0.114300,0.136900,0.007000,0.022700,0.023400,0.057900,0.003200,0.019456,0.003072,,0.012928,0.001152,1,4,48,0,1
2411,0.114300,0.127400,0.007100,0.022500,0.023100,0.058000,0.003400,0.019136,0.003040,,0.012960,0.001120,1,4,48,0,1
2412,0.121700,0.127400,0.006900,0.022700,0.022800,0.058000,0.011000,0.018400,0.003040,,0.010592,0.001152,1,4,48,0,1
2413,0.127500,0.134400,0.007300,0.022300,0.027600,0.059300,0.010800,0.018464,0.003072,,0.010880,0.001088,1,4,48,0,1
2414,0.122400,0.140400,0.007200,0.022800,0.023100,0.058100,0.011100,0.018656,0.003200,,0.010784,0.001152,1,4,48,0,1
2415,0.123900,0.135300,0.007100,0.022600,0.023100,0.058300,0.012700,0.018528,0.003040,,0.010816,0.001152,1,4,48,0,1
2416,0.113600,0.136800,0.007000,0.022700,0.022900,0.057500,0.003200,0.019040,0.003104,,0.010464,0.001152,1,4,48,0,1
2417,0.114700,0.126500,0.007200,0.022500,0.023300,0.058300,0.003100,0.019296,0.003488,,0.010336,0.001088,1,4,48,0,1
2418,0.214900,0.128000,0.009400,0.030500,0.054900,0.117900,0.002000,0.019328,0.003040,,0.010432,0.001152,1,4,48,0,1
2419,0.122000,0.229200,0.008100,0.026000,0.024700,0.059800,0.003300,0.018912,0.003104,,0.010432,0.001088,1,4,48,0,1
2420,0.117300,0.135300,0.007200,0.023300,0.024200,0.059200,0.003100,0.021632,0.003040,,0.012384,0.001152,1,4,48,0,1
2421,0.115600,0.136200,0.007100,0.022700,0.023800,0.058700,0.003100,0.018976,0.002976,,0.010496,0.001152,1,4,48,0,1
2422,0.114900,0.128400,0.007000,0.022700,0.023400,0.058500,0.003200,0.019168,0.003136,,0.010496,0.001120,1,4,48,0,1
2423,0.123800,0.127800,0.007100,0.022400,0.023300,0.058400,0.012500,0.018720,0.003264,,0.010144,0.001088,1,4,48,0,1
2424,0.114300,0.136700,0.007000,0.022500,0.023600,0.057800,0.003200,0.019168,0.003008,,0.013152,0.001184,1,4,48,0,1
2425,0.114400,0.127000,0.007000,0.022700,0.023400,0.058000,0.003300,0.019104,0.003264,,0.010336,0.001120,1,4,48,0,1
2426,0.114700,0.127300,0.007100,0.022300,0.023300,0.058700,0.003200,0.021600,0.003040,,0.011104,0.001152,1,4,48,0,1
2427,0.125700,0.127500,0.007300,0.022500,0.022800,0.062700,0.010300,0.019168,0.003168,,0.010464,0.001152,1,4,48,0,1
2428,0.130300,0.138800,0.007200,0.023400,0.023400,0.074000,0.002100,0.018592,0.003072,,0.010880,0.001152,1,4,48,0,1
2429,0.129700,0.143700,0.007500,0.024800,0.021900,0.070300,0.004800,0.019424,0.003104,,0.009984,0.001120,1,4,48,0,1
2430,0.117400,0.142500,0.006900,0.022200,0.019900,0.063100,0.005000,0.018656,0.002944,,0.010432,0.001152,1,4,48,0,1
2431,0.118300,0.130000,0.007100,0.022600,0.025300,0.059700,0.003400,0.021024,0.003168,,0.011392,0.001152,1,4,48,0,1
2432,0.114700,0.131100,0.007000,0.022900,0.023400,0.058000,0.003200,0.021792,0.003264,,0.011392,0.001152,1,4,48,0,1
2433,0.113900,0.127400,0.007100,0.022500,0.023300,0.057600,0.003200,0.019296,0.003232,,0.013024,0.001120,1,4,48,0,1
2434,0.114000,0.126900,0.007000,0.022600,0.022800,0.058300,0.003200,0.019072,0.003168,,0.010400,0.001120,1,4,48,0,1
2435,0.113800,0.126900,0.006900,0.022600,0.023000,0.057900,0.003200,0.019072,0.003104,,0.010400,0.001184,1,4,48,0,1
2436,0.127500,0.126700,0.007100,0.022500,0.025900,0.070000,0.002000,0.019040,0.003168,,0.010400,0.001120,1,4,48,0,1
2437,0.119100,0.140900,0.007500,0.026900,0.023400,0.058100,0.003200,0.019104,0.003168,,0.010432,0.001152,1,4,48,0,1
2438,0.114200,0.132000,0.007100,0.022400,0.023200,0.058200,0.003100,0.019360,0.003552,,0.012960,0.001088,1,4,48,0,1
2439,0.114900,0.127000,0.007100,0.022500,0.023100,0.058800,0.003200,0.021600,0.003040,,0.012480,0.001184,1,4,48,0,1
2440,0.113700,0.127700,0.007100,0.022600,0.022800,0.057700,0.003200,0.019456,0.003552,,0.010464,0.001088,1,4,48,0,1
2441,0.113500,0.126300,0.007100,0.022300,0.023000,0.057700,0.003200,0.021632,0.003072,,0.011104,0.001088,1,4,48,0,1
2442,0.114000,0.126300,0.007100,0.022800,0.023000,0.057800,0.003100,0.019072,0.003104,,0.010432,0.001152,1,4,48,0,1
2443,0.120000,0.127000,0.011800,0.023100,0.023500,0.058300,0.003200,0.021504,0.002912,,0.011072,0.001152,1,4,48,0,1
2444,0.113100,0.132900,0.007100,0.022500,0.022900,0.057300,0.003200,0.019168,0.002880,,0.013120,0.001152,1,4,48,0,1
2445,0.113500,0.126200,0.007200,0.022700,0.023200,0.057200,0.003200,0.019104,0.003104,,0.010496,0.001152,1,4,48,0,1
2446,0.126800,0.126500,0.006900,0.022700,0.022600,0.071900,0.002600,0.019168,0.003264,,0.010432,0.001088,1,4,48,0,1
2447,0.113900,0.139800,0.007300,0.022600,0.023100,0.057600,0.003100,0.019040,0.003232,,0.010336,0.001088,1,4,48,0,1
2448,0.114200,0.126700,0.007100,0.022700,0.023400,0.057800,0.003100,0.019200,0.003328,,0.010400,0.001120,1,4,48,0,1
2449,0.113500,0.127000,0.007100,0.022300,0.022900,0.058000,0.003100,0.019072,0.003168,,0.010432,0.001120,1,4,48,0,1
2450,0.114200,0.126300,0.007000,0.022300,0.023000,0.058500,0.003200,0.019264,0.003232,,0.010496,0.001152,1,4,48,0,1
2451,0.113800,0.126900,0.007000,0.022500,0.023000,0.057900,0.003200,0.018464,0.002976,,0.010592,0.001152,1,4,48,0,1
2452,0.114600,0.126600,0.006900,0.022900,0.023200,0.058300,0.003100,0.019136,0.003200,,0.010464,0.001088,1,4,48,0,1
2453,0.114000,0.127500,0.007100,0.022600,0.023000,0.057900,0.003200,0.021664,0.003136,,0.011040,0.001120,1,4,48,0,1
2454,0.113900,0.126900,0.007100,0.022500,0.023100,0.057900,0.003200,0.019136,0.003072,,0.010560,0.001152,1,4,48,0,1
2455,0.113900,0.126800,0.007000,0.022600,0.023100,0.057800,0.003200,0.018976,0.003168,,0.010336,0.001120,1,4,48,0,1
2456,0.113300,0.126800,0.006900,0.022500,0.022800,0.057700,0.003200,0.019232,0.003232,,0.010528,0.001056,1,4,48,0,1
2457,0.114000,0.126000,0.007200,0.022500,0.023200,0.057500,0.003300,0.019232,0.003168,,0.010624,0.001088,1,4,48,0,1
2458,0.126800,0.126700,0.007100,0.022600,0.022900,0.072100,0.002000,0.018784,0.003328,,0.010176,0.001088,1,4,48,0,1
2459,0.115700,0.139800,0.007300,0.022900,0.023900,0.058300,0.003100,0.019200,0.003232,,0.010496,0.001088,1,4,48,0,1
2460,0.113500,0.128500,0.007100,0.022400,0.023100,0.057600,0.003000,0.021664,0.003136,,0.011040,0.001088,1,4,48,0,1
2461,0.115000,0.126200,0.007200,0.022400,0.023200,0.059800,0.002400,0.018496,0.002976,,0.010880,0.001152,1,4,48,0,1
2462,0.115300,0.127900,0.007100,0.022700,0.023700,0.058500,0.003100,0.021600,0.002944,,0.011104,0.001152,1,4,48,0,1
2463,0.113500,0.128300,0.007200,0.022200,0.022800,0.057900,0.003200,0.021504,0.002976,,0.011136,0.001184,1,4,48,0,1
2464,0.114400,0.126300,0.007200,0.022600,0.023300,0.058100,0.003100,0.021504,0.003008,,0.011008,0.001152,1,4,48,0,1
2465,0.123700,0.127300,0.007200,0.022500,0.023100,0.058300,0.012500,0.018368,0.002944,,0.010752,0.001152,1,4,48,0,1
2466,0.114200,0.136700,0.007000,0.022500,0.023000,0.058300,0.003200,0.019072,0.003200,,0.010432,0.001088,1,4,48,0,1
2467,0.122000,0.127100,0.007200,0.022200,0.022800,0.067900,0.001700,0.018336,0.002912,,0.010912,0.001120,1,4,48,0,1
2468,0.124800,0.135400,0.007400,0.023300,0.023400,0.059400,0.011200,0.018176,0.002976,,0.010656,0.001056,1,4,48,0,1
2469,0.113500,0.137700,0.007000,0.022500,0.022900,0.057700,0.003100,0.018528,0.003104,,0.010848,0.001152,1,4,48,0,1
2470,0.114400,0.126500,0.007100,0.022700,0.023000,0.058200,0.003200,0.021472,0.002944,,0.011008,0.001152,1,4,48,0,1
2471,0.114200,0.127300,0.007200,0.022900,0.023100,0.057900,0.003100,0.021408,0.003136,,0.011040,0.001152,1,4,48,0,1
2472,0.113800,0.127100,0.007000,0.022700,0.023000,0.057700,0.003200,0.021824,0.003264,,0.011424,0.001088,1,4,48,0,1
2473,0.113600,0.126600,0.007100,0.022500,0.023400,0.057300,0.003100,0.021664,0.003072,,0.012576,0.001120,1,4,48,0,1
2474,0.120600,0.126400,0.007200,0.027800,0.023700,0.058600,0.003100,0.019136,0.002976,,0.013024,0.001184,1,4,48,0,1
2475,0.114900,0.133500,0.007200,0.022600,0.022900,0.059300,0.002700,0.019584,0.003104,,0.010592,0.001152,1,4,48,0,1
2476,0.114200,0.127900,0.007100,0.022700,0.021500,0.060200,0.002700,0.020832,0.003168,,0.011360,0.001088,1,4,48,0,1
2477,0.112100,0.126700,0.007100,0.022000,0.020800,0.060100,0.002100,0.020128,0.003360,,0.010400,0.001088,1,4,48,0,1
2478,0.113500,0.124800,0.007000,0.022200,0.020500,0.060600,0.003100,0.019808,0.003200,,0.010432,0.001088,1,4,48,0,1
2479,0.115200,0.126200,0.007000,0.022400,0.024200,0.058200,0.003200,0.019264,0.003200,,0.010560,0.001120,1,4,48,0,1
2480,0.114500,0.128100,0.007200,0.022500,0.023200,0.058300,0.003100,0.019232,0.003104,,0.010560,0.001184,1,4,48,0,1
2481,0.114700,0.127500,0.007100,0.022500,0.023400,0.058300,0.003200,0.019040,0.003136,,0.010400,0.001152,1,4,48,0,1
2482,0.114400,0.127700,0.007100,0.022700,0.023000,0.058400,0.003200,0.019200,0.003232,,0.010496,0.001120,1,4,48,0,1
2483,0.123000,0.127200,0.007100,0.022700,0.023400,0.058600,0.011000,0.018752,0.003040,,0.010304,0.001088,1,4,48,0,1
2484,0.114100,0.135700,0.007200,0.022500,0.023100,0.058000,0.003200,0.019264,0.003264,,0.010464,0.001152,1,4,48,0,1
2485,0.114300,0.127000,0.007100,0.022600,0.023000,0.057900,0.003200,0.019136,0.003104,,0.010496,0.001152,1,4,48,0,1
2486,0.113600,0.127200,0.007100,0.022200,0.023100,0.057800,0.003100,0.019136,0.003136,,0.010432,0.001152,1,4,48,0,1
2487,0.113600,0.126500,0.007100,0.022300,0.023100,0.057800,0.003100,0.021696,0.003072,,0.011104,0.001152,1,4,48,0,1
2488,0.114000,0.126500,0.007000,0.022600,0.023300,0.057800,0.003200,0.019136,0.003136,,0.010496,0.001120,1,4,48,0,1
2489,0.118600,0.126800,0.007100,0.022600,0.023300,0.062100,0.003300,0.021248,0.003104,,0.012160,0.001120,1,4,48,0,1
2490,0.115600,0.131800,0.007200,0.023400,0.023500,0.058200,0.003200,0.019264,0.003200,,0.010560,0.001120,1,4,48,0,1
2491,0.123900,0.128500,0.007200,0.022700,0.023400,0.058500,0.012000,0.018464,0.003168,,0.010848,0.001120,1,4,48,0,1
2492,0.113400,0.136700,0.007000,0.022700,0.022900,0.057500,0.003200,0.018432,0.003008,,0.010656,0.001152,1,4,48,0,1
2493,0.113900,0.126200,0.007200,0.022400,0.023000,0.057700,0.003300,0.019104,0.003168,,0.010464,0.001088,1,4,48,0,1
2494,0.122000,0.126800,0.007000,0.022700,0.023300,0.058100,0.010900,0.018592,0.003136,,0.010848,0.001120,1,4,48,0,1
2495,0.114100,0.135000,0.007100,0.022400,0.023200,0.058000,0.003300,0.019360,0.003200,,0.012992,0.001056,1,4,48,0,1
2496,0.113300,0.127000,0.007400,0.022400,0.022700,0.057500,0.003200,0.019136,0.003008,,0.013024,0.001152,1,4,48,0,1
2497,0.113800,0.126200,0.007100,0.022600,0.023300,0.057500,0.003200,0.022208,0.003296,,0.011360,0.001120,1,4,48,0,1
2498,0.114100,0.127000,0.007200,0.022700,0.023000,0.057900,0.003200,0.019296,0.003264,,0.010496,0.001152,1,4,48,0,1
2499,0.129600,0.127100,0.007100,0.022400,0.022800,0.074000,0.003100,0.021728,0.003200,,0.011424,0.001152,1,4,48,0,1
2500,0.125900,0.142600,0.007200,0.023300,0.023600,0.069400,0.002300,0.018496,0.003104,,0.010880,0.001120,1,4,48,0,1
2501,0.115600,0.138700,0.007200,0.022700,0.023500,0.058800,0.003100,0.021632,0.003072,,0.011040,0.001120,1,4,48,0,1
2502,0.114800,0.128700,0.007100,0.022800,0.023200,0.058400,0.003300,0.019168,0.002944,,0.013088,0.001152,1,4,48,0,1
2503,0.123200,0.127800,0.007400,0.022600,0.023300,0.058700,0.011000,0.018720,0.003232,,0.010432,0.001088,1,4,48,0,1
2504,0.114400,0.136400,0.007100,0.022600,0.023000,0.058400,0.003300,0.021376,0.002944,,0.011008,0.001120,1,4,48,0,1
2505,0.120100,0.127300,0.007200,0.027700,0.023700,0.058300,0.003200,0.021600,0.003008,,0.011072,0.001184,1,4,48,0,1
2506,0.129300,0.133300,0.007000,0.024100,0.027200,0.061200,0.009700,0.018976,0.003136,,0.010368,0.001056,1,4,48,0,1
2507,0.115300,0.142700,0.007200,0.023300,0.023400,0.058100,0.003200,0.021664,0.003136,,0.011040,0.001152,1,4,48,0,1
2508,0.114100,0.128400,0.007200,0.022700,0.023100,0.057700,0.003100,0.019040,0.003136,,0.010368,0.001152,1,4,48,0,1
2509,0.113400,0.127000,0.007100,0.022500,0.023100,0.057400,0.003300,0.021664,0.003072,,0.012352,0.001184,1,4,48,0,1
2510,0.114500,0.126300,0.006900,0.022700,0.023500,0.057900,0.003200,0.021600,0.003040,,0.011040,0.001152,1,4,48,0,1
2511,0.114000,0.127400,0.007000,0.022700,0.023200,0.057900,0.003200,0.021408,0.003040,,0.012384,0.001120,1,4,48,0,1
2512,0.113700,0.126900,0.007100,0.022300,0.022900,0.058000,0.003200,0.019040,0.003008,,0.010464,0.001184,1,4,48,0,1
2513,0.122800,0.126700,0.007100,0.022300,0.023000,0.057800,0.012400,0.018880,0.003392,,0.010336,0.001088,1,4,48,0,1
2514,0.124700,0.137000,0.010200,0.026200,0.025300,0.060600,0.002300,0.019392,0.003136,,0.010432,0.001184,1,4,48,0,1
2515,0.126800,0.142100,0.007300,0.022600,0.023300,0.071900,0.001700,0.018976,0.003072,,0.010400,0.001088,1,4,48,0,1
2516,0.114200,0.139800,0.007100,0.022800,0.023100,0.058000,0.003200,0.019296,0.003168,,0.012960,0.001088,1,4,48,0,1
2517,0.114000,0.127100,0.007200,0.022500,0.022800,0.058200,0.003200,0.019168,0.003168,,0.010560,0.001056,1,4,48,0,1
2518,0.142000,0.126600,0.007700,0.030500,0.032300,0.069300,0.001900,0.018752,0.003104,,0.010208,0.001152,1,4,48,0,1
2519,0.114600,0.155500,0.007300,0.022900,0.023900,0.058000,0.002500,0.022048,0.003104,,0.011360,0.001184,1,4,48,0,1
2520,0.114500,0.127400,0.007100,0.022700,0.023200,0.058100,0.003300,0.018912,0.003008,,0.010368,0.001152,1,4,48,0,1
2521,0.113600,0.127500,0.007100,0.022600,0.022900,0.057700,0.003200,0.018720,0.003264,,0.010784,0.001152,1,4,48,0,1
2522,0.109000,0.126500,0.007000,0.022900,0.020900,0.056400,0.001700,0.021600,0.003008,,0.011680,0.001152,1,4,48,0,1
2523,0.136700,0.127200,0.006900,0.027000,0.034300,0.053600,0.014700,0.019360,0.003040,,0.012992,0.001152,1,4,48,0,1
2524,0.122400,0.149300,0.007000,0.022200,0.020700,0.069000,0.003500,0.019936,0.003328,,0.010336,0.001056,1,4,48,0,1
2525,0.122400,0.135300,0.007100,0.023100,0.026700,0.062400,0.003000,0.020736,0.003360,,0.011456,0.001088,1,4,48,0,1
2526,0.114800,0.135000,0.007100,0.022900,0.023100,0.058300,0.003200,0.019616,0.003072,,0.012992,0.001184,1,4,48,0,1
2527,0.113500,0.127700,0.007100,0.022200,0.023000,0.057800,0.003100,0.018496,0.003008,,0.010848,0.001184,1,4,48,0,1
2528,0.114200,0.126200,0.006900,0.022700,0.023300,0.057900,0.003200,0.019008,0.003104,,0.010400,0.001120,1,4,48,0,1
2529,0.114200,0.127100,0.007100,0.022400,0.023400,0.058100,0.003100,0.018912,0.002944,,0.010400,0.001184,1,4,48,0,1
2530,0.114000,0.127000,0.007200,0.022300,0.023400,0.057800,0.003200,0.021664,0.003104,,0.011072,0.001152,1,4,48,0,1
2531,0.114300,0.127000,0.007100,0.022300,0.023600,0.057900,0.003200,0.021632,0.003072,,0.011072,0.001152,1,4,48,0,1
2532,0.123700,0.127300,0.007100,0.022500,0.023300,0.058300,0.012400,0.018528,0.003008,,0.010912,0.001152,1,4,48,0,1
2533,0.127900,0.136800,0.007200,0.022200,0.023000,0.064600,0.010700,0.021536,0.003200,,0.011392,0.001088,1,4,48,0,1
2534,0.115700,0.141100,0.007200,0.022800,0.023500,0.058900,0.003300,0.021664,0.003072,,0.012512,0.001152,1,4,48,0,1
2535,0.113900,0.128500,0.007300,0.022200,0.022800,0.058100,0.003200,0.021600,0.003008,,0.011104,0.001152,1,4,48,0,1
2536,0.114400,0.126700,0.007100,0.022900,0.023300,0.057900,0.003100,0.019232,0.003072,,0.013088,0.001152,1,4,48,0,1
2537,0.123600,0.127300,0.007200,0.022700,0.023100,0.058700,0.011800,0.018432,0.002944,,0.010816,0.001184,1,4,48,0,1
2538,0.114600,0.136500,0.007100,0.022600,0.023600,0.058100,0.003100,0.018848,0.002944,,0.010336,0.001184,1,4,48,0,1
2539,0.114000,0.127600,0.007100,0.022700,0.023000,0.058000,0.003200,0.019104,0.003136,,0.010464,0.001152,1,4,48,0,1
2540,0.113800,0.127000,0.006900,0.022600,0.023000,0.057800,0.003200,0.019232,0.003360,,0.010432,0.001056,1,4,48,0,1
2541,0.199900,0.126600,0.009500,0.056400,0.043100,0.088400,0.002300,0.019584,0.003136,,0.009984,0.001120,1,4,48,0,1
2542,0.160100,0.235300,0.009900,0.041300,0.029300,0.075000,0.004600,0.019136,0.003008,,0.013088,0.001184,1,4,48,0,1
2543,0.141800,0.177000,0.009000,0.028900,0.028600,0.070900,0.004300,0.019104,0.003040,,0.013088,0.001152,1,4,48,0,1
2544,0.141900,0.158200,0.008800,0.028100,0.028700,0.071700,0.004300,0.019008,0.003040,,0.010400,0.001152,1,4,48,0,1
2545,0.139400,0.158900,0.008800,0.027500,0.028300,0.070100,0.004400,0.019200,0.003424,,0.010304,0.001056,1,4,48,0,1
2546,0.142000,0.155300,0.008900,0.027700,0.028800,0.072200,0.004300,0.021600,0.002944,,0.012384,0.001184,1,4,48,0,1
2547,0.145400,0.161400,0.013000,0.027800,0.028300,0.071700,0.004200,0.021344,0.003008,,0.011072,0.001184,1,4,48,0,1
2548,0.139100,0.161600,0.009000,0.027300,0.028700,0.071700,0.002100,0.021696,0.003008,,0.011104,0.001152,1,4,48,0,1
2549,0.141500,0.155400,0.008800,0.027100,0.028700,0.072400,0.004200,0.020800,0.003072,,0.012896,0.001120,1,4,48,0,1
2550,0.142600,0.157700,0.009000,0.027500,0.028900,0.072800,0.004400,0.021504,0.002976,,0.011072,0.001120,1,4,48,0,1
2551,0.173800,0.158500,0.008800,0.027500,0.028200,0.100200,0.009000,0.018656,0.003040,,0.010368,0.001152,1,4,48,0,1
2552,0.123700,0.188600,0.008100,0.026100,0.025000,0.061400,0.003100,0.019136,0.003360,,0.010368,0.001088,1,4,48,0,1
2553,0.131300,0.136900,0.007500,0.023000,0.024500,0.071600,0.004500,0.019104,0.002976,,0.013120,0.001152,1,4,48,0,1
2554,0.138900,0.147100,0.008400,0.027700,0.028300,0.070000,0.004200,0.019008,0.003040,,0.010496,0.001120,1,4,48,0,1
2555,0.137400,0.154600,0.008600,0.027900,0.028700,0.069800,0.002100,0.019104,0.003008,,0.010560,0.001152,1,4,48,0,1
2556,0.138000,0.153200,0.008500,0.027800,0.028400,0.069200,0.004000,0.019296,0.003232,,0.013088,0.001056,1,4,48,0,1
2557,0.139700,0.153900,0.008400,0.027500,0.028200,0.071600,0.003800,0.021568,0.003104,,0.011008,0.001120,1,4,48,0,1
2558,0.138400,0.155600,0.008400,0.027300,0.028200,0.070600,0.003800,0.019168,0.003296,,0.010432,0.001056,1,4,48,0,1
2559,0.135500,0.154400,0.008400,0.026900,0.028000,0.070500,0.001600,0.021504,0.003040,,0.011072,0.001120,1,4,48,0,1
2560,0.114800,0.148200,0.007000,0.022400,0.023500,0.058400,0.003200,0.019232,0.003264,,0.010496,0.001088,1,4,48,0,1
2561,0.115800,0.127900,0.007100,0.022700,0.023300,0.059400,0.003200,0.019008,0.003040,,0.010432,0.001152,1,4,48,0,1
2562,0.115000,0.128800,0.007100,0.022600,0.023000,0.059000,0.003200,0.019328,0.003264,,0.010560,0.001152,1,4,48,0,1
2563,0.122700,0.127600,0.007200,0.022500,0.023000,0.066800,0.003100,0.021536,0.002944,,0.012384,0.001152,1,4,48,0,1
2564,0.116200,0.135700,0.007300,0.023400,0.020800,0.062800,0.001800,0.020608,0.002944,,0.011808,0.001152,1,4,48,0,1
2565,0.138200,0.128900,0.012700,0.022400,0.034000,0.053200,0.015800,0.019776,0.003040,,0.010400,0.001152,1,4,48,0,1
2566,0.121400,0.150900,0.007100,0.022300,0.020700,0.067800,0.003400,0.019680,0.003232,,0.010336,0.001152,1,4,48,0,1
2567,0.116400,0.134100,0.007100,0.022700,0.021900,0.061500,0.003100,0.019744,0.003136,,0.010464,0.001152,1,4,48,0,1
2568,0.114500,0.129300,0.007100,0.022600,0.023400,0.058100,0.003200,0.019008,0.002880,,0.013056,0.001152,1,4,48,0,1
2569,0.121600,0.127400,0.006900,0.022500,0.023400,0.057900,0.010700,0.018528,0.003040,,0.010528,0.001152,1,4,48,0,1
2570,0.124600,0.134500,0.007200,0.022400,0.023100,0.059300,0.012300,0.018976,0.003008,,0.010368,0.001152,1,4,48,0,1
2571,0.115200,0.137700,0.007100,0.022400,0.023500,0.059000,0.003200,0.019328,0.002944,,0.012960,0.001152,1,4,48,0,1
2572,0.115100,0.128000,0.006900,0.022500,0.023100,0.059400,0.003100,0.021536,0.003072,,0.011008,0.001184,1,4,48,0,1
2573,0.113700,0.127900,0.007100,0.022400,0.023300,0.057700,0.003100,0.019104,0.003136,,0.010432,0.001152,1,4,48,0,1
2574,0.115200,0.126600,0.007200,0.022600,0.023100,0.058900,0.003100,0.019168,0.003072,,0.010560,0.001152,1,4,48,0,1
2575,0.122600,0.128500,0.007000,0.022300,0.023100,0.060800,0.009300,0.019200,0.003200,,0.010528,0.001120,1,4,48,0,1
2576,0.164600,0.138200,0.008200,0.039500,0.028000,0.086900,0.001800,0.021312,0.003040,,0.012384,0.001152,1,4,48,0,1
2577,0.124300,0.177900,0.007400,0.023400,0.023600,0.058700,0.011200,0.018432,0.002880,,0.010816,0.001152,1,4,48,0,1
2578,0.204700,0.137100,0.007200,0.109800,0.024200,0.060200,0.003200,0.021344,0.002944,,0.011008,0.001088,1,4,48,0,1
2579,0.116100,0.218000,0.007300,0.022500,0.023500,0.059600,0.003200,0.019232,0.003136,,0.012992,0.001152,1,4,48,0,1
2580,0.114900,0.128900,0.007000,0.022600,0.023600,0.058500,0.003100,0.019104,0.003168,,0.010400,0.001152,1,4,48,0,1
2581,0.121900,0.127700,0.007200,0.022500,0.023100,0.059000,0.009800,0.018496,0.003040,,0.010848,0.001120,1,4,48,0,1
2582,0.123500,0.134800,0.006800,0.022400,0.023400,0.067200,0.003400,0.018720,0.003168,,0.010464,0.001120,1,4,48,0,1
2583,0.129700,0.136800,0.007300,0.023900,0.023800,0.072500,0.001900,0.019936,0.003072,,0.012416,0.001152,1,4,48,0,1
2584,0.114300,0.142500,0.007000,0.022600,0.023100,0.058400,0.003100,0.021504,0.003072,,0.011040,0.001088,1,4,48,0,1
2585,0.114200,0.127000,0.007100,0.022400,0.023500,0.058100,0.003100,0.019040,0.003104,,0.010400,0.001152,1,4,48,0,1
2586,0.124800,0.127300,0.007000,0.022400,0.023300,0.059500,0.012300,0.019232,0.003296,,0.010432,0.001088,1,4,48,0,1
2587,0.114500,0.137800,0.007200,0.022600,0.023500,0.058000,0.003200,0.019104,0.003072,,0.010528,0.001152,1,4,48,0,1
2588,0.115300,0.127400,0.007000,0.022700,0.023100,0.058900,0.003200,0.019392,0.003136,,0.012960,0.001088,1,4,48,0,1
2589,0.122200,0.128200,0.007100,0.022600,0.023400,0.066400,0.002600,0.018560,0.003072,,0.010976,0.001152,1,4,48,0,1
2590,0.115800,0.135000,0.006900,0.022600,0.023600,0.059500,0.003100,0.018848,0.003040,,0.010240,0.001152,1,4,48,0,1
2591,0.115000,0.128500,0.007100,0.022700,0.023200,0.058700,0.003100,0.019104,0.003232,,0.010432,0.001088,1,4,48,0,1
2592,0.125800,0.127700,0.007200,0.022300,0.023300,0.069100,0.003800,0.019168,0.002944,,0.013088,0.001152,1,4,48,0,1
2593,0.117300,0.138600,0.007300,0.022900,0.023900,0.059900,0.003200,0.019168,0.003264,,0.010400,0.001120,1,4,48,0,1
2594,0.114400,0.130300,0.007100,0.022600,0.023300,0.058300,0.003100,0.019104,0.003296,,0.010304,0.001088,1,4,48,0,1
2595,0.115200,0.127300,0.007100,0.022400,0.023200,0.059200,0.003200,0.019040,0.003072,,0.010432,0.001152,1,4,48,0,1
2596,0.114200,0.128000,0.006900,0.022300,0.023300,0.058400,0.003200,0.019200,0.003072,,0.013056,0.001152,1,4,48,0,1
2597,0.115700,0.127100,0.007200,0.022300,0.023100,0.059800,0.003100,0.021504,0.003040,,0.011072,0.001120,1,4,48,0,1
2598,0.113500,0.128800,0.007000,0.022700,0.023000,0.057600,0.003100,0.019296,0.003232,,0.010528,0.001120,1,4,48,0,1
2599,0.113600,0.126500,0.007000,0.022500,0.023000,0.057900,0.003100,0.019488,0.003136,,0.012960,0.001152,1,4,48,0,1
2600,0.118300,0.126500,0.007100,0.022600,0.023000,0.062300,0.003200,0.021696,0.003136,,0.011104,0.001120,1,4,48,0,1
2601,0.115900,0.131200,0.007400,0.022400,0.023400,0.059500,0.003200,0.019008,0.003040,,0.010432,0.001152,1,4,48,0,1
2602,0.116200,0.128800,0.007200,0.022500,0.023400,0.059800,0.003000,0.019168,0.002944,,0.013024,0.001120,1,4,48,0,1
2603,0.124600,0.129100,0.007000,0.022500,0.023100,0.059200,0.012500,0.019232,0.003040,,0.013088,0.001152,1,4,48,0,1
2604,0.115200,0.137400,0.007000,0.022600,0.023400,0.059000,0.003100,0.019104,0.002944,,0.013056,0.001120,1,4,48,0,1
2605,0.113600,0.128200,0.006900,0.022300,0.023200,0.057800,0.003200,0.021600,0.003040,,0.011040,0.001152,1,4,48,0,1
2606,0.115500,0.126500,0.007200,0.022400,0.023500,0.059100,0.003200,0.019040,0.003168,,0.010336,0.001152,1,4,48,0,1
2607,0.114900,0.128600,0.007200,0.022100,0.023200,0.059100,0.003200,0.021728,0.003072,,0.011104,0.001184,1,4,48,0,1
2608,0.120700,0.127900,0.006900,0.027400,0.024000,0.059000,0.003100,0.021792,0.003232,,0.011040,0.001152,1,4,48,0,1
2609,0.109900,0.133600,0.007200,0.022800,0.022000,0.055800,0.001900,0.021248,0.003104,,0.012064,0.001152,1,4,48,0,1
2610,0.136900,0.128400,0.010400,0.024800,0.031800,0.053600,0.016200,0.020960,0.002944,,0.012000,0.001184,1,4,48,0,1
2611,0.118300,0.150100,0.007200,0.024100,0.022700,0.061100,0.002900,0.020960,0.003200,,0.011392,0.001120,1,4,48,0,1
2612,0.124400,0.131300,0.007200,0.022300,0.030900,0.060900,0.003100,0.020640,0.003232,,0.011360,0.001120,1,4,48,0,1
2613,0.128500,0.137200,0.010100,0.025700,0.025000,0.065900,0.001800,0.018432,0.002944,,0.010816,0.001152,1,4,48,0,1
2614,0.115800,0.141500,0.007100,0.022400,0.023400,0.059700,0.003100,0.019328,0.003072,,0.012960,0.001120,1,4,48,0,1
2615,0.115400,0.128500,0.007100,0.022700,0.023200,0.059200,0.003100,0.019296,0.003264,,0.010496,0.001120,1,4,48,0,1
2616,0.114000,0.128400,0.007200,0.022500,0.023200,0.057900,0.003200,0.021664,0.003040,,0.011168,0.001152,1,4,48,0,1
2617,0.124100,0.126700,0.007200,0.022700,0.023500,0.060100,0.010400,0.019136,0.002944,,0.012992,0.001088,1,4,48,0,1
2618,0.115700,0.137100,0.007200,0.022700,0.023200,0.059500,0.003100,0.022048,0.003200,,0.011392,0.001088,1,4,48,0,1
2619,0.115300,0.128600,0.007000,0.022500,0.023400,0.059000,0.003100,0.021760,0.003104,,0.012544,0.001152,1,4,48,0,1
2620,0.114500,0.128200,0.007200,0.022600,0.022800,0.058600,0.003100,0.019328,0.003072,,0.013088,0.001152,1,4,48,0,1
2621,0.114300,0.127200,0.006900,0.022600,0.023200,0.058300,0.003200,0.019200,0.003392,,0.010336,0.001088,1,4,48,0,1
2622,0.115100,0.127100,0.007000,0.022400,0.023300,0.059200,0.003100,0.019008,0.003136,,0.010368,0.001152,1,4,48,0,1
2623,0.114300,0.128100,0.007000,0.022500,0.023400,0.058200,0.003100,0.018912,0.003104,,0.010304,0.001152,1,4,48,0,1
2624,0.122500,0.127300,0.007000,0.028200,0.023700,0.060400,0.003200,0.021664,0.003040,,0.011072,0.001152,1,4,48,0,1
2625,0.115100,0.135600,0.007200,0.022900,0.023000,0.058800,0.003200,0.019168,0.003040,,0.010560,0.001120,1,4,48,0,1
2626,0.125700,0.128000,0.007100,0.022600,0.023500,0.060000,0.012300,0.019168,0.003168,,0.010560,0.001056,1,4,48,0,1
2627,0.115300,0.138400,0.007100,0.022500,0.023000,0.059500,0.003100,0.019360,0.003424,,0.010464,0.001088,1,4,48,0,1
2628,0.115200,0.128100,0.007000,0.022400,0.023400,0.059000,0.003200,0.021440,0.003104,,0.011072,0.001184,1,4,48,0,1
2629,0.115300,0.128000,0.007000,0.022300,0.023400,0.059100,0.003100,0.018688,0.003136,,0.010240,0.001152,1,4,48,0,1
2630,0.122200,0.128000,0.006900,0.022600,0.023200,0.059500,0.009900,0.018720,0.003040,,0.010176,0.001152,1,4,48,0,1
2631,0.121700,0.134900,0.007200,0.022500,0.023100,0.059300,0.009600,0.018432,0.003072,,0.010624,0.001088,1,4,48,0,1
2632,0.114100,0.134700,0.007100,0.022400,0.023100,0.058200,0.003200,0.019200,0.003168,,0.010528,0.001120,1,4,48,0,1
2633,0.122600,0.127100,0.007000,0.022800,0.023400,0.059600,0.009800,0.019296,0.003008,,0.012960,0.001152,1,4,48,0,1
2634,0.125500,0.135500,0.007100,0.022400,0.023500,0.059900,0.012500,0.018944,0.003136,,0.010368,0.001088,1,4,48,0,1
2635,0.115200,0.138300,0.007100,0.022600,0.023600,0.058600,0.003100,0.019264,0.003136,,0.013088,0.001184,1,4,48,0,1
2636,0.114700,0.128100,0.007300,0.022700,0.023300,0.058200,0.003100,0.021632,0.003104,,0.011008,0.001152,1,4,48,0,1
2637,0.122200,0.127600,0.007100,0.022700,0.023000,0.058800,0.010400,0.018592,0.003136,,0.010816,0.001184,1,4,48,0,1
2638,0.115600,0.134900,0.007000,0.022600,0.023200,0.059500,0.003000,0.021824,0.003200,,0.012512,0.001152,1,4,48,0,1
2639,0.121900,0.128400,0.007000,0.022500,0.023300,0.067400,0.001700,0.018368,0.002912,,0.010880,0.001152,1,4,48,0,1
2640,0.122400,0.135000,0.007100,0.022800,0.023200,0.059200,0.010100,0.018752,0.003200,,0.010464,0.001152,1,4,48,0,1
2641,0.113300,0.135300,0.007100,0.022400,0.023000,0.057500,0.003000,0.021440,0.002880,,0.011072,0.001120,1,4,48,0,1
2642,0.122600,0.125900,0.007000,0.022900,0.023300,0.067400,0.001800,0.018496,0.003072,,0.010944,0.001152,1,4,48,0,1
2643,0.122100,0.135500,0.007000,0.022500,0.023100,0.058800,0.010400,0.018624,0.003168,,0.010144,0.001152,1,4,48,0,1
2644,0.115200,0.135000,0.007200,0.022600,0.023500,0.058500,0.003200,0.021536,0.002944,,0.011072,0.001184,1,4,48,0,1
2645,0.116000,0.128000,0.007200,0.022700,0.023300,0.059600,0.003100,0.019552,0.003008,,0.013056,0.001152,1,4,48,0,1
2646,0.125400,0.128800,0.007200,0.022600,0.027500,0.064300,0.003700,0.018400,0.002944,,0.010816,0.001152,1,4,48,0,1
2647,0.114400,0.138400,0.007200,0.022700,0.023600,0.057600,0.003200,0.019136,0.003264,,0.010368,0.001120,1,4,48,0,1
2648,0.115700,0.127300,0.007200,0.022400,0.023200,0.059500,0.003200,0.019360,0.003520,,0.010336,0.001120,1,4,48,0,1
2649,0.114600,0.128800,0.007100,0.022300,0.023100,0.058900,0.003100,0.021728,0.003040,,0.012480,0.001152,1,4,48,0,1
2650,0.123900,0.127700,0.006900,0.022700,0.023000,0.058500,0.012700,0.019296,0.003328,,0.013024,0.001088,1,4,48,0,1
2651,0.261700,0.136800,0.006900,0.024100,0.029100,0.193000,0.008300,0.021888,0.003232,,0.011680,0.001088,1,4,48,0,1
2652,0.406600,0.280800,0.010100,0.033200,0.043000,0.132900,0.187300,0.019424,0.003232,,0.010400,0.001056,1,4,48,0,1
2653,0.138200,0.421100,0.008600,0.030800,0.030000,0.065200,0.003500,0.019520,0.003232,,0.010528,0.001120,1,4,48,0,1
2654,0.116400,0.151600,0.007300,0.023200,0.023800,0.058900,0.003200,0.019264,0.003264,,0.010496,0.001120,1,4,48,0,1
2655,0.149800,0.129500,0.007100,0.022400,0.040700,0.076600,0.003000,0.019648,0.003200,,0.010240,0.001120,1,4,48,0,1
2656,0.122100,0.163400,0.007500,0.024000,0.027400,0.059700,0.003400,0.019616,0.003136,,0.010368,0.001152,1,4,48,0,1
2657,0.115100,0.135100,0.007300,0.022900,0.023600,0.058000,0.003200,0.019616,0.003072,,0.010432,0.001088,1,4,48,0,1
2658,0.115700,0.128100,0.007100,0.022600,0.023000,0.059400,0.003400,0.018752,0.003072,,0.010176,0.001152,1,4,48,0,1
2659,0.128300,0.128400,0.007400,0.022900,0.027400,0.068600,0.001700,0.019104,0.003104,,0.010496,0.001152,1,4,48,0,1
2660,0.126600,0.141700,0.007300,0.023700,0.023500,0.059500,0.012300,0.019200,0.003232,,0.010432,0.001152,1,4,48,0,1
2661,0.125600,0.139600,0.007200,0.022800,0.023500,0.059500,0.012500,0.019136,0.003168,,0.010432,0.001120,1,4,48,0,1
2662,0.118500,0.138400,0.006900,0.022800,0.023100,0.062000,0.003500,0.021248,0.003008,,0.011040,0.001088,1,4,48,0,1
2663,0.115500,0.131300,0.007100,0.022600,0.023300,0.059300,0.003200,0.021504,0.003008,,0.010976,0.001152,1,4,48,0,1
2664,0.124000,0.128400,0.006900,0.022900,0.023200,0.059700,0.011100,0.018464,0.002912,,0.010784,0.001152,1,4,48,0,1
2665,0.124800,0.136800,0.007200,0.022600,0.023200,0.070100,0.001600,0.019232,0.002976,,0.013024,0.001184,1,4,48,0,1
2666,0.124900,0.137800,0.007200,0.023100,0.023500,0.059700,0.011300,0.019072,0.003200,,0.010336,0.001152,1,4,48,0,1
2667,0.116200,0.138000,0.007100,0.022700,0.023700,0.059000,0.003500,0.019072,0.003232,,0.010400,0.001056,1,4,48,0,1
2668,0.122200,0.129100,0.007200,0.022500,0.023200,0.059000,0.010100,0.018464,0.003008,,0.010528,0.001152,1,4,48,0,1
2669,0.122500,0.135100,0.007000,0.022500,0.023200,0.058900,0.010700,0.018560,0.003104,,0.010752,0.001120,1,4,48,0,1
2670,0.122000,0.137400,0.014000,0.022800,0.022900,0.059100,0.003200,0.021760,0.003168,,0.012480,0.001088,1,4,48,0,1
2671,0.115800,0.134900,0.007500,0.022700,0.023400,0.058900,0.003300,0.019072,0.003008,,0.013120,0.001152,1,4,48,0,1
2672,0.115400,0.128700,0.007000,0.022700,0.023200,0.059200,0.003100,0.019104,0.003104,,0.013024,0.001120,1,4,48,0,1
2673,0.123500,0.128200,0.007200,0.022600,0.023300,0.059200,0.011100,0.018432,0.002944,,0.010656,0.001152,1,4,48,0,1
2674,0.115300,0.136400,0.007100,0.022600,0.022900,0.059400,0.003100,0.021344,0.003040,,0.011008,0.001152,1,4,48,0,1
2675,0.122700,0.128100,0.007100,0.022600,0.023100,0.059500,0.010000,0.018432,0.003008,,0.010784,0.001152,1,4,48,0,1
2676,0.114300,0.135500,0.006800,0.022400,0.023000,0.058700,0.003100,0.021600,0.002944,,0.011040,0.001184,1,4,48,0,1
2677,0.129000,0.127300,0.007000,0.022400,0.023000,0.074900,0.001700,0.019072,0.003136,,0.010368,0.001184,1,4,48,0,1
2678,0.114900,0.141700,0.007000,0.022900,0.022900,0.058800,0.003100,0.018432,0.003008,,0.010816,0.001152,1,4,48,0,1
2679,0.125000,0.127900,0.007100,0.022600,0.023000,0.059400,0.012800,0.018784,0.003264,,0.010848,0.001152,1,4,48,0,1
2680,0.128200,0.137800,0.007200,0.022400,0.023400,0.064700,0.010300,0.021568,0.003136,,0.011040,0.001152,1,4,48,0,1
2681,0.116100,0.141200,0.007100,0.022900,0.023300,0.059400,0.003300,0.019168,0.002944,,0.012928,0.001152,1,4,48,0,1
2682,0.115600,0.129000,0.007100,0.022800,0.022900,0.059300,0.003300,0.019168,0.003200,,0.010432,0.001120,1,4,48,0,1
2683,0.116000,0.128600,0.007100,0.022700,0.023600,0.059300,0.003300,0.019072,0.003136,,0.010464,0.001088,1,4,48,0,1
2684,0.115700,0.129000,0.007100,0.022600,0.023500,0.059200,0.003300,0.019200,0.003232,,0.010432,0.001152,1,4,48,0,1
2685,0.115100,0.128600,0.007200,0.022400,0.023300,0.058800,0.003300,0.018944,0.002944,,0.010464,0.001152,1,4,48,0,1
2686,0.115400,0.127800,0.007000,0.022700,0.023100,0.059200,0.003100,0.021920,0.002976,,0.011392,0.001152,1,4,48,0,1
2687,0.115500,0.128200,0.007200,0.022600,0.023200,0.059100,0.003200,0.021728,0.003296,,0.011360,0.001056,1,4,48,0,1
2688,0.114700,0.128400,0.007100,0.022600,0.022800,0.058900,0.003200,0.019360,0.003200,,0.013152,0.001120,1,4,48,0,1
2689,0.115000,0.127700,0.007000,0.022600,0.023100,0.058900,0.003200,0.022144,0.003200,,0.011392,0.001152,1,4,48,0,1
2690,0.115000,0.127800,0.007100,0.022600,0.023100,0.058900,0.003200,0.021248,0.003008,,0.011008,0.001120,1,4,48,0,1
2691,0.115000,0.127900,0.007300,0.022400,0.023000,0.058900,0.003200,0.018656,0.003136,,0.010432,0.001088,1,4,48,0,1
2692,0.122500,0.127900,0.007100,0.022600,0.023200,0.058900,0.010500,0.018720,0.003168,,0.010304,0.001088,1,4,48,0,1
2693,0.115500,0.135100,0.007100,0.022500,0.023200,0.059100,0.003100,0.022208,0.003232,,0.011392,0.001184,1,4,48,0,1
2694,0.117400,0.133500,0.007200,0.023300,0.023800,0.059800,0.003200,0.021600,0.003072,,0.011008,0.001152,1,4,48,0,1
2695,0.115300,0.130500,0.007200,0.022500,0.023100,0.059100,0.003300,0.019264,0.003136,,0.013024,0.001120,1,4,48,0,1
2696,0.123500,0.128200,0.007100,0.022400,0.023100,0.059200,0.011400,0.018592,0.003168,,0.010784,0.001152,1,4,48,0,1
2697,0.126300,0.136500,0.007000,0.022700,0.023400,0.065700,0.007200,0.021504,0.003328,,0.011680,0.001088,1,4,48,0,1
2698,0.113900,0.139500,0.007200,0.022700,0.020700,0.060000,0.003300,0.020032,0.003328,,0.010432,0.001056,1,4,48,0,1
2699,0.114400,0.126800,0.007100,0.022400,0.023300,0.058100,0.003300,0.019168,0.003072,,0.010528,0.001184,1,4,48,0,1
2700,0.126500,0.127400,0.007200,0.022500,0.023300,0.061900,0.011500,0.019008,0.003040,,0.010464,0.001152,1,4,48,0,1
2701,0.115800,0.139700,0.007200,0.022900,0.024100,0.058400,0.003200,0.019136,0.003296,,0.010368,0.001056,1,4,48,0,1
2702,0.122300,0.128600,0.007100,0.022500,0.023000,0.058400,0.011200,0.018624,0.003136,,0.010976,0.001152,1,4,48,0,1
2703,0.114600,0.135500,0.007200,0.022500,0.023500,0.058000,0.003300,0.019456,0.003040,,0.012960,0.001152,1,4,48,0,1
2704,0.122100,0.127200,0.007100,0.022600,0.022900,0.058600,0.010900,0.018752,0.003168,,0.010400,0.001088,1,4,48,0,1
2705,0.115200,0.134800,0.007100,0.022500,0.023200,0.058700,0.003100,0.021568,0.003040,,0.011040,0.001152,1,4,48,0,1
2706,0.114600,0.128000,0.007300,0.022600,0.023000,0.058500,0.003100,0.018880,0.003072,,0.010368,0.001152,1,4,48,0,1
2707,0.114100,0.127300,0.007000,0.022500,0.023100,0.058200,0.003300,0.018944,0.003040,,0.010336,0.001152,1,4,48,0,1
2708,0.123400,0.126900,0.007100,0.022800,0.023600,0.058800,0.011000,0.018720,0.003264,,0.010400,0.001056,1,4,48,0,1
2709,0.121500,0.136500,0.007200,0.027900,0.024000,0.059100,0.003200,0.021504,0.003040,,0.011008,0.001152,1,4,48,0,1
2710,0.114600,0.134600,0.007200,0.022700,0.023300,0.058000,0.003200,0.019104,0.003136,,0.010496,0.001088,1,4,48,0,1
2711,0.123800,0.127600,0.007200,0.022500,0.023600,0.059100,0.011300,0.018400,0.003008,,0.010784,0.001152,1,4,48,0,1
2712,0.114000,0.136700,0.007100,0.022800,0.022900,0.057800,0.003200,0.019072,0.002976,,0.013056,0.001152,1,4,48,0,1
2713,0.114800,0.126900,0.007000,0.022500,0.023800,0.058200,0.003200,0.018976,0.003168,,0.010336,0.001088,1,4,48,0,1
2714,0.115400,0.127800,0.007200,0.022600,0.022800,0.059300,0.003300,0.018688,0.003232,,0.010144,0.001056,1,4,48,0,1
2715,0.115000,0.128300,0.007300,0.022400,0.023900,0.058100,0.003200,0.021664,0.003008,,0.012512,0.001152,1,4,48,0,1
2716,0.114000,0.127700,0.007100,0.022600,0.023100,0.057800,0.003300,0.019328,0.003072,,0.013088,0.001184,1,4,48,0,1
2717,0.122300,0.126900,0.007200,0.022500,0.023200,0.058000,0.011200,0.018496,0.003040,,0.010816,0.001152,1,4,48,0,1
2718,0.113600,0.135100,0.007000,0.022700,0.022800,0.057700,0.003300,0.021568,0.003104,,0.011040,0.001120,1,4,48,0,1
2719,0.114400,0.126400,0.007100,0.022600,0.023500,0.057900,0.003300,0.018976,0.003264,,0.010464,0.001056,1,4,48,0,1
2720,0.114500,0.127400,0.007000,0.022900,0.023100,0.058100,0.003300,0.019712,0.003136,,0.012704,0.001152,1,4,48,0,1
2721,0.114200,0.127500,0.007300,0.022700,0.023300,0.057600,0.003200,0.019008,0.003040,,0.010464,0.001120,1,4,48,0,1
2722,0.115800,0.127100,0.007200,0.022600,0.023100,0.059600,0.003200,0.019040,0.003008,,0.013056,0.001152,1,4,48,0,1
2723,0.114700,0.128700,0.007200,0.022800,0.023200,0.058200,0.003200,0.019008,0.003200,,0.010304,0.001120,1,4,48,0,1
2724,0.132000,0.127700,0.007000,0.029800,0.024700,0.068700,0.001700,0.018624,0.003104,,0.010848,0.001152,1,4,48,0,1
2725,0.115900,0.145400,0.007300,0.023100,0.023500,0.058700,0.003200,0.021568,0.003008,,0.012576,0.001184,1,4,48,0,1
2726,0.114300,0.128900,0.007000,0.022700,0.023700,0.057700,0.003000,0.019360,0.003200,,0.012896,0.001088,1,4,48,0,1
2727,0.115200,0.127100,0.007200,0.022800,0.023400,0.058500,0.003200,0.019392,0.003488,,0.010368,0.001184,1,4,48,0,1
2728,0.115100,0.128300,0.007400,0.022900,0.023000,0.058500,0.003300,0.019360,0.003264,,0.010528,0.001152,1,4,48,0,1
2729,0.114600,0.128000,0.007200,0.022700,0.023300,0.058100,0.003200,0.019328,0.003360,,0.010400,0.001184,1,4,48,0,1
2730,0.113700,0.127400,0.007300,0.022800,0.022800,0.057400,0.003300,0.021664,0.003008,,0.012480,0.001184,1,4,48,0,1
2731,0.114100,0.126400,0.007200,0.022500,0.023200,0.057600,0.003500,0.019136,0.003008,,0.012992,0.001152,1,4,48,0,1
2732,0.121500,0.132100,0.007800,0.024800,0.025600,0.059900,0.003200,0.019968,0.003136,,0.013888,0.001152,1,4,48,0,1
2733,0.114500,0.134500,0.007300,0.023000,0.022700,0.058000,0.003300,0.019072,0.003040,,0.010528,0.001152,1,4,48,0,1
2734,0.122600,0.127300,0.006900,0.022400,0.022900,0.057600,0.012600,0.018464,0.003008,,0.010816,0.001120,1,4,48,0,1
2735,0.114600,0.135500,0.007000,0.022600,0.023200,0.058400,0.003200,0.021536,0.003072,,0.011008,0.001056,1,4,48,0,1
2736,0.113800,0.127800,0.007100,0.022700,0.022800,0.057900,0.003100,0.022080,0.003168,,0.011360,0.001120,1,4,48,0,1
2737,0.114100,0.126600,0.007300,0.022500,0.023100,0.057800,0.003300,0.018944,0.002944,,0.010464,0.001152,1,4,48,0,1
2738,0.114700,0.127000,0.006900,0.022700,0.023100,0.058600,0.003100,0.018976,0.003136,,0.010368,0.001056,1,4,48,0,1
2739,0.114600,0.127400,0.007100,0.022800,0.023100,0.058200,0.003200,0.019360,0.003040,,0.012992,0.001088,1,4,48,0,1
2740,0.120300,0.127400,0.007000,0.028100,0.023300,0.058500,0.003200,0.019232,0.003264,,0.010464,0.001088,1,4,48,0,1
2741,0.113700,0.133300,0.007100,0.022600,0.023100,0.057600,0.003200,0.018944,0.003040,,0.010400,0.001152,1,4,48,0,1
2742,0.114200,0.126500,0.007000,0.022700,0.023100,0.058000,0.003200,0.019328,0.003200,,0.010592,0.001184,1,4,48,0,1
2743,0.114600,0.127200,0.007000,0.022700,0.023200,0.058500,0.003200,0.018496,0.003040,,0.010496,0.001152,1,4,48,0,1
2744,0.114500,0.127600,0.007100,0.023100,0.020600,0.061800,0.001800,0.021088,0.002976,,0.010976,0.001120,1,4,48,0,1
2745,0.137900,0.127300,0.006900,0.034000,0.035400,0.059400,0.001900,0.019264,0.003168,,0.010080,0.001152,1,4,48,0,1
2746,0.118500,0.150700,0.006800,0.022400,0.020900,0.065100,0.003300,0.020544,0.002976,,0.011776,0.001152,1,4,48,0,1
2747,0.116400,0.131500,0.007200,0.022900,0.021900,0.061100,0.003200,0.019712,0.003296,,0.010112,0.001056,1,4,48,0,1
2748,0.114500,0.129300,0.007200,0.022800,0.023200,0.058000,0.003200,0.019200,0.003232,,0.010496,0.001056,1,4,48,0,1
2749,0.113900,0.127400,0.007000,0.022700,0.023000,0.057800,0.003200,0.021568,0.003136,,0.011424,0.001152,1,4,48,0,1
2750,0.114100,0.126800,0.007000,0.022500,0.023100,0.058100,0.003100,0.019392,0.003168,,0.012960,0.001152,1,4,48,0,1
2751,0.114700,0.127000,0.007300,0.022800,0.023100,0.058200,0.003200,0.019072,0.003072,,0.013056,0.001120,1,4,48,0,1
2752,0.114400,0.127600,0.007100,0.022600,0.023400,0.058100,0.003100,0.021568,0.003008,,0.011072,0.001152,1,4,48,0,1
2753,0.115100,0.127100,0.007100,0.022700,0.023500,0.058400,0.003200,0.019168,0.003392,,0.010304,0.001056,1,4,48,0,1
2754,0.114400,0.128100,0.007200,0.022600,0.023100,0.058300,0.003200,0.019232,0.003136,,0.013024,0.001120,1,4,48,0,1
2755,0.121300,0.127300,0.007400,0.022400,0.023600,0.064600,0.003300,0.019232,0.003232,,0.013056,0.001056,1,4,48,0,1
2756,0.124500,0.134200,0.007200,0.023000,0.023400,0.069200,0.001600,0.019808,0.003040,,0.010432,0.001152,1,4,48,0,1
2757,0.118900,0.137300,0.007200,0.022900,0.023800,0.062900,0.001900,0.019904,0.003104,,0.013888,0.001152,1,4,48,0,1
2758,0.114800,0.131700,0.007100,0.022700,0.023600,0.057800,0.003500,0.020704,0.003040,,0.011872,0.001184,1,4,48,0,1
2759,0.114400,0.127700,0.007000,0.022500,0.023400,0.058200,0.003100,0.019264,0.003264,,0.013024,0.001120,1,4,48,0,1
2760,0.123200,0.127400,0.007000,0.022500,0.023600,0.057600,0.012500,0.018336,0.002976,,0.010848,0.001120,1,4,48,0,1
2761,0.123000,0.136300,0.007000,0.022600,0.023200,0.058100,0.012000,0.018400,0.002944,,0.010752,0.001120,1,4,48,0,1
2762,0.131400,0.135900,0.007100,0.022700,0.023200,0.076300,0.002000,0.019136,0.003008,,0.013024,0.001088,1,4,48,0,1
2763,0.119200,0.144800,0.007500,0.024500,0.024800,0.059000,0.003300,0.019392,0.003200,,0.012960,0.001088,1,4,48,0,1
2764,0.114500,0.132000,0.007100,0.022800,0.023200,0.058000,0.003200,0.019200,0.003296,,0.010432,0.001120,1,4,48,0,1
2765,0.114200,0.127300,0.007300,0.022400,0.023200,0.058000,0.003100,0.018976,0.002944,,0.013024,0.001184,1,4,48,0,1
2766,0.113800,0.127100,0.006800,0.022800,0.023100,0.057800,0.003100,0.019264,0.003136,,0.013088,0.001120,1,4,48,0,1
2767,0.113300,0.126600,0.007100,0.022600,0.022800,0.057500,0.003200,0.021312,0.003104,,0.012352,0.001120,1,4,48,0,1
2768,0.114200,0.126300,0.007100,0.022600,0.023100,0.058000,0.003200,0.019328,0.003296,,0.010464,0.001152,1,4,48,0,1
2769,0.114000,0.127200,0.007400,0.022400,0.023300,0.057400,0.003300,0.021600,0.003040,,0.011040,0.001120,1,4,48,0,1
2770,0.189900,0.126800,0.007100,0.022700,0.022700,0.128300,0.008900,0.019168,0.003168,,0.010528,0.001024,1,4,48,0,1
2771,0.156700,0.214600,0.010000,0.033500,0.034400,0.075600,0.003100,0.019744,0.003264,,0.010400,0.001152,1,4,48,0,1
2772,0.156100,0.173400,0.008800,0.036000,0.036200,0.073000,0.002000,0.019200,0.003104,,0.013056,0.001120,1,4,48,0,1
2773,0.114300,0.170100,0.007800,0.024600,0.024200,0.055700,0.001800,0.019808,0.002976,,0.012416,0.001152,1,4,48,0,1
2774,0.126300,0.127500,0.007400,0.022700,0.029700,0.063000,0.003400,0.020672,0.003104,,0.011392,0.001088,1,4,48,0,1
2775,0.115400,0.139100,0.007100,0.022400,0.023400,0.059300,0.003100,0.021600,0.003008,,0.012416,0.001152,1,4,48,0,1
2776,0.121800,0.128400,0.006900,0.022500,0.023000,0.066600,0.002500,0.018432,0.002944,,0.010912,0.001120,1,4,48,0,1
2777,0.115300,0.134500,0.007100,0.022400,0.023500,0.059200,0.003000,0.019008,0.003264,,0.010400,0.001088,1,4,48,0,1
2778,0.124000,0.128000,0.006900,0.022400,0.023000,0.059300,0.012200,0.019328,0.002976,,0.012992,0.001184,1,4,48,0,1
2779,0.121400,0.136700,0.007200,0.022400,0.023400,0.059100,0.009100,0.018528,0.003040,,0.010624,0.001184,1,4,48,0,1
2780,0.121400,0.134200,0.007100,0.022600,0.023300,0.059000,0.009200,0.018464,0.002976,,0.010912,0.001120,1,4,48,0,1
2781,0.120900,0.134100,0.007100,0.022400,0.023600,0.058600,0.009100,0.018464,0.002976,,0.010912,0.001152,1,4,48,0,1
2782,0.120800,0.133800,0.007200,0.022300,0.022700,0.066600,0.002000,0.018464,0.003008,,0.010880,0.001120,1,4,48,0,1
2783,0.114300,0.133600,0.006900,0.022200,0.023400,0.058300,0.003300,0.021664,0.003232,,0.011008,0.001088,1,4,48,0,1
2784,0.126500,0.127200,0.007200,0.022400,0.023000,0.063700,0.010000,0.021696,0.003072,,0.012384,0.001152,1,4,48,0,1
2785,0.124000,0.139400,0.007100,0.022800,0.023800,0.059200,0.010900,0.018464,0.003072,,0.010784,0.001120,1,4,48,0,1
2786,0.115000,0.136800,0.007000,0.022600,0.023300,0.058800,0.003300,0.021920,0.003360,,0.011040,0.001088,1,4,48,0,1
2787,0.114600,0.127900,0.007000,0.022600,0.022900,0.058700,0.003100,0.018912,0.003072,,0.010368,0.001152,1,4,48,0,1
2788,0.115400,0.127300,0.007000,0.022400,0.023700,0.058400,0.003900,0.018464,0.003072,,0.010848,0.001088,1,4,48,0,1
2789,0.114000,0.128300,0.007100,0.022700,0.023100,0.057700,0.003400,0.019872,0.003200,,0.010528,0.001152,1,4,48,0,1
2790,0.114300,0.126800,0.007000,0.022700,0.023300,0.057800,0.003300,0.021696,0.003104,,0.011040,0.001152,1,4,48,0,1
2791,0.112800,0.127200,0.006900,0.022800,0.023000,0.056700,0.003300,0.019808,0.003040,,0.012384,0.001120,1,4,48,0,1
2792,0.124200,0.135300,0.007000,0.022500,0.023600,0.058300,0.012600,0.018752,0.003168,,0.010400,0.001088,1,4,48,0,1
2793,0.113700,0.137100,0.007200,0.022400,0.023200,0.057400,0.003200,0.019232,0.003264,,0.010432,0.001120,1,4,48,0,1
2794,0.113900,0.126500,0.007000,0.022500,0.023300,0.057900,0.003200,0.018496,0.003008,,0.010784,0.001152,1,4,48,0,1
2795,0.114200,0.126700,0.006900,0.022200,0.023400,0.058200,0.003300,0.021472,0.002912,,0.012480,0.001088,1,4,48,0,1
2796,0.116500,0.127000,0.006800,0.022400,0.026300,0.057700,0.003200,0.019264,0.003200,,0.010528,0.001088,1,4,48,0,1
2797,0.112900,0.129400,0.007100,0.022200,0.022700,0.057600,0.003200,0.019104,0.003104,,0.010528,0.001088,1,4,48,0,1
2798,0.114500,0.126000,0.007000,0.022500,0.023000,0.058800,0.003100,0.018880,0.003360,,0.010176,0.001056,1,4,48,0,1
2799,0.132600,0.127600,0.006900,0.022400,0.028000,0.072000,0.003200,0.019168,0.003072,,0.013056,0.001120,1,4,48,0,1
2800,0.134400,0.145800,0.012600,0.024100,0.024400,0.070200,0.003100,0.019040,0.003040,,0.010464,0.001152,1,4,48,0,1
2801,0.123100,0.147500,0.007100,0.022700,0.023500,0.059200,0.010500,0.018464,0.003008,,0.010912,0.001152,1,4,48,0,1
2802,0.114300,0.136000,0.007200,0.022700,0.023200,0.058000,0.003200,0.019232,0.003232,,0.010464,0.001184,1,4,48,0,1
2803,0.113400,0.127100,0.007100,0.022600,0.022900,0.057500,0.003200,0.019072,0.003040,,0.010528,0.001152,1,4,48,0,1
2804,0.114100,0.126600,0.007000,0.022500,0.023100,0.058100,0.003300,0.021568,0.003040,,0.011072,0.001152,1,4,48,0,1
2805,0.113900,0.126900,0.007000,0.022500,0.023300,0.057900,0.003200,0.021632,0.002944,,0.011136,0.001120,1,4,48,0,1
2806,0.116100,0.126700,0.007000,0.022600,0.022700,0.059100,0.004400,0.022016,0.003008,,0.011360,0.001152,1,4,48,0,1
2807,0.120100,0.132400,0.007500,0.024500,0.025300,0.059400,0.003300,0.019808,0.003072,,0.013856,0.001120,1,4,48,0,1
2808,0.113700,0.136200,0.007400,0.022700,0.022900,0.057400,0.003300,0.019008,0.003008,,0.010464,0.001152,1,4,48,0,1
2809,0.113200,0.126400,0.007100,0.022200,0.022900,0.057500,0.003300,0.019360,0.003072,,0.013120,0.001152,1,4,48,0,1
2810,0.117200,0.126200,0.007100,0.022400,0.022800,0.060400,0.004300,0.018400,0.002912,,0.011008,0.001152,1,4,48,0,1
2811,0.120200,0.131800,0.007500,0.024400,0.025000,0.060100,0.003200,0.021568,0.002944,,0.012576,0.001120,1,4,48,0,1
2812,0.115200,0.133100,0.007100,0.022800,0.023700,0.058000,0.003400,0.021440,0.002944,,0.011040,0.001152,1,4,48,0,1
2813,0.114300,0.128200,0.007100,0.022400,0.023600,0.057700,0.003500,0.019200,0.003168,,0.010496,0.001152,1,4,48,0,1
2814,0.113900,0.127200,0.007100,0.022700,0.022900,0.057800,0.003200,0.018976,0.003040,,0.010368,0.001152,1,4,48,0,1
2815,0.119300,0.126700,0.007100,0.022300,0.027700,0.058800,0.003200,0.019040,0.003264,,0.010336,0.001056,1,4,48,0,1
2816,0.114800,0.132300,0.007200,0.022700,0.023200,0.058300,0.003200,0.021664,0.003072,,0.012320,0.001152,1,4,48,0,1
2817,0.114400,0.127800,0.007500,0.022500,0.022900,0.058000,0.003200,0.019040,0.003168,,0.010400,0.001056,1,4,48,0,1
2818,0.114500,0.127200,0.007200,0.022600,0.023300,0.058200,0.003200,0.018880,0.002944,,0.010400,0.001152,1,4,48,0,1
2819,0.115800,0.127500,0.007000,0.022700,0.023200,0.059500,0.003400,0.019168,0.003040,,0.012960,0.001120,1,4,48,0,1
2820,0.123600,0.128600,0.007000,0.022500,0.023800,0.057900,0.012200,0.018560,0.003040,,0.010912,0.001152,1,4,48,0,1
2821,0.112200,0.136500,0.007000,0.022200,0.022800,0.057600,0.002300,0.019040,0.003392,,0.010208,0.001056,1,4,48,0,1
2822,0.127500,0.125100,0.007000,0.022600,0.022900,0.071800,0.003100,0.021760,0.003232,,0.011040,0.001120,1,4,48,0,1
2823,0.122300,0.140400,0.007100,0.022500,0.023500,0.057700,0.011400,0.018848,0.003008,,0.010496,0.001184,1,4,48,0,1
2824,0.114000,0.135300,0.007100,0.022400,0.023600,0.057500,0.003400,0.019360,0.003392,,0.010496,0.001088,1,4,48,0,1
2825,0.123500,0.126900,0.007300,0.022400,0.022900,0.058200,0.012400,0.018368,0.002944,,0.010560,0.001152,1,4,48,0,1
2826,0.114100,0.136500,0.007000,0.022900,0.022900,0.057700,0.003200,0.021536,0.003008,,0.011040,0.001152,1,4,48,0,1
2827,0.113700,0.126900,0.007000,0.022500,0.023000,0.057600,0.003200,0.021920,0.003008,,0.011328,0.001152,1,4,48,0,1
2828,0.114100,0.126700,0.007100,0.022700,0.023100,0.057900,0.003300,0.018720,0.003200,,0.010304,0.001088,1,4,48,0,1
2829,0.113400,0.127200,0.007000,0.022300,0.023200,0.057500,0.003300,0.021184,0.002880,,0.012192,0.001152,1,4,48,0,1
2830,0.127000,0.126200,0.006900,0.022600,0.023500,0.062500,0.011200,0.021568,0.003072,,0.011008,0.001120,1,4,48,0,1
2831,0.115300,0.140100,0.007200,0.023200,0.023700,0.058000,0.003200,0.019296,0.003296,,0.010464,0.001120,1,4,48,0,1
2832,0.114300,0.128000,0.007200,0.022300,0.023100,0.058300,0.003300,0.018880,0.003168,,0.010400,0.001152,1,4,48,0,1
2833,0.114600,0.127300,0.007100,0.022600,0.023200,0.058300,0.003200,0.019328,0.003424,,0.010400,0.001152,1,4,48,0,1
2834,0.113800,0.127600,0.007000,0.022600,0.023300,0.057600,0.003200,0.019104,0.003168,,0.010464,0.001056,1,4,48,0,1
2835,0.133200,0.126700,0.007200,0.022400,0.023200,0.078300,0.001900,0.021056,0.002880,,0.012128,0.001152,1,4,48,0,1
2836,0.118300,0.146700,0.007500,0.024300,0.022200,0.060900,0.003200,0.021248,0.003072,,0.012992,0.001152,1,4,48,0,1
2837,0.115800,0.131100,0.007100,0.022600,0.023500,0.057600,0.004700,0.019072,0.003072,,0.013056,0.001184,1,4,48,0,1
2838,0.113800,0.140600,0.007000,0.022600,0.023200,0.057800,0.003100,0.019392,0.003360,,0.010464,0.001184,1,4,48,0,1
2839,0.114000,0.126500,0.007300,0.022300,0.023100,0.058000,0.003200,0.018560,0.002944,,0.010112,0.001184,1,4,48,0,1
2840,0.114200,0.127100,0.007100,0.022800,0.023100,0.057900,0.003300,0.018880,0.003040,,0.010336,0.001088,1,4,48,0,1
2841,0.113800,0.127100,0.007000,0.022600,0.023000,0.057700,0.003300,0.019232,0.003200,,0.010528,0.001120,1,4,48,0,1
2842,0.114600,0.126700,0.007100,0.022700,0.023200,0.058400,0.003200,0.018784,0.002944,,0.010432,0.001088,1,4,48,0,1
2843,0.114000,0.127700,0.007100,0.022400,0.023000,0.058100,0.003100,0.019072,0.003040,,0.013024,0.001056,1,4,48,0,1
2844,0.113500,0.126900,0.007100,0.022400,0.023100,0.057500,0.003300,0.018912,0.002880,,0.010528,0.001120,1,4,48,0,1
2845,0.113500,0.126100,0.006900,0.022700,0.023000,0.057500,0.003300,0.021504,0.003072,,0.011008,0.001152,1,4,48,0,1
2846,0.114300,0.126400,0.006900,0.022400,0.023600,0.058100,0.003200,0.019264,0.003264,,0.010496,0.001120,1,4,48,0,1
2847,0.113800,0.127200,0.007300,0.022500,0.022600,0.058000,0.003200,0.019072,0.003136,,0.010432,0.001152,1,4,48,0,1
2848,0.123600,0.126700,0.007000,0.022600,0.023000,0.058100,0.012700,0.018464,0.003008,,0.010528,0.001152,1,4,48,0,1
2849,0.128700,0.136500,0.007300,0.022500,0.028700,0.058900,0.011200,0.018624,0.003104,,0.010784,0.001184,1,4,48,0,1
2850,0.115700,0.141700,0.007200,0.022900,0.023100,0.059200,0.003100,0.018976,0.003296,,0.010240,0.001120,1,4,48,0,1
2851,0.113200,0.128600,0.007100,0.022700,0.023000,0.057900,0.002400,0.019136,0.003200,,0.010496,0.001088,1,4,48,0,1
2852,0.114600,0.126100,0.007100,0.022600,0.023300,0.058200,0.003200,0.021664,0.003040,,0.011104,0.001120,1,4,48,0,1
2853,0.121600,0.127300,0.006900,0.022700,0.023200,0.057700,0.010800,0.018528,0.003072,,0.010720,0.001152,1,4,48,0,1
2854,0.114200,0.134200,0.007200,0.022600,0.023200,0.057800,0.003200,0.021664,0.003328,,0.011360,0.001088,1,4,48,0,1
2855,0.114300,0.126900,0.007200,0.022500,0.023300,0.057700,0.003400,0.019040,0.003104,,0.010400,0.001152,1,4,48,0,1
2856,0.114600,0.127300,0.007000,0.022500,0.023500,0.058100,0.003100,0.019072,0.003104,,0.010432,0.001152,1,4,48,0,1
2857,0.113600,0.127500,0.007000,0.022400,0.023100,0.057700,0.003200,0.019040,0.003296,,0.010336,0.001056,1,4,48,0,1
2858,0.115000,0.126500,0.007100,0.022700,0.023400,0.058600,0.003100,0.019200,0.003360,,0.010432,0.001088,1,4,48,0,1
2859,0.113700,0.127800,0.007100,0.022500,0.022800,0.057900,0.003200,0.021312,0.002976,,0.011072,0.001120,1,4,48,0,1
2860,0.125000,0.126500,0.007200,0.022500,0.022900,0.070600,0.001700,0.018656,0.003232,,0.010528,0.001152,1,4,48,0,1
2861,0.113300,0.137600,0.007100,0.022500,0.023200,0.057900,0.002500,0.019040,0.003040,,0.012992,0.001088,1,4,48,0,1
2862,0.123600,0.126200,0.007100,0.022700,0.023300,0.057900,0.012600,0.018656,0.003072,,0.010912,0.001152,1,4,48,0,1
2863,0.113700,0.136500,0.007000,0.022400,0.023200,0.057800,0.003200,0.019104,0.003200,,0.010336,0.001152,1,4,48,0,1
2864,0.123600,0.126700,0.007100,0.022800,0.023200,0.068800,0.001700,0.019072,0.003264,,0.010368,0.001088,1,4,48,0,1
2865,0.122900,0.136600,0.006900,0.022700,0.023500,0.058100,0.011400,0.018720,0.003136,,0.010400,0.001184,1,4,48,0,1
2866,0.113600,0.135700,0.006900,0.022600,0.023200,0.057600,0.003200,0.021568,0.002976,,0.012384,0.001120,1,4,48,0,1
2867,0.114200,0.126500,0.007100,0.022600,0.023100,0.058000,0.003300,0.018912,0.003040,,0.010368,0.001120,1,4,48,0,1
2868,0.113600,0.126900,0.007000,0.022500,0.023000,0.057700,0.003100,0.019072,0.003168,,0.010496,0.001152,1,4,48,0,1
2869,0.113600,0.126400,0.007100,0.022800,0.023100,0.057200,0.003300,0.019136,0.003232,,0.010368,0.001152,1,4,48,0,1
2870,0.114100,0.126500,0.006900,0.022600,0.023100,0.058000,0.003200,0.019104,0.003136,,0.010464,0.001120,1,4,48,0,1
2871,0.113700,0.126700,0.007000,0.022700,0.023000,0.057500,0.003400,0.018496,0.003008,,0.010592,0.001184,1,4,48,0,1
2872,0.112800,0.126500,0.007100,0.022600,0.022800,0.057000,0.003300,0.019168,0.003168,,0.010528,0.001088,1,4,48,0,1
2873,0.113000,0.125600,0.007100,0.022600,0.022700,0.057400,0.003200,0.018432,0.003008,,0.010720,0.001120,1,4,48,0,1
2874,0.113800,0.126300,0.007000,0.022800,0.023100,0.057700,0.003200,0.021632,0.003008,,0.012448,0.001152,1,4,48,0,1
2875,0.113000,0.126800,0.007100,0.022400,0.022900,0.057400,0.003200,0.019008,0.003136,,0.010368,0.001152,1,4,48,0,1
2876,0.146900,0.125900,0.007000,0.022400,0.023100,0.085500,0.008800,0.019264,0.003136,,0.012992,0.001184,1,4,48,0,1
2877,0.118700,0.160500,0.007500,0.024200,0.024500,0.059000,0.003300,0.019072,0.003008,,0.010560,0.001152,1,4,48,0,1
2878,0.122400,0.131800,0.006900,0.022700,0.023300,0.058200,0.011200,0.018528,0.003008,,0.010656,0.001152,1,4,48,0,1
2879,0.113000,0.135200,0.006800,0.022700,0.023200,0.057900,0.002400,0.018464,0.003072,,0.010656,0.001120,1,4,48,0,1
2880,0.116600,0.130600,0.007200,0.023200,0.024000,0.058800,0.003200,0.019520,0.002944,,0.012928,0.001152,1,4,48,0,1
2881,0.113700,0.129700,0.007200,0.022400,0.022900,0.057900,0.003100,0.018624,0.003200,,0.010880,0.001120,1,4,48,0,1
2882,0.119600,0.126700,0.007200,0.022500,0.020500,0.067300,0.001900,0.020640,0.003104,,0.011648,0.001152,1,4,48,0,1
2883,0.125300,0.132300,0.006900,0.022600,0.035700,0.058000,0.001900,0.019552,0.003136,,0.009856,0.001152,1,4,48,0,1
2884,0.129200,0.142000,0.009600,0.025100,0.023200,0.067700,0.003400,0.018944,0.003136,,0.009984,0.001088,1,4,48,0,1
2885,0.121700,0.142500,0.007200,0.023000,0.029700,0.058500,0.003200,0.021472,0.003008,,0.011040,0.001120,1,4,48,0,1
2886,0.115300,0.134500,0.007200,0.022800,0.023600,0.058500,0.003100,0.019456,0.003072,,0.013024,0.001152,1,4,48,0,1
2887,0.114700,0.128300,0.007200,0.022700,0.023300,0.058300,0.003200,0.019072,0.003008,,0.012960,0.001088,1,4,48,0,1
2888,0.115000,0.127500,0.007000,0.022800,0.023700,0.058300,0.003200,0.019296,0.003168,,0.013056,0.001184,1,4,48,0,1
2889,0.114600,0.128000,0.007100,0.022700,0.023400,0.058100,0.003100,0.019104,0.003040,,0.010496,0.001152,1,4,48,0,1
2890,0.115000,0.127500,0.007300,0.022700,0.023400,0.058400,0.003100,0.019264,0.003008,,0.012960,0.001088,1,4,48,0,1
2891,0.141600,0.127800,0.007100,0.022500,0.022900,0.073700,0.015300,0.018432,0.003008,,0.010816,0.001088,1,4,48,0,1
2892,0.179000,0.160200,0.010100,0.032800,0.032200,0.099400,0.004300,0.019168,0.003008,,0.012960,0.001088,1,4,48,0,1
2893,0.122500,0.193200,0.007700,0.024900,0.025400,0.061200,0.003300,0.019232,0.003104,,0.013024,0.001120,1,4,48,0,1
2894,0.116500,0.135800,0.007100,0.023000,0.023600,0.059400,0.003300,0.019040,0.003040,,0.010496,0.001056,1,4,48,0,1
2895,0.124600,0.129400,0.007100,0.022400,0.023400,0.059000,0.012500,0.019136,0.003232,,0.010432,0.001088,1,4,48,0,1
2896,0.115800,0.137200,0.007100,0.022600,0.023600,0.059200,0.003300,0.019200,0.003168,,0.010496,0.001152,1,4,48,0,1
2897,0.124700,0.128900,0.007000,0.022400,0.023700,0.058900,0.012600,0.019008,0.003104,,0.010368,0.001152,1,4,48,0,1
2898,0.115100,0.137700,0.007000,0.022800,0.023100,0.059000,0.003200,0.019040,0.003168,,0.010432,0.001056,1,4,48,0,1
2899,0.115400,0.128000,0.007200,0.022500,0.023500,0.058700,0.003300,0.021472,0.002912,,0.012544,0.001088,1,4,48,0,1
2900,0.125600,0.128200,0.007000,0.022300,0.023300,0.070300,0.002700,0.019168,0.003232,,0.010400,0.001152,1,4,48,0,1
2901,0.116100,0.138400,0.007200,0.022900,0.023700,0.058900,0.003100,0.021536,0.002976,,0.011008,0.001152,1,4,48,0,1
2902,0.115800,0.129200,0.007300,0.022800,0.023100,0.059300,0.003200,0.019040,0.003296,,0.010272,0.001088,1,4,48,0,1
2903,0.115800,0.128900,0.007100,0.022500,0.023500,0.059500,0.003200,0.019168,0.003168,,0.010464,0.001152,1,4,48,0,1
2904,0.115400,0.128700,0.007100,0.022600,0.023300,0.059100,0.003100,0.021664,0.003008,,0.012384,0.001184,1,4,48,0,1
2905,0.114300,0.128200,0.007100,0.022500,0.023100,0.058200,0.003100,0.021344,0.003040,,0.011072,0.001152,1,4,48,0,1
2906,0.122200,0.127100,0.007000,0.022300,0.029100,0.060300,0.003300,0.019328,0.002976,,0.012928,0.001152,1,4,48,0,1
2907,0.114800,0.135200,0.007200,0.022600,0.023000,0.058700,0.003200,0.018560,0.003072,,0.010848,0.001120,1,4,48,0,1
2908,0.122200,0.127700,0.007000,0.022300,0.023100,0.058700,0.011000,0.018592,0.003072,,0.010816,0.001152,1,4,48,0,1
2909,0.121500,0.134900,0.007100,0.022700,0.023000,0.066700,0.002000,0.018720,0.003232,,0.010272,0.001088,1,4,48,0,1
2910,0.114700,0.134200,0.006900,0.022500,0.023000,0.058800,0.003300,0.018624,0.003040,,0.011008,0.001120,1,4,48,0,1
2911,0.115000,0.127600,0.007100,0.022400,0.023500,0.058600,0.003200,0.018784,0.002976,,0.010272,0.001152,1,4,48,0,1
2912,0.115700,0.128000,0.007100,0.022700,0.023400,0.059200,0.003300,0.019136,0.003232,,0.010432,0.001088,1,4,48,0,1
2913,0.122000,0.128500,0.007100,0.022400,0.022800,0.058700,0.010800,0.018720,0.003264,,0.010304,0.001088,1,4,48,0,1
2914,0.114400,0.134900,0.007100,0.022500,0.022900,0.058700,0.003200,0.019168,0.002976,,0.013056,0.001088,1,4,48,0,1
2915,0.114900,0.127200,0.007200,0.022200,0.023100,0.059000,0.003300,0.019040,0.003296,,0.010304,0.001088,1,4,48,0,1
2916,0.115600,0.127600,0.007300,0.022300,0.023600,0.059000,0.003100,0.018912,0.002880,,0.010496,0.001152,1,4,48,0,1
2917,0.113700,0.128700,0.007000,0.022500,0.023000,0.057900,0.003300,0.019136,0.003232,,0.010432,0.001056,1,4,48,0,1
2918,0.122500,0.126500,0.007000,0.022600,0.022900,0.058700,0.011100,0.018464,0.003008,,0.010848,0.001152,1,4,48,0,1
2919,0.122400,0.135200,0.007000,0.022300,0.023200,0.058800,0.010800,0.018336,0.002944,,0.010784,0.001120,1,4,48,0,1
2920,0.115300,0.135200,0.007100,0.022700,0.023100,0.059000,0.003300,0.018976,0.002976,,0.010432,0.001152,1,4,48,0,1
2921,0.124400,0.128000,0.007100,0.022600,0.023000,0.069700,0.001800,0.019328,0.003360,,0.010496,0.001120,1,4,48,0,1
2922,0.116400,0.137300,0.007300,0.023100,0.023500,0.059200,0.003300,0.019136,0.003104,,0.010464,0.001120,1,4,48,0,1
2923,0.115900,0.129200,0.007300,0.022800,0.023400,0.058900,0.003400,0.021536,0.003232,,0.011392,0.001088,1,4,48,0,1
2924,0.122300,0.128700,0.007000,0.022700,0.023200,0.058900,0.010400,0.018784,0.003136,,0.010240,0.001152,1,4,48,0,1
2925,0.115000,0.135100,0.007300,0.022700,0.022900,0.058600,0.003200,0.019264,0.003200,,0.013056,0.001088,1,4,48,0,1
2926,0.115000,0.127800,0.007000,0.022600,0.023200,0.059000,0.003100,0.019104,0.002880,,0.013024,0.001152,1,4,48,0,1
2927,0.124400,0.128100,0.007000,0.022400,0.022800,0.069700,0.002200,0.020576,0.003008,,0.011872,0.001152,1,4,48,0,1
2928,0.117300,0.137000,0.007000,0.022600,0.021100,0.063600,0.002600,0.020000,0.003040,,0.010368,0.001120,1,4,48,0,1
2929,0.113900,0.130100,0.007100,0.022400,0.022500,0.059300,0.002600,0.021216,0.002944,,0.010976,0.001120,1,4,48,0,1
2930,0.114600,0.126700,0.006900,0.022800,0.023700,0.058000,0.003100,0.018848,0.002976,,0.010304,0.001152,1,4,48,0,1
2931,0.113900,0.127600,0.007100,0.022300,0.023100,0.058200,0.003200,0.018976,0.003040,,0.010464,0.001120,1,4,48,0,1
2932,0.114000,0.127000,0.006900,0.022400,0.023100,0.058200,0.003100,0.019168,0.003136,,0.010496,0.001152,1,4,48,0,1
2933,0.114000,0.127000,0.006900,0.022200,0.023600,0.058000,0.003100,0.019104,0.003200,,0.010432,0.001088,1,4,48,0,1
2934,0.114000,0.127100,0.007100,0.022500,0.023000,0.058000,0.003200,0.019040,0.003232,,0.010336,0.001088,1,4,48,0,1
2935,0.114000,0.126800,0.007100,0.022500,0.023000,0.058100,0.003300,0.018976,0.003072,,0.010336,0.001152,1,4,48,0,1
2936,0.116900,0.126800,0.007000,0.022600,0.025900,0.058100,0.003200,0.021568,0.002976,,0.011008,0.001152,1,4,48,0,1
2937,0.122000,0.129600,0.007100,0.028800,0.023400,0.059300,0.003300,0.019168,0.003040,,0.012992,0.001088,1,4,48,0,1
2938,0.114300,0.135000,0.007000,0.022500,0.023300,0.058000,0.003200,0.021696,0.003136,,0.011008,0.001152,1,4,48,0,1
2939,0.114600,0.127100,0.007000,0.022700,0.023300,0.058300,0.003300,0.019136,0.003168,,0.010496,0.001088,1,4,48,0,1
2940,0.113800,0.127500,0.007000,0.022800,0.023100,0.057700,0.003200,0.019072,0.003168,,0.010464,0.001088,1,4,48,0,1
2941,0.113300,0.126800,0.007000,0.022600,0.023100,0.057400,0.003200,0.018496,0.002944,,0.010880,0.001184,1,4,48,0,1
2942,0.113300,0.126300,0.007000,0.022500,0.023000,0.057400,0.003300,0.019072,0.003264,,0.010368,0.001120,1,4,48,0,1
2943,0.114000,0.126000,0.007000,0.022500,0.023000,0.058100,0.003200,0.019264,0.003232,,0.013024,0.001120,1,4,48,0,1
2944,0.113300,0.127100,0.006900,0.022600,0.023000,0.057700,0.003100,0.022112,0.003168,,0.011392,0.001120,1,4,48,0,1
2945,0.114700,0.126100,0.007200,0.022400,0.023000,0.058700,0.003200,0.019168,0.003232,,0.010432,0.001152,1,4,48,0,1
2946,0.114400,0.127600,0.007100,0.022600,0.023400,0.057800,0.003300,0.019040,0.003104,,0.010464,0.001152,1,4,48,0,1
2947,0.113600,0.127200,0.007200,0.022400,0.022800,0.057800,0.003300,0.019328,0.003264,,0.010464,0.001184,1,4,48,0,1
2948,0.113100,0.126400,0.006900,0.022600,0.022900,0.057400,0.003100,0.019328,0.003264,,0.010560,0.001088,1,4,48,0,1
2949,0.114300,0.126000,0.007000,0.022700,0.022900,0.058100,0.003500,0.021664,0.003040,,0.012480,0.001152,1,4,48,0,1
2950,0.113600,0.127100,0.007100,0.022800,0.022600,0.057800,0.003200,0.019200,0.003008,,0.013024,0.001152,1,4,48,0,1
2951,0.113800,0.126400,0.007100,0.022500,0.022900,0.057900,0.003200,0.022240,0.003392,,0.011360,0.001120,1,4,48,0,1
2952,0.132400,0.126700,0.007100,0.022600,0.023200,0.074400,0.005100,0.019040,0.003136,,0.010400,0.001120,1,4,48,0,1
2953,0.118000,0.145500,0.007400,0.023700,0.024500,0.058900,0.003500,0.021632,0.002976,,0.011104,0.001152,1,4,48,0,1
2954,0.115000,0.130900,0.007200,0.022600,0.023000,0.058700,0.003300,0.018944,0.003040,,0.010304,0.001152,1,4,48,0,1
2955,0.116100,0.128000,0.007100,0.022700,0.023200,0.059600,0.003400,0.019168,0.003104,,0.013088,0.001152,1,4,48,0,1
2956,0.114300,0.129000,0.007000,0.022800,0.023300,0.058000,0.003200,0.018880,0.002944,,0.010400,0.001152,1,4,48,0,1
2957,0.114200,0.127300,0.006900,0.022400,0.023500,0.057800,0.003200,0.018816,0.003008,,0.010304,0.001152,1,4,48,0,1
2958,0.122600,0.127100,0.007000,0.022500,0.022900,0.058800,0.011300,0.018720,0.003072,,0.010176,0.001152,1,4,48,0,1
2959,0.122600,0.135400,0.007100,0.022500,0.023300,0.058500,0.011100,0.018592,0.003104,,0.010880,0.001152,1,4,48,0,1
2960,0.128200,0.135500,0.007000,0.022800,0.023600,0.072300,0.002400,0.018880,0.003232,,0.010336,0.001088,1,4,48,0,1
2961,0.117900,0.141500,0.007400,0.023000,0.023500,0.061300,0.002500,0.019424,0.002944,,0.010176,0.001152,1,4,48,0,1
2962,0.125100,0.130700,0.017000,0.023300,0.023300,0.058000,0.003400,0.021664,0.003104,,0.011040,0.001152,1,4,48,0,1
2963,0.114200,0.138000,0.007000,0.022700,0.023200,0.058100,0.003200,0.021632,0.003200,,0.011136,0.001120,1,4,48,0,1
2964,0.128100,0.127000,0.007300,0.022600,0.035000,0.060000,0.003200,0.019008,0.003136,,0.010336,0.001152,1,4,48,0,1
2965,0.114600,0.141300,0.007300,0.023200,0.023400,0.057300,0.003300,0.021728,0.003072,,0.012384,0.001184,1,4,48,0,1
2966,0.122800,0.127700,0.007200,0.022600,0.023300,0.058400,0.011300,0.018560,0.003008,,0.010400,0.001088,1,4,48,0,1
2967,0.114600,0.135700,0.007000,0.022500,0.023100,0.058400,0.003300,0.019616,0.003072,,0.012448,0.001152,1,4,48,0,1
2968,0.114300,0.127400,0.007000,0.022600,0.023200,0.058100,0.003200,0.019040,0.003136,,0.010368,0.001152,1,4,48,0,1
2969,0.114300,0.127200,0.007200,0.022600,0.023200,0.057800,0.003200,0.021632,0.003104,,0.011008,0.001184,1,4,48,0,1
2970,0.113900,0.127000,0.007100,0.022700,0.022900,0.057900,0.003200,0.019360,0.003296,,0.010560,0.001120,1,4,48,0,1
2971,0.114300,0.126600,0.007000,0.022500,0.022900,0.058500,0.003200,0.018944,0.003456,,0.010336,0.001120,1,4,48,0,1
2972,0.114300,0.127400,0.007000,0.022700,0.023400,0.058000,0.003200,0.018944,0.002976,,0.010432,0.001184,1,4,48,0,1
2973,0.113700,0.127200,0.007200,0.022700,0.023000,0.057600,0.003100,0.021696,0.003040,,0.012544,0.001152,1,4,48,0,1
2974,0.142400,0.126600,0.006800,0.022600,0.024400,0.086800,0.001800,0.018400,0.003040,,0.010944,0.001088,1,4,48,0,1
2975,0.117600,0.155300,0.007300,0.022800,0.021100,0.062800,0.003400,0.021120,0.003072,,0.012128,0.001184,1,4,48,0,1
2976,0.115300,0.130400,0.007100,0.022500,0.022800,0.059700,0.003100,0.019424,0.003072,,0.010432,0.001184,1,4,48,0,1
2977,0.113900,0.127900,0.007000,0.022600,0.022900,0.058100,0.003100,0.019104,0.003232,,0.010464,0.001088,1,4,48,0,1
2978,0.113600,0.126600,0.006900,0.022500,0.023200,0.057700,0.003100,0.019008,0.003168,,0.010368,0.001088,1,4,48,0,1
2979,0.126000,0.126400,0.007000,0.022500,0.023100,0.068600,0.004600,0.019072,0.003104,,0.010432,0.001152,1,4,48,0,1
2980,0.116300,0.139000,0.007100,0.023400,0.023600,0.058800,0.003200,0.019104,0.003104,,0.010528,0.001056,1,4,48,0,1
2981,0.114000,0.129200,0.007000,0.022800,0.023100,0.058800,0.002300,0.019264,0.003264,,0.010528,0.001088,1,4,48,0,1
2982,0.113900,0.126900,0.007400,0.022500,0.023000,0.057800,0.003200,0.019136,0.003072,,0.013024,0.001152,1,4,48,0,1
2983,0.114200,0.126800,0.007300,0.022800,0.023300,0.057500,0.003100,0.019008,0.002944,,0.013056,0.001152,1,4,48,0,1
2984,0.114100,0.127200,0.007000,0.022500,0.022800,0.058500,0.003200,0.021696,0.003168,,0.011008,0.001152,1,4,48,0,1
2985,0.114600,0.127100,0.007300,0.022700,0.023000,0.058400,0.003100,0.018976,0.003040,,0.010400,0.001120,1,4,48,0,1
2986,0.114600,0.127500,0.007300,0.022400,0.023100,0.058200,0.003400,0.021664,0.003136,,0.011040,0.001088,1,4,48,0,1
2987,0.122500,0.127300,0.007000,0.022600,0.023100,0.058600,0.011100,0.018528,0.003104,,0.010848,0.001152,1,4,48,0,1
2988,0.122000,0.135400,0.007100,0.022400,0.022900,0.058200,0.011200,0.018496,0.002944,,0.010432,0.001120,1,4,48,0,1
2989,0.114600,0.134900,0.006800,0.022600,0.023900,0.058100,0.003200,0.019072,0.003264,,0.010432,0.001056,1,4,48,0,1
2990,0.114300,0.127600,0.007200,0.022600,0.023000,0.058200,0.003200,0.021600,0.003104,,0.011008,0.001152,1,4,48,0,1
2991,0.138800,0.127300,0.007100,0.022600,0.044900,0.060700,0.003300,0.019200,0.003104,,0.013056,0.001152,1,4,48,0,1
2992,0.124200,0.152100,0.007400,0.023200,0.023100,0.058000,0.012400,0.018368,0.002912,,0.010528,0.001152,1,4,48,0,1
2993,0.123000,0.137200,0.007100,0.022500,0.023600,0.058000,0.011600,0.018784,0.003200,,0.010208,0.001184,1,4,48,0,1
2994,0.114200,0.135800,0.007100,0.022700,0.023000,0.058100,0.003300,0.018528,0.003040,,0.010560,0.001152,1,4,48,0,1
2995,0.113800,0.127200,0.007200,0.022400,0.023300,0.057600,0.003200,0.019264,0.003232,,0.010528,0.001152,1,4,48,0,1
2996,0.114000,0.126700,0.007000,0.022600,0.023000,0.058000,0.003300,0.021408,0.003040,,0.012320,0.001120,1,4,48,0,1
2997,0.114700,0.126900,0.007200,0.022800,0.023200,0.058100,0.003100,0.019200,0.003104,,0.010560,0.001152,1,4,48,0,1
2998,0.123900,0.127700,0.007000,0.022700,0.023200,0.058500,0.012300,0.018336,0.002944,,0.010880,0.001152,1,4,48,0,1
2999,0.141800,0.136700,0.007100,0.022600,0.023000,0.075800,0.013200,0.019104,0.002976,,0.012992,0.001152,1,4,48,0,1
3000,0.118400,0.154700,0.007300,0.023200,0.023900,0.060700,0.003300,0.021408,0.003200,,0.011968,0.001120,1,4,48,0,1
3001,0.122600,0.131400,0.007300,0.022700,0.023600,0.057900,0.011000,0.018688,0.003104,,0.010176,0.001152,1,4,48,0,1
3002,0.114900,0.135800,0.007100,0.022600,0.023300,0.058500,0.003300,0.019392,0.003424,,0.010464,0.001120,1,4,48,0,1
3003,0.114800,0.127800,0.007500,0.022600,0.023200,0.058200,0.003300,0.019104,0.003040,,0.013056,0.001120,1,4,48,0,1
3004,0.113700,0.127800,0.007000,0.022600,0.022900,0.057700,0.003200,0.019424,0.003136,,0.012960,0.001120,1,4,48,0,1
3005,0.122000,0.126400,0.007100,0.022600,0.023200,0.067200,0.001900,0.018464,0.002976,,0.010208,0.001088,1,4,48,0,1
3006,0.126900,0.134800,0.007100,0.022700,0.028100,0.065300,0.003700,0.021504,0.002912,,0.011040,0.001152,1,4,48,0,1
3007,0.114700,0.139900,0.007500,0.022600,0.023400,0.057900,0.003200,0.019104,0.003296,,0.010336,0.001088,1,4,48,0,1
3008,0.123500,0.127600,0.007000,0.022500,0.023100,0.059800,0.010700,0.018592,0.003136,,0.010880,0.001088,1,4,48,0,1
3009,0.114300,0.136600,0.007100,0.022500,0.023200,0.058200,0.003200,0.019072,0.003168,,0.010368,0.001120,1,4,48,0,1
3010,0.114300,0.127100,0.007100,0.022600,0.023000,0.058500,0.003100,0.019328,0.003424,,0.010400,0.001152,1,4,48,0,1
3011,0.114400,0.127200,0.007200,0.022500,0.023200,0.058200,0.003200,0.021568,0.003072,,0.011008,0.001152,1,4,48,0,1
3012,0.122200,0.127200,0.007100,0.022500,0.023200,0.058300,0.011100,0.018592,0.003104,,0.010944,0.001152,1,4,48,0,1
3013,0.113600,0.135000,0.007200,0.022400,0.022900,0.057800,0.003100,0.021568,0.002944,,0.012512,0.001120,1,4,48,0,1
3014,0.288600,0.126600,0.050200,0.050300,0.048300,0.134600,0.005000,0.019360,0.003360,,0.010176,0.001056,1,4,48,0,1
3015,0.166800,0.307600,0.009800,0.032700,0.031400,0.089400,0.003300,0.019072,0.003232,,0.010496,0.001056,1,4,48,0,1
3016,0.244300,0.184200,0.009500,0.121100,0.030200,0.079800,0.003500,0.021632,0.002976,,0.012384,0.001184,1,4,48,0,1
3017,0.162500,0.258800,0.008200,0.025800,0.024200,0.102300,0.001800,0.018368,0.002976,,0.010752,0.001152,1,4,48,0,1
3018,0.130700,0.176100,0.007400,0.023300,0.020900,0.075200,0.003700,0.020672,0.003008,,0.011680,0.001152,1,4,48,0,1
3019,0.123800,0.143800,0.007300,0.022800,0.030600,0.060600,0.002400,0.020704,0.003296,,0.011328,0.001152,1,4,48,0,1
3020,0.123800,0.136700,0.007100,0.023000,0.023800,0.059200,0.010600,0.018816,0.003296,,0.010464,0.001056,1,4,48,0,1
3021,0.121900,0.136700,0.007100,0.022700,0.023300,0.066600,0.001900,0.018560,0.003040,,0.010912,0.001152,1,4,48,0,1
3022,0.116000,0.134900,0.006900,0.022800,0.023500,0.059300,0.003300,0.021600,0.002976,,0.011072,0.001152,1,4,48,0,1
3023,0.123200,0.128900,0.007200,0.022800,0.023200,0.059300,0.010500,0.019136,0.003104,,0.010496,0.001152,1,4,48,0,1
3024,0.115800,0.136100,0.007000,0.022500,0.023500,0.059400,0.003200,0.018944,0.003136,,0.010272,0.001152,1,4,48,0,1
3025,0.114700,0.128800,0.007000,0.022400,0.023000,0.058900,0.003200,0.022016,0.003264,,0.011392,0.001056,1,4,48,0,1
3026,0.130000,0.127700,0.007000,0.029600,0.025200,0.066300,0.001700,0.018496,0.003104,,0.010720,0.001088,1,4,48,0,1
3027,0.123900,0.143500,0.007200,0.022800,0.023300,0.059600,0.010900,0.019072,0.003104,,0.010400,0.001152,1,4,48,0,1
3028,0.124200,0.136700,0.006900,0.022900,0.023300,0.069100,0.001800,0.019328,0.003328,,0.010496,0.001088,1,4,48,0,1
3029,0.125000,0.137200,0.007200,0.022900,0.023900,0.059300,0.011300,0.018912,0.002976,,0.010432,0.001088,1,4,48,0,1
3030,0.122900,0.137900,0.007100,0.022600,0.023300,0.058900,0.010900,0.018496,0.003040,,0.010688,0.001184,1,4,48,0,1
3031,0.125100,0.135700,0.007100,0.022700,0.023300,0.059200,0.012700,0.019072,0.003104,,0.010496,0.001056,1,4,48,0,1
3032,0.123500,0.138000,0.007100,0.022500,0.023700,0.059100,0.010900,0.019168,0.003136,,0.012992,0.001120,1,4,48,0,1
3033,0.134800,0.136500,0.007100,0.022500,0.023500,0.077500,0.003900,0.021440,0.003104,,0.011072,0.001152,1,4,48,0,1
3034,0.116900,0.148200,0.007300,0.024100,0.023500,0.058700,0.003200,0.019488,0.002976,,0.010400,0.001088,1,4,48,0,1
3035,0.121300,0.129900,0.007000,0.022700,0.022800,0.058300,0.010300,0.018528,0.003072,,0.010848,0.001152,1,4,48,0,1
3036,0.121800,0.134300,0.007000,0.022500,0.023100,0.058100,0.011100,0.018560,0.003008,,0.010400,0.001120,1,4,48,0,1
3037,0.121300,0.134700,0.007100,0.022500,0.022900,0.057400,0.011100,0.018496,0.003040,,0.010912,0.001120,1,4,48,0,1
3038,0.121800,0.134400,0.007000,0.022300,0.023500,0.057900,0.010800,0.019296,0.003072,,0.012896,0.001120,1,4,48,0,1
3039,0.114200,0.134900,0.007100,0.022400,0.023200,0.058200,0.003100,0.019040,0.003168,,0.010432,0.001184,1,4,48,0,1
3040,0.115000,0.127200,0.007200,0.022700,0.023400,0.058400,0.003300,0.018912,0.003040,,0.010400,0.001120,1,4,48,0,1
3041,0.122100,0.127800,0.007100,0.022500,0.023200,0.058500,0.010600,0.018368,0.003040,,0.010880,0.001120,1,4,48,0,1
3042,0.114300,0.134900,0.007400,0.022400,0.023200,0.057900,0.003200,0.021696,0.003040,,0.011104,0.001152,1,4,48,0,1
3043,0.123300,0.127400,0.007100,0.022300,0.023000,0.069100,0.001700,0.019232,0.003168,,0.010528,0.001152,1,4,48,0,1
3044,0.114900,0.136300,0.007200,0.023000,0.023300,0.058100,0.003200,0.021696,0.003232,,0.011072,0.001088,1,4,48,0,1
3045,0.114300,0.127700,0.007100,0.022700,0.023000,0.058200,0.003200,0.018688,0.003232,,0.010848,0.001120,1,4,48,0,1
3046,0.124300,0.127300,0.007100,0.022600,0.023200,0.058600,0.012800,0.019008,0.003200,,0.010304,0.001120,1,4,48,0,1
3047,0.114400,0.137300,0.007300,0.022700,0.023200,0.058500,0.002500,0.019232,0.003392,,0.010368,0.001088,1,4,48,0,1
3048,0.113800,0.127300,0.007000,0.022600,0.022900,0.057900,0.003300,0.019232,0.003200,,0.010464,0.001184,1,4,48,0,1
3049,0.113800,0.126700,0.007100,0.022600,0.022800,0.057700,0.003300,0.019200,0.002944,,0.013152,0.001152,1,4,48,0,1
3050,0.114600,0.126800,0.007200,0.022700,0.023200,0.058200,0.003200,0.019040,0.003040,,0.010464,0.001152,1,4,48,0,1
3051,0.114300,0.127400,0.007100,0.022400,0.023300,0.058200,0.003300,0.019680,0.003040,,0.012704,0.001152,1,4,48,0,1
3052,0.114200,0.127300,0.007100,0.022600,0.023200,0.057900,0.003200,0.021344,0.003040,,0.011968,0.001184,1,4,48,0,1
3053,0.121300,0.127000,0.007200,0.022600,0.023200,0.066000,0.002200,0.018400,0.002976,,0.010816,0.001152,1,4,48,0,1
3054,0.114000,0.134300,0.007000,0.022600,0.023400,0.057400,0.003300,0.022080,0.003104,,0.011392,0.001152,1,4,48,0,1
3055,0.123000,0.126800,0.007000,0.022300,0.022900,0.058000,0.012800,0.019264,0.003360,,0.010400,0.001088,1,4,48,0,1
3056,0.123000,0.136100,0.007200,0.022800,0.023100,0.058500,0.011200,0.019168,0.003360,,0.010368,0.001088,1,4,48,0,1
3057,0.113900,0.136000,0.007200,0.022500,0.023000,0.057600,0.003400,0.018944,0.003008,,0.010368,0.001120,1,4,48,0,1
3058,0.122300,0.126700,0.007000,0.022900,0.023000,0.058000,0.011100,0.019136,0.003104,,0.010496,0.001120,1,4,48,0,1
3059,0.122700,0.135300,0.007200,0.023200,0.023500,0.066800,0.002000,0.018752,0.003328,,0.010368,0.001056,1,4,48,0,1
3060,0.114700,0.135500,0.007000,0.022500,0.023500,0.058300,0.003100,0.019808,0.003104,,0.013792,0.001152,1,4,48,0,1
3061,0.122100,0.127500,0.006900,0.022800,0.023200,0.057900,0.010900,0.019232,0.003136,,0.010592,0.001120,1,4,48,0,1
3062,0.118600,0.135100,0.007200,0.022500,0.023500,0.062700,0.002700,0.018944,0.003232,,0.010368,0.001120,1,4,48,0,1
3063,0.113300,0.131400,0.007200,0.022600,0.021400,0.059800,0.002200,0.019424,0.002944,,0.010848,0.001120,1,4,48,0,1
3064,0.139400,0.135600,0.008400,0.035800,0.022800,0.069000,0.003300,0.020672,0.002912,,0.011744,0.001152,1,4,48,0,1
3065,0.115100,0.152800,0.007200,0.023100,0.023700,0.057800,0.003100,0.019008,0.003264,,0.010432,0.001056,1,4,48,0,1
3066,0.121600,0.127900,0.007100,0.022600,0.023000,0.066300,0.002500,0.018720,0.003200,,0.010848,0.001120,1,4,48,0,1
3067,0.113900,0.134500,0.007200,0.022500,0.023000,0.057900,0.003300,0.019072,0.003040,,0.010464,0.001184,1,4,48,0,1
3068,0.114400,0.126700,0.007100,0.022500,0.023400,0.058100,0.003200,0.019168,0.003200,,0.010464,0.001120,1,4,48,0,1
3069,0.113900,0.127300,0.007100,0.022700,0.023000,0.057700,0.003300,0.019200,0.003264,,0.010464,0.001056,1,4,48,0,1
3070,0.121400,0.126800,0.007100,0.022600,0.023000,0.066300,0.002300,0.018496,0.002976,,0.010944,0.001152,1,4,48,0,1
3071,0.123600,0.134300,0.007100,0.022500,0.023400,0.057900,0.012600,0.019168,0.003328,,0.010400,0.001056,1,4,48,0,1
3072,0.121600,0.136300,0.007000,0.022300,0.022800,0.057800,0.011200,0.018560,0.002976,,0.010464,0.001152,1,4,48,0,1
3073,0.118200,0.134600,0.007100,0.022600,0.023200,0.058000,0.007300,0.021472,0.002912,,0.012384,0.001120,1,4,48,0,1
3074,0.119700,0.131200,0.007200,0.023300,0.026700,0.059000,0.003300,0.019072,0.003072,,0.010464,0.001184,1,4,48,0,1
3075,0.123300,0.132800,0.007000,0.022500,0.023200,0.058000,0.012400,0.018944,0.003008,,0.010432,0.001152,1,4,48,0,1
3076,0.114200,0.136300,0.007100,0.022600,0.023200,0.057700,0.003300,0.019232,0.003072,,0.013056,0.001152,1,4,48,0,1
3077,0.114500,0.127100,0.007100,0.022600,0.023600,0.058000,0.003100,0.021312,0.002944,,0.011104,0.001152,1,4,48,0,1
3078,0.121900,0.127500,0.007100,0.022600,0.023300,0.057700,0.011100,0.019264,0.003264,,0.013024,0.001056,1,4,48,0,1
3079,0.122500,0.134700,0.007200,0.022600,0.023400,0.057900,0.011300,0.019072,0.003104,,0.010432,0.001152,1,4,48,0,1
3080,0.122100,0.135500,0.007100,0.022700,0.023200,0.058100,0.011000,0.018880,0.003264,,0.010144,0.001088,1,4,48,0,1
3081,0.114500,0.135100,0.007400,0.022600,0.023200,0.058000,0.003300,0.019168,0.003104,,0.013056,0.001120,1,4,48,0,1
3082,0.120800,0.127500,0.007000,0.022700,0.023200,0.065800,0.001900,0.018400,0.002944,,0.010784,0.001120,1,4,48,0,1
3083,0.120000,0.133700,0.007000,0.022400,0.023200,0.063600,0.003500,0.018592,0.003200,,0.010336,0.001088,1,4,48,0,1
3084,0.114000,0.132700,0.007100,0.022800,0.023200,0.057400,0.003300,0.018656,0.003104,,0.010688,0.001152,1,4,48,0,1
3085,0.113400,0.127000,0.007100,0.022400,0.023300,0.057400,0.003200,0.021536,0.002976,,0.011136,0.001184,1,4,48,0,1
3086,0.114100,0.126500,0.007000,0.022700,0.022900,0.058100,0.003200,0.018944,0.003136,,0.010304,0.001120,1,4,48,0,1
3087,0.113400,0.126900,0.007100,0.022500,0.022800,0.057500,0.003300,0.018496,0.003072,,0.010912,0.001152,1,4,48,0,1
3088,0.121100,0.126800,0.007200,0.022400,0.023000,0.066300,0.002000,0.018432,0.003072,,0.010720,0.001120,1,4,48,0,1
3089,0.120200,0.133800,0.007100,0.027700,0.023600,0.058300,0.003300,0.019264,0.003392,,0.010400,0.001056,1,4,48,0,1
3090,0.113900,0.133300,0.007200,0.022700,0.023100,0.057700,0.003200,0.021664,0.003168,,0.011392,0.001184,1,4,48,0,1
3091,0.113200,0.126700,0.007100,0.022400,0.022900,0.057300,0.003200,0.018976,0.003200,,0.010336,0.001120,1,4,48,0,1
3092,0.114500,0.126100,0.007100,0.022800,0.023100,0.058100,0.003200,0.019040,0.003232,,0.010336,0.001088,1,4,48,0,1
3093,0.121400,0.127400,0.006900,0.022500,0.023200,0.057500,0.011200,0.018528,0.003008,,0.010976,0.001152,1,4,48,0,1
3094,0.127900,0.134200,0.007100,0.022400,0.023200,0.073400,0.001700,0.018752,0.002976,,0.010432,0.001184,1,4,48,0,1
3095,0.123600,0.140700,0.007200,0.022700,0.023400,0.057400,0.012600,0.018752,0.003136,,0.010208,0.001152,1,4,48,0,1
3096,0.114500,0.136600,0.007100,0.022400,0.022900,0.058700,0.003200,0.019296,0.003328,,0.010464,0.001120,1,4,48,0,1
3097,0.113600,0.127600,0.007000,0.022700,0.022600,0.058000,0.003200,0.022176,0.003296,,0.011392,0.001056,1,4,48,0,1
3098,0.113600,0.126700,0.007000,0.022500,0.023100,0.057500,0.003200,0.019264,0.003296,,0.010496,0.001088,1,4,48,0,1
3099,0.114100,0.126300,0.007200,0.022400,0.023200,0.057800,0.003300,0.021600,0.003104,,0.011072,0.001120,1,4,48,0,1
3100,0.116700,0.127100,0.007000,0.022500,0.023000,0.061000,0.003200,0.019104,0.003264,,0.010336,0.001120,1,4,48,0,1
3101,0.120600,0.130100,0.007200,0.022500,0.023300,0.057600,0.010000,0.018432,0.002976,,0.010912,0.001152,1,4,48,0,1
3102,0.168100,0.133600,0.007100,0.063000,0.025700,0.067300,0.005000,0.019296,0.003008,,0.012992,0.001184,1,4,48,0,1
3103,0.115500,0.181600,0.007300,0.023300,0.023600,0.057700,0.003300,0.021696,0.003200,,0.011424,0.001088,1,4,48,0,1
3104,0.120900,0.128500,0.007200,0.027600,0.023300,0.059200,0.003300,0.019168,0.003264,,0.010368,0.001152,1,4,48,0,1
3105,0.113900,0.134100,0.007100,0.022500,0.023600,0.057400,0.003100,0.019264,0.003264,,0.010496,0.001152,1,4,48,0,1
3106,0.114100,0.126900,0.007000,0.022300,0.023300,0.058300,0.003200,0.018944,0.002976,,0.010464,0.001152,1,4,48,0,1
3107,0.113900,0.126900,0.007100,0.022400,0.023300,0.057700,0.003300,0.019104,0.002944,,0.012992,0.001088,1,4,48,0,1
3108,0.139200,0.126700,0.007200,0.022700,0.023300,0.083900,0.001900,0.018624,0.003072,,0.010784,0.001152,1,4,48,0,1
3109,0.128600,0.152600,0.007600,0.024500,0.031400,0.063200,0.001900,0.019936,0.003136,,0.010496,0.001152,1,4,48,0,1
3110,0.119800,0.141900,0.007500,0.023800,0.027400,0.057900,0.003100,0.020672,0.003008,,0.011456,0.001120,1,4,48,0,1
3111,0.116900,0.139500,0.010500,0.022700,0.022900,0.057400,0.003200,0.019200,0.003040,,0.013088,0.001120,1,4,48,0,1
3112,0.113900,0.129900,0.007000,0.022700,0.023300,0.057400,0.003300,0.018944,0.003072,,0.010464,0.001120,1,4,48,0,1
3113,0.114200,0.126600,0.007100,0.022600,0.023700,0.057600,0.003100,0.018912,0.003008,,0.010400,0.001088,1,4,48,0,1
3114,0.113100,0.127000,0.006900,0.022300,0.022700,0.057800,0.003300,0.018624,0.003040,,0.010208,0.001152,1,4,48,0,1
3115,0.112900,0.125800,0.007000,0.022500,0.022900,0.057200,0.003200,0.019136,0.003200,,0.010464,0.001088,1,4,48,0,1
3116,0.114000,0.125700,0.007000,0.022700,0.023200,0.057900,0.003200,0.018816,0.003008,,0.010272,0.001152,1,4,48,0,1
3117,0.113900,0.126900,0.007200,0.022400,0.023200,0.057800,0.003100,0.021984,0.003072,,0.011328,0.001184,1,4,48,0,1
3118,0.113400,0.126700,0.007000,0.022200,0.022700,0.058100,0.003200,0.019200,0.003264,,0.010400,0.001152,1,4,48,0,1
3119,0.113100,0.126400,0.007200,0.022400,0.022800,0.057300,0.003300,0.019072,0.003200,,0.010368,0.001152,1,4,48,0,1
3120,0.113800,0.125900,0.007200,0.022500,0.023000,0.057800,0.003100,0.019072,0.003168,,0.010368,0.001184,1,4,48,0,1
3121,0.113100,0.126600,0.007100,0.022700,0.022800,0.057200,0.003300,0.019168,0.003296,,0.010432,0.001088,1,4,48,0,1
3122,0.119800,0.125800,0.006900,0.022700,0.028500,0.058500,0.003200,0.019424,0.003520,,0.010432,0.001088,1,4,48,0,1
3123,0.122200,0.132900,0.007300,0.022700,0.023100,0.057800,0.011200,0.018560,0.003040,,0.010400,0.001152,1,4,48,0,1
3124,0.114600,0.135000,0.006900,0.022600,0.023400,0.058200,0.003400,0.018752,0.003232,,0.010432,0.001088,1,4,48,0,1
3125,0.113200,0.127500,0.007000,0.022500,0.023100,0.057500,0.003100,0.018592,0.003136,,0.010848,0.001152,1,4,48,0,1
3126,0.113500,0.126000,0.007100,0.022700,0.023000,0.057400,0.003100,0.019168,0.003136,,0.010496,0.001184,1,4,48,0,1
3127,0.113300,0.126300,0.006900,0.022600,0.023000,0.057300,0.003200,0.019232,0.003328,,0.010336,0.001184,1,4,48,0,1
3128,0.113600,0.126100,0.006900,0.022400,0.023400,0.057600,0.003200,0.019296,0.003264,,0.010496,0.001152,1,4,48,0,1
3129,0.121600,0.126400,0.007000,0.022600,0.023000,0.057900,0.010900,0.018464,0.003040,,0.010688,0.001152,1,4,48,0,1
3130,0.114200,0.134600,0.007000,0.022800,0.023300,0.057600,0.003300,0.021312,0.002976,,0.011104,0.001120,1,4,48,0,1
3131,0.114000,0.127200,0.007000,0.022400,0.023800,0.057600,0.003100,0.019072,0.002976,,0.013024,0.001120,1,4,48,0,1
3132,0.118400,0.126900,0.007000,0.022600,0.023000,0.060800,0.004600,0.021568,0.002976,,0.011136,0.001184,1,4,48,0,1
3133,0.210800,0.153300,0.010600,0.039700,0.035400,0.118500,0.006500,0.019072,0.003040,,0.013024,0.001152,1,4,48,0,1
3134,0.121000,0.225100,0.007800,0.025600,0.024600,0.059700,0.003300,0.019168,0.003104,,0.010496,0.001152,1,4,48,0,1
3135,0.115900,0.134400,0.007200,0.023100,0.023500,0.058700,0.003300,0.019072,0.003104,,0.010400,0.001120,1,4,48,0,1
3136,0.127000,0.129100,0.007000,0.022800,0.023500,0.062800,0.010600,0.019136,0.003360,,0.010368,0.001056,1,4,48,0,1
3137,0.125400,0.140200,0.007100,0.023100,0.024200,0.059400,0.011300,0.018400,0.003008,,0.010880,0.001088,1,4,48,0,1
3138,0.113900,0.138400,0.007000,0.022500,0.023600,0.057600,0.003100,0.019168,0.003232,,0.013024,0.001088,1,4,48,0,1
3139,0.114700,0.126700,0.007100,0.022600,0.023500,0.058200,0.003200,0.018912,0.003168,,0.010272,0.001088,1,4,48,0,1
3140,0.113900,0.127500,0.006900,0.022700,0.023600,0.057400,0.003200,0.018848,0.003072,,0.010304,0.001088,1,4,48,0,1
3141,0.113900,0.126700,0.007200,0.022300,0.023000,0.058000,0.003200,0.019040,0.003168,,0.010400,0.001088,1,4,48,0,1
3142,0.114600,0.126900,0.007000,0.022700,0.023200,0.058500,0.003200,0.021376,0.003168,,0.011008,0.001120,1,4,48,0,1
3143,0.113700,0.127300,0.007000,0.022500,0.023200,0.057800,0.003200,0.019168,0.003392,,0.010336,0.001088,1,4,48,0,1
3144,0.114000,0.126900,0.007000,0.022400,0.023500,0.057900,0.003200,0.021696,0.003072,,0.011072,0.001152,1,4,48,0,1
3145,0.114200,0.126900,0.007000,0.022400,0.023200,0.058100,0.003200,0.021280,0.002944,,0.011040,0.001184,1,4,48,0,1
3146,0.112900,0.127000,0.007000,0.022600,0.022800,0.057300,0.003100,0.019104,0.003232,,0.010400,0.001088,1,4,48,0,1
3147,0.114600,0.125800,0.007000,0.022800,0.023500,0.057900,0.003200,0.019168,0.003008,,0.013120,0.001152,1,4,48,0,1
3148,0.113500,0.127600,0.007000,0.022500,0.023000,0.057800,0.003200,0.021152,0.003008,,0.012032,0.001152,1,4,48,0,1
3149,0.113500,0.126300,0.007200,0.022700,0.023400,0.057600,0.002400,0.018464,0.002976,,0.010656,0.001152,1,4,48,0,1
3150,0.113700,0.126400,0.006900,0.022700,0.023400,0.057400,0.003100,0.018464,0.003008,,0.010976,0.001120,1,4,48,0,1
3151,0.114200,0.126700,0.007100,0.022600,0.023700,0.057500,0.003200,0.021728,0.003104,,0.012544,0.001120,1,4,48,0,1
3152,0.128300,0.127000,0.006900,0.022700,0.027900,0.059000,0.011600,0.021472,0.002976,,0.011072,0.001152,1,4,48,0,1
3153,0.114600,0.141500,0.007000,0.022800,0.023200,0.058200,0.003300,0.019232,0.003008,,0.013024,0.001120,1,4,48,0,1
3154,0.126900,0.127700,0.007200,0.022800,0.023000,0.071700,0.001900,0.020512,0.003104,,0.011456,0.001120,1,4,48,0,1
3155,0.113800,0.139900,0.007100,0.022700,0.020900,0.059500,0.003500,0.019840,0.003264,,0.010336,0.001056,1,4,48,0,1
3156,0.117000,0.126600,0.007000,0.022700,0.026500,0.057400,0.003300,0.019168,0.002976,,0.013152,0.001152,1,4,48,0,1
3157,0.122500,0.129900,0.007000,0.022800,0.023400,0.057900,0.011400,0.018432,0.003008,,0.010848,0.001152,1,4,48,0,1
3158,0.114900,0.135300,0.007000,0.022600,0.023300,0.058400,0.003500,0.019328,0.003008,,0.012896,0.001120,1,4,48,0,1
3159,0.113800,0.127900,0.007300,0.022500,0.023300,0.057500,0.003200,0.018720,0.003328,,0.010848,0.001088,1,4,48,0,1
3160,0.114300,0.126600,0.007000,0.022700,0.023300,0.058000,0.003200,0.021632,0.003136,,0.011040,0.001152,1,4,48,0,1
3161,0.114100,0.127200,0.007100,0.022400,0.023200,0.058000,0.003300,0.018944,0.003072,,0.010368,0.001152,1,4,48,0,1
3162,0.114000,0.127000,0.007200,0.022800,0.022800,0.058000,0.003200,0.019168,0.003168,,0.010528,0.001088,1,4,48,0,1
3163,0.113700,0.126800,0.007100,0.022400,0.023100,0.057700,0.003300,0.018592,0.003072,,0.010208,0.001120,1,4,48,0,1
3164,0.114300,0.126500,0.007100,0.022500,0.023300,0.058100,0.003200,0.021568,0.002976,,0.011072,0.001088,1,4,48,0,1
3165,0.113500,0.127300,0.007000,0.022400,0.023500,0.057400,0.003200,0.018656,0.003168,,0.010816,0.001152,1,4,48,0,1
3166,0.113700,0.126500,0.006900,0.022600,0.022900,0.057900,0.003300,0.019616,0.003008,,0.012512,0.001184,1,4,48,0,1
3167,0.124800,0.126600,0.007000,0.022500,0.023000,0.059000,0.013100,0.018528,0.003072,,0.010816,0.001152,1,4,48,0,1
3168,0.116200,0.137700,0.007200,0.023000,0.024400,0.058300,0.003200,0.018976,0.003104,,0.010368,0.001120,1,4,48,0,1
3169,0.114400,0.129200,0.007000,0.022600,0.023400,0.057900,0.003300,0.019008,0.003232,,0.010272,0.001152,1,4,48,0,1
3170,0.114400,0.127300,0.007000,0.022800,0.023400,0.058000,0.003200,0.019392,0.003392,,0.010528,0.001120,1,4,48,0,1
3171,0.113700,0.127200,0.007100,0.022300,0.023500,0.057600,0.003100,0.019104,0.003136,,0.010432,0.001152,1,4,48,0,1
3172,0.113600,0.126600,0.006900,0.022600,0.022900,0.057600,0.003300,0.021664,0.003008,,0.012544,0.001152,1,4,48,0,1
3173,0.114200,0.126400,0.006900,0.022500,0.023100,0.058300,0.003100,0.019104,0.003104,,0.010464,0.001184,1,4,48,0,1
3174,0.114000,0.127200,0.007100,0.022700,0.023300,0.057600,0.003100,0.019200,0.003072,,0.013088,0.001152,1,4,48,0,1
3175,0.122500,0.127000,0.007300,0.022600,0.023300,0.058300,0.011000,0.018464,0.003008,,0.010944,0.001152,1,4,48,0,1
3176,0.125600,0.135300,0.008500,0.028400,0.025100,0.060200,0.003300,0.019168,0.003232,,0.010464,0.001120,1,4,48,0,1
3177,0.114900,0.138900,0.007300,0.022800,0.023100,0.058300,0.003300,0.021632,0.002976,,0.012416,0.001152,1,4,48,0,1
3178,0.114300,0.127800,0.007000,0.022700,0.023100,0.058100,0.003100,0.019040,0.003072,,0.010464,0.001088,1,4,48,0,1
3179,0.115000,0.127500,0.007200,0.022600,0.023400,0.058600,0.003200,0.018720,0.003296,,0.010816,0.001088,1,4,48,0,1
3180,0.114200,0.127800,0.007000,0.022400,0.023200,0.058400,0.003200,0.021472,0.003104,,0.011104,0.001184,1,4,48,0,1
3181,0.113200,0.127000,0.007100,0.022500,0.023300,0.057800,0.002400,0.021664,0.003008,,0.012384,0.001152,1,4,48,0,1
3182,0.113800,0.126000,0.007000,0.022700,0.023300,0.057600,0.003100,0.021760,0.003168,,0.011072,0.001152,1,4,48,0,1
3183,0.128900,0.126700,0.007100,0.022600,0.027400,0.066600,0.005000,0.019168,0.003168,,0.010496,0.001120,1,4,48,0,1
3184,0.120100,0.143500,0.007700,0.024500,0.025100,0.059300,0.003200,0.020096,0.003232,,0.013920,0.001152,1,4,48,0,1
3185,0.114400,0.133000,0.007200,0.022600,0.023300,0.057800,0.003300,0.019456,0.003168,,0.010432,0.001056,1,4,48,0,1
3186,0.113900,0.127300,0.007000,0.022600,0.023000,0.057900,0.003200,0.019744,0.002880,,0.013920,0.001152,1,4,48,0,1
3187,0.127000,0.126900,0.007000,0.022300,0.023000,0.063300,0.011300,0.019168,0.003104,,0.010496,0.001184,1,4,48,0,1
3188,0.119100,0.140400,0.007500,0.024100,0.025100,0.058900,0.003200,0.019104,0.003040,,0.012928,0.001120,1,4,48,0,1
3189,0.125600,0.132100,0.007000,0.022400,0.023700,0.059400,0.013000,0.018624,0.003104,,0.010912,0.001152,1,4,48,0,1
3190,0.113200,0.138400,0.006900,0.022400,0.022700,0.057600,0.003200,0.018848,0.003008,,0.010272,0.001184,1,4,48,0,1
3191,0.113300,0.126000,0.007100,0.022400,0.023000,0.057500,0.003200,0.021536,0.002976,,0.011040,0.001120,1,4,48,0,1
3192,0.113200,0.126400,0.007100,0.022600,0.022700,0.057400,0.003200,0.019104,0.003136,,0.010464,0.001152,1,4,48,0,1
3193,0.113500,0.126100,0.007000,0.022700,0.023000,0.057500,0.003200,0.019264,0.003296,,0.010496,0.001120,1,4,48,0,1
3194,0.114100,0.126500,0.007100,0.022800,0.023300,0.057600,0.003200,0.019232,0.003136,,0.010560,0.001152,1,4,48,0,1
3195,0.113900,0.127100,0.007200,0.022400,0.023300,0.057700,0.003300,0.019008,0.003168,,0.010336,0.001152,1,4,48,0,1
3196,0.113100,0.126800,0.007000,0.022500,0.022800,0.057500,0.003200,0.019264,0.003104,,0.013120,0.001088,1,4,48,0,1
3197,0.113800,0.125900,0.007100,0.022600,0.023000,0.057800,0.003200,0.019200,0.003072,,0.013024,0.001120,1,4,48,0,1
3198,0.126500,0.126900,0.007200,0.022700,0.023200,0.071300,0.002000,0.018336,0.002944,,0.010560,0.001152,1,4,48,0,1
3199,0.115600,0.139500,0.007200,0.023200,0.023700,0.058300,0.003200,0.019072,0.003008,,0.010496,0.001152,1,4,48,0,1
3200,0.117600,0.128600,0.007200,0.022700,0.023500,0.061100,0.003100,0.018496,0.003008,,0.010784,0.001152,1,4,48,0,1
3201,0.148800,0.130600,0.007300,0.022400,0.034100,0.080200,0.004800,0.020896,0.003040,,0.012992,0.001152,1,4,48,0,1
3202,0.122300,0.162300,0.007500,0.024500,0.022500,0.064400,0.003400,0.020864,0.003136,,0.013184,0.001152,1,4,48,0,1
3203,0.114300,0.135200,0.007100,0.022300,0.023700,0.057800,0.003300,0.019712,0.003168,,0.010336,0.001056,1,4,48,0,1
3204,0.112700,0.127300,0.007000,0.022600,0.023100,0.057400,0.002400,0.021376,0.003072,,0.011040,0.001152,1,4,48,0,1
3205,0.122300,0.125500,0.007000,0.022200,0.023500,0.058400,0.011000,0.018528,0.003072,,0.010400,0.001184,1,4,48,0,1
3206,0.113600,0.135100,0.007000,0.022400,0.023100,0.057600,0.003300,0.019040,0.003200,,0.010368,0.001152,1,4,48,0,1
3207,0.114500,0.126400,0.007200,0.022700,0.023300,0.058000,0.003200,0.019040,0.003200,,0.010336,0.001152,1,4,48,0,1
3208,0.114300,0.127300,0.007100,0.022600,0.023200,0.058000,0.003300,0.018880,0.003136,,0.010272,0.001056,1,4,48,0,1
3209,0.113300,0.127200,0.007100,0.022500,0.023100,0.057400,0.003200,0.019104,0.003104,,0.010464,0.001152,1,4,48,0,1
3210,0.113400,0.126300,0.007000,0.022600,0.023300,0.057300,0.003200,0.019264,0.002944,,0.013152,0.001152,1,4,48,0,1
3211,0.113700,0.126400,0.007100,0.022500,0.022900,0.057900,0.003300,0.018624,0.003072,,0.010976,0.001152,1,4,48,0,1
3212,0.113300,0.126500,0.007000,0.022400,0.023200,0.057400,0.003100,0.019008,0.003168,,0.010336,0.001152,1,4,48,0,1
3213,0.112900,0.126200,0.007000,0.022500,0.023200,0.056900,0.003200,0.018592,0.003168,,0.010752,0.001152,1,4,48,0,1
3214,0.116600,0.125900,0.006900,0.022500,0.026000,0.057800,0.003300,0.019136,0.003200,,0.010496,0.001056,1,4,48,0,1
3215,0.128000,0.129700,0.007100,0.022600,0.029000,0.064500,0.004700,0.018752,0.003328,,0.010400,0.001056,1,4,48,0,1
3216,0.114300,0.141100,0.007200,0.022900,0.023100,0.057800,0.003200,0.021568,0.002976,,0.012352,0.001152,1,4,48,0,1
3217,0.114100,0.127300,0.007200,0.022600,0.023300,0.057800,0.003200,0.018848,0.003392,,0.010752,0.001152,1,4,48,0,1
3218,0.114000,0.127100,0.006900,0.022700,0.023100,0.058100,0.003100,0.021568,0.003040,,0.011040,0.001120,1,4,48,0,1
3219,0.114300,0.127000,0.007200,0.022500,0.023400,0.057900,0.003200,0.019200,0.003264,,0.010464,0.001056,1,4,48,0,1
3220,0.113900,0.127100,0.007100,0.022600,0.023300,0.057600,0.003200,0.019168,0.003104,,0.010496,0.001120,1,4,48,0,1
3221,0.114000,0.127000,0.007000,0.022700,0.023100,0.058000,0.003200,0.018464,0.003072,,0.010912,0.001088,1,4,48,0,1
3222,0.114100,0.126900,0.007100,0.022800,0.023100,0.057900,0.003200,0.018528,0.002944,,0.010400,0.001152,1,4,48,0,1
3223,0.113600,0.127100,0.007100,0.022700,0.023100,0.057500,0.003200,0.019136,0.003136,,0.010464,0.001152,1,4,48,0,1
3224,0.113500,0.126400,0.007100,0.022700,0.023100,0.057300,0.003200,0.019328,0.003040,,0.012896,0.001088,1,4,48,0,1
3225,0.113300,0.126300,0.007200,0.022500,0.022800,0.057300,0.003100,0.019200,0.003136,,0.010528,0.001184,1,4,48,0,1
3226,0.114000,0.126100,0.007100,0.022600,0.023200,0.057600,0.003400,0.019072,0.003360,,0.010208,0.001056,1,4,48,0,1
3227,0.114200,0.126600,0.007200,0.022700,0.023100,0.057900,0.003200,0.019360,0.003360,,0.010432,0.001152,1,4,48,0,1
3228,0.115100,0.127100,0.007100,0.022800,0.023100,0.058600,0.003400,0.021600,0.002976,,0.011072,0.001152,1,4,48,0,1
3229,0.113700,0.128100,0.007100,0.022400,0.023100,0.057800,0.003300,0.019328,0.003360,,0.012928,0.001088,1,4,48,0,1
3230,0.113600,0.126600,0.007200,0.022800,0.022800,0.057500,0.003200,0.021312,0.003104,,0.011040,0.001088,1,4,48,0,1
3231,0.120300,0.126600,0.011700,0.023200,0.024000,0.058100,0.003200,0.021632,0.003040,,0.011136,0.001184,1,4,48,0,1
3232,0.113800,0.133300,0.007000,0.022500,0.023100,0.057700,0.003300,0.018528,0.002976,,0.010880,0.001152,1,4,48,0,1
3233,0.113600,0.126800,0.007000,0.022600,0.023200,0.057500,0.003200,0.018624,0.003072,,0.010880,0.001152,1,4,48,0,1
3234,0.114000,0.126600,0.006900,0.022500,0.023200,0.057800,0.003200,0.019136,0.003104,,0.010464,0.001152,1,4,48,0,1
3235,0.113600,0.127100,0.007100,0.022300,0.023000,0.057800,0.003400,0.019392,0.003456,,0.010400,0.001152,1,4,48,0,1
3236,0.114000,0.126700,0.007100,0.022700,0.023000,0.057800,0.003200,0.019200,0.003296,,0.010464,0.001088,1,4,48,0,1
3237,0.113600,0.126800,0.007200,0.022500,0.022900,0.057800,0.003100,0.019136,0.003264,,0.010368,0.001088,1,4,48,0,1
3238,0.113300,0.126600,0.007000,0.022300,0.023100,0.057700,0.003200,0.019264,0.003296,,0.010464,0.001120,1,4,48,0,1
3239,0.114300,0.126100,0.007000,0.022700,0.023300,0.058000,0.003200,0.019136,0.003136,,0.010464,0.001152,1,4,48,0,1
3240,0.113900,0.127200,0.007000,0.022400,0.023400,0.057800,0.003200,0.019232,0.003392,,0.010368,0.001088,1,4,48,0,1
3241,0.113700,0.126800,0.007000,0.022600,0.023000,0.057700,0.003300,0.018592,0.003008,,0.010912,0.001184,1,4,48,0,1
3242,0.113900,0.126500,0.007000,0.022800,0.023200,0.057300,0.003400,0.018432,0.002976,,0.010944,0.001152,1,4,48,0,1
3243,0.113700,0.126800,0.007000,0.022400,0.023200,0.057700,0.003300,0.018976,0.003040,,0.010400,0.001088,1,4,48,0,1
3244,0.113800,0.126800,0.007000,0.022800,0.023000,0.057500,0.003300,0.018784,0.003264,,0.010240,0.001088,1,4,48,0,1
3245,0.113300,0.126600,0.007100,0.022400,0.023100,0.057400,0.003200,0.021600,0.002976,,0.012448,0.001120,1,4,48,0,1
3246,0.125300,0.126100,0.007100,0.022700,0.022900,0.061400,0.011000,0.019232,0.003328,,0.010464,0.001088,1,4,48,0,1
3247,0.115300,0.138500,0.007200,0.023100,0.024100,0.057600,0.003200,0.021664,0.003200,,0.011040,0.001056,1,4,48,0,1
3248,0.114400,0.128100,0.007000,0.022500,0.023100,0.059700,0.002000,0.019936,0.003232,,0.010368,0.001152,1,4,48,0,1
3249,0.113000,0.127200,0.007200,0.022400,0.020600,0.059400,0.003300,0.021152,0.003296,,0.013056,0.001088,1,4,48,0,1
3250,0.118400,0.126100,0.007100,0.022800,0.027400,0.057900,0.003100,0.019136,0.003200,,0.010368,0.001184,1,4,48,0,1
3251,0.114100,0.131400,0.007200,0.022600,0.023400,0.057500,0.003200,0.018880,0.002912,,0.010400,0.001184,1,4,48,0,1
3252,0.114700,0.127200,0.007000,0.022600,0.023300,0.058600,0.003100,0.019136,0.003200,,0.010400,0.001120,1,4,48,0,1
3253,0.125000,0.127800,0.007100,0.022400,0.023000,0.059700,0.012700,0.019232,0.003072,,0.013088,0.001152,1,4,48,0,1
3254,0.174400,0.160200,0.011000,0.032400,0.031900,0.095500,0.003300,0.020672,0.003104,,0.011712,0.001120,1,4,48,0,1
3255,0.117200,0.188700,0.007500,0.023100,0.023900,0.059500,0.003200,0.019136,0.003232,,0.010368,0.001120,1,4,48,0,1
3256,0.116600,0.130400,0.007100,0.022600,0.023600,0.060000,0.003300,0.018848,0.003392,,0.010368,0.001056,1,4,48,0,1
3257,0.115500,0.129400,0.007000,0.022900,0.023200,0.059100,0.003200,0.019072,0.003264,,0.010336,0.001088,1,4,48,0,1
3258,0.115000,0.128800,0.007000,0.022600,0.022900,0.059200,0.003200,0.021824,0.003200,,0.011072,0.001184,1,4,48,0,1
3259,0.115400,0.127800,0.007100,0.022600,0.023400,0.058900,0.003200,0.019104,0.002944,,0.013088,0.001120,1,4,48,0,1
3260,0.123700,0.128200,0.006900,0.022800,0.023200,0.058900,0.011700,0.018880,0.002912,,0.010432,0.001120,1,4,48,0,1
3261,0.128900,0.136600,0.007000,0.030200,0.025200,0.064500,0.001900,0.019840,0.003232,,0.010048,0.001056,1,4,48,0,1
3262,0.120200,0.142300,0.007300,0.026400,0.023400,0.060500,0.002500,0.019648,0.003264,,0.010368,0.001088,1,4,48,0,1
3263,0.113000,0.133000,0.007200,0.022500,0.023000,0.057700,0.002300,0.019104,0.003040,,0.013088,0.001152,1,4,48,0,1
3264,0.113600,0.125700,0.007100,0.022500,0.022900,0.057900,0.003100,0.019264,0.003072,,0.012992,0.001152,1,4,48,0,1
3265,0.113900,0.126500,0.007000,0.022600,0.023200,0.057800,0.003200,0.018624,0.003136,,0.012544,0.001152,1,4,48,0,1
3266,0.113100,0.126800,0.007100,0.022400,0.023000,0.057300,0.003200,0.019136,0.003072,,0.010496,0.001184,1,4,48,0,1
3267,0.114400,0.126000,0.007200,0.022700,0.023500,0.057800,0.003200,0.019296,0.003008,,0.013088,0.001152,1,4,48,0,1
3268,0.113700,0.127300,0.007000,0.022800,0.023000,0.057600,0.003200,0.021344,0.003072,,0.012032,0.001152,1,4,48,0,1
3269,0.114000,0.126700,0.007000,0.022800,0.023200,0.057800,0.003200,0.019168,0.003232,,0.010528,0.001056,1,4,48,0,1
3270,0.113800,0.126900,0.007000,0.022800,0.023000,0.057700,0.003200,0.021472,0.002976,,0.011072,0.001088,1,4,48,0,1
3271,0.121800,0.126800,0.006900,0.022400,0.023400,0.057900,0.011200,0.018784,0.003168,,0.010176,0.001152,1,4,48,0,1
3272,0.125400,0.135000,0.007200,0.022900,0.023400,0.058900,0.012800,0.018496,0.003008,,0.010528,0.001152,1,4,48,0,1
3273,0.113900,0.138300,0.007000,0.022700,0.023000,0.057900,0.003100,0.019392,0.003232,,0.010592,0.001152,1,4,48,0,1
3274,0.113300,0.126700,0.007000,0.022700,0.022900,0.057500,0.003100,0.021344,0.003232,,0.012032,0.001120,1,4,48,0,1
3275,0.114800,0.126300,0.007200,0.022600,0.023200,0.058600,0.003100,0.019328,0.003392,,0.010528,0.001088,1,4,48,0,1
3276,0.114000,0.127800,0.007300,0.022700,0.022900,0.057700,0.003100,0.019168,0.003168,,0.010528,0.001088,1,4,48,0,1
3277,0.116300,0.131600,0.007300,0.023400,0.023500,0.058700,0.003200,0.019008,0.003232,,0.010368,0.001056,1,4,48,0,1
3278,0.114500,0.129200,0.007200,0.022800,0.023400,0.057800,0.003200,0.019488,0.002912,,0.012128,0.001152,1,4,48,0,1
3279,0.113700,0.127400,0.006900,0.022700,0.023000,0.057700,0.003100,0.019232,0.002976,,0.012960,0.001184,1,4,48,0,1
3280,0.113800,0.126500,0.006900,0.022500,0.023400,0.057600,0.003100,0.021312,0.003232,,0.012064,0.001088,1,4,48,0,1
3281,0.113900,0.126800,0.007000,0.022600,0.022900,0.057900,0.003400,0.019264,0.003360,,0.010464,0.001088,1,4,48,0,1
3282,0.114600,0.127200,0.007000,0.022700,0.023100,0.058500,0.003200,0.019360,0.003104,,0.013088,0.001152,1,4,48,0,1
3283,0.113700,0.127300,0.007100,0.022500,0.022900,0.057800,0.003200,0.021344,0.002944,,0.012416,0.001184,1,4,48,0,1
3284,0.114100,0.126500,0.007000,0.022400,0.023200,0.058200,0.003300,0.019104,0.003136,,0.010432,0.001120,1,4,48,0,1
3285,0.113400,0.127000,0.007100,0.022600,0.022700,0.057700,0.003200,0.019136,0.003136,,0.010464,0.001120,1,4,48,0,1
3286,0.114300,0.126500,0.007000,0.022700,0.022600,0.058500,0.003200,0.021568,0.002944,,0.011264,0.001152,1,4,48,0,1
3287,0.121000,0.127200,0.007100,0.022400,0.023600,0.063600,0.004100,0.018464,0.003040,,0.010176,0.001056,1,4,48,0,1
3288,0.113800,0.133800,0.007100,0.022600,0.023100,0.057700,0.003100,0.021248,0.002976,,0.012032,0.001184,1,4,48,0,1
3289,0.114200,0.126500,0.007200,0.022600,0.023400,0.057500,0.003300,0.019168,0.003008,,0.013056,0.001152,1,4,48,0,1
3290,0.114200,0.127000,0.007000,0.022700,0.023300,0.057700,0.003400,0.019200,0.003264,,0.010496,0.001056,1,4,48,0,1
3291,0.114100,0.127000,0.006900,0.022600,0.023300,0.057800,0.003200,0.021568,0.002944,,0.011072,0.001152,1,4,48,0,1
3292,0.126000,0.126900,0.006900,0.022500,0.026200,0.068600,0.001800,0.019168,0.003232,,0.010432,0.001120,1,4,48,0,1
3293,0.115900,0.139300,0.007400,0.023300,0.023500,0.058300,0.003400,0.021632,0.003136,,0.012448,0.001120,1,4,48,0,1
3294,0.113500,0.128800,0.007100,0.022700,0.023200,0.058200,0.002100,0.020864,0.003168,,0.011392,0.001056,1,4,48,0,1
3295,0.115600,0.126400,0.007100,0.022600,0.022000,0.059700,0.004100,0.021280,0.003136,,0.012192,0.001120,1,4,48,0,1
3296,0.110600,0.128200,0.006900,0.022200,0.020600,0.058100,0.002500,0.018880,0.003360,,0.010016,0.001088,1,4,48,0,1
3297,0.113800,0.123300,0.006900,0.022000,0.020400,0.061000,0.003400,0.021120,0.003008,,0.012096,0.001120,1,4,48,0,1
3298,0.115500,0.127100,0.007000,0.022500,0.023700,0.058800,0.003200,0.019072,0.003296,,0.010272,0.001120,1,4,48,0,1
3299,0.124200,0.128200,0.007300,0.022700,0.023300,0.058100,0.012700,0.018624,0.003104,,0.010336,0.001152,1,4,48,0,1
3300,0.117300,0.137100,0.007000,0.022300,0.023400,0.061200,0.003200,0.020896,0.003328,,0.011488,0.001152,1,4,48,0,1
3301,0.114100,0.130200,0.007200,0.022600,0.023300,0.057400,0.003400,0.018784,0.003360,,0.010592,0.001120,1,4,48,0,1
3302,0.122800,0.127000,0.007200,0.022600,0.023500,0.058000,0.011300,0.019296,0.003232,,0.010560,0.001120,1,4,48,0,1
3303,0.113900,0.135700,0.007000,0.022500,0.023300,0.057800,0.003300,0.021344,0.002944,,0.012448,0.001152,1,4,48,0,1
3304,0.114400,0.126800,0.007000,0.022800,0.023500,0.057800,0.003200,0.021600,0.002976,,0.011104,0.001152,1,4,48,0,1
3305,0.115300,0.127200,0.007000,0.022900,0.023600,0.058500,0.003200,0.021760,0.003104,,0.011104,0.001152,1,4,48,0,1
3306,0.113800,0.128700,0.007000,0.022600,0.022900,0.058000,0.003100,0.021600,0.003072,,0.010944,0.001152,1,4,48,0,1
3307,0.114200,0.126800,0.007200,0.022400,0.023300,0.057900,0.003300,0.021504,0.002976,,0.012448,0.001088,1,4,48,0,1
3308,0.120500,0.126900,0.006900,0.027700,0.023700,0.058800,0.003200,0.019040,0.003264,,0.010240,0.001120,1,4,48,0,1
3309,0.114300,0.133600,0.007200,0.022600,0.023500,0.057600,0.003200,0.019232,0.003264,,0.010496,0.001088,1,4,48,0,1
3310,0.113700,0.127000,0.007100,0.022500,0.023100,0.057700,0.003100,0.019104,0.003232,,0.010368,0.001056,1,4,48,0,1
3311,0.113900,0.126500,0.007000,0.022600,0.023200,0.057700,0.003200,0.019264,0.003008,,0.012960,0.001152,1,4,48,0,1
3312,0.114000,0.126600,0.006900,0.022300,0.023100,0.058400,0.003100,0.021600,0.003040,,0.012480,0.001120,1,4,48,0,1
3313,0.113800,0.126800,0.007200,0.022400,0.023200,0.057600,0.003200,0.022176,0.003264,,0.011392,0.001088,1,4,48,0,1
3314,0.114200,0.126500,0.007100,0.022300,0.023800,0.057500,0.003300,0.018496,0.003008,,0.010912,0.001152,1,4,48,0,1
3315,0.114200,0.126900,0.007300,0.022500,0.023100,0.057900,0.003200,0.021600,0.002944,,0.011168,0.001152,1,4,48,0,1
3316,0.114300,0.126900,0.007100,0.022500,0.023700,0.057800,0.003200,0.021472,0.002976,,0.011072,0.001152,1,4,48,0,1
3317,0.121600,0.127500,0.007100,0.022600,0.023100,0.057900,0.010700,0.018656,0.003296,,0.010400,0.001120,1,4,48,0,1
3318,0.114500,0.134400,0.007100,0.023000,0.023100,0.057900,0.003300,0.021440,0.003008,,0.011040,0.001184,1,4,48,0,1
3319,0.113800,0.127400,0.007100,0.022400,0.023100,0.057800,0.003200,0.019072,0.003136,,0.010464,0.001120,1,4,48,0,1
3320,0.114500,0.126500,0.007000,0.022700,0.023300,0.058200,0.003300,0.019200,0.003232,,0.010496,0.001088,1,4,48,0,1
3321,0.114400,0.127300,0.007100,0.022600,0.023500,0.058000,0.003200,0.018528,0.003040,,0.010656,0.001152,1,4,48,0,1
3322,0.113800,0.127300,0.007200,0.022500,0.023000,0.057900,0.003200,0.019200,0.003328,,0.010432,0.001056,1,4,48,0,1
3323,0.127900,0.126600,0.007200,0.022500,0.023400,0.062400,0.012200,0.021472,0.003072,,0.011008,0.001088,1,4,48,0,1
3324,0.115100,0.141000,0.007100,0.023000,0.023500,0.057900,0.003300,0.021696,0.003104,,0.011072,0.001152,1,4,48,0,1
3325,0.113700,0.127900,0.007100,0.022500,0.023100,0.057700,0.003200,0.018528,0.003136,,0.010752,0.001120,1,4,48,0,1
3326,0.113500,0.126600,0.007100,0.022600,0.023100,0.057400,0.003200,0.019264,0.003488,,0.010464,0.001088,1,4,48,0,1
3327,0.114000,0.126300,0.007200,0.022500,0.023300,0.057600,0.003300,0.019200,0.003392,,0.010336,0.001088,1,4,48,0,1
3328,0.113600,0.126900,0.007000,0.022500,0.023000,0.057900,0.003100,0.019040,0.002912,,0.013120,0.001088,1,4,48,0,1
3329,0.113700,0.126300,0.007100,0.022500,0.023200,0.057500,0.003200,0.019040,0.003040,,0.013024,0.001152,1,4,48,0,1
3330,0.123900,0.126700,0.007100,0.022600,0.023000,0.058500,0.012400,0.018528,0.003008,,0.010912,0.001152,1,4,48,0,1
3331,0.128800,0.136800,0.007000,0.022300,0.033000,0.063200,0.003300,0.018752,0.003232,,0.010432,0.001120,1,4,48,0,1
3332,0.115400,0.142200,0.007400,0.023600,0.023200,0.057800,0.003200,0.019648,0.003040,,0.012384,0.001184,1,4,48,0,1
3333,0.113900,0.128200,0.007100,0.022400,0.023200,0.057900,0.003100,0.019168,0.003264,,0.010368,0.001152,1,4,48,0,1
3334,0.122300,0.126800,0.007100,0.022600,0.022700,0.058800,0.011000,0.018688,0.003104,,0.010304,0.001152,1,4,48,0,1
3335,0.114300,0.135200,0.007100,0.022600,0.023400,0.057900,0.003100,0.019136,0.003232,,0.010400,0.001120,1,4,48,0,1
3336,0.113800,0.127300,0.007000,0.022500,0.023600,0.057500,0.003200,0.021792,0.003232,,0.011072,0.001120,1,4,48,0,1
3337,0.113800,0.126700,0.007100,0.022600,0.023300,0.057600,0.003100,0.021568,0.003040,,0.011136,0.001152,1,4,48,0,1
3338,0.114300,0.126700,0.007200,0.022700,0.023400,0.057600,0.003200,0.019200,0.003232,,0.010464,0.001120,1,4,48,0,1
3339,0.129600,0.127200,0.008700,0.032800,0.025400,0.060100,0.002500,0.018528,0.003040,,0.012544,0.001152,1,4,48,0,1
3340,0.127100,0.147400,0.007200,0.022700,0.020800,0.073900,0.002500,0.019648,0.003072,,0.010464,0.001120,1,4,48,0,1
3341,0.165700,0.140000,0.007100,0.022500,0.020700,0.110600,0.004700,0.020064,0.003296,,0.010432,0.001120,1,4,48,0,1
3342,0.196100,0.188000,0.012000,0.044900,0.036800,0.097100,0.004900,0.021280,0.003232,,0.012000,0.001056,1,4,48,0,1
3343,0.176100,0.215800,0.011000,0.033500,0.034700,0.090800,0.005800,0.018944,0.003200,,0.010272,0.001088,1,4,48,0,1
3344,0.152300,0.195300,0.010300,0.032700,0.029700,0.073800,0.005700,0.018400,0.002944,,0.010912,0.001184,1,4,48,0,1
3345,0.140300,0.168400,0.009000,0.027900,0.028700,0.070200,0.004500,0.019104,0.003040,,0.010528,0.001120,1,4,48,0,1
3346,0.138300,0.156400,0.008700,0.027400,0.028700,0.071300,0.002200,0.019360,0.003328,,0.010528,0.001088,1,4,48,0,1
3347,0.152300,0.154300,0.009000,0.027700,0.029000,0.072500,0.014000,0.018496,0.003040,,0.010880,0.001152,1,4,48,0,1
3348,0.142500,0.168100,0.008700,0.027700,0.028800,0.072800,0.004300,0.021824,0.003296,,0.011104,0.001056,1,4,48,0,1
3349,0.139100,0.158600,0.009000,0.027100,0.028300,0.070100,0.004400,0.019520,0.002944,,0.012480,0.001152,1,4,48,0,1
3350,0.137800,0.155100,0.008700,0.027200,0.028100,0.069500,0.004300,0.018528,0.003008,,0.010432,0.001152,1,4,48,0,1
3351,0.140100,0.154000,0.009000,0.027200,0.028500,0.071200,0.004000,0.018592,0.003136,,0.010848,0.001152,1,4,48,0,1
3352,0.147700,0.168900,0.008700,0.027600,0.039400,0.070100,0.001900,0.018944,0.003200,,0.010272,0.001088,1,4,48,0,1
3353,0.115700,0.161500,0.007300,0.023100,0.023800,0.058300,0.003100,0.021504,0.002912,,0.011072,0.001152,1,4,48,0,1
3354,0.118600,0.128600,0.007300,0.022600,0.026200,0.059100,0.003300,0.018944,0.003008,,0.010400,0.001120,1,4,48,0,1
3355,0.114300,0.131300,0.007100,0.022500,0.023200,0.058100,0.003200,0.019008,0.003136,,0.010336,0.001152,1,4,48,0,1
3356,0.123200,0.127200,0.007100,0.022700,0.023700,0.058500,0.011000,0.018592,0.003072,,0.010240,0.001120,1,4,48,0,1
3357,0.114700,0.136100,0.007000,0.022600,0.023400,0.058300,0.003200,0.021536,0.003040,,0.011136,0.001152,1,4,48,0,1
3358,0.114700,0.127500,0.007100,0.022600,0.023400,0.058200,0.003200,0.019616,0.003136,,0.012704,0.001088,1,4,48,0,1
3359,0.124000,0.127700,0.007200,0.022800,0.023300,0.058200,0.012400,0.018752,0.003264,,0.010368,0.001120,1,4,48,0,1
3360,0.114700,0.137100,0.007000,0.022900,0.023200,0.058200,0.003200,0.019616,0.003136,,0.012992,0.001152,1,4,48,0,1
3361,0.114500,0.127900,0.007200,0.022500,0.023200,0.058100,0.003300,0.018976,0.002944,,0.013024,0.001152,1,4,48,0,1
3362,0.113700,0.127400,0.007000,0.022500,0.023100,0.057700,0.003200,0.019200,0.003328,,0.010432,0.001088,1,4,48,0,1
3363,0.121900,0.126500,0.007200,0.022300,0.023000,0.057800,0.011400,0.018464,0.002944,,0.010656,0.001152,1,4,48,0,1
3364,0.114200,0.134700,0.007100,0.022600,0.023000,0.058000,0.003400,0.019200,0.002976,,0.013120,0.001120,1,4,48,0,1
3365,0.120500,0.126900,0.007100,0.028300,0.023400,0.058300,0.003200,0.021568,0.003072,,0.011008,0.001152,1,4,48,0,1
3366,0.122000,0.133600,0.007200,0.022500,0.022900,0.057700,0.011500,0.018560,0.003040,,0.010400,0.001152,1,4,48,0,1
3367,0.114100,0.134800,0.007100,0.022400,0.023000,0.058100,0.003200,0.019168,0.003072,,0.012992,0.001152,1,4,48,0,1
3368,0.113800,0.127000,0.007000,0.022500,0.023100,0.057900,0.003100,0.019200,0.003296,,0.010464,0.001120,1,4,48,0,1
3369,0.113600,0.126600,0.007200,0.022500,0.022700,0.057800,0.003100,0.019136,0.003328,,0.010272,0.001120,1,4,48,0,1
3370,0.244200,0.126300,0.006900,0.022500,0.027700,0.182800,0.004200,0.019008,0.002944,,0.010496,0.001152,1,4,48,0,1
3371,0.178100,0.264400,0.019100,0.033500,0.032700,0.089100,0.003500,0.019136,0.003232,,0.010432,0.001088,1,4,48,0,1
3372,0.162400,0.195300,0.009400,0.031100,0.031200,0.087000,0.003600,0.018592,0.003104,,0.010880,0.001152,1,4,48,0,1
3373,0.203200,0.179300,0.009500,0.030300,0.030500,0.127900,0.004600,0.019232,0.003072,,0.010592,0.001152,1,4,48,0,1
3374,0.167200,0.220300,0.010000,0.032000,0.031000,0.082500,0.011600,0.021504,0.003264,,0.011008,0.001088,1,4,48,0,1
3375,0.169800,0.184800,0.009500,0.031000,0.030900,0.094500,0.003900,0.021568,0.003072,,0.011008,0.001120,1,4,48,0,1
3376,0.163300,0.186500,0.009400,0.030900,0.030800,0.088400,0.003600,0.019072,0.003008,,0.010560,0.001152,1,4,48,0,1
3377,0.163400,0.179900,0.009500,0.030500,0.030500,0.089200,0.003500,0.019040,0.003232,,0.010336,0.001120,1,4,48,0,1
3378,0.163800,0.180200,0.009300,0.030600,0.031100,0.089000,0.003500,0.019488,0.003072,,0.012928,0.001152,1,4,48,0,1
3379,0.169000,0.180400,0.009200,0.046400,0.027800,0.082100,0.003500,0.019968,0.003232,,0.010080,0.001088,1,4,48,0,1
3380,0.121300,0.183500,0.008100,0.025200,0.021600,0.063000,0.003300,0.020960,0.003136,,0.011424,0.001120,1,4,48,0,1
3381,0.116100,0.134300,0.007000,0.023000,0.024000,0.058700,0.003200,0.019008,0.003104,,0.010496,0.001184,1,4,48,0,1
3382,0.115200,0.129000,0.007000,0.022700,0.023500,0.058600,0.003200,0.019072,0.003264,,0.010336,0.001056,1,4,48,0,1
3383,0.121700,0.128100,0.007200,0.022400,0.023600,0.062800,0.005600,0.018688,0.003136,,0.010208,0.001152,1,4,48,0,1
3384,0.115600,0.134600,0.007200,0.023000,0.023600,0.058500,0.003200,0.021600,0.003168,,0.011392,0.001152,1,4,48,0,1
3385,0.113900,0.128500,0.007300,0.022500,0.023000,0.057900,0.003100,0.021632,0.003008,,0.011040,0.001152,1,4,48,0,1
3386,0.122000,0.126800,0.007100,0.022700,0.023100,0.059200,0.009900,0.019264,0.003168,,0.013056,0.001184,1,4,48,0,1
3387,0.121700,0.135200,0.007100,0.022200,0.023400,0.057900,0.011100,0.019040,0.003072,,0.013024,0.001120,1,4,48,0,1
3388,0.121500,0.134600,0.007100,0.022800,0.023700,0.058200,0.009500,0.019104,0.003008,,0.010560,0.001152,1,4,48,0,1
3389,0.122400,0.134200,0.007000,0.022800,0.023800,0.058100,0.010700,0.019008,0.003232,,0.010304,0.001088,1,4,48,0,1
3390,0.120700,0.135300,0.007100,0.022200,0.023200,0.066100,0.001900,0.018464,0.003008,,0.010464,0.001184,1,4,48,0,1
3391,0.113700,0.133600,0.007000,0.022700,0.023200,0.057700,0.003100,0.021344,0.002976,,0.011040,0.001120,1,4,48,0,1
3392,0.127400,0.126700,0.007000,0.028100,0.023900,0.059000,0.009400,0.019136,0.003200,,0.010432,0.001152,1,4,48,0,1
3393,0.119800,0.140500,0.007300,0.022700,0.028300,0.058200,0.003100,0.021696,0.003008,,0.011104,0.001184,1,4,48,0,1
3394,0.121900,0.132900,0.007200,0.022600,0.023100,0.058300,0.010300,0.018464,0.002976,,0.010816,0.001120,1,4,48,0,1
3395,0.122900,0.134800,0.007000,0.022700,0.023500,0.064400,0.005300,0.018464,0.003072,,0.010464,0.001152,1,4,48,0,1
3396,0.120800,0.135800,0.006900,0.022400,0.023000,0.058400,0.010000,0.019104,0.003008,,0.010560,0.001152,1,4,48,0,1
3397,0.114000,0.133700,0.007200,0.022500,0.023200,0.057900,0.003200,0.021312,0.003072,,0.011040,0.001120,1,4,48,0,1
3398,0.114800,0.127100,0.007100,0.022700,0.023500,0.058200,0.003300,0.021632,0.003136,,0.011040,0.001056,1,4,48,0,1
3399,0.113200,0.127900,0.007000,0.022400,0.022800,0.057600,0.003200,0.021632,0.003040,,0.011072,0.001184,1,4,48,0,1
3400,0.126600,0.126100,0.007000,0.022300,0.026400,0.067400,0.003300,0.018464,0.003008,,0.010752,0.001152,1,4,48,0,1
3401,0.124700,0.139900,0.007500,0.023900,0.023600,0.058600,0.010900,0.018432,0.003008,,0.010848,0.001152,1,4,48,0,1
3402,0.115700,0.137600,0.007200,0.022800,0.023900,0.058500,0.003300,0.021344,0.003008,,0.011072,0.001152,1,4,48,0,1
3403,0.113600,0.128600,0.007000,0.022400,0.023300,0.057500,0.003400,0.021600,0.002944,,0.012448,0.001184,1,4,48,0,1
3404,0.113600,0.126400,0.007000,0.022500,0.023100,0.057500,0.003400,0.019232,0.003008,,0.012896,0.001120,1,4,48,0,1
3405,0.124000,0.126600,0.007100,0.022300,0.023500,0.059600,0.011300,0.018496,0.003008,,0.010720,0.001184,1,4,48,0,1
3406,0.127200,0.136900,0.006900,0.022700,0.023200,0.072200,0.002100,0.019328,0.002944,,0.012992,0.001184,1,4,48,0,1
3407,0.120700,0.140100,0.007000,0.022400,0.028800,0.059200,0.003200,0.021632,0.003072,,0.011040,0.001152,1,4,48,0,1
3408,0.121100,0.138200,0.008600,0.024400,0.025400,0.059100,0.003400,0.019904,0.003040,,0.013920,0.001184,1,4,48,0,1
3409,0.115100,0.136100,0.009400,0.022600,0.023000,0.057300,0.002500,0.019904,0.003136,,0.013888,0.001120,1,4,48,0,1
3410,0.114500,0.128000,0.007100,0.022600,0.023500,0.057700,0.003500,0.021536,0.002976,,0.011104,0.001120,1,4,48,0,1
3411,0.113800,0.127300,0.007000,0.022400,0.023200,0.057800,0.003200,0.019200,0.003200,,0.010528,0.001088,1,4,48,0,1
3412,0.114300,0.126800,0.007200,0.022600,0.023100,0.057800,0.003400,0.019008,0.003008,,0.010464,0.001152,1,4,48,0,1
3413,0.114400,0.127300,0.007100,0.022700,0.023100,0.058300,0.003100,0.021600,0.003008,,0.012352,0.001152,1,4,48,0,1
3414,0.113300,0.127300,0.007100,0.022300,0.022900,0.057600,0.003200,0.021568,0.003200,,0.012448,0.001120,1,4,48,0,1
3415,0.112700,0.126300,0.007100,0.022400,0.023000,0.057000,0.003100,0.021664,0.003264,,0.011360,0.001088,1,4,48,0,1
3416,0.114000,0.125400,0.007200,0.022600,0.023200,0.057700,0.003200,0.018720,0.003104,,0.010304,0.001152,1,4,48,0,1
3417,0.114500,0.126900,0.007100,0.022700,0.022900,0.057500,0.004100,0.019328,0.003040,,0.012960,0.001120,1,4,48,0,1
3418,0.113500,0.130200,0.007100,0.022900,0.022800,0.057200,0.003500,0.019808,0.003040,,0.013856,0.001120,1,4,48,0,1
3419,0.113600,0.126500,0.007000,0.022500,0.023400,0.057500,0.003200,0.019168,0.003264,,0.010432,0.001088,1,4,48,0,1
3420,0.113600,0.126500,0.006900,0.022400,0.023200,0.057900,0.003200,0.019264,0.003392,,0.010336,0.001120,1,4,48,0,1
3421,0.113600,0.126300,0.006900,0.022700,0.023000,0.057600,0.003100,0.019648,0.003040,,0.012672,0.001120,1,4,48,0,1
3422,0.127600,0.126500,0.006900,0.022600,0.023500,0.062000,0.012600,0.021632,0.003136,,0.011040,0.001088,1,4,48,0,1
3423,0.116200,0.140500,0.007200,0.022800,0.023900,0.058800,0.003200,0.019200,0.003200,,0.010528,0.001088,1,4,48,0,1
3424,0.113800,0.129300,0.007100,0.022800,0.023200,0.057400,0.003200,0.021472,0.002880,,0.011040,0.001184,1,4,48,0,1
3425,0.113600,0.126600,0.007100,0.022300,0.023400,0.058400,0.002000,0.020288,0.003136,,0.011424,0.001152,1,4,48,0,1
3426,0.136600,0.126500,0.007100,0.022700,0.031600,0.071600,0.003500,0.019808,0.003040,,0.010432,0.001152,1,4,48,0,1
3427,0.117400,0.149700,0.007300,0.022900,0.022800,0.060700,0.003500,0.020000,0.002976,,0.013056,0.001184,1,4,48,0,1
3428,0.114900,0.130100,0.007200,0.022600,0.023700,0.058100,0.003300,0.018720,0.003328,,0.010784,0.001120,1,4,48,0,1
3429,0.115300,0.127900,0.007200,0.022600,0.023200,0.058900,0.003200,0.021696,0.002944,,0.011200,0.001120,1,4,48,0,1
3430,0.122700,0.128400,0.007000,0.022500,0.023100,0.058900,0.011000,0.018464,0.003008,,0.010880,0.001152,1,4,48,0,1
3431,0.115900,0.135700,0.007100,0.022600,0.023500,0.059300,0.003200,0.021568,0.003072,,0.011360,0.001184,1,4,48,0,1
3432,0.113600,0.128800,0.007400,0.022600,0.022900,0.057400,0.003000,0.019232,0.003264,,0.010464,0.001088,1,4,48,0,1
3433,0.113900,0.126400,0.007100,0.022400,0.023200,0.057800,0.003200,0.019040,0.003072,,0.010432,0.001184,1,4,48,0,1
3434,0.114400,0.126600,0.007100,0.022500,0.023300,0.058200,0.003200,0.019136,0.003296,,0.010336,0.001088,1,4,48,0,1
3435,0.114700,0.127300,0.007100,0.022900,0.023400,0.057900,0.003200,0.019136,0.003360,,0.010336,0.001088,1,4,48,0,1
3436,0.112900,0.127500,0.007000,0.022600,0.022800,0.057100,0.003100,0.019232,0.003008,,0.013056,0.001152,1,4,48,0,1
3437,0.123700,0.125800,0.007100,0.022600,0.023200,0.059100,0.011700,0.019136,0.003328,,0.010304,0.001152,1,4,48,0,1
3438,0.129000,0.136500,0.007100,0.027800,0.023600,0.059800,0.010600,0.018656,0.003168,,0.010912,0.001152,1,4,48,0,1
3439,0.121800,0.149300,0.007500,0.024900,0.025100,0.061100,0.003100,0.021600,0.003040,,0.011040,0.001088,1,4,48,0,1
3440,0.122000,0.135100,0.007000,0.022700,0.023100,0.059400,0.009600,0.018560,0.003072,,0.010816,0.001152,1,4,48,0,1
3441,0.122900,0.134800,0.007000,0.022300,0.022900,0.058600,0.012000,0.019136,0.003136,,0.010496,0.001088,1,4,48,0,1
3442,0.115300,0.135700,0.007200,0.022900,0.023100,0.058900,0.003000,0.021536,0.003008,,0.011072,0.001120,1,4,48,0,1
3443,0.114600,0.128100,0.007200,0.022600,0.023000,0.058600,0.003000,0.019136,0.003072,,0.010528,0.001152,1,4,48,0,1
3444,0.113500,0.127500,0.007100,0.022300,0.023000,0.057900,0.003200,0.019200,0.003136,,0.013056,0.001184,1,4,48,0,1
3445,0.114100,0.126400,0.007100,0.022600,0.023200,0.057800,0.003300,0.019552,0.003040,,0.012224,0.001152,1,4,48,0,1
3446,0.113800,0.127000,0.007100,0.022600,0.023100,0.057700,0.003200,0.018848,0.003200,,0.010080,0.001152,1,4,48,0,1
3447,0.113500,0.126800,0.007200,0.022700,0.023000,0.057400,0.003200,0.019168,0.003200,,0.010496,0.001152,1,4,48,0,1
3448,0.114300,0.126400,0.007000,0.022800,0.023300,0.057800,0.003200,0.019168,0.002912,,0.013088,0.001152,1,4,48,0,1
3449,0.114400,0.127100,0.007200,0.022700,0.023400,0.057700,0.003200,0.018528,0.002944,,0.010144,0.001152,1,4,48,0,1
3450,0.115600,0.127100,0.007100,0.022500,0.023300,0.059100,0.003300,0.018624,0.003104,,0.010944,0.001152,1,4,48,0,1
3451,0.113700,0.128700,0.007100,0.022500,0.023500,0.057300,0.003200,0.019008,0.003040,,0.010464,0.001120,1,4,48,0,1
3452,0.114300,0.126400,0.007300,0.022600,0.023300,0.057700,0.003100,0.018944,0.002912,,0.013088,0.001152,1,4,48,0,1
3453,0.123000,0.127200,0.007000,0.022400,0.023100,0.068400,0.001700,0.018656,0.003232,,0.010784,0.001152,1,4,48,0,1
3454,0.114500,0.136000,0.007300,0.023000,0.023200,0.057700,0.003300,0.021312,0.003072,,0.011040,0.001088,1,4,48,0,1
3455,0.115100,0.127300,0.007100,0.022700,0.023000,0.058900,0.003200,0.018848,0.003008,,0.010272,0.001216,1,4,48,0,1
3456,0.123500,0.128100,0.007000,0.022200,0.023500,0.058100,0.012600,0.018496,0.003008,,0.010816,0.001152,1,4,48,0,1
3457,0.115200,0.136400,0.007100,0.022900,0.023400,0.058400,0.003300,0.019200,0.003232,,0.010464,0.001088,1,4,48,0,1
3458,0.114800,0.127900,0.007200,0.022700,0.023500,0.058100,0.003200,0.021664,0.003104,,0.011072,0.001056,1,4,48,0,1
3459,0.114400,0.127600,0.007200,0.022900,0.023000,0.057900,0.003200,0.019104,0.003104,,0.010432,0.001152,1,4,48,0,1
3460,0.114000,0.127300,0.007000,0.022700,0.023000,0.058100,0.003200,0.019232,0.003296,,0.010432,0.001120,1,4,48,0,1
3461,0.115100,0.126800,0.007300,0.022700,0.023300,0.058600,0.003200,0.019008,0.003072,,0.010464,0.001056,1,4,48,0,1
3462,0.123000,0.127900,0.007100,0.022600,0.023200,0.059500,0.010300,0.018528,0.003008,,0.010880,0.001152,1,4,48,0,1
3463,0.112800,0.135900,0.007100,0.022600,0.023000,0.057700,0.002400,0.019200,0.002912,,0.012992,0.001152,1,4,48,0,1
3464,0.114200,0.125500,0.006900,0.022600,0.023600,0.057900,0.003100,0.018912,0.003072,,0.010304,0.001120,1,4,48,0,1
3465,0.113800,0.127500,0.007100,0.022500,0.023200,0.057700,0.003200,0.021536,0.003008,,0.011072,0.001120,1,4,48,0,1
3466,0.114200,0.126700,0.006900,0.022700,0.023400,0.057900,0.003200,0.021408,0.003072,,0.011392,0.001152,1,4,48,0,1
3467,0.115600,0.126900,0.007400,0.022800,0.023600,0.058500,0.003200,0.019104,0.003200,,0.010464,0.001056,1,4,48,0,1
3468,0.123900,0.128300,0.007400,0.022800,0.023000,0.058100,0.012500,0.018496,0.003040,,0.010816,0.001120,1,4,48,0,1
3469,0.115800,0.141500,0.007400,0.023300,0.023500,0.058400,0.003200,0.019040,0.003168,,0.010368,0.001152,1,4,48,0,1
3470,0.113800,0.128700,0.007100,0.022600,0.023200,0.057800,0.003100,0.021440,0.002944,,0.011072,0.001152,1,4,48,0,1
3471,0.113600,0.126600,0.007300,0.022600,0.022900,0.057500,0.003300,0.018592,0.003072,,0.010240,0.001152,1,4,48,0,1
3472,0.154600,0.126600,0.007100,0.022700,0.025300,0.094100,0.005200,0.018400,0.003040,,0.010560,0.001152,1,4,48,0,1
3473,0.118300,0.168100,0.007500,0.024400,0.022100,0.062300,0.002000,0.020832,0.003040,,0.013088,0.001184,1,4,48,0,1
3474,0.114800,0.131400,0.007000,0.022800,0.023300,0.058100,0.003200,0.019648,0.003264,,0.010464,0.001152,1,4,48,0,1
3475,0.113900,0.127700,0.007200,0.022600,0.023000,0.057800,0.003200,0.018944,0.003008,,0.013024,0.001088,1,4,48,0,1
3476,0.115000,0.126500,0.007100,0.022700,0.023100,0.058800,0.003200,0.021568,0.003072,,0.011040,0.001088,1,4,48,0,1
3477,0.125200,0.128300,0.007100,0.022900,0.026700,0.066600,0.001800,0.019200,0.003232,,0.010432,0.001152,1,4,48,0,1
3478,0.116500,0.138400,0.007600,0.023500,0.023400,0.058600,0.003200,0.018976,0.003200,,0.010464,0.001152,1,4,48,0,1
3479,0.114200,0.129400,0.007000,0.022800,0.023100,0.057800,0.003200,0.021632,0.003136,,0.011040,0.001184,1,4,48,0,1
3480,0.114600,0.127000,0.007000,0.022600,0.023300,0.058100,0.003300,0.021664,0.003168,,0.011040,0.001120,1,4,48,0,1
3481,0.221200,0.127400,0.007000,0.022600,0.027500,0.149900,0.014000,0.019904,0.003264,,0.010496,0.001088,1,4,48,0,1
3482,0.172600,0.239300,0.022400,0.026500,0.026700,0.080800,0.016000,0.019904,0.003072,,0.012352,0.001152,1,4,48,0,1
3483,0.117400,0.187800,0.007400,0.023000,0.023600,0.060000,0.003200,0.021536,0.002976,,0.012448,0.001152,1,4,48,0,1
3484,0.129200,0.130400,0.007200,0.023000,0.023700,0.071900,0.003200,0.019136,0.003264,,0.010496,0.001056,1,4,48,0,1
3485,0.125200,0.142700,0.007300,0.023000,0.024100,0.059700,0.011000,0.018528,0.003040,,0.010784,0.001152,1,4,48,0,1
3486,0.121900,0.138100,0.007000,0.022600,0.023300,0.058900,0.010000,0.018752,0.002912,,0.010304,0.001120,1,4,48,0,1
3487,0.115300,0.134700,0.007000,0.022600,0.023300,0.059000,0.003200,0.021472,0.002944,,0.011200,0.001152,1,4,48,0,1
3488,0.115100,0.128200,0.007300,0.022500,0.023200,0.058700,0.003300,0.018464,0.003072,,0.010528,0.001120,1,4,48,0,1
3489,0.114900,0.128000,0.007100,0.022400,0.023100,0.059100,0.003200,0.019360,0.003328,,0.010464,0.001152,1,4,48,0,1
3490,0.123000,0.127800,0.007300,0.022700,0.023000,0.059700,0.010100,0.018720,0.003232,,0.010944,0.001152,1,4,48,0,1
3491,0.116100,0.135800,0.007200,0.022900,0.023600,0.059300,0.003100,0.019040,0.003072,,0.010432,0.001152,1,4,48,0,1
3492,0.115400,0.129000,0.006900,0.022900,0.023200,0.059000,0.003200,0.019104,0.003232,,0.010400,0.001120,1,4,48,0,1
3493,0.124300,0.128300,0.007100,0.022300,0.023100,0.058800,0.012800,0.019040,0.003136,,0.010496,0.001088,1,4,48,0,1
3494,0.118200,0.137200,0.007200,0.022700,0.026200,0.058800,0.003100,0.021472,0.003008,,0.011040,0.001152,1,4,48,0,1
3495,0.113500,0.131100,0.007000,0.022600,0.023300,0.058100,0.002300,0.019200,0.003232,,0.010464,0.001152,1,4,48,0,1
3496,0.115000,0.126600,0.007000,0.022500,0.023800,0.058600,0.003000,0.021824,0.003232,,0.011360,0.001088,1,4,48,0,1
3497,0.115000,0.128100,0.007000,0.022600,0.023400,0.058700,0.003200,0.018944,0.003040,,0.010336,0.001184,1,4,48,0,1
3498,0.124000,0.128000,0.007100,0.022700,0.023100,0.058400,0.012500,0.019072,0.002976,,0.010560,0.001152,1,4,48,0,1
3499,0.176800,0.136800,0.007100,0.022600,0.023000,0.120700,0.003200,0.019168,0.003104,,0.013024,0.001120,1,4,48,0,1
3500,0.129300,0.190100,0.007300,0.023800,0.023500,0.069100,0.005200,0.019008,0.003040,,0.010432,0.001152,1,4,48,0,1
3501,0.115500,0.142000,0.007200,0.022900,0.023200,0.059100,0.003100,0.019232,0.003136,,0.010560,0.001152,1,4,48,0,1
3502,0.115100,0.128300,0.007000,0.022800,0.023100,0.058800,0.003100,0.019040,0.003200,,0.010368,0.001056,1,4,48,0,1
3503,0.122000,0.127900,0.007100,0.022800,0.022600,0.058800,0.010700,0.018720,0.003328,,0.010752,0.001120,1,4,48,0,1
3504,0.115300,0.134900,0.007200,0.022800,0.023100,0.059000,0.003200,0.018976,0.003072,,0.010400,0.001152,1,4,48,0,1
3505,0.117300,0.128200,0.007100,0.022500,0.023000,0.062900,0.001700,0.019648,0.003360,,0.010176,0.001152,1,4,48,0,1
3506,0.116800,0.130000,0.007000,0.022500,0.023600,0.061900,0.001600,0.019136,0.003168,,0.010496,0.001088,1,4,48,0,1
3507,0.122000,0.129700,0.007200,0.022300,0.023700,0.066800,0.001900,0.021440,0.003072,,0.012448,0.001152,1,4,48,0,1
3508,0.115700,0.134800,0.007300,0.022700,0.023900,0.058400,0.003200,0.019200,0.003232,,0.010496,0.001088,1,4,48,0,1
3509,0.114600,0.128600,0.007200,0.022700,0.022700,0.058700,0.003100,0.021536,0.002944,,0.012384,0.001120,1,4,48,0,1
3510,0.115800,0.127500,0.007300,0.022600,0.023300,0.058900,0.003400,0.019264,0.003040,,0.013056,0.001152,1,4,48,0,1
3511,0.114700,0.128600,0.007200,0.022500,0.023300,0.058300,0.003200,0.019040,0.003168,,0.010432,0.001056,1,4,48,0,1
3512,0.115400,0.127500,0.007000,0.022700,0.023100,0.059400,0.003200,0.018944,0.003008,,0.010400,0.001152,1,4,48,0,1
3513,0.115000,0.128200,0.007100,0.022800,0.023200,0.058600,0.003200,0.019136,0.003328,,0.010336,0.001120,1,4,48,0,1
3514,0.129000,0.128000,0.007000,0.022700,0.023200,0.073500,0.002500,0.021472,0.002976,,0.012416,0.001120,1,4,48,0,1
3515,0.135600,0.142100,0.007300,0.033200,0.024200,0.069000,0.001800,0.018784,0.003264,,0.010336,0.001120,1,4,48,0,1
3516,0.120500,0.148700,0.007200,0.022900,0.023500,0.064200,0.002500,0.019744,0.003168,,0.011040,0.001152,1,4,48,0,1
3517,0.115800,0.133400,0.007100,0.022600,0.020500,0.062300,0.003200,0.019808,0.003104,,0.010368,0.001184,1,4,48,0,1
3518,0.115000,0.128600,0.006900,0.022600,0.023800,0.058400,0.003100,0.018944,0.003168,,0.010272,0.001088,1,4,48,0,1
3519,0.114500,0.128000,0.007300,0.022600,0.023400,0.058000,0.003200,0.019104,0.003168,,0.010464,0.001056,1,4,48,0,1
3520,0.114300,0.127500,0.007100,0.022400,0.023500,0.057900,0.003200,0.021568,0.002976,,0.012480,0.001120,1,4,48,0,1
3521,0.113700,0.127200,0.007100,0.022500,0.023300,0.057500,0.003100,0.021600,0.003008,,0.011008,0.001152,1,4,48,0,1
3522,0.114300,0.126500,0.007000,0.022700,0.023200,0.058000,0.003200,0.019136,0.003232,,0.010368,0.001152,1,4,48,0,1
3523,0.114100,0.127300,0.007200,0.022700,0.023000,0.058000,0.003200,0.019008,0.002976,,0.010464,0.001184,1,4,48,0,1
3524,0.114900,0.126800,0.007100,0.022800,0.023300,0.058500,0.003200,0.019136,0.003264,,0.010368,0.001120,1,4,48,0,1
3525,0.116100,0.127700,0.007100,0.022600,0.023000,0.060000,0.003300,0.018752,0.003168,,0.010496,0.001152,1,4,48,0,1
3526,0.114800,0.129000,0.007100,0.022800,0.023200,0.058400,0.003300,0.019168,0.003328,,0.010336,0.001120,1,4,48,0,1
3527,0.115800,0.127800,0.007000,0.022700,0.023500,0.059200,0.003100,0.019200,0.003328,,0.010368,0.001120,1,4,48,0,1
3528,0.114800,0.128700,0.007100,0.022600,0.023200,0.058600,0.003100,0.019232,0.003328,,0.010368,0.001120,1,4,48,0,1
3529,0.114300,0.127600,0.007100,0.022800,0.023000,0.058100,0.003200,0.019008,0.003104,,0.010368,0.001152,1,4,48,0,1
3530,0.123100,0.127200,0.013100,0.023500,0.024000,0.059100,0.003200,0.021536,0.003072,,0.011040,0.001088,1,4,48,0,1
3531,0.114800,0.136200,0.007100,0.022700,0.023000,0.058600,0.003200,0.019104,0.003168,,0.010432,0.001120,1,4,48,0,1
3532,0.114300,0.127700,0.007000,0.022600,0.023000,0.058200,0.003300,0.021664,0.003072,,0.012320,0.001184,1,4,48,0,1
3533,0.114300,0.127200,0.007200,0.022600,0.023300,0.058000,0.003200,0.019104,0.003232,,0.010336,0.001088,1,4,48,0,1
3534,0.113500,0.127400,0.007000,0.022500,0.023200,0.057600,0.003200,0.019232,0.003168,,0.013088,0.001056,1,4,48,0,1
3535,0.122000,0.126400,0.007000,0.022600,0.023000,0.058200,0.011000,0.018336,0.002944,,0.010848,0.001152,1,4,48,0,1
3536,0.124700,0.135100,0.007000,0.022500,0.023500,0.059600,0.012100,0.018528,0.003040,,0.010816,0.001152,1,4,48,0,1
3537,0.114600,0.137700,0.007000,0.022500,0.023200,0.058600,0.003200,0.019040,0.003040,,0.013056,0.001120,1,4,48,0,1
3538,0.114300,0.127600,0.007000,0.022700,0.023200,0.058100,0.003200,0.019136,0.003232,,0.010400,0.001120,1,4,48,0,1
3539,0.113600,0.127200,0.007100,0.022900,0.023000,0.057400,0.003100,0.019136,0.003168,,0.010464,0.001152,1,4,48,0,1
3540,0.114100,0.126600,0.007000,0.022400,0.023200,0.058200,0.003100,0.019040,0.003264,,0.010336,0.001056,1,4,48,0,1
3541,0.113600,0.127000,0.007100,0.022700,0.023000,0.057600,0.003000,0.021568,0.003104,,0.012448,0.001152,1,4,48,0,1
3542,0.114700,0.126500,0.007200,0.022600,0.023200,0.058300,0.003200,0.019008,0.003200,,0.010336,0.001088,1,4,48,0,1
3543,0.115400,0.127500,0.007100,0.022600,0.023400,0.058800,0.003200,0.018848,0.002976,,0.010336,0.001152,1,4,48,0,1
3544,0.114500,0.128400,0.007100,0.022700,0.023300,0.058000,0.003200,0.021504,0.002976,,0.011072,0.001152,1,4,48,0,1
3545,0.126000,0.127300,0.006900,0.022700,0.023600,0.070800,0.001700,0.019168,0.003232,,0.010464,0.001120,1,4,48,0,1
3546,0.115200,0.139100,0.007200,0.023200,0.023200,0.058300,0.003200,0.019392,0.003424,,0.010464,0.001120,1,4,48,0,1
3547,0.113700,0.128000,0.007100,0.022400,0.023100,0.057600,0.003200,0.019008,0.002944,,0.013056,0.001184,1,4,48,0,1
3548,0.121900,0.126600,0.007200,0.022700,0.022900,0.058200,0.010900,0.018624,0.003104,,0.010272,0.001152,1,4,48,0,1
3549,0.146700,0.134800,0.007300,0.022500,0.052500,0.061000,0.003200,0.018944,0.003040,,0.010400,0.001152,1,4,48,0,1
3550,0.115900,0.159900,0.007500,0.023900,0.022900,0.058200,0.003200,0.019104,0.003232,,0.010464,0.001056,1,4,48,0,1
3551,0.114500,0.128900,0.007000,0.022800,0.023500,0.057900,0.003200,0.019360,0.003072,,0.012960,0.001120,1,4,48,0,1
3552,0.121900,0.127500,0.007000,0.022500,0.023100,0.058300,0.010800,0.018528,0.003072,,0.010752,0.001088,1,4,48,0,1
3553,0.114700,0.134700,0.006900,0.022800,0.023200,0.058300,0.003200,0.021024,0.002976,,0.011392,0.001056,1,4,48,0,1
3554,0.114700,0.127500,0.007000,0.022700,0.023300,0.058400,0.003200,0.019616,0.003040,,0.012960,0.001152,1,4,48,0,1
3555,0.124300,0.127500,0.007000,0.022600,0.023400,0.058300,0.012800,0.018560,0.003072,,0.010784,0.001152,1,4,48,0,1
3556,0.131400,0.137300,0.007100,0.022700,0.023100,0.058100,0.020200,0.018688,0.003200,,0.010752,0.001152,1,4,48,0,1
3557,0.121700,0.144600,0.007400,0.023800,0.024500,0.059900,0.006000,0.019232,0.003168,,0.013120,0.001152,1,4,48,0,1
3558,0.113600,0.134700,0.007000,0.022900,0.023000,0.057200,0.003300,0.019776,0.003200,,0.010368,0.001056,1,4,48,0,1
3559,0.114100,0.126300,0.007000,0.022600,0.023200,0.057800,0.003200,0.018976,0.003040,,0.010368,0.001152,1,4,48,0,1
3560,0.123900,0.127000,0.007100,0.022700,0.023200,0.058200,0.012600,0.018496,0.003072,,0.010816,0.001152,1,4,48,0,1
3561,0.136900,0.136600,0.007000,0.022600,0.023500,0.069400,0.014200,0.021632,0.003104,,0.011072,0.001152,1,4,48,0,1
3562,0.126500,0.150400,0.007300,0.028600,0.026800,0.061700,0.002000,0.019040,0.003104,,0.010400,0.001152,1,4,48,0,1
3563,0.117900,0.139500,0.007100,0.022700,0.023700,0.060400,0.003800,0.018880,0.003200,,0.010432,0.001152,1,4,48,0,1
3564,0.119100,0.130700,0.007100,0.022400,0.020600,0.063700,0.005200,0.020032,0.003264,,0.012992,0.001088,1,4,48,0,1
3565,0.120100,0.131800,0.007400,0.022800,0.025300,0.061100,0.003200,0.019264,0.003008,,0.010560,0.001152,1,4,48,0,1
3566,0.123700,0.132900,0.007000,0.022800,0.023500,0.059100,0.011200,0.018432,0.002848,,0.010912,0.001184,1,4,48,0,1
3567,0.114400,0.136600,0.007100,0.022600,0.023500,0.057900,0.003100,0.019232,0.003232,,0.010528,0.001088,1,4,48,0,1
3568,0.114500,0.127400,0.007100,0.022700,0.023200,0.058200,0.003200,0.019168,0.003040,,0.013056,0.001152,1,4,48,0,1
3569,0.114200,0.127600,0.007100,0.022500,0.023300,0.057700,0.003400,0.018816,0.003200,,0.010176,0.001184,1,4,48,0,1
3570,0.124500,0.126900,0.006900,0.022700,0.023600,0.058500,0.012700,0.018592,0.003168,,0.010656,0.001120,1,4,48,0,1
3571,0.124300,0.137400,0.006900,0.022600,0.023200,0.058400,0.013100,0.018528,0.003040,,0.010752,0.001088,1,4,48,0,1
3572,0.117800,0.137500,0.007300,0.023600,0.024600,0.059000,0.003200,0.019168,0.003168,,0.010464,0.001152,1,4,48,0,1
3573,0.115200,0.130700,0.007000,0.022700,0.023600,0.058300,0.003200,0.018976,0.003232,,0.010336,0.001056,1,4,48,0,1
3574,0.114100,0.128000,0.007000,0.022800,0.023000,0.058000,0.003200,0.018752,0.003264,,0.010624,0.001152,1,4,48,0,1
3575,0.124200,0.126900,0.007100,0.022500,0.023300,0.058700,0.012400,0.018400,0.003040,,0.010592,0.001152,1,4,48,0,1
3576,0.114200,0.137300,0.007100,0.022400,0.023100,0.058200,0.003200,0.019136,0.003040,,0.010528,0.001152,1,4,48,0,1
3577,0.114000,0.127100,0.007200,0.022600,0.023000,0.057900,0.003100,0.018976,0.003104,,0.010336,0.001152,1,4,48,0,1
3578,0.114900,0.126900,0.007000,0.022700,0.023400,0.058500,0.003100,0.019072,0.003264,,0.010368,0.001088,1,4,48,0,1
3579,0.114500,0.127600,0.007100,0.022700,0.023000,0.058300,0.003100,0.021696,0.003168,,0.011104,0.001152,1,4,48,0,1
3580,0.113800,0.127200,0.006900,0.022500,0.023000,0.058200,0.003100,0.022144,0.003264,,0.011360,0.001056,1,4,48,0,1
3581,0.113800,0.126600,0.007200,0.022400,0.023100,0.057900,0.003200,0.019072,0.003136,,0.010432,0.001152,1,4,48,0,1
3582,0.115400,0.126900,0.007100,0.022700,0.023300,0.059000,0.003200,0.019296,0.002976,,0.013120,0.001152,1,4,48,0,1
3583,0.114100,0.128500,0.007100,0.022900,0.023200,0.057700,0.003100,0.019040,0.003008,,0.013056,0.001152,1,4,48,0,1
3584,0.113700,0.126700,0.007000,0.022100,0.023100,0.057900,0.003200,0.019232,0.003424,,0.010432,0.001056,1,4,48,0,1
3585,0.114300,0.126900,0.007100,0.022500,0.023500,0.058000,0.003100,0.021632,0.003072,,0.011040,0.001152,1,4,48,0,1
3586,0.124100,0.127100,0.007300,0.022700,0.023400,0.069000,0.001700,0.018560,0.002976,,0.010400,0.001152,1,4,48,0,1
3587,0.125000,0.136900,0.007200,0.022700,0.028600,0.064700,0.001600,0.019168,0.003136,,0.010496,0.001152,1,4,48,0,1
3588,0.115400,0.138000,0.007400,0.023100,0.023800,0.057700,0.003400,0.019168,0.003296,,0.010400,0.001056,1,4,48,0,1
3589,0.114300,0.128200,0.007100,0.022600,0.023700,0.057600,0.003300,0.019488,0.003072,,0.013024,0.001152,1,4,48,0,1
3590,0.114200,0.127100,0.006900,0.022800,0.023300,0.057800,0.003200,0.021536,0.003136,,0.011168,0.001056,1,4,48,0,1
3591,0.141700,0.127100,0.007000,0.022600,0.023400,0.084000,0.004500,0.021568,0.003040,,0.011072,0.001152,1,4,48,0,1
3592,0.341000,0.155700,0.007900,0.027300,0.026700,0.274600,0.004400,0.019008,0.003104,,0.010304,0.001184,1,4,48,0,1
3593,0.253900,0.359500,0.010000,0.037500,0.040900,0.160100,0.005300,0.020032,0.003296,,0.013920,0.001088,1,4,48,0,1
3594,0.158800,0.268500,0.008400,0.033900,0.031800,0.082700,0.001900,0.019744,0.003072,,0.010496,0.001152,1,4,48,0,1
3595,0.134300,0.172500,0.007600,0.024900,0.024900,0.074800,0.001900,0.019872,0.003104,,0.013888,0.001056,1,4,48,0,1
3596,0.134600,0.147800,0.007500,0.025100,0.024900,0.063700,0.013400,0.019648,0.003200,,0.010368,0.001152,1,4,48,0,1
3597,0.247900,0.147800,0.007300,0.025700,0.033300,0.176900,0.004700,0.019424,0.003008,,0.010720,0.001152,1,4,48,0,1
3598,0.186000,0.265300,0.010100,0.031100,0.029800,0.108700,0.006000,0.019264,0.003136,,0.010368,0.001088,1,4,48,0,1
3599,0.264100,0.208400,0.012800,0.043300,0.041000,0.159800,0.006800,0.019264,0.003168,,0.010368,0.001152,1,4,48,0,1
3600,0.440100,0.287800,0.012300,0.045300,0.041500,0.334900,0.006000,0.019712,0.003072,,0.010528,0.001152,1,4,48,0,1
3601,0.230800,0.465700,0.050900,0.036900,0.034000,0.105400,0.003500,0.019200,0.003264,,0.010464,0.001056,1,4,48,0,1
3602,0.280600,0.248400,0.010000,0.031300,0.077700,0.156300,0.005000,0.019040,0.003168,,0.010368,0.001088,1,4,48,0,1
3603,0.164000,0.300700,0.009000,0.034600,0.029200,0.084500,0.006300,0.019776,0.002944,,0.013888,0.001152,1,4,48,0,1
3604,0.161500,0.178700,0.008200,0.026000,0.027000,0.095300,0.004800,0.019808,0.003136,,0.010432,0.001088,1,4,48,0,1
3605,0.158100,0.175800,0.008300,0.026300,0.026300,0.092600,0.004200,0.019488,0.003072,,0.010368,0.001152,1,4,48,0,1
3606,0.219200,0.181800,0.013100,0.046100,0.043300,0.110300,0.006000,0.019904,0.003232,,0.012448,0.001088,1,4,48,0,1
3607,0.221800,0.238300,0.011600,0.040200,0.036700,0.130400,0.002800,0.020000,0.003072,,0.013888,0.001152,1,4,48,0,1
3608,0.172000,0.236600,0.008500,0.030900,0.028300,0.099500,0.004600,0.019904,0.003040,,0.013952,0.001152,1,4,48,0,1
3609,0.206100,0.186000,0.007700,0.024700,0.025200,0.144800,0.003300,0.019872,0.003072,,0.013920,0.001120,1,4,48,0,1
3610,0.156600,0.220400,0.008100,0.025900,0.025700,0.093600,0.003200,0.019104,0.003168,,0.010368,0.001184,1,4,48,0,1
3611,0.153700,0.170600,0.008000,0.025200,0.025300,0.091100,0.003800,0.019712,0.003232,,0.010304,0.001152,1,4,48,0,1
3612,0.185500,0.167400,0.007800,0.024500,0.024800,0.124000,0.004300,0.021504,0.002976,,0.011072,0.001152,1,4,48,0,1
3613,0.137800,0.200100,0.008600,0.031000,0.028700,0.065300,0.003800,0.019616,0.003200,,0.010368,0.001120,1,4,48,0,1
3614,0.159600,0.151400,0.008000,0.023300,0.024500,0.099100,0.004500,0.019904,0.003360,,0.010336,0.001120,1,4,48,0,1
3615,0.149100,0.173500,0.008000,0.024800,0.025400,0.085700,0.005200,0.018880,0.002944,,0.010400,0.001152,1,4,48,0,1
3616,0.166200,0.164500,0.008900,0.031400,0.029600,0.090300,0.006000,0.019840,0.003072,,0.013856,0.001152,1,4,48,0,1
3617,0.197100,0.185400,0.010700,0.038000,0.037600,0.106000,0.004600,0.019360,0.003072,,0.010400,0.001120,1,4,48,0,1
3618,0.153300,0.212200,0.008500,0.030900,0.028400,0.083500,0.002000,0.019680,0.003168,,0.010496,0.001088,1,4,48,0,1
3619,0.146900,0.167600,0.007800,0.025300,0.025000,0.084000,0.004600,0.018848,0.002848,,0.010464,0.001152,1,4,48,0,1
3620,0.158300,0.161500,0.008600,0.031000,0.028100,0.086400,0.004200,0.019136,0.003232,,0.010368,0.001152,1,4,48,0,1
3621,0.135900,0.172800,0.008400,0.032500,0.028100,0.063100,0.003700,0.019840,0.003040,,0.013856,0.001152,1,4,48,0,1
3622,0.139900,0.149400,0.007500,0.023600,0.024100,0.069900,0.014800,0.019104,0.003264,,0.010336,0.001120,1,4,48,0,1
3623,0.137100,0.154300,0.008400,0.030700,0.028200,0.066200,0.003400,0.019456,0.003040,,0.010368,0.001152,1,4,48,0,1
3624,0.118000,0.150900,0.007600,0.023600,0.024200,0.060400,0.002000,0.019776,0.003200,,0.010560,0.001152,1,4,48,0,1
3625,0.155100,0.131500,0.007300,0.023200,0.023700,0.096400,0.004300,0.018560,0.003040,,0.010528,0.001184,1,4,48,0,1
3626,0.166400,0.170000,0.008500,0.030900,0.028000,0.094100,0.004900,0.020000,0.003200,,0.013888,0.001056,1,4,48,0,1
3627,0.151700,0.180400,0.008100,0.024900,0.025900,0.089700,0.003000,0.019328,0.003264,,0.010592,0.001056,1,4,48,0,1
3628,0.148800,0.165700,0.007500,0.024300,0.025300,0.088900,0.002700,0.018528,0.003008,,0.010592,0.001152,1,4,48,0,1
3629,0.149900,0.162400,0.007700,0.024500,0.024500,0.090400,0.002600,0.019136,0.003232,,0.010464,0.001056,1,4,48,0,1
3630,0.148100,0.163600,0.007500,0.024300,0.024900,0.088600,0.002600,0.018656,0.003136,,0.010784,0.001120,1,4,48,0,1
3631,0.150200,0.161900,0.007700,0.024300,0.024700,0.090700,0.002800,0.019040,0.003168,,0.010464,0.001056,1,4,48,0,1
3632,0.162700,0.163900,0.007700,0.024400,0.038600,0.089300,0.002700,0.019232,0.003424,,0.010432,0.001088,1,4,48,0,1
3633,0.257700,0.176100,0.007700,0.024000,0.024900,0.195900,0.005000,0.021504,0.003040,,0.011072,0.001088,1,4,48,0,1
3634,0.151300,0.271900,0.008100,0.026000,0.053400,0.061700,0.001900,0.019104,0.003136,,0.010560,0.001120,1,4,48,0,1
3635,0.705700,0.164800,0.007800,0.024000,0.023700,0.104600,0.545400,0.021280,0.003136,,0.011008,0.001152,1,4,48,0,1
3636,0.145500,0.720700,0.009000,0.031100,0.027500,0.074000,0.003700,0.018496,0.003136,,0.010816,0.001056,1,4,48,0,1
3637,0.135900,0.159200,0.007500,0.023200,0.031300,0.069600,0.004000,0.019040,0.003168,,0.010400,0.001088,1,4,48,0,1
3638,0.120800,0.149100,0.007500,0.023100,0.024400,0.059800,0.005800,0.019776,0.002976,,0.013856,0.001152,1,4,48,0,1
3639,0.122500,0.133900,0.007200,0.022500,0.023800,0.059100,0.009700,0.018944,0.002944,,0.010464,0.001152,1,4,48,0,1
3640,0.118600,0.135600,0.007000,0.023100,0.023700,0.059100,0.005700,0.019840,0.002976,,0.013952,0.001152,1,4,48,0,1
3641,0.122200,0.131700,0.007100,0.022500,0.023400,0.058100,0.010800,0.019328,0.003232,,0.013056,0.001152,1,4,48,0,1
3642,0.128200,0.135200,0.007100,0.022500,0.023300,0.069500,0.005800,0.019808,0.002976,,0.013920,0.001184,1,4,48,0,1
3643,0.120900,0.141800,0.007400,0.023700,0.024600,0.059400,0.005700,0.019744,0.003008,,0.013856,0.001088,1,4,48,0,1
3644,0.117500,0.133900,0.007200,0.022600,0.023500,0.058200,0.005800,0.018816,0.003072,,0.010272,0.001152,1,4,48,0,1
3645,0.118600,0.130500,0.007500,0.022700,0.023600,0.059000,0.005600,0.019008,0.002912,,0.010528,0.001184,1,4,48,0,1
3646,0.117600,0.131700,0.007100,0.022600,0.023500,0.059400,0.004800,0.019040,0.003232,,0.010304,0.001056,1,4,48,0,1
3647,0.122200,0.130700,0.007300,0.022500,0.023600,0.058700,0.010000,0.019008,0.003072,,0.012992,0.001088,1,4,48,0,1
3648,0.128900,0.135300,0.007000,0.022500,0.023500,0.070200,0.005600,0.019808,0.002976,,0.013888,0.001184,1,4,48,0,1
3649,0.115100,0.142200,0.007400,0.023100,0.024000,0.058000,0.002500,0.019072,0.003168,,0.010496,0.001056,1,4,48,0,1
3650,0.128400,0.128100,0.007100,0.027600,0.024400,0.059300,0.010000,0.019328,0.003456,,0.010400,0.001088,1,4,48,0,1
3651,0.117700,0.141700,0.007100,0.022600,0.024100,0.058200,0.005500,0.018944,0.002912,,0.013056,0.001152,1,4,48,0,1
3652,0.115500,0.130800,0.007000,0.022700,0.023500,0.058400,0.003800,0.019232,0.003168,,0.013056,0.001152,1,4,48,0,1
3653,0.114800,0.128800,0.007300,0.022900,0.023300,0.059100,0.002200,0.019808,0.003296,,0.010464,0.001120,1,4,48,0,1
3654,0.123300,0.127800,0.007100,0.022700,0.023700,0.058600,0.011200,0.019200,0.003104,,0.010528,0.001120,1,4,48,0,1
3655,0.114600,0.136200,0.007900,0.022800,0.023400,0.058500,0.002000,0.019040,0.003200,,0.010368,0.001088,1,4,48,0,1
3656,0.114000,0.127400,0.007300,0.022400,0.023600,0.058100,0.002600,0.018752,0.003360,,0.012512,0.001152,1,4,48,0,1
3657,0.121800,0.127000,0.007000,0.022500,0.024100,0.061000,0.007000,0.018816,0.003008,,0.010304,0.001120,1,4,48,0,1
3658,0.126700,0.135200,0.007300,0.024200,0.024400,0.059300,0.011500,0.018976,0.003040,,0.010464,0.001088,1,4,48,0,1
3659,0.116300,0.139600,0.007100,0.022800,0.023700,0.058600,0.003800,0.019840,0.003072,,0.013888,0.001152,1,4,48,0,1
3660,0.112200,0.129300,0.007100,0.022600,0.022900,0.057300,0.002200,0.019136,0.003296,,0.010432,0.001056,1,4,48,0,1
3661,0.113900,0.125100,0.007100,0.022900,0.023700,0.057800,0.002300,0.018784,0.003104,,0.010272,0.001120,1,4,48,0,1
3662,0.122400,0.126700,0.007100,0.022900,0.023300,0.057400,0.011400,0.018976,0.003168,,0.010368,0.001088,1,4,48,0,1
3663,0.127200,0.135100,0.006900,0.022400,0.023800,0.062900,0.010900,0.019520,0.003040,,0.010272,0.001152,1,4,48,0,1
3664,0.124300,0.140300,0.007100,0.023100,0.023900,0.058900,0.011200,0.019232,0.003328,,0.010464,0.001088,1,4,48,0,1
3665,0.123800,0.137000,0.007300,0.023800,0.026200,0.060900,0.005300,0.019040,0.003136,,0.010400,0.001120,1,4,48,0,1
3666,0.114600,0.137000,0.007500,0.023200,0.023600,0.058000,0.002300,0.019104,0.003008,,0.013088,0.001152,1,4,48,0,1
3667,0.124100,0.127500,0.007100,0.022800,0.024000,0.059100,0.011000,0.019040,0.003104,,0.010464,0.001152,1,4,48,0,1
3668,0.113800,0.136900,0.007000,0.022500,0.024000,0.057500,0.002500,0.019136,0.003136,,0.010464,0.001152,1,4,48,0,1
3669,0.113900,0.126500,0.007200,0.022500,0.023200,0.058400,0.002500,0.020160,0.003616,,0.010336,0.001056,1,4,48,0,1
3670,0.112900,0.126700,0.007200,0.022100,0.023400,0.057700,0.002400,0.019168,0.003232,,0.010432,0.001120,1,4,48,0,1
3671,0.113800,0.125800,0.007200,0.022500,0.023500,0.058100,0.002300,0.018848,0.003168,,0.010336,0.001056,1,4,48,0,1
3672,0.113800,0.126700,0.006900,0.022400,0.023400,0.058500,0.002400,0.018848,0.002976,,0.010336,0.001152,1,4,48,0,1
3673,0.115100,0.126700,0.007200,0.022600,0.023300,0.058200,0.003700,0.019584,0.003264,,0.010464,0.001088,1,4,48,0,1
3674,0.116200,0.127900,0.007100,0.022600,0.023400,0.059800,0.003300,0.019840,0.003296,,0.010304,0.001056,1,4,48,0,1
3675,0.108200,0.129200,0.007100,0.022500,0.020800,0.055800,0.001900,0.019072,0.003136,,0.010528,0.001088,1,4,48,0,1
3676,0.408800,0.121100,0.007000,0.021900,0.022300,0.055500,0.302000,0.020640,0.003040,,0.011296,0.001152,1,4,48,0,1
3677,0.144600,0.423300,0.008400,0.030400,0.026500,0.075800,0.003400,0.020416,0.002976,,0.013088,0.001152,1,4,48,0,1
3678,0.135100,0.157700,0.007300,0.022700,0.026300,0.072200,0.006400,0.019040,0.003136,,0.010368,0.001120,1,4,48,0,1
3679,0.115900,0.148500,0.007700,0.023700,0.023600,0.058300,0.002500,0.019200,0.003104,,0.013088,0.001152,1,4,48,0,1
3680,0.113700,0.128700,0.007100,0.022500,0.023700,0.057700,0.002600,0.019904,0.003104,,0.013888,0.001152,1,4,48,0,1
3681,0.112800,0.126600,0.007100,0.022400,0.023300,0.057700,0.002200,0.019072,0.003168,,0.010464,0.001088,1,4,48,0,1
3682,0.114800,0.125700,0.006900,0.022700,0.024000,0.058500,0.002400,0.019936,0.003200,,0.013856,0.001120,1,4,48,0,1
3683,0.113100,0.127800,0.007100,0.022500,0.023600,0.057500,0.002400,0.019136,0.003232,,0.010400,0.001120,1,4,48,0,1
3684,0.114100,0.126100,0.007200,0.022800,0.023900,0.058000,0.002200,0.018944,0.003008,,0.010432,0.001152,1,4,48,0,1
3685,0.113800,0.127000,0.007200,0.022600,0.023600,0.058000,0.002200,0.019744,0.002944,,0.013824,0.001152,1,4,48,0,1
3686,0.227200,0.126700,0.007200,0.027100,0.029700,0.158800,0.004200,0.021856,0.003232,,0.011616,0.001088,1,4,48,0,1
3687,0.212700,0.249200,0.012600,0.045600,0.040700,0.109100,0.004300,0.019840,0.003232,,0.010112,0.001184,1,4,48,0,1
3688,0.163400,0.230500,0.009700,0.032000,0.030800,0.084900,0.005900,0.019936,0.003040,,0.013824,0.001120,1,4,48,0,1
3689,0.142800,0.180500,0.009700,0.028300,0.028700,0.072100,0.003900,0.019136,0.003264,,0.010400,0.001120,1,4,48,0,1
3690,0.141000,0.159100,0.009100,0.027700,0.028600,0.071600,0.003800,0.019168,0.003168,,0.010400,0.001184,1,4,48,0,1
3691,0.139600,0.157200,0.008700,0.027300,0.027800,0.071700,0.003900,0.021600,0.003392,,0.011328,0.001088,1,4,48,0,1
3692,0.139600,0.155500,0.008900,0.028100,0.028100,0.070700,0.003700,0.019264,0.003232,,0.010560,0.001088,1,4,48,0,1
3693,0.144100,0.156000,0.009000,0.027600,0.028300,0.070600,0.008500,0.019328,0.003200,,0.010560,0.001152,1,4,48,0,1
3694,0.148300,0.159900,0.008800,0.027700,0.028200,0.080300,0.003100,0.019232,0.003360,,0.010432,0.001088,1,4,48,0,1
3695,0.143200,0.164500,0.008700,0.027200,0.028400,0.070800,0.008000,0.019776,0.003040,,0.013856,0.001152,1,4,48,0,1
3696,0.139500,0.159200,0.008800,0.027500,0.028900,0.070400,0.003800,0.019200,0.003040,,0.013088,0.001120,1,4,48,0,1
3697,0.184800,0.155600,0.027800,0.033900,0.034400,0.084000,0.004400,0.018720,0.003104,,0.010464,0.001152,1,4,48,0,1
3698,0.154900,0.202500,0.009300,0.028300,0.030100,0.070500,0.016500,0.019552,0.002912,,0.010432,0.001088,1,4,48,0,1
3699,0.115800,0.170900,0.007700,0.022900,0.023900,0.059200,0.001900,0.019168,0.003264,,0.010432,0.001088,1,4,48,0,1
3700,0.228500,0.129100,0.007500,0.120200,0.025400,0.069900,0.005200,0.018880,0.003040,,0.010400,0.001088,1,4,48,0,1
3701,0.117800,0.242500,0.008000,0.023400,0.024300,0.059700,0.002400,0.021408,0.002944,,0.011104,0.001120,1,4,48,0,1
3702,0.115300,0.131400,0.007400,0.023000,0.023800,0.059000,0.002100,0.019040,0.002976,,0.013056,0.001088,1,4,48,0,1
3703,0.115700,0.128900,0.007400,0.022500,0.023700,0.059800,0.002300,0.019040,0.003008,,0.013056,0.001152,1,4,48,0,1
3704,0.115400,0.128900,0.007200,0.022600,0.023800,0.059200,0.002500,0.021728,0.003008,,0.011072,0.001216,1,4,48,0,1
3705,0.116700,0.128600,0.007800,0.022600,0.023600,0.060000,0.002700,0.019776,0.003040,,0.013888,0.001088,1,4,48,0,1
3706,0.115700,0.129800,0.007300,0.022700,0.023500,0.059600,0.002400,0.019200,0.003008,,0.013056,0.001152,1,4,48,0,1
3707,0.115600,0.129000,0.007200,0.022800,0.023500,0.059300,0.002500,0.021600,0.003040,,0.011168,0.001152,1,4,48,0,1
3708,0.114800,0.129200,0.007400,0.022800,0.023500,0.059000,0.002000,0.019040,0.003296,,0.010304,0.001088,1,4,48,0,1
3709,0.114400,0.128100,0.007300,0.022800,0.023200,0.059200,0.001900,0.018752,0.003296,,0.010208,0.001056,1,4,48,0,1
3710,0.114800,0.127700,0.007100,0.022700,0.023600,0.059000,0.002300,0.021472,0.002976,,0.011040,0.001152,1,4,48,0,1
3711,0.121100,0.128000,0.007300,0.022800,0.024500,0.059800,0.006600,0.018816,0.002944,,0.010368,0.001120,1,4,48,0,1
3712,0.158800,0.135400,0.007400,0.022800,0.023700,0.102700,0.002000,0.018752,0.003168,,0.010400,0.001152,1,4,48,0,1
3713,0.113900,0.172800,0.007800,0.024900,0.022300,0.057100,0.001800,0.021920,0.003360,,0.011424,0.001056,1,4,48,0,1
3714,0.127700,0.126900,0.007200,0.022100,0.032600,0.063700,0.001800,0.021728,0.002944,,0.011648,0.001152,1,4,48,0,1
3715,0.125700,0.141100,0.007200,0.022200,0.020400,0.072400,0.003400,0.019808,0.003328,,0.010208,0.001120,1,4,48,0,1
3716,0.128500,0.138800,0.007300,0.022300,0.033600,0.061800,0.003200,0.019968,0.003072,,0.010400,0.001184,1,4,48,0,1
3717,0.116300,0.141500,0.007500,0.023000,0.023100,0.059600,0.003100,0.019264,0.003328,,0.010432,0.001152,1,4,48,0,1
3718,0.116400,0.129800,0.007400,0.022500,0.023700,0.059500,0.003200,0.019232,0.003296,,0.010464,0.001088,1,4,48,0,1
3719,0.116300,0.129700,0.007400,0.022400,0.023600,0.059600,0.003100,0.019168,0.003360,,0.010304,0.001152,1,4,48,0,1
3720,0.129000,0.129200,0.007600,0.022700,0.023200,0.063100,0.012300,0.019136,0.003200,,0.010464,0.001120,1,4,48,0,1
3721,0.115400,0.142300,0.007100,0.022500,0.023500,0.059000,0.003100,0.018528,0.003040,,0.010592,0.001152,1,4,48,0,1
3722,0.116100,0.128400,0.007300,0.022800,0.023500,0.059300,0.003100,0.021696,0.003104,,0.012320,0.001184,1,4,48,0,1
3723,0.116400,0.129300,0.007800,0.022600,0.023500,0.060100,0.002200,0.021408,0.003008,,0.012512,0.001184,1,4,48,0,1
3724,0.116300,0.129400,0.007300,0.022700,0.023500,0.059600,0.003200,0.018592,0.002976,,0.010496,0.001152,1,4,48,0,1
3725,0.130400,0.129800,0.007400,0.022800,0.023700,0.059400,0.005700,0.019008,0.003104,,0.010464,0.001056,1,4,48,0,1
3726,0.149500,0.145400,0.008500,0.031300,0.030100,0.074400,0.005000,0.018944,0.003072,,0.010400,0.001088,1,4,48,0,1
3727,0.120500,0.163200,0.007600,0.023700,0.024600,0.061100,0.003200,0.021664,0.003072,,0.012512,0.001152,1,4,48,0,1
3728,0.121100,0.133700,0.010900,0.022800,0.023600,0.060400,0.003200,0.019616,0.003072,,0.011904,0.001152,1,4,48,0,1
3729,0.116200,0.134200,0.007600,0.022700,0.023100,0.059400,0.003200,0.019232,0.003200,,0.010464,0.001152,1,4,48,0,1
3730,0.115900,0.129000,0.007100,0.022500,0.023300,0.059700,0.003100,0.018944,0.002880,,0.013088,0.001184,1,4,48,0,1
3731,0.116800,0.128800,0.007500,0.023300,0.022600,0.060900,0.002400,0.019744,0.003296,,0.010304,0.001056,1,4,48,0,1
3732,0.116700,0.129900,0.007300,0.022800,0.023700,0.059600,0.003100,0.019104,0.003008,,0.010560,0.001152,1,4,48,0,1
3733,0.116400,0.129700,0.007300,0.022900,0.023400,0.059300,0.003300,0.019136,0.002976,,0.013120,0.001152,1,4,48,0,1
3734,0.116600,0.129400,0.007200,0.022800,0.023400,0.059900,0.003200,0.019136,0.003200,,0.010464,0.001120,1,4,48,0,1
3735,0.128300,0.129700,0.007200,0.022500,0.023700,0.069700,0.005000,0.018592,0.003104,,0.010240,0.001152,1,4,48,0,1
3736,0.116600,0.141600,0.007200,0.022800,0.023700,0.059400,0.003300,0.019136,0.003104,,0.010496,0.001120,1,4,48,0,1
3737,0.120300,0.129700,0.007100,0.022600,0.023500,0.064500,0.002300,0.018432,0.003040,,0.010752,0.001120,1,4,48,0,1
3738,0.127300,0.133300,0.007000,0.022800,0.023700,0.070500,0.003000,0.019744,0.003712,,0.012992,0.001184,1,4,48,0,1
3739,0.126300,0.140600,0.007400,0.023400,0.024500,0.060400,0.010400,0.019392,0.003072,,0.010112,0.001152,1,4,48,0,1
3740,0.116900,0.139200,0.007200,0.022700,0.024000,0.059700,0.003200,0.021728,0.003072,,0.012448,0.001152,1,4,48,0,1
3741,0.123200,0.129800,0.007200,0.022600,0.023700,0.059400,0.010200,0.018944,0.003008,,0.010368,0.001152,1,4,48,0,1
3742,0.122700,0.136200,0.007000,0.022600,0.023700,0.060500,0.008700,0.019008,0.003008,,0.013088,0.001152,1,4,48,0,1
3743,0.138000,0.135500,0.007900,0.026000,0.028000,0.072600,0.003300,0.019136,0.003232,,0.010528,0.001088,1,4,48,0,1
3744,0.118100,0.151400,0.007700,0.023800,0.024900,0.059600,0.002000,0.019648,0.002976,,0.010080,0.001152,1,4,48,0,1
3745,0.114400,0.131100,0.007200,0.022600,0.023500,0.058000,0.003100,0.019104,0.003136,,0.010432,0.001152,1,4,48,0,1
3746,0.127800,0.127500,0.007100,0.025800,0.032500,0.059200,0.003100,0.021536,0.002976,,0.011040,0.001152,1,4,48,0,1
3747,0.114600,0.140700,0.007000,0.022600,0.023100,0.058600,0.003200,0.019424,0.003104,,0.012896,0.001120,1,4,48,0,1
3748,0.122800,0.127600,0.007100,0.022500,0.023200,0.059400,0.010500,0.019136,0.003040,,0.010560,0.001152,1,4,48,0,1
3749,0.120900,0.135600,0.007100,0.022300,0.023800,0.058700,0.009000,0.018752,0.003136,,0.010176,0.001088,1,4,48,0,1
3750,0.123400,0.133800,0.007000,0.022400,0.023100,0.058600,0.012100,0.019072,0.003264,,0.010336,0.001120,1,4,48,0,1
3751,0.121500,0.138500,0.007400,0.024700,0.025500,0.060600,0.003100,0.019136,0.003232,,0.010432,0.001120,1,4,48,0,1
3752,0.122200,0.134600,0.007600,0.022800,0.023400,0.058400,0.010000,0.018528,0.003072,,0.010560,0.001152,1,4,48,0,1
3753,0.127000,0.135000,0.007100,0.022500,0.022700,0.070500,0.003900,0.021056,0.003008,,0.012096,0.001120,1,4,48,0,1
3754,0.116800,0.140100,0.007200,0.023200,0.023600,0.059300,0.003300,0.019104,0.003264,,0.010400,0.001056,1,4,48,0,1
3755,0.145100,0.131000,0.017700,0.030300,0.024700,0.061200,0.011000,0.018944,0.003072,,0.010336,0.001152,1,4,48,0,1
3756,0.116000,0.158400,0.007300,0.023100,0.023200,0.059200,0.003100,0.018528,0.003040,,0.010816,0.001184,1,4,48,0,1
3757,0.114100,0.128900,0.007100,0.022500,0.023500,0.058200,0.002500,0.019840,0.003232,,0.010304,0.001152,1,4,48,0,1
3758,0.120500,0.127000,0.007200,0.022700,0.021000,0.066200,0.003200,0.019648,0.003328,,0.010496,0.001088,1,4,48,0,1
3759,0.116400,0.133400,0.007200,0.022700,0.024000,0.059100,0.003100,0.019040,0.003200,,0.010400,0.001056,1,4,48,0,1
3760,0.115300,0.129300,0.007100,0.022500,0.023300,0.059000,0.003100,0.019040,0.003072,,0.010400,0.001184,1,4,48,0,1
3761,0.121700,0.128200,0.007100,0.022500,0.023000,0.067000,0.001900,0.018368,0.002976,,0.010816,0.001088,1,4,48,0,1
3762,0.118300,0.134600,0.007100,0.022600,0.023300,0.062000,0.003100,0.021632,0.003040,,0.011104,0.001152,1,4,48,0,1
3763,0.114900,0.131000,0.007300,0.022800,0.023300,0.058300,0.003100,0.018496,0.003072,,0.010752,0.001152,1,4,48,0,1
3764,0.114600,0.127900,0.006900,0.022500,0.022900,0.059100,0.003100,0.021408,0.002944,,0.011008,0.001152,1,4,48,0,1
3765,0.114800,0.127500,0.007000,0.022500,0.023000,0.059000,0.003100,0.021568,0.002880,,0.012544,0.001184,1,4,48,0,1
3766,0.114800,0.127700,0.007100,0.022400,0.023500,0.058700,0.003000,0.018912,0.002944,,0.010432,0.001152,1,4,48,0,1
3767,0.115000,0.127900,0.007100,0.022600,0.023100,0.058900,0.003200,0.018848,0.003008,,0.010336,0.001120,1,4,48,0,1
3768,0.125700,0.128000,0.007100,0.022500,0.023100,0.070800,0.001900,0.019200,0.003008,,0.013120,0.001152,1,4,48,0,1
3769,0.123200,0.138800,0.007200,0.023000,0.024000,0.059400,0.009400,0.018464,0.002976,,0.010944,0.001120,1,4,48,0,1
3770,0.115900,0.136200,0.007100,0.022800,0.023500,0.059200,0.003100,0.019040,0.003360,,0.010144,0.001056,1,4,48,0,1
3771,0.122300,0.128800,0.007000,0.022700,0.023300,0.058700,0.010400,0.018432,0.003008,,0.010848,0.001152,1,4,48,0,1
3772,0.121300,0.135500,0.007000,0.022500,0.030000,0.058500,0.002900,0.019072,0.003104,,0.010432,0.001152,1,4,48,0,1
3773,0.114300,0.134200,0.007100,0.022500,0.023100,0.058400,0.003100,0.018816,0.003008,,0.010240,0.001152,1,4,48,0,1
3774,0.115400,0.127200,0.006900,0.022700,0.023200,0.059400,0.003100,0.019040,0.003168,,0.010400,0.001056,1,4,48,0,1
3775,0.114400,0.128400,0.007100,0.022400,0.023100,0.058600,0.003100,0.019296,0.003264,,0.010528,0.001120,1,4,48,0,1
3776,0.114300,0.127100,0.007100,0.022400,0.023100,0.058500,0.003000,0.019232,0.003168,,0.010528,0.001152,1,4,48,0,1
3777,0.114800,0.127000,0.007300,0.022400,0.023200,0.058500,0.003100,0.018432,0.003008,,0.010688,0.001152,1,4,48,0,1
3778,0.122300,0.127800,0.007100,0.022800,0.023500,0.059100,0.009800,0.018368,0.003040,,0.010816,0.001088,1,4,48,0,1
3779,0.114800,0.135200,0.007100,0.022400,0.023500,0.058600,0.003100,0.019040,0.003040,,0.013056,0.001120,1,4,48,0,1
3780,0.114100,0.127800,0.007000,0.022600,0.023000,0.058400,0.003000,0.018976,0.003168,,0.010304,0.001120,1,4,48,0,1
3781,0.115000,0.127200,0.007100,0.022400,0.023100,0.059100,0.003100,0.021376,0.002976,,0.011104,0.001120,1,4,48,0,1
3782,0.114800,0.127700,0.006900,0.022400,0.023400,0.058900,0.003000,0.021568,0.002976,,0.011072,0.001120,1,4,48,0,1
3783,0.114600,0.127700,0.007200,0.022600,0.022800,0.058600,0.003000,0.018976,0.003072,,0.010336,0.001152,1,4,48,0,1
3784,0.121400,0.127600,0.006900,0.027600,0.024100,0.059600,0.003100,0.019360,0.003136,,0.013152,0.001184,1,4,48,0,1
3785,0.114900,0.134500,0.007100,0.022600,0.023100,0.058900,0.003000,0.018944,0.003264,,0.010272,0.001056,1,4,48,0,1
3786,0.121900,0.127800,0.007000,0.022800,0.023300,0.058800,0.009900,0.018400,0.002912,,0.010976,0.001120,1,4,48,0,1
3787,0.114300,0.134800,0.007300,0.022500,0.023100,0.058200,0.003100,0.019776,0.002816,,0.013984,0.001184,1,4,48,0,1
3788,0.114400,0.127200,0.007200,0.022500,0.023300,0.058000,0.003300,0.019232,0.003168,,0.013056,0.001152,1,4,48,0,1
3789,0.114300,0.127400,0.007300,0.022700,0.023300,0.057600,0.003200,0.019232,0.003232,,0.010528,0.001088,1,4,48,0,1
3790,0.114700,0.127200,0.007100,0.022700,0.023100,0.058100,0.003500,0.019104,0.003136,,0.010496,0.001120,1,4,48,0,1
3791,0.114000,0.127700,0.007100,0.022500,0.023200,0.057800,0.003300,0.019136,0.002944,,0.012960,0.001152,1,4,48,0,1
3792,0.114300,0.127000,0.006900,0.022500,0.023100,0.058300,0.003300,0.021632,0.003008,,0.012384,0.001152,1,4,48,0,1
3793,0.113700,0.127300,0.007100,0.022600,0.022800,0.057600,0.003200,0.019072,0.003040,,0.010464,0.001152,1,4,48,0,1
3794,0.114300,0.126400,0.007200,0.022500,0.023500,0.057600,0.003300,0.018464,0.003008,,0.010848,0.001152,1,4,48,0,1
3795,0.113700,0.127100,0.007200,0.022400,0.023100,0.057700,0.003200,0.021504,0.003008,,0.011040,0.001088,1,4,48,0,1
3796,0.113900,0.126600,0.007100,0.022600,0.023100,0.057900,0.003200,0.019200,0.003200,,0.010528,0.001088,1,4,48,0,1
3797,0.113900,0.126800,0.007000,0.022400,0.023300,0.057700,0.003400,0.019168,0.003200,,0.010464,0.001088,1,4,48,0,1
3798,0.114000,0.127100,0.007200,0.022800,0.022900,0.057900,0.003100,0.019200,0.003136,,0.010528,0.001184,1,4,48,0,1
3799,0.126700,0.126900,0.007100,0.022500,0.023400,0.062400,0.011200,0.019680,0.003264,,0.010336,0.001088,1,4,48,0,1
3800,0.126500,0.139700,0.007300,0.023000,0.023700,0.062800,0.009700,0.019136,0.003264,,0.010400,0.001056,1,4,48,0,1
3801,0.115100,0.139500,0.007100,0.022900,0.023400,0.058400,0.003200,0.019040,0.003136,,0.010368,0.001152,1,4,48,0,1
3802,0.114700,0.127900,0.006900,0.022600,0.022800,0.058500,0.003200,0.021472,0.002944,,0.011072,0.001152,1,4,48,0,1
3803,0.115000,0.127400,0.007200,0.022700,0.023300,0.058000,0.003700,0.019040,0.003072,,0.010432,0.001152,1,4,48,0,1
3804,0.112700,0.127800,0.007100,0.022800,0.022900,0.057700,0.002100,0.021472,0.003040,,0.012448,0.001120,1,4,48,0,1
3805,0.113900,0.125700,0.007300,0.022500,0.024000,0.057600,0.002500,0.019712,0.003232,,0.010272,0.001120,1,4,48,0,1
3806,0.115600,0.126900,0.007300,0.022600,0.023300,0.058600,0.003500,0.019232,0.003328,,0.010400,0.001120,1,4,48,0,1
3807,0.114000,0.128600,0.007100,0.022700,0.023100,0.057800,0.003100,0.019840,0.003040,,0.013888,0.001152,1,4,48,0,1
3808,0.114700,0.126900,0.007100,0.022700,0.023200,0.058400,0.003300,0.019040,0.003008,,0.010464,0.001120,1,4,48,0,1
3809,0.113400,0.127700,0.007100,0.022700,0.023200,0.057700,0.002500,0.019392,0.003488,,0.010400,0.001120,1,4,48,0,1
3810,0.122400,0.126100,0.006900,0.022400,0.023300,0.058600,0.011100,0.018528,0.003008,,0.010720,0.001152,1,4,48,0,1
3811,0.114200,0.135400,0.007000,0.022700,0.023600,0.057600,0.003200,0.021696,0.003072,,0.011072,0.001184,1,4,48,0,1
3812,0.114000,0.127000,0.007100,0.022700,0.023200,0.057600,0.003200,0.019168,0.003232,,0.010432,0.001120,1,4,48,0,1
3813,0.113300,0.126700,0.007100,0.022600,0.022700,0.057600,0.003100,0.021568,0.003040,,0.011008,0.001120,1,4,48,0,1
3814,0.114000,0.126200,0.007100,0.022400,0.023000,0.058200,0.003300,0.018976,0.003136,,0.010336,0.001088,1,4,48,0,1
3815,0.120400,0.126700,0.007200,0.022500,0.028000,0.059300,0.003200,0.018656,0.003136,,0.010080,0.001152,1,4,48,0,1
3816,0.114500,0.133700,0.007200,0.022700,0.023200,0.058100,0.003200,0.019840,0.003008,,0.013920,0.001152,1,4,48,0,1
3817,0.113500,0.127500,0.007100,0.022400,0.023000,0.057600,0.003200,0.019232,0.002944,,0.012992,0.001152,1,4,48,0,1
3818,0.121700,0.126500,0.006800,0.022700,0.023000,0.057800,0.011400,0.018496,0.003072,,0.010624,0.001152,1,4,48,0,1
3819,0.113800,0.134600,0.007100,0.022500,0.023300,0.057700,0.003200,0.019168,0.003040,,0.012992,0.001120,1,4,48,0,1
3820,0.113900,0.126500,0.007000,0.022500,0.022900,0.057900,0.003400,0.018880,0.003360,,0.010272,0.001088,1,4,48,0,1
3821,0.189900,0.131100,0.009400,0.043600,0.052900,0.080100,0.003500,0.019392,0.003424,,0.010368,0.001088,1,4,48,0,1
3822,0.140400,0.204300,0.008200,0.040200,0.025300,0.063300,0.003400,0.019776,0.003104,,0.010368,0.001184,1,4,48,0,1
3823,0.117200,0.154000,0.007500,0.023500,0.024000,0.058400,0.003700,0.019488,0.003072,,0.010432,0.001152,1,4,48,0,1
3824,0.145600,0.130200,0.007100,0.022700,0.023400,0.090200,0.001700,0.019104,0.003040,,0.010528,0.001152,1,4,48,0,1
3825,0.114100,0.158800,0.007400,0.023100,0.023400,0.057700,0.002400,0.019808,0.003072,,0.013824,0.001152,1,4,48,0,1
3826,0.115200,0.127000,0.007000,0.022600,0.023700,0.058500,0.003300,0.019136,0.003136,,0.010528,0.001088,1,4,48,0,1
3827,0.114800,0.128400,0.006900,0.022600,0.023500,0.058500,0.003100,0.019872,0.003136,,0.010368,0.001152,1,4,48,0,1
3828,0.114500,0.127500,0.007000,0.022600,0.023300,0.058300,0.003200,0.019104,0.003136,,0.010496,0.001088,1,4,48,0,1
3829,0.122300,0.127300,0.007200,0.022800,0.023200,0.057800,0.011300,0.019008,0.003136,,0.010336,0.001152,1,4,48,0,1
3830,0.114400,0.135500,0.006900,0.022600,0.023000,0.058500,0.003200,0.019520,0.003104,,0.012928,0.001152,1,4,48,0,1
3831,0.114400,0.127200,0.007000,0.022900,0.023300,0.057800,0.003200,0.021632,0.003008,,0.011072,0.001152,1,4,48,0,1
3832,0.113800,0.127100,0.007000,0.022500,0.022800,0.058100,0.003100,0.018816,0.003328,,0.010272,0.001088,1,4,48,0,1
3833,0.114100,0.126600,0.007100,0.022500,0.023200,0.057800,0.003300,0.021312,0.003008,,0.012480,0.001120,1,4,48,0,1
3834,0.113400,0.127000,0.006900,0.022400,0.023000,0.057700,0.003300,0.019232,0.003168,,0.010528,0.001184,1,4,48,0,1
3835,0.123400,0.126300,0.007000,0.022600,0.023200,0.057800,0.012600,0.018528,0.002976,,0.010560,0.001184,1,4,48,0,1
3836,0.128500,0.148700,0.007300,0.024000,0.024200,0.059500,0.013400,0.019072,0.003264,,0.010368,0.001088,1,4,48,0,1
3837,0.114500,0.141600,0.007000,0.022700,0.023600,0.057900,0.003200,0.019104,0.003328,,0.010336,0.001120,1,4,48,0,1
3838,0.114600,0.127200,0.007100,0.022400,0.023200,0.058400,0.003200,0.019072,0.003200,,0.010432,0.001088,1,4,48,0,1
3839,0.115200,0.127400,0.007100,0.022500,0.023700,0.058400,0.003300,0.019264,0.003232,,0.010496,0.001152,1,4,48,0,1
3840,0.114300,0.128200,0.007100,0.022800,0.023000,0.058300,0.003100,0.021600,0.003040,,0.011072,0.001152,1,4,48,0,1
3841,0.113400,0.127300,0.007200,0.022400,0.022900,0.057700,0.003000,0.021408,0.003040,,0.012352,0.001152,1,4,48,0,1
3842,0.129600,0.126300,0.007000,0.022600,0.023000,0.072700,0.003900,0.022080,0.003328,,0.011360,0.001088,1,4,48,0,1
3843,0.113400,0.142600,0.007100,0.022500,0.023100,0.057500,0.003000,0.021504,0.003008,,0.011168,0.001152,1,4,48,0,1
3844,0.114500,0.126100,0.007100,0.022600,0.023000,0.058300,0.003200,0.019200,0.003232,,0.010432,0.001152,1,4,48,0,1
3845,0.113900,0.127400,0.007100,0.022700,0.023100,0.057700,0.003100,0.019136,0.003168,,0.010464,0.001120,1,4,48,0,1
3846,0.114200,0.127000,0.007100,0.022800,0.023100,0.058100,0.003100,0.019296,0.003328,,0.010432,0.001152,1,4,48,0,1
3847,0.115000,0.127100,0.007400,0.022800,0.023000,0.058400,0.003200,0.021408,0.002912,,0.011072,0.001152,1,4,48,0,1
3848,0.122000,0.128000,0.007000,0.022600,0.023000,0.058300,0.011000,0.018720,0.003424,,0.010848,0.001088,1,4,48,0,1
3849,0.114000,0.135000,0.006900,0.022700,0.023200,0.057800,0.003200,0.019616,0.003040,,0.011008,0.001152,1,4,48,0,1
3850,0.126600,0.127100,0.007000,0.022500,0.023000,0.071600,0.002300,0.019648,0.003200,,0.010400,0.001088,1,4,48,0,1
3851,0.121800,0.139500,0.007100,0.028200,0.025600,0.058500,0.002300,0.019296,0.003072,,0.010336,0.001152,1,4,48,0,1
3852,0.122700,0.134900,0.007400,0.022800,0.023400,0.057700,0.011300,0.018528,0.003040,,0.010752,0.001184,1,4,48,0,1
3853,0.114200,0.135600,0.007400,0.022400,0.023200,0.057800,0.003100,0.018752,0.003104,,0.010496,0.001152,1,4,48,0,1
3854,0.114500,0.126900,0.007100,0.022700,0.023400,0.058100,0.003000,0.019296,0.003360,,0.010464,0.001088,1,4,48,0,1
3855,0.113900,0.127400,0.007000,0.022600,0.023400,0.057600,0.003200,0.022176,0.003232,,0.011424,0.001120,1,4,48,0,1
3856,0.114800,0.126700,0.007100,0.022600,0.023700,0.058100,0.003200,0.019296,0.003264,,0.010464,0.001152,1,4,48,0,1
3857,0.113600,0.127800,0.006900,0.022600,0.023300,0.057300,0.003200,0.019232,0.003264,,0.010496,0.001088,1,4,48,0,1
3858,0.113600,0.126400,0.007100,0.022600,0.023100,0.057600,0.003100,0.021792,0.003136,,0.011072,0.001184,1,4,48,0,1
3859,0.115200,0.126400,0.007200,0.022800,0.023800,0.058100,0.003200,0.019200,0.003296,,0.010432,0.001088,1,4,48,0,1
3860,0.114400,0.128100,0.007000,0.022700,0.023300,0.058100,0.003200,0.019296,0.003200,,0.013024,0.001152,1,4,48,0,1
3861,0.113900,0.127200,0.007200,0.022700,0.022700,0.057900,0.003300,0.019136,0.003072,,0.010528,0.001152,1,4,48,0,1
3862,0.114000,0.127000,0.007000,0.022400,0.022900,0.058400,0.003100,0.019008,0.003136,,0.010400,0.001088,1,4,48,0,1
3863,0.122500,0.126900,0.007100,0.022400,0.023700,0.058200,0.010900,0.018368,0.003008,,0.010784,0.001120,1,4,48,0,1
3864,0.114300,0.135500,0.007100,0.022500,0.023200,0.058200,0.003100,0.019328,0.003072,,0.012992,0.001152,1,4,48,0,1
3865,0.114500,0.127300,0.007100,0.022800,0.023500,0.057900,0.003200,0.021632,0.003072,,0.011040,0.001184,1,4,48,0,1
3866,0.132600,0.127500,0.007100,0.022600,0.023700,0.077400,0.001700,0.018464,0.003008,,0.010944,0.001184,1,4,48,0,1
3867,0.127100,0.145800,0.007200,0.024000,0.024100,0.059900,0.011300,0.018496,0.002976,,0.010752,0.001184,1,4,48,0,1
3868,0.114200,0.139800,0.007100,0.022700,0.023000,0.058100,0.003200,0.020128,0.003328,,0.013952,0.001088,1,4,48,0,1
3869,0.114100,0.127000,0.007200,0.022800,0.022900,0.058100,0.003100,0.021696,0.003040,,0.012512,0.001184,1,4,48,0,1
3870,0.113800,0.126900,0.007200,0.022600,0.022900,0.057800,0.003100,0.020288,0.003360,,0.013984,0.001088,1,4,48,0,1
3871,0.114600,0.126500,0.007300,0.022700,0.023300,0.058000,0.003200,0.021472,0.003040,,0.010976,0.001120,1,4,48,0,1
3872,0.113600,0.127500,0.007000,0.022700,0.022600,0.058000,0.003100,0.019072,0.003200,,0.010336,0.001152,1,4,48,0,1
3873,0.121800,0.126400,0.007100,0.022500,0.023300,0.057700,0.011100,0.018432,0.002944,,0.010912,0.001152,1,4,48,0,1
3874,0.114100,0.134600,0.007100,0.022500,0.022800,0.058300,0.003200,0.022080,0.003232,,0.011360,0.001056,1,4,48,0,1
3875,0.114100,0.126900,0.007200,0.022700,0.023100,0.057900,0.003200,0.021568,0.002976,,0.011072,0.001184,1,4,48,0,1
3876,0.114000,0.127000,0.007100,0.022700,0.022800,0.058200,0.003000,0.019072,0.003104,,0.010496,0.001088,1,4,48,0,1
3877,0.121800,0.126700,0.007200,0.022500,0.023000,0.058200,0.010900,0.018432,0.002912,,0.010912,0.001152,1,4,48,0,1
3878,0.113700,0.134700,0.007000,0.022700,0.022900,0.057800,0.003300,0.019456,0.002944,,0.012224,0.001152,1,4,48,0,1
3879,0.113300,0.126600,0.007000,0.022500,0.022800,0.057800,0.003100,0.021664,0.003040,,0.012352,0.001184,1,4,48,0,1
3880,0.114000,0.126000,0.007000,0.022800,0.023200,0.057700,0.003200,0.019040,0.003008,,0.010496,0.001152,1,4,48,0,1
3881,0.113900,0.126900,0.007100,0.022700,0.023500,0.057400,0.003100,0.019136,0.003136,,0.010528,0.001088,1,4,48,0,1
3882,0.120400,0.126800,0.006800,0.022600,0.028600,0.059000,0.003100,0.022048,0.003104,,0.011424,0.001056,1,4,48,0,1
3883,0.114300,0.133500,0.007200,0.023000,0.023000,0.057800,0.003200,0.018400,0.002976,,0.010912,0.001120,1,4,48,0,1
3884,0.113100,0.127100,0.006900,0.022400,0.022600,0.057700,0.003200,0.018432,0.003008,,0.010656,0.001152,1,4,48,0,1
3885,0.114100,0.125900,0.007100,0.022700,0.023300,0.057800,0.003200,0.019392,0.003296,,0.010624,0.001088,1,4,48,0,1
3886,0.127200,0.126900,0.006900,0.022800,0.022800,0.069300,0.005100,0.019040,0.003104,,0.010496,0.001056,1,4,48,0,1
3887,0.115100,0.140100,0.007200,0.022500,0.023700,0.058200,0.003400,0.020032,0.003104,,0.013920,0.001152,1,4,48,0,1
3888,0.114500,0.127900,0.007000,0.022800,0.022900,0.058500,0.003200,0.018752,0.003168,,0.010304,0.001120,1,4,48,0,1
3889,0.113600,0.127200,0.007300,0.022400,0.022600,0.058000,0.003300,0.019264,0.003136,,0.013056,0.001088,1,4,48,0,1
3890,0.113800,0.126500,0.006900,0.022900,0.023000,0.057900,0.003100,0.019872,0.003104,,0.013856,0.001152,1,4,48,0,1
3891,0.113600,0.126800,0.007100,0.022400,0.023100,0.057500,0.003500,0.018880,0.002912,,0.010432,0.001120,1,4,48,0,1
3892,0.114100,0.126300,0.007100,0.022500,0.022600,0.058600,0.003200,0.021536,0.003040,,0.012288,0.001152,1,4,48,0,1
3893,0.122400,0.127200,0.007000,0.022800,0.023400,0.058200,0.011000,0.018592,0.003104,,0.010432,0.001120,1,4,48,0,1
3894,0.114400,0.135600,0.007100,0.022500,0.023400,0.058000,0.003100,0.019328,0.003104,,0.013056,0.001152,1,4,48,0,1
3895,0.113300,0.127300,0.006900,0.022600,0.022700,0.057900,0.003100,0.021728,0.003136,,0.012416,0.001152,1,4,48,0,1
3896,0.149000,0.126400,0.007000,0.022600,0.022900,0.094700,0.001700,0.021568,0.002944,,0.011680,0.001152,1,4,48,0,1
3897,0.123900,0.162100,0.007100,0.022500,0.020500,0.070600,0.003200,0.020672,0.003072,,0.013024,0.001152,1,4,48,0,1
3898,0.123900,0.137400,0.007200,0.023300,0.023500,0.058400,0.011400,0.019136,0.003168,,0.010464,0.001120,1,4,48,0,1
3899,0.136100,0.136900,0.007000,0.022800,0.023400,0.081100,0.001700,0.018592,0.003104,,0.010816,0.001184,1,4,48,0,1
3900,0.128100,0.149000,0.007300,0.022700,0.023500,0.062400,0.012100,0.021728,0.003104,,0.012416,0.001152,1,4,48,0,1
3901,0.128700,0.141400,0.007100,0.034600,0.024200,0.059400,0.003300,0.019264,0.003008,,0.010304,0.001184,1,4,48,0,1
3902,0.114300,0.141900,0.007200,0.022900,0.023300,0.057600,0.003200,0.019552,0.003040,,0.010400,0.001152,1,4,48,0,1
3903,0.112800,0.127300,0.007000,0.022600,0.023000,0.056900,0.003200,0.018432,0.003008,,0.010592,0.001152,1,4,48,0,1
3904,0.113500,0.125500,0.007000,0.022400,0.023100,0.057500,0.003300,0.018688,0.003200,,0.010144,0.001120,1,4,48,0,1
3905,0.127700,0.126400,0.007200,0.022600,0.033200,0.061500,0.003200,0.018336,0.002976,,0.010624,0.001120,1,4,48,0,1
3906,0.115000,0.140900,0.007300,0.023200,0.023200,0.058100,0.003100,0.018720,0.003072,,0.010304,0.001088,1,4,48,0,1
3907,0.114500,0.127900,0.007200,0.022700,0.023100,0.058400,0.003100,0.021504,0.003072,,0.011040,0.001088,1,4,48,0,1
3908,0.113200,0.127400,0.007100,0.022500,0.022500,0.057800,0.003200,0.018944,0.003008,,0.012992,0.001088,1,4,48,0,1
3909,0.114400,0.126000,0.007200,0.022700,0.023300,0.057800,0.003400,0.018528,0.003040,,0.010816,0.001152,1,4,48,0,1
3910,0.113900,0.127500,0.007100,0.022400,0.022900,0.058200,0.003200,0.019008,0.003072,,0.010400,0.001184,1,4,48,0,1
3911,0.113900,0.126700,0.007000,0.022500,0.022700,0.058400,0.003100,0.021600,0.003008,,0.012512,0.001120,1,4,48,0,1
3912,0.116300,0.126900,0.007100,0.022600,0.025700,0.057600,0.003200,0.021696,0.003104,,0.011136,0.001152,1,4,48,0,1
3913,0.113700,0.129200,0.007200,0.022400,0.023000,0.057800,0.003200,0.019264,0.002912,,0.013024,0.001120,1,4,48,0,1
3914,0.114100,0.126600,0.007100,0.022600,0.023000,0.057900,0.003200,0.021664,0.003008,,0.012384,0.001152,1,4,48,0,1
3915,0.124800,0.127100,0.007100,0.022700,0.023000,0.059600,0.012400,0.018432,0.003008,,0.010848,0.001152,1,4,48,0,1
3916,0.113400,0.137500,0.007000,0.022400,0.023000,0.057500,0.003200,0.019136,0.003232,,0.010432,0.001088,1,4,48,0,1
3917,0.113700,0.126400,0.007000,0.022600,0.023300,0.057500,0.003100,0.021600,0.003008,,0.012384,0.001120,1,4,48,0,1
3918,0.113700,0.126600,0.007000,0.022700,0.023100,0.057700,0.003100,0.019200,0.003104,,0.010560,0.001152,1,4,48,0,1
3919,0.112600,0.126600,0.007000,0.022200,0.022600,0.057500,0.003100,0.019232,0.003264,,0.010464,0.001152,1,4,48,0,1
3920,0.113400,0.125500,0.007000,0.022500,0.023500,0.057200,0.003200,0.019040,0.003072,,0.013024,0.001120,1,4,48,0,1
3921,0.121400,0.126200,0.012500,0.023500,0.023700,0.059000,0.002600,0.019168,0.003296,,0.010368,0.001120,1,4,48,0,1
3922,0.316500,0.134400,0.007000,0.027300,0.022900,0.255500,0.003600,0.019584,0.003072,,0.010528,0.001152,1,4,48,0,1
3923,0.223100,0.335300,0.010200,0.037900,0.034700,0.137700,0.002200,0.020096,0.003296,,0.013856,0.001088,1,4,48,0,1
3924,0.207100,0.240700,0.009400,0.031000,0.030800,0.133400,0.002400,0.019200,0.003264,,0.010432,0.001120,1,4,48,0,1
3925,0.224900,0.224700,0.009300,0.029600,0.030600,0.149400,0.005900,0.020608,0.003040,,0.011616,0.001152,1,4,48,0,1
3926,0.162200,0.239500,0.008500,0.031100,0.029300,0.088100,0.005100,0.019264,0.002976,,0.010368,0.001152,1,4,48,0,1
3927,0.190600,0.180800,0.010500,0.037600,0.035600,0.100000,0.006800,0.019904,0.003040,,0.013952,0.001152,1,4,48,0,1
3928,0.156400,0.205100,0.008500,0.030600,0.027900,0.085800,0.003500,0.019328,0.003040,,0.010176,0.001184,1,4,48,0,1
3929,0.138200,0.173100,0.008500,0.031200,0.028700,0.066500,0.003300,0.019424,0.003072,,0.010464,0.001120,1,4,48,0,1
3930,0.126400,0.152000,0.007700,0.023700,0.024400,0.061000,0.009400,0.018656,0.003040,,0.010272,0.001152,1,4,48,0,1
3931,0.119500,0.140000,0.007600,0.023100,0.024400,0.061100,0.003100,0.021216,0.002976,,0.012032,0.001152,1,4,48,0,1
3932,0.123600,0.132800,0.007400,0.023100,0.023700,0.060300,0.009100,0.018496,0.003104,,0.010720,0.001120,1,4,48,0,1
3933,0.117100,0.136900,0.007300,0.022900,0.024000,0.059600,0.003100,0.019200,0.003168,,0.010528,0.001088,1,4,48,0,1
3934,0.116700,0.130500,0.007200,0.022800,0.023500,0.059900,0.003200,0.018944,0.003104,,0.010368,0.001088,1,4,48,0,1
3935,0.116200,0.129900,0.007200,0.022600,0.023800,0.059400,0.003200,0.019008,0.003232,,0.010368,0.001088,1,4,48,0,1
3936,0.116000,0.129500,0.007300,0.022500,0.023300,0.059600,0.003000,0.019456,0.003520,,0.010464,0.001088,1,4,48,0,1
3937,0.134000,0.129000,0.007300,0.022700,0.027300,0.063700,0.012800,0.021184,0.003040,,0.012000,0.001184,1,4,48,0,1
3938,0.124500,0.147200,0.007200,0.022600,0.023900,0.065900,0.004800,0.019520,0.002944,,0.010304,0.001152,1,4,48,0,1
3939,0.125000,0.137600,0.007600,0.022700,0.023700,0.060000,0.011000,0.019232,0.003072,,0.013088,0.001152,1,4,48,0,1
3940,0.125900,0.138000,0.007500,0.022600,0.024000,0.060300,0.011400,0.019072,0.003200,,0.010368,0.001088,1,4,48,0,1
3941,0.125800,0.139100,0.007200,0.022600,0.023700,0.069000,0.003100,0.019136,0.003200,,0.010464,0.001120,1,4,48,0,1
3942,0.117100,0.138900,0.007300,0.023000,0.023700,0.059700,0.003300,0.018944,0.003168,,0.010304,0.001088,1,4,48,0,1
3943,0.124500,0.130300,0.007300,0.022400,0.023700,0.059800,0.011200,0.019200,0.003264,,0.010464,0.001120,1,4,48,0,1
3944,0.124900,0.137600,0.007200,0.022600,0.023800,0.059800,0.011200,0.019136,0.003136,,0.013056,0.001152,1,4,48,0,1
3945,0.126300,0.138100,0.007400,0.022800,0.023900,0.059800,0.012300,0.021536,0.002944,,0.011136,0.001120,1,4,48,0,1
3946,0.125500,0.139400,0.007600,0.023000,0.023600,0.059200,0.012100,0.019232,0.003168,,0.013056,0.001152,1,4,48,0,1
3947,0.124400,0.138800,0.007300,0.022500,0.023600,0.059000,0.011900,0.019296,0.003328,,0.010528,0.001088,1,4,48,0,1
3948,0.115400,0.137800,0.007300,0.022900,0.023200,0.059000,0.003000,0.021632,0.003072,,0.011072,0.001120,1,4,48,0,1
3949,0.120400,0.128700,0.007300,0.022400,0.023400,0.063800,0.003300,0.019200,0.003328,,0.010400,0.001088,1,4,48,0,1
3950,0.475600,0.140100,0.064900,0.291000,0.029500,0.088200,0.001900,0.021280,0.003008,,0.011648,0.001152,1,4,48,0,1
3951,0.123300,0.490400,0.011100,0.024400,0.023700,0.062100,0.001900,0.018464,0.003040,,0.010880,0.001120,1,4,48,0,1
3952,0.137400,0.136900,0.007500,0.023200,0.030600,0.073600,0.002500,0.018464,0.003072,,0.010784,0.001120,1,4,48,0,1
3953,0.145800,0.153800,0.010600,0.031300,0.030700,0.070600,0.002500,0.019168,0.003360,,0.010336,0.001056,1,4,48,0,1
3954,0.125300,0.158900,0.007100,0.023100,0.023600,0.058600,0.012700,0.019520,0.003008,,0.012512,0.001088,1,4,48,0,1
3955,0.115600,0.138500,0.007400,0.022500,0.023600,0.059000,0.003100,0.021600,0.003136,,0.011008,0.001152,1,4,48,0,1
3956,0.122900,0.128800,0.007100,0.022800,0.023600,0.059600,0.009500,0.019168,0.003264,,0.010464,0.001152,1,4,48,0,1
3957,0.122200,0.136000,0.007600,0.022700,0.023400,0.059200,0.009200,0.019136,0.003200,,0.010432,0.001120,1,4,48,0,1
3958,0.124600,0.135100,0.007300,0.022600,0.023800,0.067600,0.003300,0.018368,0.002912,,0.010848,0.001152,1,4,48,0,1
3959,0.114400,0.137700,0.007200,0.022400,0.023200,0.058400,0.003100,0.021760,0.003296,,0.011008,0.001088,1,4,48,0,1
3960,0.120700,0.127600,0.007100,0.022600,0.023700,0.064300,0.003000,0.018528,0.003008,,0.010912,0.001184,1,4,48,0,1
3961,0.140300,0.133900,0.007400,0.022300,0.023300,0.077300,0.010000,0.019008,0.003104,,0.010432,0.001088,1,4,48,0,1
3962,0.131200,0.153400,0.007500,0.029100,0.024200,0.061200,0.009100,0.021568,0.003008,,0.011040,0.001088,1,4,48,0,1
3963,0.122200,0.144500,0.007400,0.022600,0.023300,0.059100,0.009600,0.018944,0.003136,,0.010400,0.001056,1,4,48,0,1
3964,0.123100,0.135300,0.007100,0.022500,0.023400,0.059300,0.010700,0.019008,0.002976,,0.010496,0.001152,1,4,48,0,1
3965,0.122500,0.136400,0.007300,0.022400,0.023300,0.058600,0.010800,0.019104,0.003104,,0.010496,0.001152,1,4,48,0,1
3966,0.121100,0.135600,0.007100,0.022300,0.023500,0.058900,0.009300,0.019424,0.003104,,0.012992,0.001152,1,4,48,0,1
3967,0.121500,0.134200,0.007300,0.022600,0.023600,0.064800,0.003000,0.019168,0.003200,,0.010496,0.001056,1,4,48,0,1
3968,0.143700,0.134300,0.007000,0.022900,0.023300,0.088700,0.001600,0.019040,0.003040,,0.010496,0.001120,1,4,48,0,1
3969,0.116100,0.156900,0.007300,0.023000,0.023300,0.059100,0.003400,0.019776,0.003232,,0.010336,0.001152,1,4,48,0,1
3970,0.113900,0.129100,0.007200,0.022500,0.022900,0.057900,0.003300,0.018880,0.003072,,0.010336,0.001088,1,4,48,0,1
3971,0.114800,0.127000,0.007300,0.022800,0.023600,0.058000,0.003100,0.019200,0.003136,,0.013056,0.001088,1,4,48,0,1
3972,0.114600,0.127800,0.007700,0.022500,0.023200,0.057800,0.003200,0.019424,0.003104,,0.012992,0.001152,1,4,48,0,1
3973,0.114800,0.127500,0.007300,0.022600,0.023500,0.058000,0.003400,0.021600,0.003104,,0.012320,0.001088,1,4,48,0,1
3974,0.123600,0.127800,0.007100,0.022700,0.022900,0.058200,0.012600,0.018688,0.003072,,0.010368,0.001152,1,4,48,0,1
3975,0.125000,0.136800,0.007300,0.022900,0.023900,0.058200,0.012700,0.018560,0.003072,,0.010656,0.001152,1,4,48,0,1
3976,0.118500,0.138300,0.007600,0.026600,0.023100,0.057900,0.003200,0.021472,0.003168,,0.011008,0.001152,1,4,48,0,1
3977,0.121300,0.131500,0.012200,0.023100,0.023800,0.058900,0.003100,0.019072,0.003072,,0.010464,0.001152,1,4,48,0,1
3978,0.114700,0.134700,0.007400,0.022600,0.023200,0.058200,0.003100,0.019072,0.003136,,0.010432,0.001184,1,4,48,0,1
3979,0.114700,0.128200,0.007500,0.022700,0.023800,0.058100,0.002600,0.019360,0.002976,,0.010272,0.001152,1,4,48,0,1
3980,0.115800,0.127700,0.007400,0.022800,0.024100,0.058000,0.003500,0.019360,0.003008,,0.010336,0.001152,1,4,48,0,1
3981,0.114600,0.128900,0.007500,0.023000,0.023200,0.058300,0.002500,0.019136,0.003136,,0.010496,0.001120,1,4,48,0,1
3982,0.114600,0.127600,0.007400,0.022500,0.023300,0.058200,0.003200,0.019200,0.003168,,0.013024,0.001152,1,4,48,0,1
3983,0.114400,0.127700,0.007500,0.022400,0.023200,0.057900,0.003400,0.019136,0.003264,,0.010432,0.001088,1,4,48,0,1
3984,0.114300,0.127800,0.007200,0.022500,0.023000,0.058300,0.003100,0.019936,0.003072,,0.013952,0.001152,1,4,48,0,1
3985,0.115200,0.127700,0.007400,0.022700,0.023600,0.058200,0.003200,0.019104,0.003264,,0.010400,0.001088,1,4,48,0,1
3986,0.124600,0.128300,0.007100,0.023000,0.023400,0.058400,0.012700,0.018624,0.003072,,0.010400,0.001120,1,4,48,0,1
3987,0.115000,0.138000,0.007300,0.022600,0.023100,0.058800,0.003200,0.021984,0.003232,,0.011328,0.001056,1,4,48,0,1
3988,0.114500,0.127900,0.007500,0.022600,0.022600,0.058400,0.003200,0.021536,0.003072,,0.011072,0.001120,1,4,48,0,1
3989,0.123200,0.127400,0.007400,0.022700,0.023200,0.058700,0.011100,0.018528,0.003200,,0.010560,0.001056,1,4,48,0,1
3990,0.115700,0.136200,0.007300,0.023300,0.023000,0.058900,0.003200,0.019136,0.003104,,0.010464,0.001152,1,4,48,0,1
3991,0.115500,0.128900,0.007200,0.023000,0.023100,0.058700,0.003200,0.019232,0.003360,,0.010336,0.001152,1,4,48,0,1
3992,0.124400,0.128500,0.007500,0.022800,0.023300,0.069000,0.001700,0.018496,0.002976,,0.010848,0.001152,1,4,48,0,1
3993,0.116000,0.137500,0.007500,0.023200,0.023200,0.058700,0.003200,0.021728,0.003136,,0.011136,0.001152,1,4,48,0,1
3994,0.114900,0.129200,0.007100,0.022800,0.023100,0.058600,0.003300,0.019296,0.003136,,0.012992,0.001152,1,4,48,0,1
3995,0.115000,0.128200,0.007400,0.022800,0.023100,0.058500,0.003100,0.019264,0.003296,,0.010464,0.001088,1,4,48,0,1
3996,0.114800,0.128200,0.007400,0.022800,0.023400,0.058100,0.003100,0.021664,0.003136,,0.011040,0.001152,1,4,48,0,1
3997,0.114900,0.127900,0.007600,0.022600,0.023300,0.058200,0.003200,0.019104,0.003072,,0.010496,0.001152,1,4,48,0,1
3998,0.115300,0.128400,0.007400,0.022600,0.023500,0.058400,0.003200,0.021408,0.002976,,0.010976,0.001120,1,4,48,0,1
3999,0.144500,0.128700,0.007400,0.022500,0.022800,0.090100,0.001600,0.019168,0.002976,,0.013088,0.001152,1,4,48,0,1
4000,0.120200,0.158200,0.007300,0.023000,0.024200,0.062500,0.003200,0.021440,0.003136,,0.011040,0.001152,1,4,48,0,1
4001,0.115400,0.133600,0.007300,0.022800,0.023400,0.058400,0.003300,0.021440,0.003008,,0.011008,0.001152,1,4,48,0,1
4002,0.115200,0.128700,0.007200,0.022800,0.023500,0.058000,0.003300,0.021600,0.003040,,0.012416,0.001152,1,4,48,0,1
4003,0.114700,0.128600,0.007300,0.022700,0.023300,0.058000,0.003300,0.021600,0.003008,,0.012480,0.001120,1,4,48,0,1
4004,0.115100,0.128100,0.007300,0.023000,0.022900,0.058500,0.003300,0.021760,0.003168,,0.011040,0.001152,1,4,48,0,1
4005,0.114600,0.128100,0.007100,0.022800,0.022900,0.058400,0.003300,0.019328,0.003392,,0.010400,0.001152,1,4,48,0,1
4006,0.129700,0.127800,0.007200,0.022800,0.023200,0.074700,0.001700,0.018816,0.002944,,0.010336,0.001184,1,4,48,0,1
4007,0.128400,0.143000,0.007200,0.022900,0.023200,0.064100,0.011000,0.021344,0.003104,,0.012064,0.001056,1,4,48,0,1
4008,0.116400,0.141500,0.007400,0.023400,0.023200,0.058900,0.003500,0.019296,0.003104,,0.012960,0.001152,1,4,48,0,1
4009,0.114500,0.129800,0.007400,0.022900,0.023300,0.057700,0.003100,0.020448,0.002976,,0.011456,0.001152,1,4,48,0,1
4010,0.114900,0.127800,0.007300,0.022900,0.022900,0.058500,0.003200,0.021632,0.003104,,0.012448,0.001152,1,4,48,0,1
4011,0.122600,0.128000,0.007200,0.022900,0.023200,0.058300,0.010900,0.018656,0.003072,,0.010944,0.001184,1,4,48,0,1
4012,0.114600,0.135700,0.007200,0.022700,0.023000,0.058300,0.003300,0.019104,0.003008,,0.013056,0.001120,1,4,48,0,1
4013,0.123100,0.127700,0.007300,0.022800,0.023000,0.058800,0.011000,0.018528,0.003104,,0.010752,0.001152,1,4,48,0,1
4014,0.114500,0.136400,0.007100,0.022800,0.023400,0.058600,0.002500,0.022016,0.003136,,0.011392,0.001088,1,4,48,0,1
4015,0.115300,0.127700,0.007500,0.022600,0.023400,0.058400,0.003300,0.019072,0.003200,,0.010400,0.001088,1,4,48,0,1
4016,0.114500,0.128800,0.007200,0.022800,0.023000,0.058200,0.003100,0.021696,0.003232,,0.012320,0.001152,1,4,48,0,1
4017,0.115000,0.127800,0.007600,0.022800,0.023300,0.057900,0.003200,0.019008,0.003104,,0.010400,0.001120,1,4,48,0,1
4018,0.115500,0.128000,0.007100,0.022900,0.022900,0.059100,0.003300,0.018688,0.003168,,0.010528,0.001184,1,4,48,0,1
4019,0.122800,0.128400,0.007400,0.022900,0.023200,0.059300,0.009900,0.018496,0.003104,,0.010912,0.001088,1,4,48,0,1
4020,0.115700,0.136000,0.007400,0.022600,0.023100,0.059300,0.003200,0.019072,0.003136,,0.010464,0.001088,1,4,48,0,1
4021,0.115500,0.128700,0.007200,0.022500,0.023100,0.059500,0.003200,0.021760,0.003136,,0.011040,0.001184,1,4,48,0,1
4022,0.114900,0.128800,0.007200,0.022600,0.023300,0.058600,0.003100,0.021568,0.003104,,0.011072,0.001120,1,4,48,0,1
4023,0.127100,0.132600,0.007600,0.023200,0.024000,0.060100,0.012000,0.019904,0.003040,,0.013888,0.001184,1,4,48,0,1
4024,0.116100,0.140200,0.007500,0.023000,0.023500,0.058900,0.003100,0.020064,0.003136,,0.013888,0.001120,1,4,48,0,1
4025,0.115100,0.129100,0.007400,0.022800,0.020800,0.062300,0.001700,0.019424,0.002944,,0.010720,0.001120,1,4,48,0,1
4026,0.157700,0.128000,0.007200,0.022100,0.033900,0.086400,0.008000,0.019584,0.003072,,0.010400,0.001120,1,4,48,0,1
4027,0.173100,0.176400,0.010400,0.037600,0.034900,0.085400,0.004800,0.018976,0.003168,,0.010368,0.001088,1,4,48,0,1
4028,0.154400,0.189800,0.009100,0.028100,0.029300,0.073600,0.014000,0.019200,0.003168,,0.010464,0.001184,1,4,48,0,1
4029,0.140300,0.170700,0.008900,0.027700,0.028800,0.071100,0.003700,0.021312,0.002976,,0.011072,0.001184,1,4,48,0,1
4030,0.163800,0.156300,0.008800,0.027300,0.029100,0.095200,0.003300,0.021824,0.003168,,0.012352,0.001152,1,4,48,0,1
4031,0.150900,0.179900,0.009000,0.027700,0.029200,0.071700,0.013200,0.018496,0.003008,,0.010848,0.001088,1,4,48,0,1
4032,0.139100,0.166900,0.008800,0.027500,0.028900,0.070300,0.003600,0.018976,0.003008,,0.013056,0.001120,1,4,48,0,1
4033,0.140000,0.155300,0.009000,0.027100,0.028700,0.071600,0.003600,0.021440,0.002880,,0.012352,0.001152,1,4,48,0,1
4034,0.149800,0.156100,0.008700,0.027400,0.028600,0.071400,0.013600,0.018496,0.003072,,0.010496,0.001152,1,4,48,0,1
4035,0.140000,0.166100,0.008900,0.027800,0.028800,0.071000,0.003400,0.019008,0.003168,,0.010336,0.001088,1,4,48,0,1
4036,0.139000,0.156200,0.009100,0.027500,0.028300,0.070600,0.003400,0.019424,0.003008,,0.012928,0.001152,1,4,48,0,1
4037,0.190500,0.154900,0.008900,0.027100,0.055100,0.095000,0.004200,0.019040,0.003200,,0.010304,0.001120,1,4,48,0,1
4038,0.147100,0.209200,0.009800,0.031400,0.029400,0.073000,0.003200,0.020288,0.003360,,0.013920,0.001120,1,4,48,0,1
4039,0.141800,0.164000,0.008800,0.028200,0.028900,0.071800,0.004100,0.018848,0.003360,,0.010848,0.001152,1,4,48,0,1
4040,0.143900,0.158300,0.009100,0.028100,0.028000,0.075000,0.003700,0.021696,0.003168,,0.011200,0.001152,1,4,48,0,1
4041,0.149200,0.159900,0.009100,0.027500,0.028100,0.080500,0.004000,0.018976,0.003168,,0.010368,0.001152,1,4,48,0,1
4042,0.150200,0.165700,0.009200,0.029000,0.030400,0.076300,0.005200,0.021728,0.003136,,0.011040,0.001184,1,4,48,0,1
4043,0.140100,0.166400,0.008700,0.027600,0.028300,0.071700,0.003700,0.021568,0.002944,,0.011040,0.001120,1,4,48,0,1
4044,0.145500,0.156100,0.008900,0.027500,0.028400,0.077300,0.003300,0.019136,0.003168,,0.010464,0.001120,1,4,48,0,1
4045,0.147000,0.162300,0.009200,0.029400,0.029800,0.072400,0.006100,0.018560,0.003136,,0.010656,0.001120,1,4,48,0,1
4046,0.137400,0.163300,0.008700,0.027700,0.027900,0.069600,0.003400,0.019392,0.003072,,0.012928,0.001152,1,4,48,0,1
4047,0.145700,0.153500,0.008800,0.027400,0.028200,0.077800,0.003300,0.021376,0.003008,,0.012384,0.001120,1,4,48,0,1
4048,0.129500,0.162200,0.008800,0.023300,0.024200,0.059300,0.013800,0.019264,0.003104,,0.010624,0.001152,1,4,48,0,1
4049,0.115400,0.142500,0.007100,0.022800,0.023300,0.059000,0.003100,0.021632,0.003040,,0.012384,0.001152,1,4,48,0,1
4050,0.116200,0.128700,0.007100,0.022600,0.023800,0.059300,0.003100,0.019168,0.003072,,0.013088,0.001152,1,4,48,0,1
4051,0.115100,0.129100,0.007500,0.022500,0.023400,0.058500,0.003100,0.019072,0.003200,,0.010400,0.001088,1,4,48,0,1
4052,0.115400,0.128300,0.007400,0.022900,0.022900,0.058900,0.003100,0.021600,0.003104,,0.011008,0.001120,1,4,48,0,1
4053,0.115400,0.128800,0.007300,0.022700,0.023100,0.059100,0.003100,0.021504,0.002944,,0.011040,0.001152,1,4,48,0,1
4054,0.115200,0.128300,0.007300,0.022500,0.023100,0.059000,0.003200,0.019008,0.003008,,0.010464,0.001152,1,4,48,0,1
4055,0.115500,0.128500,0.007400,0.022600,0.023300,0.058900,0.003100,0.018944,0.002912,,0.010464,0.001184,1,4,48,0,1
4056,0.115500,0.128800,0.007400,0.022600,0.023400,0.058900,0.003100,0.019104,0.003264,,0.010432,0.001056,1,4,48,0,1
4057,0.114900,0.128700,0.007200,0.022600,0.022800,0.059000,0.003200,0.019168,0.003264,,0.010464,0.001088,1,4,48,0,1
4058,0.114800,0.128000,0.007300,0.022400,0.023200,0.058700,0.003100,0.019104,0.003104,,0.010464,0.001152,1,4,48,0,1
4059,0.202200,0.127900,0.007400,0.022500,0.023300,0.145000,0.003700,0.019168,0.003168,,0.010528,0.001088,1,4,48,0,1
4060,0.379600,0.226500,0.010400,0.047900,0.034100,0.283200,0.003700,0.019712,0.003136,,0.010368,0.001056,1,4,48,0,1
4061,0.142100,0.395100,0.010100,0.032200,0.030200,0.066300,0.003200,0.019008,0.003136,,0.010464,0.001088,1,4,48,0,1
4062,0.181100,0.155900,0.007600,0.024100,0.083200,0.062900,0.003200,0.019072,0.003008,,0.010496,0.001184,1,4,48,0,1
4063,0.124300,0.194300,0.007500,0.023000,0.020900,0.069500,0.003400,0.019648,0.003200,,0.010432,0.001184,1,4,48,0,1
4064,0.122000,0.137300,0.007500,0.022800,0.028200,0.060200,0.003100,0.019328,0.003008,,0.010528,0.001152,1,4,48,0,1
4065,0.117900,0.135300,0.007300,0.023100,0.023800,0.060500,0.003100,0.021600,0.003168,,0.012448,0.001152,1,4,48,0,1
4066,0.115600,0.131100,0.007000,0.022800,0.022900,0.059600,0.003200,0.019200,0.003232,,0.010432,0.001056,1,4,48,0,1
4067,0.115400,0.128600,0.007100,0.022700,0.023600,0.058400,0.003400,0.021792,0.003136,,0.012576,0.001152,1,4,48,0,1
4068,0.115200,0.128900,0.007100,0.022600,0.023700,0.058500,0.003300,0.019104,0.003136,,0.013024,0.001056,1,4,48,0,1
4069,0.114800,0.128300,0.007200,0.022900,0.023300,0.058000,0.003300,0.021664,0.003104,,0.011008,0.001152,1,4,48,0,1
4070,0.115300,0.127700,0.007400,0.022700,0.023200,0.058500,0.003100,0.019360,0.003232,,0.010592,0.001152,1,4,48,0,1
4071,0.114100,0.128400,0.007000,0.022900,0.022900,0.057900,0.003200,0.019520,0.002944,,0.010272,0.001184,1,4,48,0,1
4072,0.115100,0.127500,0.007200,0.022600,0.023200,0.058700,0.003200,0.018976,0.003072,,0.010368,0.001120,1,4,48,0,1
4073,0.125100,0.128400,0.007300,0.022600,0.028500,0.064800,0.001800,0.019104,0.003040,,0.010528,0.001152,1,4,48,0,1
4074,0.115300,0.138400,0.007500,0.022900,0.023600,0.058000,0.003200,0.019232,0.003136,,0.010560,0.001152,1,4,48,0,1
4075,0.114700,0.128500,0.007300,0.022700,0.023000,0.058400,0.003200,0.018400,0.002848,,0.010912,0.001120,1,4,48,0,1
4076,0.121800,0.127700,0.007300,0.022400,0.022500,0.059200,0.010100,0.018496,0.003040,,0.010816,0.001120,1,4,48,0,1
4077,0.115300,0.134800,0.007200,0.022700,0.023100,0.058900,0.003200,0.021568,0.002976,,0.011072,0.001152,1,4,48,0,1
4078,0.116000,0.128400,0.007200,0.022600,0.023500,0.059200,0.003100,0.019040,0.003232,,0.010304,0.001088,1,4,48,0,1
4079,0.114900,0.129100,0.007100,0.022700,0.023300,0.058600,0.003100,0.021472,0.003168,,0.012384,0.001152,1,4,48,0,1
4080,0.116200,0.128100,0.007700,0.022600,0.023500,0.059100,0.003000,0.019104,0.003104,,0.010496,0.001152,1,4,48,0,1
4081,0.115200,0.129200,0.007300,0.022700,0.023000,0.058700,0.003200,0.018848,0.002944,,0.010336,0.001152,1,4,48,0,1
4082,0.115400,0.128100,0.007100,0.022600,0.023200,0.059100,0.003200,0.019040,0.002944,,0.010528,0.001152,1,4,48,0,1
4083,0.115100,0.128600,0.007100,0.023300,0.023500,0.058700,0.002400,0.019296,0.003104,,0.013152,0.001152,1,4,48,0,1
4084,0.124300,0.127900,0.007200,0.022800,0.023300,0.058300,0.012400,0.018528,0.003040,,0.010816,0.001152,1,4,48,0,1
4085,0.115700,0.137700,0.007200,0.022900,0.023300,0.058700,0.003400,0.018944,0.002976,,0.013024,0.001088,1,4,48,0,1
4086,0.123200,0.128700,0.007200,0.022900,0.023400,0.058600,0.011000,0.018752,0.003072,,0.010336,0.001120,1,4,48,0,1
4087,0.115400,0.136600,0.007300,0.022700,0.023500,0.058500,0.003300,0.019104,0.003232,,0.010368,0.001120,1,4,48,0,1
4088,0.126800,0.128700,0.007400,0.022600,0.023000,0.062800,0.010700,0.021248,0.002848,,0.012512,0.001152,1,4,48,0,1
4089,0.116100,0.140000,0.007600,0.022900,0.023700,0.058400,0.003400,0.021600,0.003104,,0.012480,0.001120,1,4,48,0,1
4090,0.114600,0.129200,0.007300,0.022500,0.023200,0.058400,0.003100,0.021344,0.003040,,0.011040,0.001184,1,4,48,0,1
4091,0.113600,0.127800,0.007200,0.023200,0.022900,0.057800,0.002500,0.021600,0.003040,,0.011104,0.001152,1,4,48,0,1
4092,0.114000,0.126400,0.007600,0.022800,0.023300,0.057600,0.002600,0.019072,0.003136,,0.010400,0.001152,1,4,48,0,1
4093,0.113400,0.127300,0.007200,0.022600,0.023200,0.057900,0.002400,0.019168,0.003136,,0.010496,0.001152,1,4,48,0,1
4094,0.115000,0.126300,0.007600,0.022500,0.023200,0.058300,0.003300,0.021696,0.002976,,0.011136,0.001152,1,4,48,0,1
4095,0.114900,0.128400,0.007600,0.022700,0.023300,0.058000,0.003300,0.019104,0.003008,,0.013024,0.001152,1,4,48,0,1
4096,0.114100,0.127800,0.007100,0.022800,0.022700,0.058000,0.003300,0.018784,0.002976,,0.010272,0.001152,1,4,48,0,1
4097,0.113900,0.127200,0.007200,0.022500,0.023300,0.057600,0.003200,0.021184,0.003008,,0.011968,0.001184,1,4,48,0,1
4098,0.122400,0.127300,0.007400,0.022600,0.023200,0.057800,0.011100,0.018752,0.003104,,0.010528,0.001152,1,4,48,0,1
4099,0.119000,0.135600,0.007300,0.022500,0.023100,0.062600,0.003300,0.021632,0.003008,,0.012448,0.001152,1,4,48,0,1
4100,0.124100,0.132600,0.007300,0.022900,0.022900,0.068800,0.002100,0.018784,0.003296,,0.010400,0.001056,1,4,48,0,1
4101,0.114600,0.137100,0.007300,0.022900,0.023500,0.058200,0.002400,0.021568,0.003104,,0.012416,0.001120,1,4,48,0,1
4102,0.137500,0.127800,0.007300,0.022400,0.036600,0.058400,0.012600,0.019104,0.003040,,0.013088,0.001152,1,4,48,0,1
4103,0.113700,0.150600,0.007600,0.022600,0.023200,0.057900,0.002400,0.019232,0.003264,,0.010432,0.001120,1,4,48,0,1
4104,0.129500,0.131100,0.007600,0.023600,0.023900,0.071900,0.002300,0.018560,0.003136,,0.010912,0.001120,1,4,48,0,1
4105,0.113200,0.142700,0.007300,0.022800,0.022600,0.058100,0.002300,0.022176,0.003360,,0.011328,0.001088,1,4,48,0,1
4106,0.122900,0.126400,0.007400,0.022600,0.023600,0.058000,0.011200,0.018400,0.002976,,0.010560,0.001120,1,4,48,0,1
4107,0.146300,0.135900,0.007100,0.030000,0.039700,0.066200,0.003200,0.019136,0.003168,,0.010464,0.001120,1,4,48,0,1
4108,0.126800,0.162400,0.007900,0.024700,0.028800,0.060800,0.004000,0.021056,0.003008,,0.012128,0.001152,1,4,48,0,1
4109,0.113700,0.142600,0.007400,0.022700,0.022800,0.058700,0.002000,0.019712,0.003008,,0.010432,0.001088,1,4,48,0,1
4110,0.118800,0.126500,0.007600,0.022700,0.024000,0.061900,0.002500,0.018976,0.003008,,0.010464,0.001152,1,4,48,0,1
4111,0.131500,0.132400,0.007600,0.026600,0.025000,0.069800,0.002500,0.019424,0.003008,,0.010400,0.001152,1,4,48,0,1
4112,0.113500,0.145200,0.007400,0.022700,0.023400,0.057200,0.002400,0.019008,0.003232,,0.010304,0.001120,1,4,48,0,1
4113,0.114100,0.126600,0.007200,0.022500,0.023400,0.058500,0.002400,0.021632,0.002944,,0.012416,0.001184,1,4,48,0,1
4114,0.113300,0.127200,0.007200,0.022600,0.023300,0.057700,0.002500,0.021312,0.003040,,0.012032,0.001120,1,4,48,0,1
4115,0.113000,0.126500,0.007200,0.022700,0.022900,0.057600,0.002400,0.019168,0.003200,,0.012992,0.001120,1,4,48,0,1
4116,0.114500,0.126000,0.007100,0.022600,0.023700,0.058400,0.002500,0.018976,0.003136,,0.010304,0.001088,1,4,48,0,1
4117,0.114400,0.127700,0.007200,0.022700,0.023000,0.058100,0.003300,0.019360,0.003360,,0.010528,0.001120,1,4,48,0,1
4118,0.114100,0.127200,0.007300,0.022800,0.022800,0.058100,0.003000,0.019328,0.003360,,0.010496,0.001120,1,4,48,0,1
4119,0.126000,0.131700,0.007400,0.023300,0.024100,0.058900,0.012300,0.018848,0.002944,,0.010336,0.001152,1,4,48,0,1
4120,0.115000,0.139100,0.007300,0.022700,0.023700,0.058000,0.003200,0.019136,0.003296,,0.010400,0.001088,1,4,48,0,1
4121,0.113300,0.128300,0.007300,0.022600,0.022600,0.058200,0.002400,0.019200,0.003328,,0.010400,0.001120,1,4,48,0,1
4122,0.114200,0.126400,0.007500,0.022700,0.022800,0.057800,0.003400,0.019264,0.003232,,0.010496,0.001152,1,4,48,0,1
4123,0.113500,0.127100,0.007200,0.022500,0.022700,0.057700,0.003200,0.019040,0.003328,,0.010304,0.001056,1,4,48,0,1
4124,0.115500,0.126600,0.007300,0.022700,0.023600,0.058500,0.003300,0.019040,0.003104,,0.013024,0.001120,1,4,48,0,1
4125,0.115400,0.128700,0.007600,0.022800,0.023300,0.058400,0.003200,0.019104,0.003232,,0.010368,0.001152,1,4,48,0,1
4126,0.114200,0.128700,0.007400,0.022700,0.022600,0.058100,0.003200,0.021856,0.003104,,0.011328,0.001088,1,4,48,0,1
4127,0.114100,0.127200,0.007600,0.022800,0.023000,0.057500,0.003100,0.018880,0.003296,,0.010176,0.001056,1,4,48,0,1
4128,0.115000,0.127000,0.007600,0.022700,0.023400,0.057700,0.003300,0.019264,0.003328,,0.010464,0.001024,1,4,48,0,1
4129,0.113400,0.128400,0.007200,0.022700,0.022800,0.057500,0.003100,0.019168,0.003008,,0.013024,0.001088,1,4,48,0,1
4130,0.114900,0.126300,0.007200,0.022800,0.023100,0.058400,0.003100,0.021536,0.002976,,0.011072,0.001152,1,4,48,0,1
4131,0.113600,0.127800,0.007400,0.022500,0.023500,0.057800,0.002400,0.019232,0.003328,,0.010432,0.001088,1,4,48,0,1
4132,0.113300,0.126500,0.007100,0.022600,0.022900,0.058200,0.002400,0.019136,0.003264,,0.010400,0.001088,1,4,48,0,1
4133,0.113700,0.126200,0.007100,0.022800,0.023200,0.057500,0.003100,0.021728,0.003104,,0.011072,0.001152,1,4,48,0,1
4134,0.123900,0.126500,0.007300,0.022800,0.023400,0.068500,0.001800,0.018560,0.002944,,0.010400,0.001152,1,4,48,0,1
4135,0.115300,0.137000,0.007200,0.023000,0.023500,0.058300,0.003300,0.019008,0.003136,,0.010432,0.001088,1,4,48,0,1
4136,0.114500,0.128300,0.007000,0.022700,0.023400,0.058000,0.003200,0.021632,0.003072,,0.011072,0.001120,1,4,48,0,1
4137,0.114600,0.127400,0.007100,0.022900,0.023100,0.058300,0.003100,0.019072,0.003040,,0.010496,0.001152,1,4,48,0,1
4138,0.114700,0.127500,0.007000,0.022800,0.023100,0.058500,0.003200,0.019200,0.003072,,0.013088,0.001152,1,4,48,0,1
4139,0.113500,0.127600,0.007000,0.022900,0.022300,0.057900,0.003300,0.021696,0.003104,,0.011104,0.001152,1,4,48,0,1
4140,0.114400,0.126200,0.007100,0.022800,0.023200,0.058000,0.003200,0.019232,0.003232,,0.010464,0.001120,1,4,48,0,1
4141,0.113900,0.127500,0.007100,0.022600,0.022900,0.057900,0.003300,0.021536,0.003008,,0.011008,0.001184,1,4,48,0,1
4142,0.130000,0.126800,0.007100,0.022700,0.027300,0.062000,0.010800,0.019008,0.003168,,0.010400,0.001088,1,4,48,0,1
4143,0.119000,0.143400,0.007400,0.024100,0.024600,0.059600,0.003200,0.019136,0.003232,,0.010368,0.001120,1,4,48,0,1
4144,0.113600,0.132000,0.007100,0.022600,0.022900,0.057600,0.003200,0.021888,0.003008,,0.011392,0.001152,1,4,48,0,1
4145,0.114300,0.126500,0.007200,0.022300,0.023300,0.057900,0.003400,0.019456,0.003424,,0.010496,0.001120,1,4,48,0,1
4146,0.114200,0.127300,0.007200,0.022700,0.023200,0.057800,0.003200,0.019200,0.003104,,0.013056,0.001120,1,4,48,0,1
4147,0.113800,0.127100,0.007000,0.022600,0.023200,0.057500,0.003300,0.021568,0.003136,,0.011136,0.001152,1,4,48,0,1
4148,0.114300,0.126600,0.007100,0.022600,0.023200,0.057900,0.003500,0.021728,0.003168,,0.011456,0.001152,1,4,48,0,1
4149,0.113900,0.127100,0.007200,0.022500,0.022900,0.057900,0.003200,0.022080,0.003200,,0.011360,0.001120,1,4,48,0,1
4150,0.120200,0.127000,0.007200,0.027900,0.023400,0.058500,0.003200,0.021696,0.003072,,0.011232,0.001152,1,4,48,0,1
4151,0.115100,0.133300,0.007200,0.022700,0.023400,0.058400,0.003300,0.018560,0.003136,,0.010880,0.001088,1,4,48,0,1
4152,0.114600,0.128200,0.007200,0.022800,0.023400,0.057800,0.003100,0.019072,0.003008,,0.010528,0.001120,1,4,48,0,1
4153,0.113700,0.127400,0.007100,0.022500,0.022800,0.057800,0.003300,0.021536,0.002976,,0.011040,0.001152,1,4,48,0,1
4154,0.114600,0.126900,0.007300,0.022600,0.023300,0.057700,0.003400,0.019424,0.003488,,0.010464,0.001056,1,4,48,0,1
4155,0.111100,0.127600,0.007300,0.022800,0.021900,0.056900,0.001800,0.020608,0.002944,,0.010432,0.001152,1,4,48,0,1
4156,0.148000,0.129600,0.007000,0.027100,0.024300,0.057600,0.031800,0.021248,0.003104,,0.011392,0.001120,1,4,48,0,1
4157,0.129200,0.161700,0.007700,0.024400,0.022500,0.069400,0.005100,0.021632,0.003072,,0.012096,0.001120,1,4,48,0,1
4158,0.119100,0.142300,0.007500,0.022700,0.025900,0.060200,0.002400,0.020544,0.003040,,0.011456,0.001184,1,4,48,0,1
4159,0.124200,0.131800,0.007200,0.022700,0.023500,0.058100,0.012600,0.018368,0.002976,,0.010848,0.001088,1,4,48,0,1
4160,0.122600,0.137000,0.007000,0.022400,0.023200,0.058500,0.011300,0.018880,0.003040,,0.010304,0.001152,1,4,48,0,1
4161,0.115400,0.135500,0.007500,0.022400,0.023500,0.058600,0.003400,0.018976,0.003040,,0.010368,0.001152,1,4,48,0,1
4162,0.113500,0.128300,0.007200,0.022400,0.022500,0.057900,0.003200,0.019072,0.003104,,0.010432,0.001152,1,4,48,0,1
4163,0.113600,0.126500,0.007400,0.022400,0.023200,0.058000,0.002400,0.021568,0.002976,,0.011072,0.001120,1,4,48,0,1
4164,0.114800,0.126300,0.007100,0.022700,0.023100,0.058500,0.003200,0.019264,0.003072,,0.013056,0.001152,1,4,48,0,1
4165,0.113700,0.127800,0.007100,0.022400,0.022700,0.058000,0.003300,0.018528,0.002912,,0.010208,0.001152,1,4,48,0,1
4166,0.114600,0.126700,0.007300,0.022700,0.022900,0.058200,0.003300,0.019520,0.003072,,0.012192,0.001120,1,4,48,0,1
4167,0.114400,0.127500,0.007200,0.022500,0.023400,0.058000,0.003200,0.019008,0.003008,,0.010432,0.001152,1,4,48,0,1
4168,0.113700,0.127300,0.007000,0.022600,0.023300,0.058000,0.002500,0.018880,0.002944,,0.010400,0.001152,1,4,48,0,1
4169,0.123200,0.126500,0.007000,0.022600,0.022900,0.057900,0.012700,0.018528,0.003072,,0.010560,0.001152,1,4,48,0,1
4170,0.129400,0.136100,0.007400,0.028300,0.023800,0.058800,0.011000,0.018752,0.003232,,0.010304,0.001088,1,4,48,0,1
4171,0.114500,0.142500,0.007200,0.022600,0.023100,0.058000,0.003300,0.018432,0.003072,,0.010720,0.001152,1,4,48,0,1
4172,0.115000,0.127400,0.007100,0.023000,0.023000,0.058700,0.003200,0.019040,0.003072,,0.010496,0.001120,1,4,48,0,1
4173,0.113100,0.127900,0.007500,0.022500,0.023100,0.057400,0.002500,0.019040,0.003168,,0.010432,0.001056,1,4,48,0,1
4174,0.114600,0.125800,0.007200,0.022500,0.022900,0.058500,0.003300,0.019232,0.003104,,0.013088,0.001152,1,4,48,0,1
4175,0.113500,0.127400,0.007000,0.022700,0.023000,0.058100,0.002400,0.019200,0.003360,,0.010368,0.001088,1,4,48,0,1
4176,0.114700,0.126400,0.007100,0.022900,0.023300,0.058200,0.003200,0.019040,0.003136,,0.010464,0.001120,1,4,48,0,1
4177,0.139500,0.127800,0.007100,0.022600,0.028700,0.077500,0.003500,0.019680,0.003104,,0.010272,0.001184,1,4,48,0,1
4178,0.142900,0.153200,0.007600,0.038200,0.033400,0.059100,0.004400,0.019840,0.003072,,0.013856,0.001088,1,4,48,0,1
4179,0.117800,0.155800,0.007300,0.022700,0.023600,0.062300,0.001900,0.019872,0.003072,,0.013952,0.001152,1,4,48,0,1
4180,0.123100,0.130700,0.007900,0.026300,0.023200,0.061600,0.003900,0.019072,0.003104,,0.013056,0.001152,1,4,48,0,1
4181,0.130100,0.141700,0.007600,0.025000,0.025500,0.060300,0.011400,0.019168,0.003232,,0.010400,0.001120,1,4,48,0,1
4182,0.115300,0.143200,0.007000,0.023000,0.023700,0.058300,0.003200,0.018784,0.003264,,0.010272,0.001088,1,4,48,0,1
4183,0.112900,0.128200,0.007300,0.022800,0.023100,0.057000,0.002700,0.021568,0.003072,,0.010976,0.001152,1,4,48,0,1
4184,0.113100,0.125900,0.007100,0.022900,0.023100,0.057200,0.002600,0.021344,0.003104,,0.011008,0.001120,1,4,48,0,1
4185,0.120000,0.133800,0.007000,0.028100,0.023900,0.058600,0.002100,0.019648,0.002848,,0.013888,0.001120,1,4,48,0,1
4186,0.115100,0.133100,0.007200,0.022800,0.023400,0.058200,0.003500,0.019712,0.003040,,0.010368,0.001152,1,4,48,0,1
4187,0.124000,0.128100,0.007100,0.022500,0.023200,0.058500,0.012600,0.018464,0.003040,,0.010816,0.001152,1,4,48,0,1
4188,0.133700,0.136900,0.007100,0.022800,0.028800,0.071700,0.003300,0.019520,0.003072,,0.012960,0.001184,1,4,48,0,1
4189,0.116500,0.147000,0.007600,0.023500,0.024800,0.058400,0.002100,0.019200,0.002976,,0.010208,0.001152,1,4,48,0,1
4190,0.115100,0.129300,0.007200,0.022700,0.023700,0.058300,0.003200,0.019552,0.003008,,0.010464,0.001152,1,4,48,0,1
4191,0.114400,0.128200,0.007000,0.022600,0.023600,0.057700,0.003200,0.022112,0.003200,,0.011328,0.001152,1,4,48,0,1
4192,0.122900,0.127300,0.007000,0.024200,0.027500,0.060700,0.003400,0.019808,0.003232,,0.010304,0.001120,1,4,48,0,1
4193,0.114500,0.136300,0.007200,0.023400,0.023200,0.057400,0.003100,0.018944,0.003072,,0.010368,0.001152,1,4,48,0,1
4194,0.124000,0.127700,0.006900,0.022900,0.023100,0.058300,0.012700,0.018528,0.003072,,0.010880,0.001152,1,4,48,0,1
4195,0.113900,0.136600,0.007100,0.022400,0.023400,0.057700,0.003200,0.018976,0.002944,,0.010496,0.001184,1,4,48,0,1
4196,0.114300,0.126700,0.007000,0.022700,0.023300,0.057900,0.003300,0.018432,0.002976,,0.010688,0.001120,1,4,48,0,1
4197,0.114000,0.127100,0.007000,0.022800,0.023300,0.057500,0.003200,0.019104,0.003072,,0.010464,0.001184,1,4,48,0,1
4198,0.114600,0.127100,0.007000,0.022600,0.023000,0.058600,0.003200,0.021376,0.003072,,0.012320,0.001056,1,4,48,0,1
4199,0.114100,0.127600,0.007000,0.022500,0.023300,0.058000,0.003100,0.021728,0.003104,,0.012448,0.001120,1,4,48,0,1
4200,0.133700,0.127100,0.006900,0.022500,0.028000,0.063000,0.013100,0.020384,0.003200,,0.011424,0.001152,1,4,48,0,1
4201,0.128500,0.146900,0.007300,0.023000,0.022500,0.071300,0.004200,0.019392,0.003200,,0.010400,0.001088,1,4,48,0,1
4202,0.114200,0.141500,0.007200,0.022700,0.023500,0.057500,0.003300,0.019168,0.003296,,0.010400,0.001088,1,4,48,0,1
4203,0.113200,0.127100,0.007100,0.022400,0.023000,0.057500,0.003200,0.019072,0.003136,,0.010400,0.001120,1,4,48,0,1
4204,0.114700,0.126000,0.007000,0.022800,0.023300,0.058100,0.003300,0.019456,0.003104,,0.012992,0.001184,1,4,48,0,1
4205,0.114500,0.127600,0.007200,0.022600,0.023000,0.058100,0.003300,0.019232,0.003424,,0.010368,0.001056,1,4,48,0,1
4206,0.124300,0.127400,0.007100,0.022500,0.023500,0.058500,0.012600,0.018432,0.002944,,0.010912,0.001152,1,4,48,0,1
4207,0.130900,0.137300,0.006900,0.022600,0.022600,0.077100,0.001700,0.018976,0.003168,,0.010304,0.001152,1,4,48,0,1
4208,0.114500,0.143700,0.006900,0.022600,0.023400,0.058300,0.003200,0.019168,0.003360,,0.010304,0.001152,1,4,48,0,1
4209,0.115200,0.127700,0.007000,0.022600,0.023900,0.058400,0.003100,0.022016,0.003136,,0.011424,0.001120,1,4,48,0,1
4210,0.113800,0.128100,0.006900,0.022500,0.023100,0.058000,0.003200,0.021216,0.002944,,0.011072,0.001120,1,4,48,0,1
4211,0.113700,0.126700,0.007000,0.022600,0.023000,0.057800,0.003100,0.019104,0.003072,,0.010464,0.001184,1,4,48,0,1
4212,0.114400,0.126500,0.007200,0.022500,0.023200,0.058200,0.003200,0.019104,0.003104,,0.010464,0.001184,1,4,48,0,1
4213,0.115200,0.127200,0.007200,0.022500,0.023300,0.058600,0.003400,0.018816,0.003008,,0.010304,0.001152,1,4,48,0,1
4214,0.116900,0.128100,0.006900,0.022700,0.023000,0.062500,0.001700,0.019104,0.003264,,0.010368,0.001056,1,4,48,0,1
4215,0.120200,0.129500,0.007000,0.022700,0.023200,0.063800,0.003400,0.021632,0.003008,,0.011680,0.001152,1,4,48,0,1
4216,0.114700,0.133500,0.007100,0.023100,0.023100,0.057900,0.003300,0.019008,0.003072,,0.010400,0.001152,1,4,48,0,1
4217,0.114300,0.127800,0.007100,0.022500,0.023000,0.058400,0.003300,0.021632,0.003040,,0.011200,0.001184,1,4,48,0,1
4218,0.113700,0.127100,0.006900,0.022500,0.023100,0.057800,0.003200,0.018464,0.002944,,0.010816,0.001152,1,4,48,0,1
4219,0.114000,0.126500,0.007200,0.022600,0.022900,0.058000,0.003200,0.019232,0.003104,,0.010528,0.001152,1,4,48,0,1
4220,0.113800,0.126900,0.007000,0.022600,0.023200,0.057800,0.003100,0.019360,0.002976,,0.012096,0.001152,1,4,48,0,1
4221,0.114400,0.126800,0.007100,0.022800,0.023100,0.058000,0.003300,0.021440,0.002976,,0.011040,0.001152,1,4,48,0,1
4222,0.113600,0.127200,0.007000,0.022500,0.023000,0.057900,0.003100,0.019104,0.003104,,0.010432,0.001152,1,4,48,0,1
4223,0.115600,0.126400,0.007100,0.022600,0.022900,0.059400,0.003500,0.018784,0.003392,,0.010784,0.001152,1,4,48,0,1
4224,0.114800,0.128400,0.007100,0.022500,0.023400,0.058400,0.003200,0.021504,0.002976,,0.011072,0.001184,1,4,48,0,1
4225,0.113800,0.127700,0.007100,0.022700,0.022900,0.057700,0.003400,0.019008,0.003136,,0.010336,0.001152,1,4,48,0,1
4226,0.113800,0.126700,0.006900,0.022600,0.022900,0.058000,0.003200,0.019168,0.003136,,0.013056,0.001088,1,4,48,0,1
4227,0.113900,0.126600,0.007000,0.022700,0.023100,0.057700,0.003200,0.021664,0.003072,,0.011136,0.001152,1,4,48,0,1
4228,0.113000,0.126800,0.006900,0.022800,0.022600,0.057300,0.003100,0.018528,0.003072,,0.010624,0.001152,1,4,48,0,1
4229,0.123000,0.125900,0.007100,0.022600,0.023100,0.058200,0.011900,0.018528,0.003136,,0.010464,0.001152,1,4,48,0,1
4230,0.128900,0.135900,0.007100,0.022500,0.023300,0.074200,0.001600,0.019264,0.003168,,0.010528,0.001152,1,4,48,0,1
4231,0.121700,0.141700,0.007000,0.028700,0.023600,0.058800,0.003200,0.018784,0.003040,,0.010208,0.001152,1,4,48,0,1
4232,0.122600,0.135000,0.007100,0.022600,0.023100,0.058700,0.010800,0.018880,0.002976,,0.010368,0.001152,1,4,48,0,1
4233,0.114100,0.135500,0.006900,0.022800,0.023700,0.057300,0.003100,0.021536,0.003136,,0.011424,0.001088,1,4,48,0,1
4234,0.114300,0.127100,0.007200,0.022800,0.023200,0.057800,0.003200,0.019232,0.003072,,0.013056,0.001152,1,4,48,0,1
4235,0.113000,0.127100,0.007100,0.022600,0.022800,0.057700,0.002500,0.019072,0.003232,,0.010368,0.001088,1,4,48,0,1
4236,0.114700,0.126000,0.007000,0.022500,0.023800,0.058100,0.003300,0.019168,0.003264,,0.010400,0.001120,1,4,48,0,1
4237,0.113700,0.127600,0.007200,0.022500,0.023100,0.057500,0.003100,0.018816,0.003104,,0.010368,0.001120,1,4,48,0,1
4238,0.114100,0.126500,0.007100,0.022600,0.022900,0.058300,0.003200,0.019072,0.003072,,0.010496,0.001152,1,4,48,0,1
4239,0.115400,0.127100,0.007200,0.022600,0.023800,0.058600,0.003200,0.019200,0.003200,,0.010496,0.001088,1,4,48,0,1
4240,0.113300,0.128400,0.007000,0.022500,0.023000,0.057500,0.003200,0.018592,0.003200,,0.010496,0.001056,1,4,48,0,1
4241,0.113400,0.126000,0.007100,0.022500,0.022800,0.057600,0.003300,0.018592,0.003008,,0.010304,0.001184,1,4,48,0,1
4242,0.114400,0.126300,0.007000,0.022700,0.022900,0.058500,0.003200,0.021632,0.002944,,0.011072,0.001184,1,4,48,0,1
4243,0.123600,0.127300,0.007100,0.022500,0.023100,0.058400,0.012200,0.018464,0.003072,,0.010752,0.001152,1,4,48,0,1
4244,0.127900,0.136500,0.007000,0.022700,0.023200,0.072800,0.002100,0.019360,0.003520,,0.010400,0.001088,1,4,48,0,1
4245,0.123700,0.141000,0.007200,0.023000,0.023800,0.058400,0.011200,0.018560,0.003040,,0.010272,0.001120,1,4,48,0,1
4246,0.115100,0.136500,0.007200,0.022800,0.023200,0.058500,0.003400,0.021792,0.003200,,0.012384,0.001152,1,4,48,0,1
4247,0.114500,0.128000,0.007300,0.022800,0.023300,0.058200,0.002400,0.021760,0.003136,,0.012000,0.001184,1,4,48,0,1
4248,0.122900,0.127400,0.007000,0.022800,0.021100,0.068200,0.003400,0.019520,0.003200,,0.010528,0.001184,1,4,48,0,1
4249,0.114200,0.135700,0.007200,0.022700,0.022100,0.059600,0.002500,0.021472,0.003072,,0.011104,0.001184,1,4,48,0,1
4250,0.114900,0.127000,0.007100,0.022600,0.023400,0.058300,0.003100,0.019296,0.003008,,0.012896,0.001120,1,4,48,0,1
4251,0.114900,0.127800,0.007300,0.022700,0.023500,0.058000,0.003300,0.019296,0.003040,,0.012960,0.001152,1,4,48,0,1
4252,0.114000,0.127700,0.007300,0.022300,0.022900,0.058000,0.003300,0.021632,0.003104,,0.012320,0.001056,1,4,48,0,1
4253,0.114000,0.126800,0.007100,0.022500,0.023200,0.057800,0.003200,0.021888,0.003360,,0.012416,0.001056,1,4,48,0,1
4254,0.122200,0.126900,0.007100,0.022700,0.023600,0.057700,0.011100,0.018816,0.003264,,0.010304,0.001152,1,4,48,0,1
4255,0.123100,0.135200,0.007000,0.022600,0.023000,0.058300,0.012100,0.018560,0.003008,,0.010592,0.001184,1,4,48,0,1
4256,0.123700,0.135900,0.007300,0.022700,0.023600,0.058500,0.011400,0.018784,0.003264,,0.010400,0.001088,1,4,48,0,1
4257,0.124600,0.136600,0.007100,0.022700,0.023500,0.069400,0.001800,0.018784,0.003136,,0.010240,0.001152,1,4,48,0,1
4258,0.118700,0.138000,0.007400,0.023900,0.024500,0.059300,0.003400,0.019104,0.003168,,0.010464,0.001088,1,4,48,0,1
4259,0.126800,0.131600,0.007300,0.022900,0.022900,0.062900,0.010500,0.019328,0.003264,,0.010592,0.001056,1,4,48,0,1
4260,0.116900,0.139900,0.007100,0.023300,0.024200,0.058800,0.003300,0.019328,0.003360,,0.010496,0.001088,1,4,48,0,1
4261,0.114300,0.129700,0.007200,0.022700,0.023200,0.058000,0.003100,0.021408,0.002880,,0.011040,0.001152,1,4,48,0,1
4262,0.114000,0.127000,0.007100,0.022700,0.023000,0.057900,0.003300,0.019104,0.003264,,0.010400,0.001088,1,4,48,0,1
4263,0.118400,0.126800,0.007000,0.022600,0.021000,0.064600,0.003200,0.021120,0.002976,,0.012160,0.001152,1,4,48,0,1
4264,0.124500,0.131500,0.007200,0.022800,0.023100,0.058400,0.012800,0.018624,0.003072,,0.010880,0.001184,1,4,48,0,1
4265,0.123700,0.137500,0.007100,0.022500,0.029400,0.062000,0.002500,0.019168,0.003104,,0.012992,0.001152,1,4,48,0,1
4266,0.117100,0.137100,0.007300,0.024000,0.023500,0.059000,0.003300,0.018528,0.002976,,0.012576,0.001152,1,4,48,0,1
4267,0.113700,0.130000,0.007300,0.022600,0.022900,0.057500,0.003300,0.019008,0.003200,,0.010368,0.001056,1,4,48,0,1
4268,0.113500,0.126400,0.007100,0.022800,0.023000,0.057200,0.003200,0.019168,0.003232,,0.010432,0.001120,1,4,48,0,1
4269,0.124200,0.126400,0.007000,0.022800,0.023500,0.058100,0.012600,0.018784,0.003072,,0.010208,0.001184,1,4,48,0,1
4270,0.114800,0.136900,0.007000,0.022700,0.022900,0.058800,0.003300,0.019264,0.003232,,0.010560,0.001120,1,4,48,0,1
4271,0.114100,0.127700,0.007100,0.022600,0.023000,0.058200,0.003200,0.021568,0.003072,,0.011040,0.001088,1,4,48,0,1
4272,0.114300,0.126900,0.007000,0.022700,0.023100,0.058000,0.003300,0.018432,0.002976,,0.010816,0.001120,1,4,48,0,1
4273,0.114500,0.127100,0.007100,0.022700,0.023300,0.058000,0.003100,0.019104,0.003200,,0.010400,0.001120,1,4,48,0,1
4274,0.114900,0.127400,0.007000,0.022900,0.023200,0.058400,0.003300,0.019136,0.003104,,0.010432,0.001152,1,4,48,0,1
4275,0.128900,0.127900,0.007000,0.027800,0.023800,0.058800,0.011400,0.018592,0.003136,,0.010816,0.001184,1,4,48,0,1
4276,0.124600,0.141900,0.007100,0.022800,0.023000,0.069900,0.001600,0.018496,0.003072,,0.010816,0.001120,1,4,48,0,1
4277,0.113400,0.137400,0.007100,0.022500,0.022600,0.057700,0.003400,0.019392,0.003392,,0.010496,0.001088,1,4,48,0,1
4278,0.114800,0.126200,0.007000,0.022700,0.023300,0.058400,0.003200,0.019200,0.003200,,0.010496,0.001120,1,4,48,0,1
4279,0.113700,0.127600,0.007100,0.022500,0.022800,0.057800,0.003200,0.021536,0.003040,,0.011040,0.001088,1,4,48,0,1
4280,0.114000,0.126500,0.007200,0.022500,0.023100,0.058000,0.003200,0.019040,0.003136,,0.010400,0.001120,1,4,48,0,1
4281,0.114800,0.126900,0.007000,0.022700,0.023600,0.058100,0.003200,0.018976,0.002880,,0.013056,0.001088,1,4,48,0,1
4282,0.114200,0.127600,0.006900,0.022600,0.023000,0.058400,0.003200,0.021600,0.003008,,0.011040,0.001152,1,4,48,0,1
4283,0.122400,0.126900,0.007100,0.022900,0.023100,0.058300,0.010800,0.018432,0.003008,,0.010688,0.001120,1,4,48,0,1
4284,0.115200,0.135500,0.007100,0.022700,0.023500,0.058600,0.003200,0.019072,0.003264,,0.010368,0.001056,1,4,48,0,1
4285,0.113300,0.128200,0.007000,0.022500,0.023100,0.057400,0.003200,0.019136,0.003104,,0.010496,0.001184,1,4,48,0,1
4286,0.114400,0.126000,0.006900,0.022800,0.023200,0.058100,0.003300,0.019008,0.003008,,0.010464,0.001152,1,4,48,0,1
4287,0.114500,0.127300,0.007100,0.022700,0.023300,0.058100,0.003200,0.019328,0.003072,,0.013056,0.001184,1,4,48,0,1
4288,0.114400,0.127300,0.006900,0.022800,0.023200,0.058100,0.003300,0.018560,0.002976,,0.010912,0.001184,1,4,48,0,1
4289,0.113900,0.127300,0.007200,0.022600,0.022900,0.058000,0.003200,0.019136,0.003296,,0.010304,0.001152,1,4,48,0,1
4290,0.122900,0.126700,0.007200,0.022600,0.023000,0.068300,0.001700,0.018656,0.003168,,0.010624,0.001152,1,4,48,0,1
4291,0.115800,0.135900,0.007200,0.023100,0.024000,0.058200,0.003200,0.021440,0.002880,,0.012480,0.001184,1,4,48,0,1
4292,0.115000,0.128700,0.007000,0.022700,0.023600,0.058500,0.003100,0.021568,0.003104,,0.011072,0.001120,1,4,48,0,1
4293,0.113900,0.127800,0.007100,0.022700,0.022900,0.057800,0.003200,0.019168,0.003136,,0.010528,0.001152,1,4,48,0,1
4294,0.116900,0.126700,0.007100,0.022500,0.020600,0.064700,0.001900,0.019328,0.003104,,0.010464,0.001152,1,4,48,0,1
4295,0.158500,0.136000,0.007100,0.022300,0.029000,0.091900,0.007900,0.019584,0.002976,,0.010016,0.001088,1,4,48,0,1
4296,0.187500,0.177200,0.012100,0.038900,0.041100,0.091800,0.003300,0.019104,0.003264,,0.010368,0.001120,1,4,48,0,1
4297,0.145000,0.204800,0.009500,0.029100,0.029500,0.074000,0.002700,0.020480,0.002944,,0.011648,0.001120,1,4,48,0,1
4298,0.141000,0.162000,0.008700,0.027800,0.030900,0.070800,0.002500,0.020096,0.003200,,0.013920,0.001088,1,4,48,0,1
4299,0.139800,0.157200,0.008900,0.027600,0.030800,0.070300,0.002200,0.019840,0.002976,,0.013888,0.001152,1,4,48,0,1
4300,0.151700,0.156000,0.008800,0.027600,0.030400,0.075100,0.009700,0.019968,0.003072,,0.013888,0.001152,1,4,48,0,1
4301,0.137600,0.167800,0.008800,0.027500,0.028600,0.070000,0.002400,0.019680,0.003424,,0.010496,0.001088,1,4,48,0,1
4302,0.141200,0.153700,0.009100,0.027600,0.028700,0.071700,0.004000,0.019040,0.003008,,0.010464,0.001152,1,4,48,0,1
4303,0.137500,0.157500,0.008600,0.027500,0.028300,0.070400,0.002500,0.018976,0.003008,,0.010464,0.001152,1,4,48,0,1
4304,0.136600,0.153600,0.008800,0.027200,0.028300,0.069800,0.002300,0.019136,0.003200,,0.010400,0.001152,1,4,48,0,1
4305,0.136900,0.152900,0.008600,0.027500,0.028300,0.069800,0.002300,0.018912,0.002944,,0.013024,0.001152,1,4,48,0,1
4306,0.153900,0.153300,0.009000,0.027100,0.029800,0.085200,0.002500,0.019072,0.002976,,0.013120,0.001152,1,4,48,0,1
4307,0.139300,0.170000,0.008800,0.027900,0.030000,0.070000,0.002500,0.019296,0.003040,,0.010400,0.001152,1,4,48,0,1
4308,0.138600,0.155600,0.008800,0.027000,0.030400,0.069700,0.002500,0.019744,0.003008,,0.013856,0.001152,1,4,48,0,1
4309,0.134100,0.154500,0.008900,0.027500,0.029500,0.064900,0.002900,0.019904,0.003040,,0.013952,0.001120,1,4,48,0,1
4310,0.121400,0.147100,0.007200,0.022800,0.023700,0.059000,0.008500,0.018336,0.002912,,0.010816,0.001152,1,4,48,0,1
4311,0.126200,0.134500,0.007200,0.022600,0.023800,0.060300,0.012300,0.021664,0.003008,,0.011072,0.001152,1,4,48,0,1
4312,0.125300,0.139500,0.007200,0.022800,0.023600,0.059000,0.012700,0.021728,0.003040,,0.012512,0.001152,1,4,48,0,1
4313,0.123500,0.138500,0.007400,0.022800,0.024000,0.067300,0.001900,0.018752,0.003104,,0.010176,0.001184,1,4,48,0,1
4314,0.124500,0.136600,0.007300,0.022400,0.023800,0.059000,0.011900,0.019200,0.003200,,0.010496,0.001152,1,4,48,0,1
4315,0.125200,0.137900,0.007200,0.022600,0.023400,0.058800,0.012900,0.019264,0.003200,,0.013120,0.001152,1,4,48,0,1
4316,0.125400,0.138300,0.007300,0.022500,0.023800,0.059800,0.011800,0.019040,0.003200,,0.010336,0.001120,1,4,48,0,1
4317,0.123800,0.138300,0.007500,0.022500,0.023600,0.058900,0.011100,0.019232,0.003200,,0.010528,0.001120,1,4,48,0,1
4318,0.117700,0.136700,0.007200,0.023200,0.024100,0.059800,0.003200,0.021472,0.003008,,0.011040,0.001120,1,4,48,0,1
4319,0.124600,0.130900,0.007400,0.023000,0.023800,0.059300,0.011100,0.019232,0.003264,,0.010496,0.001120,1,4,48,0,1
4320,0.126700,0.137700,0.007300,0.022600,0.024200,0.070000,0.002500,0.019104,0.002976,,0.013024,0.001152,1,4,48,0,1
4321,0.122700,0.140000,0.007500,0.023300,0.023700,0.065000,0.002800,0.018816,0.003232,,0.010208,0.001088,1,4,48,0,1
4322,0.125100,0.135800,0.007400,0.022800,0.024100,0.059000,0.011800,0.019200,0.003328,,0.010432,0.001056,1,4,48,0,1
4323,0.127000,0.138400,0.007700,0.022600,0.024200,0.059900,0.012300,0.019648,0.003040,,0.012224,0.001152,1,4,48,0,1
4324,0.115300,0.140500,0.007200,0.022800,0.023500,0.058500,0.003100,0.019328,0.003104,,0.012960,0.001184,1,4,48,0,1
4325,0.115300,0.128200,0.007300,0.022700,0.023200,0.058800,0.003200,0.019104,0.003360,,0.010272,0.001088,1,4,48,0,1
4326,0.186500,0.128000,0.007200,0.022700,0.023300,0.126000,0.007200,0.019040,0.003104,,0.010464,0.001120,1,4,48,0,1
4327,0.184400,0.210400,0.013100,0.040300,0.035000,0.092300,0.003700,0.019552,0.003232,,0.010400,0.001120,1,4,48,0,1
4328,0.172300,0.202100,0.009500,0.031800,0.031800,0.095600,0.003400,0.021568,0.003168,,0.011392,0.001056,1,4,48,0,1
4329,0.167100,0.189200,0.009600,0.031100,0.032000,0.091500,0.002700,0.021504,0.003040,,0.010976,0.001120,1,4,48,0,1
4330,0.162500,0.184200,0.009600,0.030800,0.030700,0.088400,0.002800,0.019200,0.003232,,0.010464,0.001152,1,4,48,0,1
4331,0.163400,0.179400,0.009800,0.030800,0.030800,0.089300,0.002700,0.019200,0.003200,,0.010528,0.001056,1,4,48,0,1
4332,0.156100,0.180100,0.009300,0.031000,0.030800,0.080200,0.004700,0.022208,0.003328,,0.011328,0.001120,1,4,48,0,1
4333,0.181300,0.177200,0.011800,0.038400,0.037700,0.087800,0.005400,0.019648,0.003200,,0.010400,0.001152,1,4,48,0,1
4334,0.168700,0.198200,0.009500,0.031000,0.031000,0.093300,0.003700,0.019264,0.003360,,0.010400,0.001120,1,4,48,0,1
4335,0.157900,0.185400,0.009400,0.030600,0.025500,0.089400,0.002800,0.018464,0.003040,,0.010848,0.001152,1,4,48,0,1
4336,0.166400,0.176100,0.010100,0.032300,0.034200,0.086600,0.003000,0.018976,0.003200,,0.010304,0.001088,1,4,48,0,1
4337,0.140300,0.182700,0.009100,0.027900,0.028800,0.071200,0.003200,0.019104,0.003072,,0.012992,0.001152,1,4,48,0,1
4338,0.138900,0.156800,0.009000,0.027200,0.029000,0.070000,0.003500,0.019200,0.003040,,0.013088,0.001120,1,4,48,0,1
4339,0.137700,0.154900,0.008900,0.027600,0.028600,0.069000,0.003400,0.018752,0.003264,,0.010336,0.001056,1,4,48,0,1
4340,0.146800,0.153700,0.008900,0.027300,0.028100,0.070600,0.011700,0.018848,0.002944,,0.010368,0.001152,1,4,48,0,1
4341,0.124200,0.163000,0.008800,0.027600,0.024400,0.060000,0.003300,0.021504,0.003040,,0.011040,0.001120,1,4,48,0,1
4342,0.126200,0.137600,0.007400,0.022900,0.024000,0.059400,0.012400,0.019296,0.003232,,0.010592,0.001088,1,4,48,0,1
4343,0.128900,0.139400,0.007800,0.022800,0.023900,0.071300,0.003100,0.019136,0.003168,,0.010432,0.001152,1,4,48,0,1
4344,0.126200,0.142200,0.007300,0.022600,0.023700,0.059700,0.012700,0.019072,0.002880,,0.013056,0.001152,1,4,48,0,1
4345,0.115400,0.139400,0.007300,0.022700,0.023000,0.059200,0.003000,0.021440,0.003008,,0.011008,0.001120,1,4,48,0,1
4346,0.115100,0.128900,0.007300,0.022600,0.023100,0.058600,0.003000,0.021568,0.003040,,0.011040,0.001152,1,4,48,0,1
4347,0.127300,0.128000,0.007400,0.022500,0.029300,0.064000,0.003800,0.018944,0.003488,,0.010272,0.001088,1,4,48,0,1
4348,0.116200,0.140600,0.007400,0.023200,0.023400,0.059000,0.003100,0.021600,0.003072,,0.010976,0.001152,1,4,48,0,1
4349,0.125500,0.129500,0.007400,0.022500,0.023600,0.059500,0.012400,0.019200,0.003296,,0.010400,0.001120,1,4,48,0,1
4350,0.122700,0.138600,0.007400,0.022800,0.023500,0.059500,0.009500,0.018432,0.003008,,0.010912,0.001088,1,4,48,0,1
4351,0.121500,0.141700,0.013200,0.022500,0.023300,0.059400,0.003100,0.021600,0.003168,,0.010976,0.001152,1,4,48,0,1
4352,0.115400,0.134400,0.007300,0.022400,0.023400,0.059100,0.003100,0.019264,0.003392,,0.010432,0.001056,1,4,48,0,1
4353,0.116400,0.128700,0.007400,0.022600,0.023600,0.059600,0.003100,0.019040,0.003168,,0.010400,0.001088,1,4,48,0,1
4354,0.115400,0.129300,0.007300,0.022400,0.023300,0.059100,0.003100,0.019136,0.002944,,0.013088,0.001152,1,4,48,0,1
4355,0.126000,0.128500,0.007400,0.022500,0.023500,0.059700,0.012800,0.019392,0.003424,,0.010400,0.001152,1,4,48,0,1
4356,0.123500,0.139200,0.007300,0.022700,0.023700,0.058500,0.011200,0.018496,0.002976,,0.010912,0.001152,1,4,48,0,1
4357,0.114800,0.136600,0.007400,0.022800,0.023100,0.058000,0.003500,0.018976,0.003072,,0.010368,0.001152,1,4,48,0,1
4358,0.114800,0.127900,0.007300,0.022800,0.023300,0.058200,0.003200,0.018976,0.003040,,0.010368,0.001152,1,4,48,0,1
4359,0.114400,0.127900,0.007300,0.022800,0.023000,0.057900,0.003300,0.021408,0.002912,,0.011104,0.001120,1,4,48,0,1
4360,0.114000,0.127600,0.007200,0.022700,0.022900,0.057900,0.003200,0.021312,0.003040,,0.012000,0.001152,1,4,48,0,1
4361,0.123000,0.127000,0.007400,0.022700,0.022600,0.058500,0.011500,0.018784,0.003232,,0.010464,0.001120,1,4,48,0,1
4362,0.126200,0.136200,0.007200,0.022500,0.023600,0.071000,0.001800,0.019072,0.003072,,0.010464,0.001152,1,4,48,0,1
4363,0.118200,0.139800,0.007900,0.023600,0.024300,0.059000,0.003300,0.019072,0.003040,,0.010464,0.001152,1,4,48,0,1
4364,0.121900,0.131600,0.007300,0.022500,0.023300,0.057700,0.010900,0.018848,0.002944,,0.010368,0.001120,1,4,48,0,1
4365,0.114600,0.134900,0.007300,0.022600,0.023300,0.058100,0.003300,0.019232,0.003232,,0.010528,0.001120,1,4,48,0,1
4366,0.125400,0.127700,0.007300,0.033600,0.023200,0.057900,0.003100,0.019200,0.003168,,0.010560,0.001120,1,4,48,0,1
4367,0.113900,0.138500,0.007200,0.022600,0.022800,0.057800,0.003300,0.021600,0.003008,,0.011008,0.001088,1,4,48,0,1
4368,0.115100,0.127100,0.007400,0.022500,0.023500,0.058300,0.003200,0.019168,0.003168,,0.010496,0.001120,1,4,48,0,1
4369,0.114300,0.128100,0.007700,0.022400,0.022900,0.057800,0.003200,0.019136,0.003296,,0.010400,0.001120,1,4,48,0,1
4370,0.114500,0.127300,0.007200,0.022600,0.023100,0.058100,0.003200,0.019584,0.003584,,0.010496,0.001152,1,4,48,0,1
4371,0.114200,0.127900,0.007100,0.022600,0.023300,0.057800,0.003200,0.019552,0.003488,,0.010528,0.001184,1,4,48,0,1
4372,0.114900,0.127100,0.007400,0.022400,0.023300,0.058400,0.003300,0.019232,0.003040,,0.013120,0.001152,1,4,48,0,1
4373,0.126600,0.128300,0.007300,0.022400,0.023000,0.058000,0.015800,0.018624,0.003168,,0.010400,0.001088,1,4,48,0,1
4374,0.124700,0.140900,0.007400,0.022400,0.023900,0.058100,0.012800,0.018560,0.003040,,0.010848,0.001184,1,4,48,0,1
4375,0.113800,0.137600,0.007300,0.022400,0.023200,0.057600,0.003200,0.021152,0.003072,,0.012032,0.001152,1,4,48,0,1
4376,0.158700,0.127300,0.007300,0.022700,0.028500,0.096600,0.003400,0.020544,0.002976,,0.011776,0.001120,1,4,48,0,1
4377,0.237500,0.176900,0.010000,0.037000,0.030100,0.153900,0.006300,0.020800,0.003072,,0.011424,0.001120,1,4,48,0,1
4378,0.211300,0.254500,0.009200,0.031400,0.030600,0.135500,0.004400,0.018976,0.003104,,0.010400,0.001088,1,4,48,0,1
4379,0.206300,0.228200,0.009400,0.030000,0.034500,0.128000,0.004100,0.019296,0.003424,,0.010368,0.001120,1,4,48,0,1
4380,0.203700,0.223400,0.009200,0.029700,0.029900,0.130700,0.004000,0.018464,0.003008,,0.010784,0.001152,1,4,48,0,1
4381,0.200700,0.220700,0.009400,0.030200,0.029300,0.127300,0.004300,0.019136,0.003008,,0.013120,0.001184,1,4,48,0,1
4382,0.176900,0.217400,0.009200,0.029500,0.029600,0.104500,0.004100,0.022240,0.003264,,0.011392,0.001184,1,4,48,0,1
4383,0.204200,0.193500,0.009200,0.029000,0.029500,0.132000,0.004100,0.018496,0.003008,,0.010976,0.001152,1,4,48,0,1
4384,0.181900,0.220900,0.009300,0.030000,0.029300,0.111200,0.002000,0.022080,0.003136,,0.011360,0.001152,1,4,48,0,1
4385,0.122600,0.196100,0.007800,0.025000,0.025900,0.060600,0.003300,0.018976,0.003168,,0.010336,0.001056,1,4,48,0,1
4386,0.115000,0.135900,0.007100,0.022700,0.023700,0.058200,0.003100,0.021440,0.003072,,0.011136,0.001152,1,4,48,0,1
4387,0.115200,0.128500,0.007400,0.022300,0.023600,0.058300,0.003200,0.018464,0.002976,,0.010688,0.001184,1,4,48,0,1
4388,0.121700,0.128200,0.007400,0.022800,0.023000,0.066500,0.001800,0.018624,0.003104,,0.010752,0.001152,1,4,48,0,1
4389,0.125800,0.135400,0.007400,0.023400,0.024700,0.061400,0.008900,0.019360,0.003232,,0.010592,0.001152,1,4,48,0,1
4390,0.125900,0.139500,0.007900,0.023800,0.024000,0.061600,0.008500,0.021664,0.003104,,0.011040,0.001152,1,4,48,0,1
4391,0.121800,0.139600,0.007700,0.023400,0.023800,0.064900,0.001800,0.018848,0.002976,,0.010336,0.001152,1,4,48,0,1
4392,0.125600,0.135200,0.007500,0.023400,0.024200,0.061200,0.009200,0.021536,0.003040,,0.012288,0.001120,1,4,48,0,1
4393,0.125500,0.139000,0.007600,0.023100,0.023900,0.061400,0.009300,0.019360,0.003072,,0.012896,0.001088,1,4,48,0,1
4394,0.133400,0.139200,0.007500,0.023500,0.023700,0.074900,0.003700,0.021568,0.002976,,0.012320,0.001152,1,4,48,0,1
4395,0.156900,0.147500,0.008000,0.036600,0.026300,0.083900,0.001800,0.018816,0.003200,,0.010432,0.001152,1,4,48,0,1
4396,0.126700,0.170700,0.007600,0.023800,0.024900,0.068300,0.001900,0.019168,0.003168,,0.010432,0.001184,1,4,48,0,1
4397,0.132400,0.140100,0.007800,0.029500,0.025500,0.065500,0.003700,0.019008,0.002976,,0.010528,0.001088,1,4,48,0,1
4398,0.125600,0.146500,0.007700,0.023400,0.024100,0.061400,0.008800,0.021632,0.002944,,0.012512,0.001152,1,4,48,0,1
4399,0.126400,0.139100,0.007500,0.023400,0.024100,0.060800,0.010400,0.021536,0.002976,,0.011104,0.001152,1,4,48,0,1
4400,0.124600,0.140100,0.007400,0.023500,0.024300,0.067500,0.001800,0.019168,0.003328,,0.010432,0.001056,1,4,48,0,1
4401,0.128700,0.138400,0.007900,0.023400,0.024000,0.069700,0.003500,0.021568,0.003136,,0.011008,0.001120,1,4,48,0,1
4402,0.140200,0.142800,0.007800,0.025100,0.025000,0.078900,0.003400,0.019904,0.003104,,0.013888,0.001152,1,4,48,0,1
4403,0.113100,0.161500,0.007300,0.022700,0.023200,0.057500,0.002300,0.019040,0.002944,,0.013056,0.001120,1,4,48,0,1
4404,0.113600,0.126300,0.007200,0.022600,0.023300,0.058000,0.002500,0.018592,0.003104,,0.010912,0.001120,1,4,48,0,1
4405,0.126200,0.126900,0.007400,0.022400,0.025900,0.068500,0.001700,0.018944,0.003168,,0.010368,0.001056,1,4,48,0,1
4406,0.115800,0.139700,0.007500,0.023800,0.023300,0.058000,0.003100,0.018464,0.003072,,0.010976,0.001088,1,4,48,0,1
4407,0.114700,0.128800,0.007700,0.022900,0.023000,0.057800,0.003200,0.021664,0.003104,,0.012448,0.001120,1,4,48,0,1
4408,0.114700,0.127600,0.007200,0.022600,0.023200,0.058200,0.003200,0.019200,0.003008,,0.012960,0.001152,1,4,48,0,1
4409,0.122700,0.127700,0.007100,0.022500,0.023100,0.059100,0.010800,0.018624,0.003136,,0.010560,0.001152,1,4,48,0,1
4410,0.114300,0.135500,0.007200,0.022600,0.023100,0.058200,0.003100,0.021728,0.003072,,0.011072,0.001184,1,4,48,0,1
4411,0.119400,0.127200,0.007400,0.022300,0.023300,0.058700,0.007500,0.019040,0.003168,,0.010464,0.001056,1,4,48,0,1
4412,0.116500,0.132500,0.007200,0.023100,0.024000,0.058900,0.003200,0.021664,0.003232,,0.011040,0.001088,1,4,48,0,1
4413,0.114000,0.129600,0.007000,0.022600,0.023400,0.057500,0.003100,0.018528,0.003040,,0.010528,0.001120,1,4,48,0,1
4414,0.114900,0.127000,0.007200,0.022600,0.023400,0.058300,0.003200,0.022144,0.003168,,0.011392,0.001152,1,4,48,0,1
4415,0.137900,0.128400,0.007300,0.022500,0.022900,0.071600,0.013600,0.019968,0.003168,,0.010464,0.001152,1,4,48,0,1
4416,0.126800,0.151400,0.007200,0.022200,0.021200,0.072700,0.003300,0.020960,0.003200,,0.012960,0.001152,1,4,48,0,1
4417,0.114600,0.139800,0.007200,0.022700,0.023400,0.058000,0.003200,0.019136,0.003136,,0.010496,0.001152,1,4,48,0,1
4418,0.122000,0.127700,0.007200,0.022600,0.022900,0.058200,0.011000,0.018784,0.002912,,0.010336,0.001152,1,4,48,0,1
4419,0.114200,0.135300,0.007300,0.022400,0.023300,0.057900,0.003200,0.021600,0.003072,,0.011008,0.001120,1,4,48,0,1
4420,0.124200,0.127300,0.007300,0.022600,0.023500,0.057900,0.012700,0.018880,0.002976,,0.012960,0.001120,1,4,48,0,1
4421,0.115800,0.137600,0.007500,0.022400,0.022900,0.059600,0.003200,0.019232,0.003296,,0.010464,0.001088,1,4,48,0,1
4422,0.114300,0.129200,0.007300,0.023000,0.023000,0.057700,0.003200,0.021472,0.003104,,0.011040,0.001088,1,4,48,0,1
4423,0.122500,0.127400,0.007000,0.023100,0.023400,0.064100,0.004800,0.018880,0.003008,,0.010336,0.001152,1,4,48,0,1
4424,0.114300,0.135500,0.007200,0.022700,0.023200,0.057800,0.003100,0.021344,0.002976,,0.011072,0.001152,1,4,48,0,1
4425,0.121800,0.127300,0.012500,0.023600,0.024100,0.058200,0.003300,0.019104,0.003200,,0.010368,0.001120,1,4,48,0,1
4426,0.116700,0.134900,0.007200,0.024900,0.023400,0.057600,0.003200,0.021728,0.003072,,0.011072,0.001184,1,4,48,0,1
4427,0.114000,0.129600,0.007300,0.022600,0.023000,0.057800,0.003100,0.021664,0.003072,,0.011072,0.001088,1,4,48,0,1
4428,0.113700,0.126900,0.007300,0.022300,0.023400,0.057400,0.003100,0.021184,0.003104,,0.012064,0.001184,1,4,48,0,1
4429,0.132900,0.126700,0.007500,0.022500,0.023200,0.078000,0.001600,0.021568,0.003008,,0.011072,0.001152,1,4,48,0,1
4430,0.114600,0.145800,0.007500,0.022700,0.023500,0.057600,0.003100,0.019104,0.003040,,0.010528,0.001152,1,4,48,0,1
4431,0.114000,0.128000,0.007200,0.022600,0.023200,0.057700,0.003200,0.021696,0.003040,,0.012448,0.001152,1,4,48,0,1
4432,0.289700,0.127100,0.008100,0.029700,0.065000,0.181000,0.005800,0.020992,0.003104,,0.011328,0.001120,1,4,48,0,1
4433,0.210900,0.307500,0.009900,0.032400,0.031200,0.132900,0.004400,0.018400,0.003008,,0.010560,0.001120,1,4,48,0,1
4434,0.212000,0.227900,0.009400,0.030000,0.030200,0.138000,0.004300,0.018496,0.003040,,0.010816,0.001120,1,4,48,0,1
4435,0.207100,0.228900,0.009400,0.030200,0.030100,0.133000,0.004100,0.021600,0.002976,,0.012416,0.001152,1,4,48,0,1
4436,0.180600,0.224200,0.009500,0.029900,0.029700,0.107000,0.004500,0.021568,0.003136,,0.011392,0.001120,1,4,48,0,1
4437,0.203900,0.197400,0.009000,0.029300,0.028500,0.132800,0.004300,0.018528,0.003008,,0.010944,0.001152,1,4,48,0,1
4438,0.206100,0.220600,0.009200,0.029800,0.029800,0.130800,0.006500,0.019136,0.002976,,0.012992,0.001088,1,4,48,0,1
4439,0.192400,0.223200,0.009200,0.030600,0.030400,0.117600,0.004500,0.022048,0.003168,,0.011360,0.001152,1,4,48,0,1
4440,0.137600,0.206500,0.008300,0.026400,0.027300,0.062400,0.013100,0.019040,0.002880,,0.013088,0.001184,1,4,48,0,1
4441,0.125500,0.150900,0.007400,0.023500,0.024100,0.058900,0.011200,0.018880,0.003136,,0.010272,0.001120,1,4,48,0,1
4442,0.117400,0.138600,0.007500,0.023000,0.023800,0.059600,0.003300,0.021568,0.003008,,0.011072,0.001152,1,4,48,0,1
4443,0.115400,0.130600,0.007200,0.022800,0.023700,0.058100,0.003300,0.021600,0.003168,,0.011008,0.001120,1,4,48,0,1
4444,0.114800,0.128900,0.007300,0.022900,0.023200,0.058300,0.003100,0.019136,0.003072,,0.013056,0.001120,1,4,48,0,1
4445,0.115200,0.127700,0.007500,0.022900,0.023200,0.058300,0.003100,0.019072,0.003040,,0.012992,0.001152,1,4,48,0,1
4446,0.124400,0.128200,0.007200,0.022700,0.023200,0.058400,0.012700,0.018528,0.003104,,0.010752,0.001152,1,4,48,0,1
4447,0.114400,0.137400,0.007200,0.022600,0.023500,0.057800,0.003200,0.021824,0.003200,,0.011392,0.001088,1,4,48,0,1
4448,0.128900,0.127200,0.007500,0.022900,0.023100,0.073800,0.001600,0.019072,0.003104,,0.013088,0.001088,1,4,48,0,1
4449,0.115500,0.142100,0.007200,0.022400,0.023100,0.059400,0.003200,0.019360,0.003168,,0.012928,0.001184,1,4,48,0,1
4450,0.115300,0.128800,0.007000,0.024200,0.022700,0.058100,0.003200,0.018912,0.003296,,0.010336,0.001120,1,4,48,0,1
4451,0.114600,0.128300,0.007300,0.022600,0.023300,0.057900,0.003200,0.018656,0.003328,,0.010432,0.001152,1,4,48,0,1
4452,0.127300,0.127500,0.007500,0.022600,0.023200,0.071800,0.002000,0.018400,0.002944,,0.010784,0.001152,1,4,48,0,1
4453,0.115800,0.140500,0.007700,0.022900,0.024000,0.058700,0.002400,0.019200,0.003296,,0.010432,0.001088,1,4,48,0,1
4454,0.114900,0.128700,0.007400,0.022800,0.023200,0.057900,0.003400,0.018464,0.002944,,0.010880,0.001152,1,4,48,0,1
4455,0.158400,0.128300,0.007200,0.022700,0.027600,0.097900,0.002800,0.018816,0.002944,,0.010336,0.001184,1,4,48,0,1
4456,0.134700,0.172600,0.021000,0.025000,0.022000,0.064700,0.002000,0.020640,0.002976,,0.011680,0.001152,1,4,48,0,1
4457,0.150300,0.147900,0.007500,0.022400,0.020500,0.090500,0.009300,0.020544,0.002976,,0.011776,0.001152,1,4,48,0,1
4458,0.176400,0.171500,0.018800,0.038100,0.035200,0.081400,0.002700,0.019776,0.003168,,0.010400,0.001088,1,4,48,0,1
4459,0.152400,0.193200,0.009300,0.028400,0.031000,0.077400,0.006000,0.019488,0.003200,,0.010272,0.001184,1,4,48,0,1
4460,0.141600,0.169900,0.009200,0.028100,0.028500,0.070900,0.004700,0.019040,0.003072,,0.010368,0.001152,1,4,48,0,1
4461,0.150600,0.158200,0.008800,0.027700,0.030600,0.079900,0.003300,0.022048,0.003168,,0.011424,0.001120,1,4,48,0,1
4462,0.143900,0.168700,0.009200,0.027500,0.028600,0.073800,0.004700,0.019040,0.003072,,0.010464,0.001088,1,4,48,0,1
4463,0.142600,0.159900,0.009000,0.027400,0.027900,0.074000,0.004200,0.021600,0.003104,,0.011040,0.001120,1,4,48,0,1
4464,0.137300,0.158800,0.008800,0.027600,0.028100,0.070500,0.002200,0.021376,0.002976,,0.011136,0.001152,1,4,48,0,1
4465,0.140100,0.153300,0.009600,0.027400,0.028600,0.070000,0.004400,0.021504,0.002816,,0.011072,0.001184,1,4,48,0,1
4466,0.143200,0.156100,0.008900,0.027400,0.029000,0.071200,0.006700,0.018688,0.003168,,0.010464,0.001120,1,4,48,0,1
4467,0.148400,0.159100,0.008700,0.027500,0.028300,0.071200,0.012500,0.019008,0.003008,,0.012992,0.001152,1,4,48,0,1
4468,0.160600,0.164800,0.008700,0.027200,0.048300,0.074200,0.002100,0.021568,0.003104,,0.011008,0.001120,1,4,48,0,1
4469,0.134400,0.175300,0.008200,0.030200,0.024200,0.060700,0.011000,0.019360,0.003360,,0.010528,0.001088,1,4,48,0,1
4470,0.122500,0.147900,0.007200,0.023600,0.024200,0.063600,0.003800,0.021632,0.003040,,0.012416,0.001152,1,4,48,0,1
4471,0.118500,0.135700,0.007300,0.023100,0.024000,0.062400,0.001700,0.018400,0.002944,,0.010816,0.001152,1,4,48,0,1
4472,0.121200,0.131700,0.007600,0.022700,0.023600,0.058800,0.008400,0.018624,0.003200,,0.010688,0.001152,1,4,48,0,1
4473,0.115200,0.134300,0.007400,0.022700,0.023300,0.058500,0.003200,0.021632,0.002944,,0.012448,0.001120,1,4,48,0,1
4474,0.116800,0.128200,0.007400,0.023300,0.023900,0.058900,0.003200,0.018560,0.003008,,0.010912,0.001152,1,4,48,0,1
4475,0.113800,0.130100,0.007300,0.022600,0.022700,0.057900,0.003100,0.019136,0.003136,,0.013024,0.001184,1,4,48,0,1
4476,0.122800,0.127000,0.007300,0.022800,0.022800,0.067900,0.001900,0.018816,0.002944,,0.010336,0.001152,1,4,48,0,1
4477,0.116200,0.135800,0.007500,0.022700,0.024000,0.058400,0.003200,0.021632,0.003040,,0.011136,0.001152,1,4,48,0,1
4478,0.116700,0.129400,0.007300,0.024000,0.024000,0.058000,0.003200,0.019168,0.003104,,0.010592,0.001088,1,4,48,0,1
4479,0.111700,0.129900,0.007300,0.022800,0.022900,0.056500,0.002000,0.019040,0.003200,,0.010368,0.001152,1,4,48,0,1
4480,0.127000,0.124800,0.007200,0.022500,0.027900,0.067100,0.002300,0.021632,0.002976,,0.011744,0.001152,1,4,48,0,1
4481,0.126200,0.140000,0.007200,0.033400,0.023500,0.058700,0.003200,0.019168,0.003328,,0.010336,0.001088,1,4,48,0,1
4482,0.143900,0.139700,0.007500,0.022900,0.023300,0.086100,0.003900,0.021536,0.002944,,0.011104,0.001152,1,4,48,0,1
4483,0.121000,0.157400,0.007800,0.024700,0.024800,0.060000,0.003600,0.019232,0.003232,,0.013056,0.001056,1,4,48,0,1
4484,0.114100,0.134400,0.007600,0.022800,0.023400,0.057700,0.002500,0.019232,0.003168,,0.013056,0.001152,1,4,48,0,1
4485,0.114900,0.127100,0.007700,0.022800,0.023200,0.057500,0.003400,0.019456,0.002784,,0.013920,0.001120,1,4,48,0,1
4486,0.114700,0.128000,0.007500,0.022800,0.023400,0.057700,0.003200,0.018976,0.003136,,0.010336,0.001088,1,4,48,0,1
4487,0.112700,0.127600,0.007300,0.022500,0.023100,0.057300,0.002400,0.019008,0.003232,,0.010272,0.001088,1,4,48,0,1
4488,0.113700,0.125900,0.007300,0.022700,0.023300,0.057700,0.002600,0.019840,0.002976,,0.013952,0.001120,1,4,48,0,1
4489,0.114500,0.126900,0.007300,0.022600,0.023300,0.058700,0.002300,0.019840,0.002912,,0.013952,0.001184,1,4,48,0,1
4490,0.114700,0.127600,0.007300,0.022600,0.022900,0.058500,0.003400,0.021600,0.003040,,0.011104,0.001184,1,4,48,0,1
4491,0.114900,0.127900,0.007100,0.022600,0.023300,0.058400,0.003100,0.019296,0.003232,,0.013056,0.001120,1,4,48,0,1
4492,0.116200,0.128100,0.007300,0.022800,0.024000,0.058700,0.003300,0.021600,0.003040,,0.011072,0.001152,1,4,48,0,1
4493,0.114400,0.129700,0.007300,0.022600,0.023200,0.058900,0.002400,0.021504,0.002976,,0.011168,0.001152,1,4,48,0,1
4494,0.114600,0.127300,0.007200,0.022600,0.023400,0.058700,0.002500,0.018464,0.002944,,0.010976,0.001152,1,4,48,0,1
4495,0.115600,0.128000,0.007500,0.022500,0.023300,0.058700,0.003300,0.018848,0.003424,,0.010336,0.001056,1,4,48,0,1
4496,0.122700,0.128600,0.007200,0.022500,0.028800,0.060700,0.003300,0.021504,0.003008,,0.011008,0.001152,1,4,48,0,1
4497,0.114700,0.135900,0.007300,0.023000,0.023100,0.058600,0.002500,0.019104,0.003232,,0.010400,0.001120,1,4,48,0,1
4498,0.139100,0.128100,0.007300,0.022900,0.023000,0.081000,0.004900,0.020832,0.003200,,0.011744,0.001152,1,4,48,0,1
4499,0.137800,0.152900,0.007700,0.024500,0.022100,0.079900,0.003300,0.019744,0.003072,,0.009984,0.001120,1,4,48,0,1
4500,0.119600,0.151100,0.007600,0.023300,0.023900,0.062700,0.002100,0.019520,0.003104,,0.010368,0.001088,1,4,48,0,1
4501,0.113600,0.132800,0.007300,0.022700,0.023800,0.057100,0.002500,0.021504,0.002944,,0.011040,0.001152,1,4,48,0,1
4502,0.114900,0.126500,0.007400,0.022800,0.023500,0.057900,0.003200,0.018720,0.003136,,0.010336,0.001152,1,4,48,0,1
4503,0.114600,0.128100,0.007300,0.022800,0.023000,0.058000,0.003300,0.019232,0.003008,,0.013088,0.001152,1,4,48,0,1
4504,0.113800,0.127700,0.007300,0.022400,0.023500,0.058100,0.002500,0.019488,0.002976,,0.010304,0.001152,1,4,48,0,1
4505,0.114100,0.126900,0.007200,0.022900,0.023000,0.057500,0.003400,0.020832,0.003008,,0.012128,0.001120,1,4,48,0,1
4506,0.114000,0.127300,0.007400,0.022600,0.022700,0.058000,0.003100,0.018912,0.002912,,0.010432,0.001184,1,4,48,0,1
4507,0.117100,0.127200,0.007500,0.022400,0.023400,0.061000,0.002600,0.019936,0.003392,,0.010336,0.001056,1,4,48,0,1
4508,0.118600,0.130400,0.007300,0.022800,0.023400,0.061600,0.003400,0.019392,0.003424,,0.010528,0.001056,1,4,48,0,1
4509,0.120000,0.131700,0.007300,0.022600,0.024800,0.061900,0.003200,0.019136,0.003264,,0.010464,0.001088,1,4,48,0,1
4510,0.126200,0.133400,0.007400,0.023300,0.034500,0.058900,0.001900,0.021536,0.003040,,0.010976,0.001152,1,4,48,0,1
4511,0.123100,0.139200,0.007400,0.022600,0.029300,0.060300,0.003300,0.019168,0.003232,,0.010112,0.001152,1,4,48,0,1
4512,0.116700,0.136600,0.007300,0.022800,0.023400,0.059800,0.003200,0.019168,0.003328,,0.010368,0.001120,1,4,48,0,1
4513,0.114100,0.130000,0.007300,0.022500,0.023000,0.057700,0.003100,0.019200,0.003040,,0.013024,0.001120,1,4,48,0,1
4514,0.120900,0.127400,0.007500,0.022900,0.023300,0.065300,0.001700,0.018432,0.002976,,0.010592,0.001152,1,4,48,0,1
4515,0.116800,0.134200,0.007600,0.023800,0.024300,0.057800,0.003200,0.019584,0.003072,,0.010368,0.001120,1,4,48,0,1
4516,0.115400,0.130100,0.007500,0.023200,0.023300,0.058300,0.003100,0.018976,0.003104,,0.010368,0.001152,1,4,48,0,1
4517,0.133700,0.129700,0.010000,0.027900,0.025100,0.061200,0.009400,0.021632,0.003040,,0.011008,0.001152,1,4,48,0,1
4518,0.121300,0.147500,0.007300,0.023200,0.023400,0.063600,0.003800,0.021792,0.003168,,0.012384,0.001152,1,4,48,0,1
4519,0.121500,0.134100,0.007400,0.022400,0.023200,0.066400,0.001800,0.019104,0.003232,,0.010400,0.001056,1,4,48,0,1
4520,0.115600,0.134400,0.007200,0.022800,0.023400,0.058900,0.003100,0.021248,0.002944,,0.011008,0.001152,1,4,48,0,1
4521,0.117700,0.128700,0.007400,0.022600,0.023000,0.062800,0.001800,0.018464,0.003072,,0.010688,0.001152,1,4,48,0,1
4522,0.123600,0.130900,0.007300,0.022700,0.023300,0.060400,0.009700,0.018912,0.003008,,0.010368,0.001152,1,4,48,0,1
4523,0.115000,0.136800,0.007700,0.022600,0.023600,0.058400,0.002600,0.020064,0.003040,,0.013952,0.001152,1,4,48,0,1
4524,0.129600,0.128300,0.007500,0.022700,0.023100,0.065700,0.010400,0.021632,0.003040,,0.012448,0.001152,1,4,48,0,1
4525,0.125500,0.143300,0.007600,0.023300,0.024300,0.059400,0.010600,0.019168,0.003040,,0.010592,0.001184,1,4,48,0,1
4526,0.121800,0.138700,0.007300,0.023200,0.028700,0.059400,0.003200,0.021184,0.003072,,0.011936,0.001152,1,4,48,0,1
4527,0.114900,0.135500,0.007300,0.022900,0.022900,0.058600,0.003000,0.021600,0.003040,,0.011008,0.001152,1,4,48,0,1
4528,0.130700,0.127900,0.007300,0.022400,0.032500,0.064500,0.003800,0.020160,0.003264,,0.013888,0.001120,1,4,48,0,1
4529,0.114400,0.143700,0.007300,0.022500,0.023300,0.058000,0.003200,0.021632,0.003200,,0.011040,0.001088,1,4,48,0,1
4530,0.113900,0.127500,0.007200,0.022800,0.023300,0.057200,0.003200,0.021440,0.002912,,0.012416,0.001152,1,4,48,0,1
4531,0.114100,0.127100,0.007800,0.022400,0.023600,0.056900,0.003300,0.021504,0.002944,,0.011200,0.001152,1,4,48,0,1
4532,0.123300,0.127000,0.007400,0.022700,0.023500,0.058900,0.010700,0.018336,0.002976,,0.010528,0.001088,1,4,48,0,1
4533,0.122900,0.136500,0.007300,0.022400,0.023600,0.059600,0.009900,0.019200,0.003008,,0.013088,0.001120,1,4,48,0,1
4534,0.114200,0.136200,0.007500,0.022500,0.023300,0.058400,0.002400,0.019136,0.003136,,0.010528,0.001088,1,4,48,0,1
4535,0.114200,0.127100,0.007600,0.022500,0.023300,0.058800,0.001900,0.018432,0.003008,,0.010848,0.001152,1,4,48,0,1
4536,0.123500,0.130100,0.009500,0.026100,0.025000,0.059200,0.003200,0.019232,0.003008,,0.013056,0.001152,1,4,48,0,1
4537,0.121900,0.137000,0.007500,0.023100,0.023600,0.058400,0.009200,0.018784,0.003104,,0.010208,0.001152,1,4,48,0,1
4538,0.112700,0.134900,0.007200,0.022600,0.023600,0.057100,0.001900,0.019136,0.003296,,0.010368,0.001088,1,4,48,0,1
4539,0.114700,0.125700,0.007200,0.022700,0.023500,0.057900,0.003300,0.018816,0.002912,,0.010368,0.001152,1,4,48,0,1
4540,0.129600,0.127700,0.007200,0.022700,0.023000,0.072000,0.004700,0.019168,0.003040,,0.012928,0.001088,1,4,48,0,1
4541,0.118100,0.143400,0.007700,0.024300,0.024300,0.058500,0.003200,0.021696,0.003168,,0.012448,0.001184,1,4,48,0,1
4542,0.114500,0.131300,0.007600,0.022500,0.022800,0.058500,0.003100,0.019168,0.002976,,0.013120,0.001152,1,4,48,0,1
4543,0.134600,0.127400,0.007300,0.022700,0.026600,0.071300,0.006700,0.018816,0.003040,,0.010336,0.001152,1,4,48,0,1
4544,0.162800,0.152600,0.009600,0.028600,0.026600,0.093300,0.004500,0.019328,0.002944,,0.010848,0.001120,1,4,48,0,1
4545,0.148100,0.177300,0.008700,0.029300,0.036700,0.065400,0.008000,0.019616,0.003008,,0.010464,0.001184,1,4,48,0,1
4546,0.210400,0.166400,0.008300,0.025200,0.026600,0.148300,0.002000,0.019648,0.002880,,0.013856,0.001152,1,4,48,0,1
4547,0.305000,0.224100,0.007900,0.025400,0.025400,0.239000,0.007100,0.019136,0.003392,,0.010336,0.001056,1,4,48,0,1
4548,0.170900,0.324000,0.010400,0.038200,0.036800,0.079800,0.005700,0.018976,0.003104,,0.010336,0.001184,1,4,48,0,1
4549,0.156700,0.188000,0.009400,0.029300,0.030800,0.073500,0.013500,0.019200,0.003136,,0.010464,0.001184,1,4,48,0,1
4550,0.147300,0.173500,0.009800,0.028600,0.029300,0.076100,0.003400,0.019936,0.003136,,0.013856,0.001088,1,4,48,0,1
4551,0.141300,0.164000,0.008800,0.027800,0.028600,0.074000,0.001900,0.019904,0.003136,,0.010176,0.001152,1,4,48,0,1
4552,0.145600,0.157700,0.008800,0.028000,0.029100,0.074700,0.005000,0.019232,0.003040,,0.013120,0.001152,1,4,48,0,1
4553,0.177800,0.162200,0.009000,0.027800,0.028900,0.105700,0.006200,0.021472,0.003008,,0.010976,0.001152,1,4,48,0,1
4554,0.144800,0.193400,0.008800,0.031600,0.030500,0.072000,0.001900,0.019008,0.003072,,0.010432,0.001152,1,4,48,0,1
4555,0.120500,0.159100,0.007700,0.024000,0.025200,0.061300,0.002200,0.019072,0.003168,,0.010368,0.001152,1,4,48,0,1
4556,0.143100,0.133900,0.007600,0.023300,0.024000,0.083000,0.005200,0.019136,0.003072,,0.010528,0.001152,1,4,48,0,1
4557,0.153000,0.158100,0.008500,0.031000,0.029000,0.079500,0.004700,0.018816,0.002976,,0.010336,0.001120,1,4,48,0,1
4558,0.132700,0.167000,0.007600,0.025300,0.025900,0.072000,0.001900,0.018592,0.003168,,0.010848,0.001120,1,4,48,0,1
4559,0.236200,0.146300,0.007600,0.023200,0.024200,0.178100,0.003100,0.019808,0.003264,,0.010304,0.001120,1,4,48,0,1
4560,0.228900,0.252000,0.008900,0.031600,0.029100,0.153300,0.005800,0.020000,0.003328,,0.010528,0.001152,1,4,48,0,1
4561,0.162400,0.243200,0.008200,0.027600,0.027400,0.094800,0.004300,0.019456,0.002944,,0.010368,0.001152,1,4,48,0,1
4562,0.206400,0.176300,0.007800,0.028800,0.025600,0.137700,0.006400,0.021536,0.003040,,0.011008,0.001152,1,4,48,0,1
4563,0.163000,0.221300,0.008900,0.031200,0.030000,0.090500,0.002200,0.019520,0.003136,,0.010336,0.001152,1,4,48,0,1
4564,0.125200,0.177300,0.008100,0.025700,0.026200,0.061900,0.003200,0.019072,0.003104,,0.010432,0.001152,1,4,48,0,1
4565,0.149800,0.138700,0.007400,0.023200,0.024300,0.087900,0.006800,0.019072,0.003008,,0.013120,0.001120,1,4,48,0,1
4566,0.169400,0.169100,0.010600,0.038100,0.035300,0.081100,0.004100,0.019648,0.003136,,0.010432,0.001088,1,4,48,0,1
4567,0.149100,0.187000,0.009200,0.028700,0.030000,0.076400,0.004700,0.019040,0.003072,,0.010432,0.001120,1,4,48,0,1
4568,0.167800,0.165500,0.008900,0.027900,0.029300,0.087300,0.014300,0.020000,0.003200,,0.013952,0.001056,1,4,48,0,1
4569,0.156100,0.182900,0.008900,0.031300,0.028600,0.082200,0.005100,0.019200,0.003136,,0.010496,0.001152,1,4,48,0,1
4570,0.124900,0.170700,0.007900,0.025900,0.026200,0.061100,0.003600,0.019872,0.003072,,0.013856,0.001152,1,4,48,0,1
4571,0.137400,0.139000,0.007900,0.023600,0.024600,0.075800,0.005400,0.019776,0.002976,,0.012352,0.001152,1,4,48,0,1
4572,0.189100,0.151500,0.007600,0.024900,0.028100,0.119800,0.008600,0.019872,0.003008,,0.013984,0.001152,1,4,48,0,1
4573,0.197200,0.208500,0.010600,0.038400,0.035500,0.107000,0.005500,0.019232,0.003168,,0.010368,0.001088,1,4,48,0,1
4574,0.192800,0.216000,0.009000,0.031200,0.032100,0.114200,0.006200,0.019584,0.003136,,0.010304,0.001088,1,4,48,0,1
4575,0.161900,0.212100,0.008800,0.031500,0.029200,0.086100,0.006300,0.019904,0.003040,,0.013856,0.001152,1,4,48,0,1
4576,0.178100,0.176300,0.008000,0.025300,0.026400,0.113700,0.004700,0.019552,0.003104,,0.010880,0.001152,1,4,48,0,1
4577,0.139900,0.193000,0.008900,0.031100,0.025700,0.072000,0.002000,0.019168,0.003264,,0.010528,0.001088,1,4,48,0,1
4578,0.229200,0.153500,0.007600,0.036200,0.038900,0.081400,0.064900,0.020576,0.003136,,0.011392,0.001152,1,4,48,0,1
4579,0.135500,0.243700,0.008300,0.027600,0.025400,0.070800,0.003300,0.019296,0.003072,,0.010240,0.001152,1,4,48,0,1
4580,0.140300,0.149200,0.007700,0.023800,0.033200,0.061600,0.013900,0.019488,0.003136,,0.010400,0.001184,1,4,48,0,1
4581,0.120700,0.154200,0.007900,0.024400,0.025200,0.060000,0.003200,0.021408,0.003168,,0.011968,0.001152,1,4,48,0,1
4582,0.116600,0.134000,0.007400,0.023300,0.023800,0.058800,0.003200,0.020064,0.003136,,0.013920,0.001120,1,4,48,0,1
4583,0.115900,0.129500,0.007200,0.022800,0.023400,0.059400,0.003000,0.018880,0.003136,,0.010176,0.001120,1,4,48,0,1
4584,0.114800,0.128800,0.007200,0.022700,0.023400,0.058200,0.003200,0.019104,0.003168,,0.010432,0.001120,1,4,48,0,1
4585,0.116200,0.127900,0.007500,0.022700,0.023600,0.059100,0.003100,0.019104,0.002944,,0.013088,0.001152,1,4,48,0,1
4586,0.121300,0.129400,0.007200,0.022700,0.023400,0.063300,0.004500,0.018528,0.003072,,0.010848,0.001152,1,4,48,0,1
4587,0.124200,0.134700,0.007400,0.023100,0.023700,0.059600,0.010400,0.019232,0.003200,,0.010560,0.001088,1,4,48,0,1
4588,0.127800,0.137600,0.007300,0.022800,0.026100,0.068300,0.003100,0.019104,0.003200,,0.010432,0.001088,1,4,48,0,1
4589,0.116200,0.141500,0.007500,0.023500,0.023600,0.058100,0.003100,0.021600,0.003104,,0.011360,0.001152,1,4,48,0,1
4590,0.114600,0.129700,0.007400,0.022700,0.023000,0.058200,0.003100,0.021472,0.003008,,0.011040,0.001152,1,4,48,0,1
4591,0.127000,0.127600,0.007900,0.022700,0.023200,0.069200,0.004000,0.019296,0.003104,,0.013024,0.001184,1,4,48,0,1
4592,0.119700,0.140600,0.007600,0.023200,0.023700,0.063100,0.001800,0.018560,0.003136,,0.010880,0.001088,1,4,48,0,1
4593,0.115200,0.132900,0.007500,0.022500,0.023400,0.058600,0.003100,0.021824,0.003264,,0.011328,0.001088,1,4,48,0,1
4594,0.122800,0.128400,0.007200,0.022600,0.023800,0.059100,0.009800,0.018496,0.002976,,0.010784,0.001152,1,4,48,0,1
4595,0.115500,0.135900,0.007300,0.022500,0.023300,0.058400,0.003800,0.019072,0.003168,,0.010400,0.001120,1,4,48,0,1
4596,0.139700,0.133100,0.009300,0.031100,0.027000,0.062400,0.009800,0.018944,0.003232,,0.010208,0.001120,1,4,48,0,1
4597,0.116300,0.153600,0.007400,0.023200,0.023700,0.058800,0.003100,0.019200,0.003264,,0.010464,0.001088,1,4,48,0,1
4598,0.114700,0.130000,0.007400,0.022700,0.023000,0.058200,0.003100,0.019232,0.003296,,0.010464,0.001088,1,4,48,0,1
4599,0.114400,0.127700,0.007200,0.022500,0.023000,0.058400,0.003100,0.021536,0.002976,,0.011040,0.001152,1,4,48,0,1
4600,0.119400,0.127600,0.007400,0.022600,0.023200,0.062900,0.003200,0.021472,0.002912,,0.011072,0.001184,1,4,48,0,1
4601,0.113500,0.132900,0.007400,0.023000,0.023100,0.056500,0.003400,0.021568,0.003008,,0.011648,0.001152,1,4,48,0,1
4602,0.115700,0.126400,0.007700,0.022900,0.023400,0.058400,0.003100,0.021664,0.003008,,0.011072,0.001184,1,4,48,0,1
4603,0.115500,0.128800,0.007700,0.022600,0.023500,0.058500,0.003200,0.021184,0.002912,,0.011040,0.001088,1,4,48,0,1
4604,0.124100,0.131900,0.009700,0.025100,0.025700,0.060200,0.003200,0.019072,0.003104,,0.010496,0.001120,1,4,48,0,1
4605,0.122200,0.137800,0.007400,0.022700,0.023100,0.063200,0.005700,0.021472,0.003008,,0.012384,0.001184,1,4,48,0,1
4606,0.119100,0.135700,0.007400,0.022300,0.022900,0.064400,0.002000,0.021472,0.002912,,0.011200,0.001152,1,4,48,0,1
4607,0.116100,0.132700,0.007300,0.023100,0.023800,0.060000,0.001800,0.021344,0.003040,,0.011040,0.001152,1,4,48,0,1
4608,0.115500,0.129100,0.008000,0.022500,0.023000,0.058800,0.003100,0.021760,0.003328,,0.011008,0.001120,1,4,48,0,1
4609,0.114600,0.128500,0.007600,0.022700,0.023500,0.058700,0.001900,0.019008,0.003040,,0.010464,0.001120,1,4,48,0,1
4610,0.122200,0.127600,0.007300,0.022400,0.023200,0.059200,0.010100,0.018656,0.003008,,0.010432,0.001184,1,4,48,0,1
4611,0.121600,0.135300,0.007300,0.022500,0.023000,0.067000,0.001700,0.018816,0.003200,,0.010240,0.001152,1,4,48,0,1
4612,0.123900,0.135200,0.007700,0.023500,0.023500,0.059800,0.009400,0.018368,0.002944,,0.010784,0.001088,1,4,48,0,1
4613,0.116100,0.137200,0.007300,0.022500,0.023500,0.059400,0.003100,0.019168,0.003104,,0.013088,0.001088,1,4,48,0,1
4614,0.115500,0.129100,0.007200,0.022800,0.023200,0.058900,0.003100,0.021760,0.003104,,0.011136,0.001152,1,4,48,0,1
4615,0.115400,0.128600,0.007400,0.022300,0.023300,0.059100,0.003200,0.021504,0.003232,,0.011008,0.001120,1,4,48,0,1
4616,0.122600,0.128800,0.007300,0.022600,0.023400,0.058900,0.010300,0.018784,0.003232,,0.010528,0.001088,1,4,48,0,1
4617,0.114900,0.135700,0.007200,0.022600,0.023100,0.058500,0.003400,0.019520,0.003072,,0.012160,0.001120,1,4,48,0,1
4618,0.115100,0.127900,0.007700,0.022700,0.023200,0.059200,0.002200,0.018592,0.003072,,0.010784,0.001152,1,4,48,0,1
4619,0.122100,0.128200,0.007500,0.027000,0.024700,0.059600,0.003200,0.019136,0.003104,,0.010464,0.001152,1,4,48,0,1
4620,0.161700,0.135500,0.007400,0.023300,0.023000,0.105500,0.002300,0.018400,0.002912,,0.010848,0.001152,1,4,48,0,1
4621,0.136800,0.181000,0.010700,0.029300,0.025500,0.069200,0.002000,0.021696,0.003232,,0.011232,0.001152,1,4,48,0,1
4622,0.792500,0.150500,0.007300,0.023100,0.029200,0.058800,0.673600,0.019232,0.003136,,0.013120,0.001088,1,4,48,0,1
4623,0.145700,0.807100,0.008500,0.030900,0.027300,0.075600,0.003300,0.020992,0.003040,,0.012800,0.001152,1,4,48,0,1
4624,0.125300,0.159400,0.007500,0.023100,0.024700,0.060800,0.009200,0.019264,0.003008,,0.013152,0.001152,1,4,48,0,1
4625,0.124100,0.138500,0.007400,0.022600,0.023600,0.059800,0.010500,0.022336,0.003456,,0.011360,0.001120,1,4,48,0,1
4626,0.124300,0.137400,0.007300,0.023000,0.023400,0.059500,0.011100,0.021728,0.003136,,0.011008,0.001184,1,4,48,0,1
4627,0.121300,0.137700,0.007300,0.022300,0.023100,0.059300,0.008900,0.019168,0.003136,,0.010560,0.001088,1,4,48,0,1
4628,0.123400,0.134300,0.007200,0.022700,0.026800,0.064400,0.002200,0.018880,0.003136,,0.010208,0.001152,1,4,48,0,1
4629,0.118700,0.136900,0.007500,0.023600,0.023400,0.059400,0.004500,0.018560,0.003072,,0.010720,0.001152,1,4,48,0,1
4630,0.118500,0.131700,0.007400,0.022700,0.023300,0.060000,0.004900,0.019072,0.003072,,0.010496,0.001088,1,4,48,0,1
4631,0.118900,0.131700,0.007300,0.022600,0.023500,0.059400,0.005900,0.021696,0.002976,,0.012576,0.001152,1,4,48,0,1
4632,0.123400,0.131900,0.007200,0.022800,0.023700,0.059900,0.009600,0.018368,0.002848,,0.010976,0.001184,1,4,48,0,1
4633,0.123700,0.136200,0.007500,0.022600,0.023800,0.059800,0.009800,0.019104,0.003264,,0.010336,0.001088,1,4,48,0,1
4634,0.114400,0.136800,0.007300,0.022900,0.023300,0.058300,0.002600,0.019296,0.003360,,0.010496,0.001088,1,4,48,0,1
4635,0.133900,0.127800,0.007400,0.022600,0.023700,0.077100,0.002900,0.021504,0.003008,,0.011072,0.001120,1,4,48,0,1
4636,0.123000,0.147300,0.007500,0.024400,0.024500,0.059900,0.006600,0.018656,0.003072,,0.010496,0.001152,1,4,48,0,1
4637,0.115700,0.136100,0.007300,0.022700,0.023100,0.059200,0.003300,0.021472,0.003008,,0.011008,0.001120,1,4,48,0,1
4638,0.116000,0.128900,0.007700,0.022800,0.023400,0.058700,0.003300,0.019104,0.003136,,0.010528,0.001088,1,4,48,0,1
4639,0.115100,0.129100,0.007800,0.022800,0.023400,0.059000,0.002000,0.019200,0.003264,,0.010528,0.001088,1,4,48,0,1
4640,0.115700,0.128200,0.007400,0.022800,0.023700,0.058500,0.003300,0.021568,0.003168,,0.011360,0.001184,1,4,48,0,1
4641,0.114600,0.128900,0.008000,0.022800,0.023700,0.058000,0.001900,0.018528,0.003136,,0.010752,0.001120,1,4,48,0,1
4642,0.113600,0.127800,0.007300,0.022500,0.023600,0.058100,0.001900,0.018976,0.003264,,0.010336,0.001088,1,4,48,0,1
4643,0.245900,0.126600,0.008100,0.032600,0.030400,0.169000,0.005600,0.018368,0.002976,,0.010720,0.001152,1,4,48,0,1
4644,0.176300,0.269200,0.012700,0.037700,0.032900,0.086100,0.006700,0.019264,0.003200,,0.010400,0.001152,1,4,48,0,1
4645,0.143100,0.194900,0.009900,0.033500,0.027000,0.068100,0.004400,0.019168,0.003168,,0.010464,0.001152,1,4,48,0,1
4646,0.130400,0.161900,0.009100,0.026500,0.026800,0.064100,0.003900,0.019488,0.003200,,0.010368,0.001088,1,4,48,0,1
4647,0.138300,0.161000,0.008700,0.030800,0.029800,0.066800,0.001900,0.018464,0.003008,,0.010528,0.001120,1,4,48,0,1
4648,0.121400,0.152500,0.007500,0.023300,0.024200,0.061200,0.005000,0.019136,0.003296,,0.010368,0.001088,1,4,48,0,1
4649,0.123900,0.135500,0.007700,0.024400,0.025000,0.061400,0.005400,0.021664,0.003168,,0.012384,0.001088,1,4,48,0,1
4650,0.124200,0.137400,0.007300,0.022800,0.023400,0.059500,0.011100,0.018944,0.003136,,0.010336,0.001056,1,4,48,0,1
4651,0.118600,0.137600,0.007400,0.022700,0.023900,0.059700,0.004800,0.019200,0.003104,,0.010528,0.001152,1,4,48,0,1
4652,0.122400,0.131800,0.007200,0.022800,0.023400,0.058900,0.010000,0.018752,0.003328,,0.010720,0.001152,1,4,48,0,1
4653,0.122100,0.135500,0.007200,0.022700,0.023000,0.059600,0.009500,0.022016,0.003040,,0.011424,0.001184,1,4,48,0,1
4654,0.115500,0.135100,0.007200,0.023200,0.023800,0.058700,0.002500,0.019776,0.003168,,0.010336,0.001152,1,4,48,0,1
4655,0.114900,0.128500,0.007400,0.022800,0.023300,0.059000,0.002400,0.019328,0.003392,,0.010464,0.001088,1,4,48,0,1
4656,0.125200,0.128100,0.007100,0.022900,0.027100,0.065900,0.002200,0.018944,0.003008,,0.010368,0.001152,1,4,48,0,1
4657,0.114500,0.139000,0.007500,0.023600,0.023400,0.057400,0.002400,0.018880,0.002976,,0.010368,0.001152,1,4,48,0,1
4658,0.135000,0.127900,0.007300,0.022800,0.025600,0.076600,0.002500,0.021280,0.002912,,0.012320,0.001152,1,4,48,0,1
4659,0.149000,0.149800,0.008100,0.030900,0.023500,0.084000,0.002100,0.019136,0.003232,,0.010528,0.001088,1,4,48,0,1
4660,0.468700,0.163400,0.008000,0.033800,0.031100,0.080100,0.315700,0.019744,0.003200,,0.010048,0.001088,1,4,48,0,1
4661,0.178300,0.484100,0.008800,0.031400,0.026700,0.108600,0.002500,0.020736,0.003392,,0.011424,0.001088,1,4,48,0,1
4662,0.156700,0.227000,0.008000,0.026700,0.026400,0.093400,0.002100,0.018912,0.002880,,0.013056,0.001120,1,4,48,0,1
4663,0.155000,0.170600,0.007600,0.024900,0.026200,0.093300,0.003000,0.019008,0.003168,,0.010368,0.001056,1,4,48,0,1
4664,0.149900,0.169300,0.008000,0.024800,0.024800,0.090200,0.002000,0.019968,0.003360,,0.010368,0.001120,1,4,48,0,1
4665,0.149600,0.163800,0.007800,0.025000,0.024800,0.090000,0.002000,0.019360,0.002944,,0.012864,0.001152,1,4,48,0,1
4666,0.147900,0.163600,0.007600,0.024600,0.024800,0.088800,0.002100,0.018464,0.003008,,0.010560,0.001152,1,4,48,0,1
4667,0.148200,0.161500,0.007400,0.024000,0.025100,0.089500,0.001800,0.019136,0.002976,,0.013120,0.001152,1,4,48,0,1
4668,0.149400,0.161800,0.008200,0.024400,0.024900,0.089900,0.001900,0.020160,0.003328,,0.013856,0.001088,1,4,48,0,1
4669,0.151700,0.163400,0.007700,0.024800,0.025200,0.091600,0.002300,0.018912,0.002976,,0.010432,0.001152,1,4,48,0,1
4670,0.171500,0.165100,0.008300,0.025100,0.024700,0.105200,0.008000,0.019008,0.003040,,0.010432,0.001152,1,4,48,0,1
4671,0.144700,0.188600,0.008700,0.030900,0.029000,0.072100,0.003900,0.018592,0.003072,,0.012544,0.001152,1,4,48,0,1
4672,0.118500,0.158800,0.007900,0.023700,0.024800,0.059800,0.002200,0.019168,0.003232,,0.010464,0.001088,1,4,48,0,1
4673,0.117000,0.131800,0.008000,0.023400,0.023700,0.059400,0.002300,0.019200,0.003200,,0.010432,0.001152,1,4,48,0,1
4674,0.117000,0.130500,0.007300,0.023200,0.024000,0.059800,0.002600,0.021504,0.002976,,0.011072,0.001120,1,4,48,0,1
4675,0.116400,0.130500,0.007600,0.022800,0.023900,0.059400,0.002700,0.021504,0.002944,,0.012512,0.001120,1,4,48,0,1
4676,0.180600,0.129800,0.007400,0.022700,0.023700,0.121300,0.005200,0.019072,0.003296,,0.010400,0.001120,1,4,48,0,1
4677,0.167200,0.195300,0.008800,0.030900,0.027500,0.095500,0.004200,0.021504,0.002944,,0.011104,0.001152,1,4,48,0,1
4678,0.149700,0.181000,0.007800,0.024700,0.025700,0.089400,0.002100,0.018912,0.003040,,0.010368,0.001152,1,4,48,0,1
4679,0.150300,0.163500,0.007700,0.024100,0.024900,0.091400,0.002100,0.021536,0.003008,,0.011040,0.001152,1,4,48,0,1
4680,0.150400,0.163800,0.007800,0.024400,0.025000,0.090900,0.002100,0.021472,0.003168,,0.011040,0.001120,1,4,48,0,1
4681,0.149500,0.164000,0.007400,0.024600,0.025400,0.089900,0.002100,0.021312,0.003072,,0.010944,0.001152,1,4,48,0,1
4682,0.148000,0.163000,0.007800,0.024400,0.024600,0.088900,0.002000,0.018688,0.003040,,0.010208,0.001152,1,4,48,0,1
4683,0.150800,0.161800,0.007600,0.024000,0.024300,0.092600,0.002100,0.019168,0.003168,,0.010528,0.001088,1,4,48,0,1
4684,0.146700,0.164700,0.007400,0.024100,0.024500,0.088400,0.002100,0.019136,0.003104,,0.010496,0.001152,1,4,48,0,1
4685,0.148300,0.160100,0.007700,0.024900,0.024700,0.088600,0.002100,0.019296,0.003264,,0.010528,0.001120,1,4,48,0,1
4686,0.147000,0.162000,0.007500,0.024400,0.024400,0.088400,0.002100,0.019232,0.003264,,0.010464,0.001120,1,4,48,0,1
4687,0.158400,0.160600,0.007900,0.024600,0.025100,0.097200,0.003500,0.019296,0.003200,,0.013088,0.001120,1,4,48,0,1
4688,0.134700,0.174100,0.008500,0.026300,0.025500,0.063000,0.011400,0.021696,0.003104,,0.011072,0.001152,1,4,48,0,1
4689,0.118700,0.148600,0.007700,0.023300,0.023800,0.060500,0.003200,0.021504,0.002944,,0.011040,0.001152,1,4,48,0,1
4690,0.124800,0.132500,0.007400,0.023100,0.024100,0.064900,0.005200,0.018432,0.002944,,0.010848,0.001152,1,4,48,0,1
4691,0.123600,0.138300,0.007400,0.022800,0.024300,0.065000,0.004000,0.018688,0.003136,,0.010176,0.001088,1,4,48,0,1
4692,0.118400,0.136900,0.007300,0.023100,0.023200,0.059900,0.004800,0.018720,0.003296,,0.010752,0.001152,1,4,48,0,1
4693,0.116600,0.131600,0.007500,0.022600,0.023300,0.059800,0.003200,0.022112,0.003200,,0.011392,0.001152,1,4,48,0,1
4694,0.133600,0.129800,0.007300,0.022900,0.040000,0.060200,0.003100,0.020736,0.003040,,0.010368,0.001088,1,4,48,0,1
4695,0.110200,0.147200,0.007400,0.022400,0.021100,0.057200,0.001900,0.019680,0.003232,,0.010464,0.001088,1,4,48,0,1
4696,0.120600,0.123300,0.007600,0.022300,0.020400,0.066700,0.003400,0.020640,0.003040,,0.011872,0.001120,1,4,48,0,1
4697,0.132600,0.133500,0.007700,0.022500,0.032600,0.059800,0.009800,0.021536,0.003008,,0.011040,0.001152,1,4,48,0,1
4698,0.116400,0.146000,0.007200,0.022900,0.024300,0.058800,0.003000,0.018848,0.003296,,0.010336,0.001056,1,4,48,0,1
4699,0.115800,0.129700,0.007300,0.022600,0.023800,0.059000,0.003100,0.020512,0.003136,,0.011392,0.001088,1,4,48,0,1
4700,0.171600,0.128800,0.007200,0.046600,0.031700,0.075300,0.010500,0.020928,0.003264,,0.011424,0.001120,1,4,48,0,1
4701,0.127700,0.187400,0.008000,0.024200,0.024700,0.061100,0.009600,0.018528,0.002976,,0.010784,0.001184,1,4,48,0,1
4702,0.126900,0.141800,0.007400,0.023600,0.024100,0.061300,0.010400,0.019168,0.003264,,0.010432,0.001120,1,4,48,0,1
4703,0.124900,0.140300,0.007300,0.023200,0.024300,0.060300,0.009700,0.021568,0.003104,,0.011008,0.001120,1,4,48,0,1
4704,0.123100,0.138400,0.007400,0.023000,0.023600,0.064700,0.004400,0.018656,0.003168,,0.010880,0.001120,1,4,48,0,1
4705,0.121900,0.136500,0.007200,0.022700,0.024100,0.065900,0.001800,0.018528,0.003072,,0.010688,0.001152,1,4,48,0,1
4706,0.123500,0.135200,0.007600,0.022800,0.023400,0.059600,0.010000,0.019328,0.003328,,0.010496,0.001120,1,4,48,0,1
4707,0.122300,0.136400,0.007500,0.022600,0.023400,0.059800,0.008900,0.019200,0.003168,,0.010560,0.001088,1,4,48,0,1
4708,0.116400,0.135500,0.007200,0.022700,0.023600,0.059500,0.003200,0.021792,0.003136,,0.012512,0.001120,1,4,48,0,1
4709,0.123300,0.129700,0.007200,0.022700,0.023400,0.059500,0.010400,0.019104,0.002976,,0.012992,0.001152,1,4,48,0,1
4710,0.116600,0.136500,0.007200,0.022800,0.023500,0.059800,0.003200,0.021536,0.003232,,0.011040,0.001152,1,4,48,0,1
4711,0.122100,0.129700,0.007200,0.022900,0.023400,0.059800,0.008500,0.019136,0.003136,,0.010464,0.001152,1,4,48,0,1
4712,0.128500,0.135300,0.007300,0.022600,0.023300,0.073300,0.001800,0.021440,0.003072,,0.011392,0.001088,1,4,48,0,1
4713,0.123800,0.141900,0.007400,0.023100,0.023400,0.059300,0.010400,0.019072,0.003072,,0.010496,0.001120,1,4,48,0,1
4714,0.116300,0.137000,0.007400,0.022700,0.023300,0.059500,0.003200,0.021696,0.003136,,0.011008,0.001184,1,4,48,0,1
4715,0.122400,0.129400,0.007300,0.022700,0.023500,0.059000,0.009700,0.018592,0.002976,,0.010400,0.001120,1,4,48,0,1
4716,0.122200,0.135600,0.007300,0.022800,0.023000,0.059400,0.009600,0.018400,0.003008,,0.010816,0.001120,1,4,48,0,1
4717,0.116800,0.135400,0.007300,0.022900,0.023300,0.059900,0.003200,0.019008,0.002976,,0.010528,0.001152,1,4,48,0,1
4718,0.125100,0.129900,0.007400,0.022600,0.023400,0.060200,0.011100,0.019168,0.003328,,0.010368,0.001088,1,4,48,0,1
4719,0.115800,0.138200,0.007500,0.022600,0.023500,0.058900,0.003200,0.019104,0.003104,,0.010432,0.001184,1,4,48,0,1
4720,0.124400,0.128900,0.007200,0.022700,0.023100,0.059300,0.011900,0.019168,0.003136,,0.010464,0.001184,1,4,48,0,1
4721,0.115500,0.137600,0.007300,0.022300,0.023500,0.059200,0.003100,0.018976,0.003072,,0.010368,0.001152,1,4,48,0,1
4722,0.122100,0.128700,0.007300,0.022500,0.023200,0.059300,0.009700,0.018496,0.003136,,0.010784,0.001088,1,4,48,0,1
4723,0.126400,0.135500,0.007200,0.022500,0.027900,0.059300,0.009500,0.018528,0.003072,,0.010528,0.001152,1,4,48,0,1
4724,0.116200,0.139700,0.007300,0.022500,0.023400,0.059800,0.003200,0.019072,0.002976,,0.013056,0.001120,1,4,48,0,1
4725,0.123100,0.129700,0.007500,0.022600,0.023700,0.059500,0.009800,0.018496,0.002976,,0.010784,0.001152,1,4,48,0,1
4726,0.117100,0.136400,0.007500,0.022800,0.023500,0.060000,0.003200,0.018912,0.003072,,0.010272,0.001184,1,4,48,0,1
4727,0.123500,0.130300,0.007300,0.022700,0.023200,0.068100,0.001900,0.018688,0.003168,,0.010432,0.001088,1,4,48,0,1
4728,0.117700,0.136800,0.007700,0.023300,0.023500,0.059700,0.003200,0.019232,0.002976,,0.012960,0.001152,1,4,48,0,1
4729,0.123300,0.131000,0.007300,0.022700,0.023700,0.059500,0.009900,0.018720,0.003168,,0.010464,0.001120,1,4,48,0,1
4730,0.118700,0.136600,0.007100,0.022800,0.023400,0.059800,0.005400,0.019360,0.003200,,0.012992,0.001120,1,4,48,0,1
4731,0.123300,0.133800,0.007300,0.028900,0.024100,0.059900,0.003000,0.019040,0.003168,,0.010400,0.001088,1,4,48,0,1
4732,0.114500,0.136700,0.007400,0.022500,0.023500,0.059000,0.001900,0.019008,0.002976,,0.010464,0.001152,1,4,48,0,1
4733,0.115500,0.127900,0.007300,0.022600,0.023400,0.058900,0.003100,0.019200,0.003264,,0.010432,0.001120,1,4,48,0,1
4734,0.115100,0.128600,0.007100,0.022800,0.023400,0.058900,0.002700,0.019264,0.003232,,0.010496,0.001152,1,4,48,0,1
4735,0.115000,0.128200,0.007200,0.022900,0.024000,0.057600,0.003200,0.019296,0.003200,,0.010400,0.001120,1,4,48,0,1
4736,0.113300,0.127900,0.007400,0.022700,0.023300,0.057700,0.002000,0.018880,0.002944,,0.013056,0.001120,1,4,48,0,1
4737,0.115900,0.126700,0.007600,0.022500,0.023300,0.059300,0.003100,0.018528,0.003136,,0.010688,0.001184,1,4,48,0,1
4738,0.114900,0.129100,0.007400,0.022900,0.023500,0.058500,0.002400,0.018784,0.002944,,0.010240,0.001152,1,4,48,0,1
4739,0.130100,0.128000,0.007100,0.022500,0.037200,0.060200,0.002800,0.019104,0.003296,,0.010368,0.001120,1,4,48,0,1
4740,0.110100,0.143200,0.007300,0.022800,0.021000,0.057000,0.001800,0.020544,0.002976,,0.013024,0.001184,1,4,48,0,1
4741,0.128000,0.123000,0.007500,0.022300,0.020600,0.072700,0.004800,0.021696,0.003104,,0.011360,0.001120,1,4,48,0,1
4742,0.134800,0.141100,0.007700,0.023000,0.033600,0.068100,0.002300,0.021024,0.003136,,0.013024,0.001152,1,4,48,0,1
4743,0.207900,0.148100,0.007400,0.023000,0.023900,0.151700,0.001900,0.019072,0.003168,,0.010400,0.001152,1,4,48,0,1
4744,0.131000,0.221700,0.007800,0.025100,0.025200,0.060900,0.011800,0.019072,0.003264,,0.010400,0.001056,1,4,48,0,1
4745,0.115500,0.144200,0.007600,0.022900,0.023700,0.058500,0.002600,0.021504,0.002880,,0.011072,0.001152,1,4,48,0,1
4746,0.115800,0.128600,0.007300,0.022600,0.023600,0.059000,0.003200,0.021824,0.003232,,0.011104,0.001184,1,4,48,0,1
4747,0.114400,0.128900,0.007400,0.022800,0.023600,0.057500,0.002900,0.019232,0.003200,,0.010464,0.001152,1,4,48,0,1
4748,0.115800,0.127700,0.007400,0.022800,0.023100,0.059300,0.003100,0.021536,0.003136,,0.011360,0.001120,1,4,48,0,1
4749,0.115200,0.129000,0.007300,0.022700,0.023100,0.059000,0.003100,0.021696,0.003072,,0.012448,0.001152,1,4,48,0,1
4750,0.116100,0.128500,0.007300,0.022700,0.023500,0.059300,0.003100,0.021632,0.003008,,0.012352,0.001120,1,4,48,0,1
4751,0.115700,0.129500,0.007100,0.022800,0.023300,0.059200,0.003200,0.019296,0.003008,,0.012960,0.001152,1,4,48,0,1
4752,0.121100,0.128900,0.007300,0.022500,0.024600,0.063400,0.003200,0.019136,0.003200,,0.010464,0.001088,1,4,48,0,1
4753,0.117600,0.134700,0.007500,0.023700,0.024200,0.058800,0.003200,0.019168,0.003104,,0.013088,0.001152,1,4,48,0,1
4754,0.188800,0.130700,0.007300,0.023000,0.023200,0.129700,0.005400,0.019232,0.003232,,0.010528,0.001120,1,4,48,0,1
4755,0.142700,0.204400,0.008600,0.031300,0.028700,0.070300,0.003600,0.019808,0.003264,,0.010400,0.001088,1,4,48,0,1
4756,0.119300,0.156700,0.007600,0.023700,0.024600,0.059900,0.003400,0.019488,0.003072,,0.010240,0.001088,1,4,48,0,1
4757,0.128200,0.132800,0.007300,0.023000,0.024200,0.059200,0.014500,0.018944,0.003072,,0.010368,0.001152,1,4,48,0,1
4758,0.115100,0.141800,0.007400,0.023000,0.023900,0.058400,0.002200,0.019744,0.003136,,0.010368,0.001152,1,4,48,0,1
4759,0.131600,0.128200,0.007300,0.023100,0.023800,0.075200,0.001900,0.018560,0.003168,,0.010784,0.001088,1,4,48,0,1
4760,0.122700,0.145300,0.007900,0.025600,0.025300,0.060300,0.003500,0.021792,0.003296,,0.012320,0.001088,1,4,48,0,1
4761,0.115600,0.136100,0.007300,0.023500,0.023800,0.059100,0.001900,0.021696,0.003392,,0.011296,0.001088,1,4,48,0,1
4762,0.115900,0.129000,0.007300,0.023300,0.024400,0.058800,0.001900,0.021408,0.003008,,0.011424,0.001152,1,4,48,0,1
4763,0.116300,0.129100,0.008500,0.023900,0.023500,0.056800,0.003300,0.019136,0.003232,,0.010464,0.001088,1,4,48,0,1
4764,0.115800,0.130200,0.007300,0.023000,0.023500,0.059700,0.002300,0.019840,0.003136,,0.010400,0.001152,1,4,48,0,1
4765,0.116300,0.128900,0.007900,0.022800,0.023900,0.059600,0.002000,0.018592,0.003072,,0.010720,0.001152,1,4,48,0,1
4766,0.114700,0.129400,0.007400,0.022800,0.024700,0.057900,0.001900,0.019744,0.003104,,0.010464,0.001120,1,4,48,0,1
4767,0.113500,0.127900,0.007400,0.022800,0.023300,0.057900,0.002100,0.021248,0.002912,,0.011104,0.001152,1,4,48,0,1
4768,0.114800,0.126700,0.007100,0.022700,0.023700,0.058000,0.003200,0.019200,0.003104,,0.013120,0.001152,1,4,48,0,1
4769,0.116200,0.128000,0.007400,0.022700,0.023600,0.059100,0.003200,0.021504,0.003008,,0.011072,0.001152,1,4,48,0,1
4770,0.115000,0.129500,0.007200,0.022700,0.023200,0.058600,0.003100,0.018880,0.002912,,0.010432,0.001152,1,4,48,0,1
4771,0.116400,0.128100,0.007700,0.022600,0.023600,0.059000,0.003300,0.019072,0.003136,,0.010400,0.001152,1,4,48,0,1
4772,0.116000,0.129400,0.007300,0.022500,0.023400,0.059400,0.003200,0.021504,0.003008,,0.012320,0.001088,1,4,48,0,1
4773,0.131200,0.129200,0.007200,0.029000,0.024100,0.060500,0.010200,0.018720,0.003360,,0.010688,0.001120,1,4,48,0,1
4774,0.117800,0.144800,0.007400,0.023100,0.024200,0.059700,0.003200,0.019328,0.003200,,0.013120,0.001088,1,4,48,0,1
4775,0.124100,0.130900,0.007400,0.022900,0.023600,0.059700,0.010400,0.021824,0.003136,,0.012448,0.001152,1,4,48,0,1
4776,0.123100,0.137600,0.007300,0.022800,0.023400,0.059600,0.009900,0.019328,0.003008,,0.012960,0.001152,1,4,48,0,1
4777,0.121900,0.136200,0.007400,0.022400,0.023700,0.059200,0.009100,0.018560,0.003072,,0.010944,0.001184,1,4,48,0,1
4778,0.117900,0.134900,0.008800,0.023000,0.023500,0.059500,0.003100,0.021536,0.003040,,0.011008,0.001088,1,4,48,0,1
4779,0.114800,0.130900,0.007500,0.022700,0.022900,0.058400,0.003200,0.021568,0.003232,,0.011392,0.001152,1,4,48,0,1
4780,0.153800,0.127700,0.007300,0.022700,0.023600,0.088000,0.012200,0.018880,0.003360,,0.010112,0.001088,1,4,48,0,1
4781,0.228200,0.181600,0.015600,0.050100,0.047900,0.111100,0.003400,0.019872,0.003104,,0.013888,0.001152,1,4,48,0,1
4782,0.217400,0.252600,0.012400,0.042900,0.042900,0.106400,0.012600,0.021088,0.003040,,0.012736,0.001184,1,4,48,0,1
4783,0.181800,0.237700,0.011000,0.035400,0.032300,0.089400,0.013600,0.019776,0.003136,,0.010336,0.001152,1,4,48,0,1
4784,0.166300,0.201200,0.010800,0.032900,0.033100,0.085800,0.003400,0.019584,0.003200,,0.010432,0.001056,1,4,48,0,1
4785,0.163400,0.185500,0.010400,0.032600,0.032800,0.083100,0.004400,0.019040,0.002944,,0.013120,0.001088,1,4,48,0,1
4786,0.162800,0.182800,0.010700,0.032100,0.033300,0.082600,0.004000,0.021728,0.003264,,0.011424,0.001056,1,4,48,0,1
4787,0.148400,0.179100,0.009000,0.027600,0.028800,0.071800,0.011100,0.019200,0.003360,,0.010336,0.001088,1,4,48,0,1
4788,0.139900,0.164400,0.008600,0.027300,0.028100,0.072000,0.003600,0.019072,0.003008,,0.010528,0.001152,1,4,48,0,1
4789,0.157200,0.155700,0.008900,0.027400,0.028800,0.089400,0.002500,0.018368,0.002944,,0.010592,0.001184,1,4,48,0,1
4790,0.144300,0.172800,0.008200,0.027100,0.029400,0.065200,0.014300,0.019808,0.002976,,0.013920,0.001152,1,4,48,0,1
4791,0.120200,0.158400,0.007900,0.023800,0.024800,0.060500,0.003100,0.019552,0.003136,,0.010272,0.001088,1,4,48,0,1
4792,0.137100,0.133800,0.007800,0.023600,0.024500,0.068600,0.012600,0.019104,0.003104,,0.012992,0.001120,1,4,48,0,1
4793,0.118800,0.150800,0.007800,0.023400,0.023600,0.060700,0.003300,0.021056,0.003008,,0.012096,0.001120,1,4,48,0,1
4794,0.116500,0.132600,0.007400,0.023300,0.023900,0.059700,0.002000,0.019200,0.003008,,0.012992,0.001120,1,4,48,0,1
4795,0.116000,0.129800,0.007400,0.022900,0.023700,0.059600,0.002200,0.019328,0.003264,,0.012960,0.001120,1,4,48,0,1
4796,0.115600,0.129100,0.007600,0.023100,0.024300,0.058600,0.001900,0.021600,0.003008,,0.011040,0.001152,1,4,48,0,1
4797,0.117600,0.128900,0.007600,0.023500,0.023800,0.059300,0.003300,0.019040,0.002976,,0.013120,0.001152,1,4,48,0,1
4798,0.150800,0.131100,0.007200,0.023100,0.023800,0.058900,0.037800,0.019520,0.003008,,0.012128,0.001184,1,4,48,0,1
4799,0.126400,0.164400,0.008100,0.024200,0.024600,0.060900,0.008600,0.021664,0.003072,,0.012480,0.001152,1,4,48,0,1
4800,0.122400,0.140000,0.007400,0.022800,0.023200,0.067200,0.001800,0.019136,0.003136,,0.010464,0.001152,1,4,48,0,1
4801,0.123800,0.135700,0.007500,0.022800,0.024200,0.058800,0.010400,0.021632,0.003072,,0.012480,0.001152,1,4,48,0,1
4802,0.127200,0.137200,0.007300,0.029500,0.024200,0.062700,0.003200,0.018496,0.003008,,0.010784,0.001152,1,4,48,0,1
4803,0.119300,0.140600,0.007400,0.022800,0.023800,0.062400,0.002900,0.018848,0.003200,,0.010464,0.001184,1,4,48,0,1
4804,0.122100,0.132700,0.007300,0.022700,0.024100,0.059200,0.008600,0.021536,0.003040,,0.011040,0.001152,1,4,48,0,1
4805,0.120900,0.135400,0.007400,0.022800,0.024100,0.063200,0.003200,0.018592,0.002944,,0.010176,0.001184,1,4,48,0,1
4806,0.115700,0.133900,0.007100,0.022700,0.024200,0.058200,0.003200,0.019328,0.003168,,0.013088,0.001152,1,4,48,0,1
4807,0.128100,0.129000,0.007500,0.023000,0.023600,0.061900,0.012100,0.019168,0.003232,,0.010464,0.001056,1,4,48,0,1
4808,0.114500,0.141300,0.007100,0.022800,0.023400,0.058400,0.002400,0.018816,0.003360,,0.010336,0.001120,1,4,48,0,1
4809,0.286100,0.127800,0.007400,0.022600,0.023200,0.228400,0.004400,0.019008,0.003232,,0.010464,0.001056,1,4,48,0,1
4810,0.272400,0.305200,0.011100,0.053700,0.035900,0.169000,0.002700,0.020608,0.003008,,0.011680,0.001184,1,4,48,0,1
4811,0.235200,0.290400,0.009800,0.031900,0.032500,0.157200,0.003700,0.019552,0.003104,,0.010208,0.001184,1,4,48,0,1
4812,0.185500,0.250900,0.010700,0.032100,0.029900,0.107400,0.005300,0.020128,0.003392,,0.010368,0.001120,1,4,48,0,1
4813,0.239100,0.203900,0.010300,0.036700,0.033600,0.153600,0.004600,0.019264,0.003136,,0.012992,0.001152,1,4,48,0,1
4814,0.163000,0.254200,0.008700,0.031800,0.029300,0.086900,0.006100,0.019520,0.003040,,0.010240,0.001120,1,4,48,0,1
4815,0.203100,0.178800,0.008900,0.031900,0.033500,0.122500,0.006300,0.019776,0.003008,,0.013888,0.001152,1,4,48,0,1
4816,0.205100,0.221200,0.010200,0.037400,0.033700,0.119400,0.004200,0.019936,0.003040,,0.013952,0.001184,1,4,48,0,1
4817,0.268900,0.219400,0.008200,0.139800,0.026700,0.092200,0.001900,0.019360,0.003072,,0.010336,0.001088,1,4,48,0,1
4818,0.127800,0.283100,0.008000,0.025800,0.022900,0.069000,0.002000,0.020192,0.003296,,0.013920,0.001088,1,4,48,0,1
4819,0.170400,0.141300,0.007500,0.023700,0.032600,0.103200,0.003300,0.020128,0.002976,,0.013024,0.001152,1,4,48,0,1
4820,0.189800,0.184400,0.007700,0.059100,0.026300,0.091900,0.004700,0.019040,0.003136,,0.010432,0.001088,1,4,48,0,1
4821,0.151300,0.203800,0.007800,0.024900,0.025100,0.089600,0.003900,0.018528,0.003104,,0.010656,0.001152,1,4,48,0,1
4822,0.153000,0.165100,0.007800,0.024400,0.025000,0.092200,0.003500,0.021056,0.002976,,0.011968,0.001088,1,4,48,0,1
4823,0.151000,0.166700,0.007700,0.025000,0.025100,0.089000,0.003900,0.018656,0.003072,,0.010272,0.001152,1,4,48,0,1
4824,0.173400,0.164800,0.007700,0.024500,0.025100,0.113000,0.002900,0.019072,0.003296,,0.010400,0.001120,1,4,48,0,1
4825,0.137400,0.188300,0.008600,0.027900,0.028800,0.068100,0.003800,0.019104,0.003328,,0.010304,0.001088,1,4,48,0,1
4826,0.127300,0.151300,0.007700,0.023700,0.025000,0.061700,0.009100,0.021312,0.002944,,0.011104,0.001152,1,4,48,0,1
4827,0.129300,0.140700,0.007600,0.023200,0.024400,0.062300,0.011600,0.019136,0.003264,,0.010400,0.001088,1,4,48,0,1
4828,0.116800,0.142400,0.007700,0.022800,0.023400,0.059400,0.003200,0.021536,0.003072,,0.011040,0.001152,1,4,48,0,1
4829,0.122500,0.130300,0.007700,0.022900,0.023900,0.060100,0.007900,0.018432,0.003008,,0.010656,0.001152,1,4,48,0,1
4830,0.125400,0.135600,0.007500,0.022500,0.023700,0.059900,0.011700,0.019424,0.002944,,0.013024,0.001184,1,4,48,0,1
4831,0.116400,0.138600,0.007400,0.022700,0.023700,0.058900,0.003600,0.019744,0.002976,,0.013888,0.001152,1,4,48,0,1
4832,0.116300,0.129800,0.007300,0.022600,0.023700,0.059800,0.002600,0.019424,0.003232,,0.010336,0.001056,1,4,48,0,1
4833,0.152100,0.129700,0.007300,0.022900,0.024000,0.096100,0.001700,0.021472,0.002944,,0.011168,0.001152,1,4,48,0,1
4834,0.112400,0.165300,0.007300,0.022900,0.023100,0.057000,0.001900,0.019136,0.003168,,0.010528,0.001088,1,4,48,0,1
4835,0.118900,0.129300,0.007400,0.023000,0.025500,0.060000,0.002900,0.019808,0.003072,,0.010400,0.001152,1,4,48,0,1
4836,0.115600,0.132500,0.007700,0.022900,0.024100,0.058900,0.002000,0.019104,0.003136,,0.010464,0.001152,1,4,48,0,1
4837,0.121300,0.128800,0.007400,0.022800,0.030400,0.058100,0.002400,0.019552,0.003040,,0.010400,0.001120,1,4,48,0,1
4838,0.144700,0.134900,0.008400,0.033000,0.026300,0.063400,0.013600,0.019040,0.003200,,0.010368,0.001088,1,4,48,0,1
4839,0.124600,0.160200,0.007800,0.025200,0.026300,0.061900,0.003300,0.019008,0.003072,,0.010432,0.001120,1,4,48,0,1
4840,0.116900,0.138100,0.007600,0.023200,0.023800,0.059100,0.003100,0.019232,0.003264,,0.013024,0.001088,1,4,48,0,1
4841,0.124500,0.130300,0.007400,0.023000,0.024100,0.059200,0.010500,0.018848,0.002880,,0.010432,0.001152,1,4,48,0,1
4842,0.129300,0.137600,0.007800,0.023600,0.025900,0.060300,0.011500,0.019008,0.003168,,0.010368,0.001120,1,4,48,0,1
4843,0.115100,0.142900,0.007500,0.022900,0.023300,0.058200,0.003200,0.019072,0.003136,,0.010464,0.001088,1,4,48,0,1
4844,0.123900,0.128400,0.007900,0.022600,0.023800,0.059600,0.009900,0.018912,0.003136,,0.010272,0.001120,1,4,48,0,1
4845,0.115000,0.137000,0.007500,0.022600,0.023400,0.058200,0.003200,0.019008,0.003104,,0.010368,0.001152,1,4,48,0,1
4846,0.115600,0.128100,0.007200,0.023000,0.023100,0.059000,0.003000,0.019040,0.003104,,0.010368,0.001152,1,4,48,0,1
4847,0.115900,0.128900,0.007700,0.022900,0.023400,0.058700,0.003100,0.018976,0.003040,,0.010464,0.001120,1,4,48,0,1
4848,0.122100,0.129300,0.007200,0.022800,0.022900,0.057500,0.011400,0.019456,0.002880,,0.012512,0.001120,1,4,48,0,1
4849,0.115400,0.135500,0.007200,0.022700,0.023800,0.058500,0.003100,0.018944,0.003200,,0.010272,0.001088,1,4,48,0,1
4850,0.114900,0.128700,0.007400,0.022800,0.023000,0.058300,0.003200,0.021504,0.003008,,0.011040,0.001120,1,4,48,0,1
4851,0.113700,0.128100,0.007200,0.022500,0.022600,0.058100,0.003200,0.018432,0.002944,,0.010528,0.001184,1,4,48,0,1
4852,0.121100,0.126800,0.007300,0.027900,0.023800,0.058800,0.003100,0.019104,0.003104,,0.010432,0.001184,1,4,48,0,1
4853,0.122000,0.134600,0.007300,0.022700,0.023200,0.066800,0.001800,0.018816,0.003008,,0.010272,0.001152,1,4,48,0,1
4854,0.114800,0.135100,0.007500,0.022800,0.023400,0.058700,0.002300,0.019136,0.003200,,0.010464,0.001056,1,4,48,0,1
4855,0.114500,0.128200,0.007600,0.022800,0.023200,0.057600,0.003200,0.022080,0.003104,,0.011360,0.001184,1,4,48,0,1
4856,0.114300,0.127300,0.007500,0.022600,0.023600,0.057300,0.003100,0.021376,0.002848,,0.011072,0.001152,1,4,48,0,1
4857,0.114500,0.127500,0.007400,0.022600,0.023200,0.057900,0.003300,0.018624,0.003104,,0.010944,0.001120,1,4,48,0,1
4858,0.114800,0.127600,0.007400,0.022800,0.023000,0.058400,0.003000,0.019200,0.003168,,0.010528,0.001088,1,4,48,0,1
4859,0.136200,0.127900,0.007500,0.022400,0.023200,0.081300,0.001700,0.021664,0.003168,,0.011136,0.001152,1,4,48,0,1
4860,0.108100,0.149500,0.007300,0.022500,0.020800,0.055500,0.001900,0.018944,0.003200,,0.010304,0.001056,1,4,48,0,1
4861,0.162300,0.120800,0.007200,0.022000,0.027600,0.062900,0.042200,0.021280,0.003008,,0.012128,0.001152,1,4,48,0,1
4862,0.130300,0.176000,0.008300,0.025400,0.023700,0.067600,0.005200,0.020096,0.003168,,0.013920,0.001088,1,4,48,0,1
4863,0.118600,0.143800,0.007400,0.022700,0.025000,0.060200,0.003100,0.021024,0.003136,,0.013152,0.001152,1,4,48,0,1
4864,0.116500,0.131400,0.007300,0.023000,0.024100,0.058800,0.003200,0.021472,0.002944,,0.011008,0.001152,1,4,48,0,1
4865,0.116500,0.129600,0.007300,0.022700,0.023500,0.059700,0.003100,0.022080,0.003168,,0.011392,0.001088,1,4,48,0,1
4866,0.114800,0.129500,0.007200,0.022900,0.023100,0.058200,0.003200,0.018912,0.003040,,0.010336,0.001184,1,4,48,0,1
4867,0.114300,0.127700,0.007400,0.022200,0.023900,0.058200,0.002400,0.021600,0.003008,,0.011168,0.001152,1,4,48,0,1
4868,0.124300,0.127100,0.007500,0.022500,0.023400,0.058200,0.012500,0.019392,0.003072,,0.012992,0.001152,1,4,48,0,1
4869,0.128000,0.137400,0.009800,0.028100,0.025400,0.061400,0.003200,0.021216,0.003008,,0.012032,0.001152,1,4,48,0,1
4870,0.124600,0.141500,0.007300,0.022900,0.023800,0.059200,0.011100,0.018656,0.003104,,0.010400,0.001152,1,4,48,0,1
4871,0.114100,0.137700,0.007400,0.022400,0.023500,0.057500,0.003100,0.019200,0.003040,,0.012928,0.001152,1,4,48,0,1
4872,0.114800,0.127400,0.007300,0.022800,0.023100,0.058300,0.003100,0.019168,0.003104,,0.010496,0.001184,1,4,48,0,1
4873,0.114300,0.128000,0.007500,0.022600,0.022700,0.058300,0.003100,0.018592,0.003104,,0.010880,0.001120,1,4,48,0,1
4874,0.116200,0.127500,0.007400,0.022800,0.023600,0.059100,0.003300,0.021856,0.003392,,0.011360,0.001152,1,4,48,0,1
4875,0.138700,0.129400,0.013500,0.023600,0.024000,0.063700,0.013900,0.019616,0.003200,,0.010400,0.001120,1,4,48,0,1
4876,0.183600,0.152900,0.007500,0.024300,0.024400,0.125500,0.001900,0.019072,0.003232,,0.010336,0.001120,1,4,48,0,1
4877,0.129000,0.197200,0.008100,0.024700,0.025700,0.060500,0.009700,0.019296,0.003200,,0.010592,0.001152,1,4,48,0,1
4878,0.115000,0.142200,0.007400,0.022700,0.023100,0.058400,0.003200,0.021312,0.002976,,0.012224,0.001152,1,4,48,0,1
4879,0.124200,0.127900,0.007200,0.022600,0.023100,0.058700,0.012600,0.019072,0.003072,,0.010496,0.001152,1,4,48,0,1
4880,0.113900,0.137500,0.007500,0.022800,0.023900,0.057700,0.002000,0.021664,0.003104,,0.011008,0.001120,1,4,48,0,1
4881,0.112800,0.126900,0.007200,0.022600,0.023000,0.056600,0.003100,0.019840,0.003008,,0.013920,0.001184,1,4,48,0,1
4882,0.121600,0.125800,0.007200,0.022600,0.023300,0.058600,0.009700,0.019648,0.003232,,0.010208,0.001120,1,4,48,0,1
4883,0.126700,0.134600,0.007400,0.022400,0.023800,0.070700,0.002200,0.019168,0.003360,,0.010336,0.001088,1,4,48,0,1
4884,0.170400,0.182600,0.010300,0.040700,0.031600,0.081800,0.005800,0.019904,0.003136,,0.013952,0.001088,1,4,48,0,1
4885,0.123800,0.185000,0.007700,0.024600,0.026400,0.061500,0.003300,0.018976,0.003168,,0.010304,0.001152,1,4,48,0,1
4886,0.117700,0.137100,0.007800,0.023200,0.023900,0.059600,0.003100,0.019072,0.003296,,0.010240,0.001152,1,4,48,0,1
4887,0.115700,0.131300,0.007700,0.022700,0.024000,0.058200,0.003100,0.019200,0.003072,,0.013120,0.001120,1,4,48,0,1
4888,0.115200,0.128900,0.007200,0.022900,0.023300,0.058600,0.003100,0.018336,0.002976,,0.010784,0.001120,1,4,48,0,1
4889,0.115100,0.128600,0.007200,0.022600,0.023800,0.058200,0.003100,0.019584,0.003136,,0.012896,0.001152,1,4,48,0,1
4890,0.304500,0.128000,0.007100,0.022600,0.024000,0.244800,0.005800,0.019168,0.003072,,0.013088,0.001152,1,4,48,0,1
4891,0.131500,0.318600,0.007900,0.026800,0.026100,0.066300,0.004100,0.020736,0.003072,,0.012928,0.001152,1,4,48,0,1
4892,0.116800,0.145000,0.007400,0.022700,0.024000,0.059200,0.003200,0.018784,0.003168,,0.010240,0.001088,1,4,48,0,1
4893,0.114400,0.130300,0.007200,0.022700,0.023200,0.058100,0.003100,0.019104,0.002944,,0.010624,0.001152,1,4,48,0,1
4894,0.115100,0.127500,0.007200,0.022600,0.023000,0.059700,0.002600,0.019136,0.003200,,0.010464,0.001120,1,4,48,0,1
4895,0.114600,0.128400,0.007400,0.022600,0.023600,0.057700,0.003300,0.019168,0.003264,,0.010336,0.001184,1,4,48,0,1
4896,0.116000,0.127700,0.007400,0.024000,0.022800,0.058700,0.003100,0.019104,0.002912,,0.013120,0.001120,1,4,48,0,1
4897,0.122700,0.129100,0.007200,0.022500,0.023500,0.058800,0.010500,0.019072,0.003008,,0.012928,0.001088,1,4,48,0,1
4898,0.116300,0.136200,0.007300,0.022600,0.023800,0.059300,0.003200,0.021536,0.003040,,0.011008,0.001152,1,4,48,0,1
4899,0.121800,0.129300,0.007500,0.022500,0.023100,0.066600,0.001900,0.018464,0.003008,,0.010592,0.001152,1,4,48,0,1
4900,0.120800,0.134900,0.007200,0.022700,0.022600,0.066500,0.001700,0.018880,0.003040,,0.010304,0.001152,1,4,48,0,1
4901,0.116500,0.134000,0.007400,0.022700,0.023800,0.059300,0.003200,0.021696,0.003360,,0.011360,0.001088,1,4,48,0,1
4902,0.116300,0.129700,0.007400,0.022600,0.024200,0.059800,0.002200,0.018752,0.003264,,0.010272,0.001088,1,4,48,0,1
4903,0.109100,0.129300,0.007300,0.022800,0.020800,0.056300,0.001800,0.019328,0.003168,,0.010368,0.001184,1,4,48,0,1
4904,0.189900,0.122100,0.014300,0.023500,0.025100,0.079200,0.047700,0.021344,0.002976,,0.011040,0.001152,1,4,48,0,1
4905,0.122300,0.203600,0.008000,0.024500,0.022900,0.063200,0.003300,0.018976,0.003104,,0.010304,0.001120,1,4,48,0,1
4906,0.119100,0.135500,0.007400,0.023000,0.025700,0.060300,0.002700,0.019488,0.002912,,0.011968,0.001152,1,4,48,0,1
4907,0.113500,0.132500,0.007400,0.023000,0.022800,0.058400,0.001800,0.019136,0.003072,,0.013056,0.001152,1,4,48,0,1
4908,0.112700,0.126700,0.007500,0.022600,0.023000,0.056900,0.002500,0.021568,0.002976,,0.011040,0.001152,1,4,48,0,1
4909,0.115400,0.125900,0.007500,0.022600,0.023600,0.059400,0.002200,0.021568,0.003168,,0.011360,0.001152,1,4,48,0,1
4910,0.113600,0.128500,0.007300,0.022300,0.023700,0.057800,0.002100,0.019840,0.003072,,0.013856,0.001152,1,4,48,0,1
4911,0.113200,0.127100,0.007200,0.022800,0.023100,0.057800,0.001900,0.019552,0.003136,,0.010496,0.001120,1,4,48,0,1
4912,0.114300,0.126300,0.007600,0.022700,0.023500,0.057400,0.003100,0.020160,0.003296,,0.013888,0.001120,1,4,48,0,1
4913,0.115000,0.127300,0.007500,0.022600,0.023400,0.058400,0.003000,0.021664,0.003168,,0.011008,0.001088,1,4,48,0,1
4914,0.115000,0.128200,0.007400,0.022600,0.022900,0.058800,0.003000,0.021024,0.003008,,0.012032,0.001088,1,4,48,0,1
4915,0.122100,0.127900,0.007400,0.022600,0.022900,0.058900,0.010200,0.019296,0.003232,,0.013056,0.001120,1,4,48,0,1
4916,0.122200,0.135200,0.007500,0.022600,0.023300,0.059100,0.009400,0.018560,0.002976,,0.010976,0.001184,1,4,48,0,1
4917,0.114900,0.135400,0.007100,0.022600,0.022900,0.059000,0.003000,0.021952,0.003072,,0.011424,0.001120,1,4,48,0,1
4918,0.128700,0.128000,0.008800,0.023200,0.031200,0.062300,0.003100,0.019296,0.003232,,0.010560,0.001152,1,4,48,0,1
4919,0.116000,0.142400,0.007400,0.023000,0.023500,0.058900,0.003100,0.018912,0.003264,,0.010336,0.001088,1,4,48,0,1
4920,0.114800,0.129300,0.007700,0.022400,0.023000,0.058200,0.003200,0.019136,0.003168,,0.010464,0.001152,1,4,48,0,1
4921,0.137100,0.128100,0.007400,0.022600,0.023200,0.079900,0.003900,0.018624,0.003008,,0.010464,0.001152,1,4,48,0,1
4922,0.127300,0.150700,0.007600,0.024400,0.026100,0.066400,0.002600,0.018944,0.002944,,0.010464,0.001184,1,4,48,0,1
4923,0.114800,0.140400,0.007500,0.022500,0.023400,0.058200,0.003200,0.021280,0.002944,,0.011072,0.001152,1,4,48,0,1
4924,0.121700,0.127800,0.008300,0.022500,0.023200,0.059000,0.008300,0.018560,0.003040,,0.010880,0.001152,1,4,48,0,1
4925,0.120500,0.135300,0.007400,0.022300,0.023600,0.058300,0.008700,0.021664,0.003200,,0.011008,0.001152,1,4,48,0,1
4926,0.122100,0.133800,0.007600,0.022600,0.023500,0.063700,0.004700,0.018592,0.003040,,0.010880,0.001184,1,4,48,0,1
4927,0.122900,0.135500,0.007500,0.022600,0.023200,0.058900,0.010700,0.019008,0.003168,,0.010368,0.001152,1,4,48,0,1
4928,0.115000,0.136000,0.007100,0.022700,0.023400,0.059100,0.002600,0.018976,0.003168,,0.010304,0.001120,1,4,48,0,1
4929,0.121500,0.128500,0.007500,0.022400,0.023300,0.057600,0.010400,0.019264,0.003264,,0.010464,0.001120,1,4,48,0,1
4930,0.122600,0.134700,0.007300,0.022500,0.023300,0.059200,0.010200,0.019040,0.003104,,0.010432,0.001152,1,4,48,0,1
4931,0.114400,0.135700,0.007700,0.022900,0.023600,0.057100,0.003100,0.018656,0.003008,,0.010464,0.001152,1,4,48,0,1
4932,0.114700,0.127500,0.007200,0.022500,0.023100,0.058500,0.003200,0.019232,0.003264,,0.010464,0.001120,1,4,48,0,1
4933,0.122500,0.128000,0.007200,0.022700,0.023000,0.058800,0.010700,0.019136,0.003168,,0.010432,0.001152,1,4,48,0,1
4934,0.142400,0.135600,0.007100,0.022800,0.027500,0.083200,0.001800,0.018624,0.003104,,0.010336,0.001120,1,4,48,0,1
4935,0.118900,0.156100,0.007800,0.024300,0.024300,0.060500,0.001900,0.019264,0.003296,,0.010528,0.001120,1,4,48,0,1
4936,0.114800,0.131800,0.007200,0.022800,0.023300,0.058100,0.003000,0.019136,0.003168,,0.010496,0.001120,1,4,48,0,1
4937,0.114500,0.127800,0.007500,0.022600,0.023300,0.058000,0.003100,0.021664,0.003136,,0.011008,0.001120,1,4,48,0,1
4938,0.113800,0.127700,0.007200,0.022900,0.022600,0.057900,0.003200,0.018688,0.003168,,0.010720,0.001152,1,4,48,0,1
4939,0.114200,0.126800,0.007500,0.022300,0.022700,0.058400,0.003000,0.021568,0.002976,,0.011104,0.001152,1,4,48,0,1
4940,0.114800,0.127500,0.007300,0.022400,0.023300,0.058600,0.003100,0.019072,0.002976,,0.013056,0.001152,1,4,48,0,1
4941,0.114600,0.128100,0.007200,0.022400,0.023100,0.058700,0.003200,0.019072,0.003200,,0.010496,0.001056,1,4,48,0,1
4942,0.141000,0.127800,0.007800,0.030800,0.025000,0.063100,0.014300,0.018848,0.003040,,0.010272,0.001120,1,4,48,0,1
4943,0.115100,0.155000,0.007600,0.022900,0.023700,0.057700,0.003100,0.018976,0.002976,,0.012992,0.001152,1,4,48,0,1
4944,0.124500,0.128600,0.007600,0.022800,0.023000,0.058700,0.012300,0.018432,0.002976,,0.010848,0.001120,1,4,48,0,1
4945,0.119200,0.137800,0.007100,0.022200,0.023100,0.062000,0.004300,0.021504,0.003008,,0.011072,0.001152,1,4,48,0,1
4946,0.128000,0.133700,0.007500,0.024300,0.025400,0.060500,0.010100,0.019040,0.003200,,0.010368,0.001120,1,4,48,0,1
4947,0.142800,0.141300,0.007300,0.022500,0.023200,0.085900,0.003800,0.020640,0.003200,,0.011360,0.001120,1,4,48,0,1
4948,0.113500,0.156500,0.007700,0.024300,0.022500,0.056800,0.002100,0.019616,0.003072,,0.010272,0.001088,1,4,48,0,1
4949,0.117500,0.126700,0.007400,0.022200,0.021000,0.061700,0.005000,0.019360,0.003104,,0.010432,0.001152,1,4,48,0,1
4950,0.116700,0.130500,0.007400,0.022600,0.023100,0.060400,0.003100,0.020960,0.003072,,0.012960,0.001152,1,4,48,0,1
4951,0.113700,0.129800,0.007400,0.022600,0.023000,0.058600,0.001900,0.019040,0.003072,,0.010464,0.001120,1,4,48,0,1
4952,0.116300,0.126600,0.007600,0.022700,0.023600,0.058700,0.003200,0.019616,0.003168,,0.010400,0.001088,1,4,48,0,1
4953,0.114600,0.129300,0.007400,0.022600,0.023500,0.057400,0.003600,0.021632,0.003008,,0.011072,0.001152,1,4,48,0,1
4954,0.121300,0.127600,0.007300,0.022600,0.023500,0.058400,0.009400,0.021280,0.002944,,0.011072,0.001152,1,4,48,0,1
4955,0.120100,0.134500,0.007200,0.022400,0.023100,0.058700,0.008500,0.019520,0.003200,,0.012960,0.001120,1,4,48,0,1
4956,0.121200,0.133500,0.007400,0.022600,0.023500,0.057300,0.010300,0.018944,0.003296,,0.010272,0.001120,1,4,48,0,1
4957,0.123400,0.134400,0.007100,0.022500,0.023400,0.058400,0.011800,0.019168,0.003040,,0.012992,0.001120,1,4,48,0,1
4958,0.123100,0.136400,0.007300,0.022600,0.023500,0.059100,0.010400,0.019136,0.003072,,0.012992,0.001120,1,4,48,0,1
