frame_id,frame_ms,frame_interval_ms,prepare_cpu_ms,record_cpu_ms,submit_cpu_ms,present_cpu_ms,sync_cpu_ms,gpu_ms,mesh_gpu_ms,lighting_gpu_ms,sky_gpu_ms,ui_gpu_ms,mesh_draw_calls,primitive_instances,triangles,point_lights,queue_submissions
1277,0.146200,0.413100,0.006500,0.037500,0.027400,0.071000,0.003800,0.037408,0.011296,0.009600,0.010272,0.001216,1,4,48,4,1
1278,0.135200,0.160400,0.005100,0.029700,0.033300,0.063500,0.003300,0.037568,0.011168,0.009792,0.010208,0.001216,1,4,48,4,1
1279,0.127100,0.149300,0.005000,0.029000,0.024400,0.065300,0.003300,0.036704,0.011200,0.009632,0.010304,0.001216,1,4,48,4,1
1280,0.133800,0.140900,0.005200,0.029300,0.023900,0.070000,0.005300,0.037472,0.011136,0.009760,0.010176,0.001216,1,4,48,4,1
1281,0.159200,0.154300,0.007300,0.046800,0.030200,0.071300,0.003300,0.036864,0.011296,0.009696,0.010240,0.001216,1,4,48,4,1
1282,0.133000,0.174300,0.006100,0.032100,0.025500,0.065700,0.003200,0.036800,0.012224,0.009728,0.010400,0.001248,1,4,48,4,1
1283,0.126500,0.147200,0.005300,0.030100,0.025100,0.062600,0.003300,0.036640,0.011136,0.009664,0.010368,0.001216,1,4,48,4,1
1284,0.122900,0.140400,0.005200,0.028900,0.024400,0.061200,0.003200,0.036704,0.011104,0.009728,0.010240,0.001216,1,4,48,4,1
1285,0.131900,0.136800,0.005600,0.029100,0.024000,0.067700,0.005400,0.036768,0.011200,0.009600,0.010336,0.001216,1,4,48,4,1
1286,0.149400,0.149800,0.005800,0.039300,0.030100,0.070700,0.003400,0.036576,0.013728,0.009472,0.010400,0.001184,1,4,48,4,1
1287,0.125100,0.163600,0.005700,0.030100,0.024600,0.061400,0.003200,0.036416,0.011200,0.009376,0.010272,0.001216,1,4,48,4,1
1288,0.128700,0.138700,0.005100,0.028800,0.023600,0.067700,0.003200,0.036896,0.012256,0.009856,0.010336,0.001216,1,4,48,4,1
1289,0.311800,0.142500,0.005100,0.029300,0.023600,0.248400,0.005200,0.036832,0.011360,0.009568,0.010304,0.001216,1,4,48,4,1
1290,0.126200,0.326100,0.005300,0.030500,0.025400,0.061400,0.003200,0.036896,0.011200,0.009856,0.010240,0.001248,1,4,48,4,1
1291,0.120900,0.139700,0.004900,0.028700,0.024000,0.059900,0.003300,0.036768,0.011168,0.009664,0.010240,0.001312,1,4,48,4,1
1292,0.124200,0.134600,0.005200,0.032300,0.023800,0.059500,0.003200,0.038656,0.013728,0.009600,0.010208,0.001216,1,4,48,4,1
1293,0.121500,0.137700,0.005200,0.028800,0.023700,0.060400,0.003100,0.036672,0.012224,0.009600,0.010368,0.001312,1,4,48,4,1
1294,0.120600,0.135300,0.004900,0.028600,0.023900,0.059900,0.003200,0.036768,0.011168,0.009760,0.010176,0.001248,1,4,48,4,1
1295,0.120800,0.134200,0.005200,0.028600,0.023500,0.060100,0.003200,0.036704,0.011264,0.009632,0.010272,0.001248,1,4,48,4,1
1296,0.121200,0.134400,0.005100,0.028600,0.023800,0.060300,0.003200,0.036832,0.011168,0.009856,0.010144,0.001248,1,4,48,4,1
1297,0.120200,0.134800,0.005200,0.028500,0.023700,0.059500,0.003200,0.036640,0.011168,0.009600,0.010208,0.001216,1,4,48,4,1
1298,0.119100,0.134000,0.005000,0.028800,0.023900,0.058900,0.002500,0.036608,0.013696,0.009696,0.010368,0.001248,1,4,48,4,1
1299,0.122100,0.132900,0.005000,0.028600,0.024300,0.060800,0.003400,0.036800,0.013696,0.009600,0.010464,0.001216,1,4,48,4,1
1300,0.126700,0.135900,0.005300,0.028400,0.023900,0.065700,0.003200,0.036928,0.011168,0.009888,0.010240,0.001216,1,4,48,4,1
1301,0.120700,0.140300,0.005100,0.028600,0.024100,0.060300,0.002400,0.036736,0.011200,0.009632,0.010240,0.001248,1,4,48,4,1
1302,0.129100,0.134600,0.005100,0.028700,0.024300,0.067600,0.003300,0.036960,0.011232,0.009888,0.010208,0.001152,1,4,48,4,1
1303,0.122000,0.142900,0.005200,0.029000,0.024000,0.061000,0.002600,0.036640,0.012256,0.009504,0.010432,0.001248,1,4,48,4,1
1304,0.121700,0.135600,0.005400,0.028700,0.023700,0.060700,0.003200,0.036768,0.011232,0.009728,0.010208,0.001216,1,4,48,4,1
1305,0.119300,0.135500,0.005400,0.028500,0.023700,0.059100,0.002600,0.038496,0.011232,0.009440,0.010368,0.001184,1,4,48,4,1
1306,0.120300,0.132800,0.005300,0.028700,0.023600,0.059900,0.002500,0.036896,0.011168,0.009760,0.010336,0.001248,1,4,48,4,1
1307,0.119800,0.138000,0.005300,0.028700,0.023600,0.059700,0.002500,0.036640,0.011168,0.009696,0.010176,0.001184,1,4,48,4,1
1308,0.120200,0.133200,0.005000,0.028600,0.023300,0.059900,0.003300,0.038816,0.011232,0.009696,0.010368,0.001216,1,4,48,4,1
1309,0.120500,0.133600,0.004900,0.028500,0.023600,0.059700,0.003600,0.036576,0.011200,0.009600,0.010208,0.001184,1,4,48,4,1
1310,0.118800,0.134200,0.004800,0.028400,0.023800,0.058300,0.003400,0.036800,0.011232,0.009696,0.010272,0.001216,1,4,48,4,1
1311,0.133800,0.132700,0.005200,0.035900,0.027600,0.062300,0.002500,0.036800,0.011968,0.009728,0.010368,0.001216,1,4,48,4,1
1312,0.130600,0.148100,0.005200,0.033500,0.027200,0.061200,0.003400,0.037376,0.011232,0.009536,0.010304,0.001248,1,4,48,4,1
1313,0.127200,0.147700,0.005500,0.030100,0.025700,0.062000,0.003600,0.036736,0.013792,0.009504,0.010432,0.001216,1,4,48,4,1
1314,0.142200,0.143300,0.005100,0.030100,0.027500,0.076000,0.003200,0.038816,0.011264,0.009760,0.010336,0.001248,1,4,48,4,1
1315,0.129000,0.161000,0.007000,0.035700,0.024400,0.059700,0.001900,0.037280,0.011232,0.009632,0.010272,0.001216,1,4,48,4,1
1316,0.182100,0.143200,0.005200,0.028600,0.023600,0.058300,0.066200,0.038432,0.011168,0.009728,0.010240,0.001248,1,4,48,4,1
1317,0.135900,0.196400,0.005500,0.030500,0.023300,0.072700,0.003600,0.036640,0.012224,0.009536,0.010464,0.001184,1,4,48,4,1
1318,0.127200,0.149500,0.005600,0.028800,0.027200,0.062200,0.003200,0.038080,0.011104,0.009600,0.010272,0.001216,1,4,48,4,1
1319,0.120900,0.141000,0.005100,0.028400,0.023800,0.060400,0.003100,0.038752,0.011296,0.009504,0.010336,0.001248,1,4,48,4,1
1320,0.125300,0.134300,0.005200,0.028900,0.023600,0.064300,0.003200,0.038880,0.011232,0.009664,0.010400,0.001248,1,4,48,4,1
1321,0.121100,0.138900,0.005000,0.028800,0.023900,0.060100,0.003300,0.036544,0.011264,0.009600,0.010208,0.001216,1,4,48,4,1
1322,0.157000,0.134700,0.005000,0.028500,0.023800,0.097600,0.001900,0.036768,0.011232,0.009632,0.010272,0.001280,1,4,48,4,1
1323,0.124400,0.171100,0.005400,0.030700,0.025700,0.060300,0.002100,0.038848,0.011296,0.009664,0.010368,0.001216,1,4,48,4,1
1324,0.120000,0.138300,0.005300,0.028700,0.023800,0.058900,0.003200,0.036704,0.011200,0.009600,0.010272,0.001216,1,4,48,4,1
1325,0.121400,0.133700,0.005000,0.028700,0.023600,0.060700,0.003300,0.036544,0.011136,0.009600,0.010304,0.001280,1,4,48,4,1
1326,0.119300,0.135100,0.005400,0.028700,0.023900,0.058800,0.002500,0.036544,0.011200,0.009440,0.010304,0.001216,1,4,48,4,1
1327,0.121200,0.133000,0.005100,0.028800,0.023700,0.060100,0.003400,0.038368,0.011264,0.009536,0.010336,0.001216,1,4,48,4,1
1328,0.171700,0.135000,0.005400,0.028700,0.023600,0.111800,0.002000,0.036736,0.011232,0.009632,0.010272,0.001248,1,4,48,4,1
1329,0.133400,0.186200,0.005600,0.034700,0.026200,0.063500,0.003300,0.036768,0.011232,0.009760,0.010208,0.001184,1,4,48,4,1
1330,0.121900,0.147400,0.005500,0.028800,0.024200,0.060100,0.003200,0.038976,0.013696,0.009920,0.010208,0.001216,1,4,48,4,1
1331,0.122700,0.135600,0.004900,0.029200,0.024300,0.060800,0.003400,0.036576,0.011168,0.009568,0.010240,0.001216,1,4,48,4,1
1332,0.121500,0.136400,0.005100,0.028600,0.024200,0.060200,0.003300,0.038464,0.013664,0.009728,0.010176,0.001216,1,4,48,4,1
1333,0.120400,0.135100,0.005300,0.028700,0.023800,0.060200,0.002200,0.036800,0.011200,0.009728,0.010240,0.001216,1,4,48,4,1
1334,0.122300,0.134000,0.005000,0.028700,0.023900,0.061100,0.003300,0.036800,0.011840,0.009824,0.010368,0.001184,1,4,48,4,1
1335,0.120200,0.136100,0.005500,0.028800,0.023800,0.059400,0.002700,0.036544,0.011136,0.009536,0.010240,0.001248,1,4,48,4,1
1336,0.120700,0.134100,0.005300,0.028600,0.024000,0.059300,0.003300,0.038816,0.011200,0.009728,0.010432,0.001184,1,4,48,4,1
1337,0.120800,0.134600,0.005100,0.029100,0.024100,0.059100,0.003300,0.038816,0.013792,0.009728,0.010240,0.001184,1,4,48,4,1
1338,0.120700,0.134400,0.005200,0.028900,0.023800,0.059600,0.003200,0.038848,0.011200,0.009696,0.010432,0.001216,1,4,48,4,1
1339,0.120600,0.134300,0.004900,0.028700,0.023500,0.060000,0.003100,0.036864,0.012288,0.009696,0.010432,0.001248,1,4,48,4,1
1340,0.121500,0.134400,0.005200,0.029100,0.023600,0.060300,0.003200,0.038912,0.011104,0.009792,0.010400,0.001248,1,4,48,4,1
1341,0.129900,0.135000,0.005200,0.028700,0.024100,0.068400,0.003300,0.038784,0.013696,0.009664,0.010304,0.001184,1,4,48,4,1
1342,0.127300,0.143900,0.005000,0.033300,0.024300,0.061200,0.003300,0.038688,0.013760,0.009696,0.010336,0.001248,1,4,48,4,1
1343,0.121200,0.140900,0.005300,0.029000,0.023700,0.059800,0.003200,0.036704,0.012224,0.009568,0.010464,0.001184,1,4,48,4,1
1344,0.121400,0.134900,0.005200,0.028800,0.023900,0.060100,0.003200,0.038592,0.013696,0.009472,0.010272,0.001216,1,4,48,4,1
1345,0.121300,0.135100,0.005200,0.029000,0.023400,0.060300,0.003100,0.036896,0.011200,0.009760,0.010272,0.001280,1,4,48,4,1
1346,0.122700,0.135100,0.005300,0.028800,0.023600,0.061400,0.003200,0.038688,0.013728,0.009536,0.010304,0.001248,1,4,48,4,1
1347,0.122800,0.136300,0.005800,0.028900,0.023800,0.060800,0.003200,0.038816,0.013728,0.009664,0.010272,0.001216,1,4,48,4,1
1348,0.130200,0.136400,0.005300,0.028900,0.030700,0.062100,0.003200,0.036544,0.011200,0.009536,0.010240,0.001216,1,4,48,4,1
1349,0.122200,0.144300,0.005200,0.029300,0.023800,0.060500,0.003200,0.036576,0.011232,0.009472,0.010240,0.001184,1,4,48,4,1
1350,0.121500,0.135800,0.005200,0.028800,0.023600,0.060500,0.003300,0.036640,0.011200,0.009664,0.010240,0.001184,1,4,48,4,1
1351,0.122100,0.135300,0.005100,0.028600,0.023800,0.061200,0.003200,0.036864,0.011168,0.009792,0.010272,0.001248,1,4,48,4,1
1352,0.122400,0.135600,0.005100,0.028800,0.024100,0.061000,0.003200,0.036992,0.012256,0.009888,0.010432,0.001248,1,4,48,4,1
1353,0.121900,0.136100,0.005600,0.028500,0.023500,0.060900,0.003200,0.037088,0.011328,0.009824,0.010272,0.001248,1,4,48,4,1
1354,0.123400,0.135500,0.005500,0.028700,0.023900,0.061700,0.003200,0.036768,0.011328,0.009600,0.010240,0.001248,1,4,48,4,1
1355,0.122400,0.137200,0.005000,0.028900,0.023800,0.061200,0.003300,0.036864,0.011232,0.009824,0.010208,0.001216,1,4,48,4,1
1356,0.220100,0.136100,0.005400,0.034200,0.026700,0.149900,0.003800,0.037152,0.011296,0.009600,0.010272,0.001216,1,4,48,4,1
1357,0.148600,0.241200,0.007200,0.044100,0.028100,0.066800,0.002200,0.037824,0.011136,0.009632,0.010208,0.001216,1,4,48,4,1
1358,0.193500,0.163500,0.005900,0.030700,0.025800,0.063800,0.067200,0.038816,0.011232,0.009824,0.010432,0.001216,1,4,48,4,1
1359,0.139900,0.208900,0.006500,0.036700,0.027800,0.066600,0.002100,0.037600,0.010720,0.009568,0.010240,0.001216,1,4,48,4,1
1360,0.136100,0.153700,0.005300,0.030100,0.022000,0.074000,0.004500,0.036864,0.010912,0.009760,0.010240,0.001216,1,4,48,4,1
1361,0.125700,0.149800,0.005600,0.028800,0.021800,0.066800,0.002600,0.038592,0.011296,0.009824,0.010304,0.001248,1,4,48,4,1
1362,0.135400,0.139700,0.005100,0.029600,0.029000,0.067900,0.003400,0.038592,0.011200,0.009856,0.010240,0.001248,1,4,48,4,1
1363,0.122900,0.149200,0.005500,0.029100,0.024600,0.060000,0.003500,0.036608,0.013696,0.009696,0.010400,0.001216,1,4,48,4,1
1364,0.186300,0.136500,0.005200,0.029300,0.024800,0.125100,0.001800,0.036928,0.013728,0.009728,0.010464,0.001216,1,4,48,4,1
1365,0.123800,0.200400,0.005200,0.029100,0.024800,0.060900,0.003500,0.037440,0.010944,0.009664,0.010304,0.001280,1,4,48,4,1
1366,0.123300,0.137800,0.005800,0.029200,0.024700,0.059900,0.003500,0.036992,0.013760,0.009824,0.010336,0.001248,1,4,48,4,1
1367,0.124600,0.137200,0.005900,0.029200,0.024500,0.061300,0.003400,0.036576,0.011264,0.009568,0.010240,0.001152,1,4,48,4,1
1368,0.122600,0.138400,0.005700,0.029500,0.024100,0.060800,0.002300,0.037184,0.011104,0.009504,0.010272,0.001248,1,4,48,4,1
1369,0.124500,0.136800,0.005500,0.030000,0.024500,0.061200,0.003300,0.036896,0.012416,0.009760,0.010336,0.001280,1,4,48,4,1
1370,0.130900,0.138400,0.005500,0.029100,0.024300,0.068600,0.003200,0.036864,0.011264,0.009696,0.010304,0.001216,1,4,48,4,1
1371,0.125500,0.145600,0.005900,0.030000,0.024700,0.061500,0.003300,0.038272,0.011200,0.009856,0.010272,0.001248,1,4,48,4,1
1372,0.123100,0.139700,0.005700,0.029500,0.024000,0.060600,0.003300,0.038496,0.011200,0.009760,0.010240,0.001216,1,4,48,4,1
1373,0.122800,0.136900,0.005400,0.029100,0.023900,0.061000,0.003200,0.038720,0.011168,0.009632,0.010464,0.001184,1,4,48,4,1
1374,0.122300,0.136800,0.005500,0.029100,0.023900,0.060600,0.003200,0.036992,0.011168,0.009952,0.010176,0.001248,1,4,48,4,1
1375,0.167500,0.136100,0.005200,0.028900,0.024100,0.103300,0.006000,0.036832,0.011264,0.009664,0.010336,0.001216,1,4,48,4,1
1376,0.176700,0.184100,0.006600,0.039200,0.028300,0.097400,0.005200,0.036480,0.013664,0.009536,0.010368,0.001184,1,4,48,4,1
1377,0.162400,0.191500,0.006000,0.032700,0.026200,0.094900,0.002100,0.036768,0.013760,0.009664,0.010432,0.001248,1,4,48,4,1
1378,0.160500,0.177300,0.005400,0.031800,0.026100,0.095300,0.001900,0.036672,0.011168,0.009600,0.010272,0.001216,1,4,48,4,1
1379,0.151100,0.175100,0.005900,0.031800,0.026000,0.081600,0.005700,0.036832,0.013728,0.009728,0.010464,0.001216,1,4,48,4,1
1380,0.220200,0.171600,0.037900,0.047100,0.036300,0.096200,0.002500,0.037088,0.011136,0.009568,0.010240,0.001248,1,4,48,4,1
1381,0.136600,0.238300,0.006300,0.036800,0.028700,0.062500,0.002200,0.036512,0.013664,0.009472,0.010432,0.001184,1,4,48,4,1
1382,0.124700,0.151000,0.005100,0.029600,0.026400,0.061500,0.002100,0.036896,0.011168,0.009728,0.010240,0.001248,1,4,48,4,1
1383,0.125200,0.138500,0.005500,0.029500,0.025100,0.061700,0.003200,0.038400,0.011200,0.009664,0.010240,0.001248,1,4,48,4,1
1384,0.123200,0.139500,0.005000,0.029000,0.024700,0.061200,0.003100,0.036832,0.011200,0.009824,0.010208,0.001216,1,4,48,4,1
1385,0.124500,0.137000,0.005100,0.029100,0.024600,0.062400,0.003200,0.036960,0.011296,0.009728,0.010304,0.001216,1,4,48,4,1
1386,0.123500,0.138400,0.005300,0.029100,0.024400,0.061500,0.003200,0.036928,0.011200,0.009824,0.010208,0.001312,1,4,48,4,1
1387,0.121200,0.137500,0.005500,0.029200,0.024300,0.060000,0.001900,0.036704,0.011232,0.009568,0.010304,0.001216,1,4,48,4,1
1388,0.122200,0.135200,0.005400,0.029000,0.025000,0.060100,0.002600,0.038912,0.011232,0.009696,0.010464,0.001216,1,4,48,4,1
1389,0.123500,0.136500,0.005400,0.028900,0.024800,0.060800,0.003400,0.036928,0.010944,0.009568,0.010304,0.001280,1,4,48,4,1
1390,0.122500,0.137300,0.005800,0.029200,0.024100,0.061200,0.002000,0.036672,0.012256,0.009632,0.010368,0.001216,1,4,48,4,1
1391,0.212600,0.136400,0.005300,0.029100,0.025000,0.148300,0.004700,0.036768,0.011232,0.009632,0.010304,0.001248,1,4,48,4,1
1392,0.168800,0.228600,0.006000,0.033500,0.027200,0.098000,0.004100,0.038848,0.011296,0.009920,0.010336,0.001248,1,4,48,4,1
1393,0.162100,0.183500,0.005300,0.032100,0.026000,0.095000,0.003600,0.036608,0.011168,0.009568,0.010304,0.001216,1,4,48,4,1
1394,0.265500,0.182400,0.005600,0.031900,0.026400,0.194100,0.007100,0.036800,0.011200,0.009632,0.010304,0.001248,1,4,48,4,1
1395,0.124800,0.280500,0.006000,0.033300,0.023800,0.059700,0.002000,0.037120,0.011200,0.009664,0.010272,0.001280,1,4,48,4,1
1396,0.269300,0.138400,0.005300,0.028800,0.024800,0.058000,0.152100,0.038560,0.013728,0.009856,0.010208,0.001216,1,4,48,4,1
1397,0.162500,0.285000,0.006700,0.038500,0.029000,0.082100,0.006200,0.037056,0.011264,0.009664,0.010208,0.001248,1,4,48,4,1
1398,0.133400,0.177200,0.005500,0.031000,0.030000,0.064600,0.002100,0.038176,0.011264,0.009504,0.010240,0.001184,1,4,48,4,1
1399,0.123600,0.147500,0.005500,0.029700,0.023500,0.062700,0.002200,0.036672,0.011168,0.009632,0.010240,0.001216,1,4,48,4,1
1400,0.197600,0.137900,0.005700,0.029400,0.047500,0.107500,0.007300,0.037920,0.010848,0.009760,0.010304,0.001248,1,4,48,4,1
1401,0.144700,0.218200,0.006100,0.035300,0.028400,0.070600,0.004100,0.036704,0.013728,0.009536,0.010400,0.001216,1,4,48,4,1
1402,0.190900,0.164500,0.006800,0.040200,0.037900,0.100800,0.004700,0.038656,0.011264,0.009632,0.010304,0.001216,1,4,48,4,1
1403,0.172100,0.211100,0.007400,0.051600,0.035300,0.073300,0.004200,0.036672,0.013792,0.009568,0.010400,0.001152,1,4,48,4,1
1404,0.140000,0.191700,0.006900,0.037400,0.027500,0.063400,0.004500,0.036992,0.011104,0.009504,0.010304,0.001280,1,4,48,4,1
1405,0.138900,0.158500,0.006800,0.036800,0.026300,0.064500,0.004400,0.036672,0.011136,0.009536,0.010304,0.001280,1,4,48,4,1
1406,0.138200,0.157300,0.006500,0.035800,0.026300,0.065400,0.004100,0.036928,0.013664,0.009792,0.010432,0.001248,1,4,48,4,1
1407,0.137200,0.156800,0.006700,0.034800,0.026700,0.064300,0.004400,0.038464,0.011232,0.009568,0.010272,0.001216,1,4,48,4,1
1408,0.180400,0.155400,0.006800,0.037200,0.026600,0.105900,0.003700,0.036736,0.011104,0.009728,0.010272,0.001248,1,4,48,4,1
1409,0.167700,0.195700,0.005800,0.034600,0.027800,0.095200,0.004100,0.036896,0.011360,0.009632,0.010240,0.001216,1,4,48,4,1
1410,0.272400,0.182400,0.005500,0.143500,0.025900,0.091800,0.005400,0.036736,0.011168,0.009696,0.010272,0.001216,1,4,48,4,1
1411,0.161600,0.287300,0.005400,0.031100,0.025500,0.093900,0.005600,0.038688,0.013696,0.009728,0.010272,0.001248,1,4,48,4,1
1412,0.169900,0.175900,0.005300,0.031100,0.025300,0.106200,0.002000,0.036864,0.012352,0.009728,0.010368,0.001216,1,4,48,4,1
1413,0.160000,0.184600,0.005400,0.031200,0.025900,0.093700,0.003800,0.036544,0.012288,0.009568,0.010368,0.001184,1,4,48,4,1
1414,0.157700,0.174300,0.005400,0.031300,0.025100,0.093500,0.002100,0.036608,0.011168,0.009632,0.010176,0.001184,1,4,48,4,1
1415,0.160100,0.172100,0.005600,0.031200,0.025500,0.093700,0.003900,0.037184,0.011040,0.009664,0.010272,0.001248,1,4,48,4,1
1416,0.174600,0.174700,0.005400,0.031100,0.025600,0.105400,0.007100,0.036896,0.012288,0.009792,0.010368,0.001248,1,4,48,4,1
1417,0.164300,0.189100,0.005400,0.032600,0.026000,0.097700,0.002500,0.036704,0.011200,0.009600,0.010240,0.001248,1,4,48,4,1
1418,0.160000,0.184500,0.005400,0.032200,0.026400,0.092900,0.003100,0.037408,0.011200,0.009696,0.010240,0.001216,1,4,48,4,1
1419,0.159000,0.174500,0.005400,0.031000,0.025900,0.092600,0.004000,0.036544,0.011200,0.009568,0.010208,0.001216,1,4,48,4,1
1420,0.155900,0.173400,0.005500,0.031300,0.025600,0.091400,0.002000,0.036640,0.011168,0.009632,0.010240,0.001216,1,4,48,4,1
1421,0.161000,0.170300,0.005100,0.031400,0.025300,0.096600,0.002600,0.036704,0.013632,0.009664,0.010400,0.001248,1,4,48,4,1
1422,0.159200,0.175300,0.005300,0.031400,0.025200,0.093100,0.004000,0.036736,0.011168,0.009728,0.010208,0.001216,1,4,48,4,1
1423,0.174500,0.173500,0.005300,0.031500,0.025200,0.105900,0.006500,0.038912,0.011200,0.009632,0.010432,0.001280,1,4,48,4,1
1424,0.127600,0.189000,0.005400,0.031600,0.025200,0.062100,0.003200,0.038528,0.013664,0.009632,0.010272,0.001216,1,4,48,4,1
1425,0.157700,0.177200,0.005300,0.031500,0.025800,0.091600,0.003500,0.036608,0.011168,0.009536,0.010304,0.001184,1,4,48,4,1
1426,0.160000,0.172100,0.005500,0.031100,0.025400,0.094400,0.003600,0.038912,0.011296,0.009696,0.010368,0.001216,1,4,48,4,1
1427,0.251300,0.178300,0.006100,0.031300,0.038100,0.173700,0.002000,0.036608,0.011232,0.009504,0.010304,0.001216,1,4,48,4,1
1428,0.120700,0.266100,0.005800,0.031200,0.023600,0.058100,0.001900,0.037824,0.010688,0.009632,0.010304,0.001248,1,4,48,4,1
1429,0.196500,0.134500,0.005000,0.033900,0.024700,0.057900,0.074600,0.037376,0.010816,0.009568,0.010240,0.001248,1,4,48,4,1
1430,0.174600,0.211200,0.005600,0.032800,0.024500,0.108000,0.003400,0.037920,0.010912,0.009792,0.010240,0.001216,1,4,48,4,1
1431,0.163500,0.223900,0.005600,0.032100,0.026200,0.092600,0.006800,0.036704,0.011200,0.009632,0.010240,0.001248,1,4,48,4,1
1432,0.164800,0.178100,0.005200,0.031200,0.026100,0.098100,0.004000,0.036928,0.011168,0.009696,0.010240,0.001248,1,4,48,4,1
1433,0.160300,0.179300,0.005400,0.031400,0.025900,0.093800,0.003700,0.036704,0.011296,0.009536,0.010208,0.001248,1,4,48,4,1
1434,0.198000,0.174800,0.005500,0.032000,0.056300,0.100000,0.004100,0.036672,0.013664,0.009600,0.010368,0.001248,1,4,48,4,1
1435,0.160500,0.212700,0.005300,0.032400,0.026200,0.092900,0.003700,0.036544,0.011168,0.009568,0.010240,0.001216,1,4,48,4,1
1436,0.161800,0.175100,0.005300,0.031400,0.025800,0.093700,0.005600,0.036832,0.011232,0.009696,0.010336,0.001216,1,4,48,4,1
1437,0.159200,0.176200,0.005600,0.031700,0.025700,0.092500,0.003700,0.036704,0.011168,0.009600,0.010240,0.001248,1,4,48,4,1
1438,0.162500,0.173600,0.005600,0.031400,0.025600,0.096300,0.003300,0.038688,0.013696,0.009760,0.010304,0.001216,1,4,48,4,1
1439,0.163100,0.177000,0.005200,0.031400,0.025700,0.097200,0.003600,0.036736,0.011168,0.009664,0.010240,0.001280,1,4,48,4,1
1440,0.160600,0.177600,0.005800,0.031800,0.025400,0.093700,0.003600,0.036608,0.012288,0.009568,0.010368,0.001216,1,4,48,4,1
1441,0.158200,0.174900,0.005000,0.031500,0.025700,0.092200,0.003700,0.036960,0.011360,0.009728,0.010272,0.001216,1,4,48,4,1
1442,0.161600,0.172900,0.005600,0.031200,0.025500,0.095600,0.003600,0.038752,0.011136,0.009760,0.010496,0.001248,1,4,48,4,1
1443,0.170000,0.176300,0.005800,0.031500,0.025500,0.103300,0.003600,0.036544,0.011168,0.009504,0.010240,0.001216,1,4,48,4,1
1444,0.147900,0.186600,0.006500,0.039200,0.029800,0.068900,0.003500,0.036736,0.013664,0.009696,0.010368,0.001248,1,4,48,4,1
1445,0.209900,0.162600,0.005700,0.030600,0.025900,0.139200,0.008400,0.036448,0.011136,0.009440,0.010240,0.001216,1,4,48,4,1
1446,0.149000,0.226700,0.006200,0.039100,0.030600,0.069200,0.003600,0.037792,0.011232,0.009696,0.010272,0.001216,1,4,48,4,1
1447,0.129100,0.163700,0.005900,0.031000,0.025400,0.063100,0.003600,0.036992,0.011232,0.009824,0.010336,0.001216,1,4,48,4,1
1448,0.124900,0.143500,0.005400,0.030100,0.025000,0.061100,0.003300,0.037312,0.011104,0.009600,0.010240,0.001248,1,4,48,4,1
1449,0.124800,0.139300,0.005200,0.029600,0.024700,0.061900,0.003400,0.036672,0.013760,0.009632,0.010400,0.001248,1,4,48,4,1
1450,0.124000,0.138700,0.005600,0.029100,0.024700,0.061100,0.003300,0.036576,0.012192,0.009472,0.010464,0.001216,1,4,48,4,1
1451,0.142100,0.138300,0.005300,0.029100,0.024300,0.078300,0.004900,0.036704,0.011232,0.009600,0.010272,0.001248,1,4,48,4,1
1452,0.145900,0.158000,0.006100,0.038100,0.029900,0.068300,0.003400,0.036992,0.011264,0.009568,0.010272,0.001248,1,4,48,4,1
1453,0.140800,0.160300,0.005700,0.030100,0.022400,0.079100,0.003300,0.037888,0.011168,0.009504,0.010304,0.001248,1,4,48,4,1
1454,0.139600,0.154800,0.005200,0.029900,0.037900,0.063000,0.003400,0.036672,0.013664,0.009728,0.010432,0.001248,1,4,48,4,1
1455,0.125100,0.153700,0.005500,0.029700,0.024900,0.061700,0.003200,0.036640,0.013632,0.009536,0.010432,0.001280,1,4,48,4,1
1456,0.122900,0.139400,0.005300,0.029800,0.024400,0.060000,0.003200,0.036640,0.011168,0.009600,0.010240,0.001216,1,4,48,4,1
1457,0.122900,0.137100,0.005100,0.029500,0.024300,0.060700,0.003300,0.036640,0.011232,0.009536,0.010272,0.001216,1,4,48,4,1
1458,0.125100,0.137000,0.005300,0.029600,0.024600,0.062000,0.003200,0.036864,0.011168,0.009824,0.010240,0.001216,1,4,48,4,1
1459,0.123600,0.139100,0.005100,0.029200,0.024600,0.061500,0.003200,0.036640,0.011168,0.009664,0.010240,0.001248,1,4,48,4,1
1460,0.123200,0.137600,0.005200,0.028900,0.024400,0.061400,0.003200,0.036608,0.011168,0.009568,0.010272,0.001216,1,4,48,4,1
1461,0.123600,0.137000,0.005500,0.029100,0.024300,0.061400,0.003300,0.036608,0.011200,0.009504,0.010304,0.001216,1,4,48,4,1
1462,0.123400,0.137300,0.005200,0.029000,0.024100,0.061600,0.003200,0.038752,0.011200,0.009536,0.010432,0.001184,1,4,48,4,1
1463,0.123700,0.137800,0.005400,0.029500,0.024300,0.061200,0.003200,0.036608,0.011168,0.009600,0.010272,0.001216,1,4,48,4,1
1464,0.124700,0.144000,0.005300,0.029600,0.024700,0.061500,0.003300,0.037664,0.012192,0.009536,0.010464,0.001280,1,4,48,4,1
1465,0.117400,0.138900,0.005300,0.029600,0.022400,0.058000,0.002000,0.037920,0.010976,0.009696,0.010208,0.001216,1,4,48,4,1
1466,0.215900,0.131200,0.005000,0.028600,0.024000,0.064200,0.093700,0.038112,0.011200,0.009568,0.010240,0.001248,1,4,48,4,1
1467,0.162700,0.232600,0.006900,0.039300,0.029300,0.083000,0.004000,0.037248,0.011072,0.009504,0.010304,0.001248,1,4,48,4,1
1468,0.147600,0.177200,0.006200,0.031300,0.038900,0.067400,0.003500,0.037632,0.010816,0.009600,0.010240,0.001184,1,4,48,4,1
1469,0.126500,0.162100,0.005200,0.029900,0.025300,0.062900,0.003200,0.038752,0.011328,0.009568,0.010464,0.001216,1,4,48,4,1
1470,0.125500,0.140600,0.005600,0.029700,0.024800,0.062000,0.003300,0.036864,0.011200,0.009760,0.010272,0.001216,1,4,48,4,1
1471,0.125700,0.139600,0.005300,0.029800,0.025600,0.062300,0.002500,0.038688,0.013696,0.009632,0.010208,0.001184,1,4,48,4,1
1472,0.129100,0.139500,0.005100,0.029300,0.029300,0.061900,0.003300,0.038912,0.011264,0.009760,0.010368,0.001216,1,4,48,4,1
1473,0.126900,0.143500,0.005700,0.029900,0.025000,0.062900,0.003300,0.036704,0.011232,0.009664,0.010176,0.001248,1,4,48,4,1
1474,0.124600,0.140800,0.005400,0.029500,0.024700,0.061600,0.003300,0.036768,0.011232,0.009632,0.010272,0.001280,1,4,48,4,1
1475,0.123400,0.138400,0.004900,0.029300,0.025000,0.060800,0.003300,0.037056,0.011072,0.009376,0.010304,0.001216,1,4,48,4,1
1476,0.125700,0.137400,0.005400,0.029100,0.024400,0.063200,0.003400,0.037088,0.011296,0.009760,0.010400,0.001280,1,4,48,4,1
1477,0.124000,0.139300,0.005100,0.029700,0.024300,0.061200,0.003500,0.037152,0.011200,0.009696,0.010304,0.001248,1,4,48,4,1
1478,0.123000,0.137500,0.005500,0.029200,0.024200,0.061500,0.002300,0.038720,0.013760,0.009696,0.010272,0.001280,1,4,48,4,1
1479,0.126600,0.143000,0.005400,0.030000,0.025500,0.062200,0.003300,0.036608,0.011200,0.009600,0.010272,0.001184,1,4,48,4,1
1480,0.123900,0.140800,0.005300,0.030000,0.024800,0.060400,0.003200,0.038880,0.011104,0.009824,0.010400,0.001184,1,4,48,4,1
1481,0.138000,0.137600,0.004900,0.029600,0.024000,0.074400,0.004700,0.036736,0.011296,0.009568,0.010240,0.001216,1,4,48,4,1
1482,0.145600,0.154100,0.006200,0.038300,0.029800,0.067700,0.003600,0.036864,0.011136,0.009824,0.010240,0.001216,1,4,48,4,1
1483,0.129800,0.160200,0.005400,0.030900,0.027100,0.062800,0.003300,0.036512,0.011200,0.009504,0.010208,0.001216,1,4,48,4,1
1484,0.124700,0.144100,0.005100,0.029500,0.024700,0.061800,0.003200,0.036704,0.011168,0.009696,0.010208,0.001216,1,4,48,4,1
1485,0.124400,0.138800,0.005500,0.029200,0.024400,0.061800,0.003300,0.036608,0.011232,0.009504,0.010272,0.001216,1,4,48,4,1
1486,0.139600,0.138300,0.005200,0.029100,0.024300,0.076200,0.004700,0.038688,0.011264,0.009664,0.010496,0.001216,1,4,48,4,1
1487,0.144900,0.155400,0.006700,0.037800,0.029400,0.067500,0.003500,0.036704,0.011136,0.009760,0.010208,0.001216,1,4,48,4,1
1488,0.139800,0.159200,0.005600,0.030100,0.024900,0.074500,0.004500,0.038752,0.013696,0.009664,0.010272,0.001216,1,4,48,4,1
1489,0.146100,0.155600,0.006400,0.038400,0.029600,0.068200,0.003400,0.037344,0.011200,0.009696,0.010272,0.001248,1,4,48,4,1
1490,0.126300,0.164400,0.005600,0.029600,0.025100,0.062600,0.003300,0.036672,0.012160,0.009696,0.010400,0.001184,1,4,48,4,1
1491,0.124300,0.140300,0.005700,0.029400,0.024100,0.061700,0.003300,0.036736,0.012224,0.009600,0.010400,0.001280,1,4,48,4,1
1492,0.122900,0.138300,0.005100,0.029400,0.024400,0.060600,0.003300,0.036800,0.011232,0.009664,0.010208,0.001280,1,4,48,4,1
1493,0.122800,0.136800,0.005000,0.029100,0.024000,0.061300,0.003200,0.036672,0.011232,0.009536,0.010304,0.001248,1,4,48,4,1
1494,0.122300,0.136500,0.005300,0.028800,0.024300,0.060500,0.003200,0.036512,0.011200,0.009568,0.010240,0.001248,1,4,48,4,1
1495,0.122200,0.136100,0.005200,0.028800,0.024200,0.060700,0.003200,0.036704,0.011232,0.009568,0.010304,0.001216,1,4,48,4,1
1496,0.123200,0.136100,0.005300,0.029300,0.024400,0.060700,0.003400,0.038752,0.013664,0.009760,0.010208,0.001184,1,4,48,4,1
1497,0.153300,0.137000,0.005400,0.028900,0.036100,0.079300,0.003400,0.036960,0.011200,0.009760,0.010336,0.001248,1,4,48,4,1
1498,0.130500,0.168600,0.006000,0.031800,0.026200,0.063800,0.002400,0.038560,0.011264,0.009600,0.010368,0.001248,1,4,48,4,1
1499,0.172400,0.149600,0.007400,0.035600,0.029700,0.094600,0.004900,0.036768,0.011232,0.009664,0.010272,0.001216,1,4,48,4,1
1500,0.338200,0.187100,0.005400,0.029700,0.024700,0.272200,0.006000,0.038208,0.011232,0.009600,0.010240,0.001152,1,4,48,4,1
1501,0.134400,0.352900,0.005800,0.034600,0.026700,0.063800,0.003500,0.036992,0.011168,0.009600,0.010336,0.001216,1,4,48,4,1
1502,0.122600,0.150900,0.006400,0.029400,0.024400,0.060300,0.002000,0.036672,0.012288,0.009536,0.010432,0.001216,1,4,48,4,1
1503,0.120200,0.136400,0.005700,0.029100,0.023100,0.060000,0.002000,0.038720,0.011168,0.009568,0.010304,0.001248,1,4,48,4,1
1504,0.172200,0.134400,0.005100,0.029400,0.051300,0.083400,0.002700,0.037024,0.011136,0.009568,0.010176,0.001184,1,4,48,4,1
1505,0.629300,0.190200,0.006900,0.040400,0.026000,0.066700,0.489100,0.037888,0.010880,0.009504,0.010304,0.001216,1,4,48,4,1
1506,0.148200,0.645300,0.006400,0.037800,0.028000,0.071900,0.003800,0.037760,0.010944,0.009792,0.010240,0.001248,1,4,48,4,1
1507,0.259400,0.162600,0.005900,0.029800,0.035300,0.182100,0.006100,0.036800,0.011168,0.009696,0.010272,0.001216,1,4,48,4,1
1508,0.199300,0.275800,0.006200,0.052500,0.031300,0.104800,0.004400,0.036864,0.013696,0.009728,0.010464,0.001216,1,4,48,4,1
1509,0.182300,0.214600,0.006000,0.033100,0.026700,0.110400,0.005900,0.036704,0.011200,0.009536,0.010304,0.001248,1,4,48,4,1
1510,0.163900,0.197800,0.005900,0.033600,0.027100,0.094900,0.002300,0.036928,0.012352,0.009664,0.010432,0.001248,1,4,48,4,1
1511,0.238500,0.178800,0.005900,0.032200,0.026500,0.167700,0.006000,0.036672,0.013728,0.009568,0.010400,0.001216,1,4,48,4,1
1512,0.171500,0.253700,0.005500,0.037600,0.026800,0.099200,0.002300,0.037824,0.012288,0.009728,0.010368,0.001216,1,4,48,4,1
1513,0.161900,0.186200,0.005600,0.032100,0.026400,0.095600,0.002100,0.036576,0.011136,0.009504,0.010304,0.001216,1,4,48,4,1
1514,0.165900,0.180800,0.006000,0.032700,0.027300,0.097200,0.002600,0.036672,0.012288,0.009600,0.010368,0.001184,1,4,48,4,1
1515,0.148900,0.180700,0.005600,0.032400,0.026200,0.080500,0.003900,0.036672,0.013696,0.009600,0.010336,0.001248,1,4,48,4,1
1516,0.148800,0.165700,0.006700,0.039100,0.030000,0.069300,0.003400,0.037312,0.011168,0.009664,0.010272,0.001216,1,4,48,4,1
1517,0.143500,0.163400,0.005500,0.030600,0.025100,0.077100,0.004900,0.037152,0.011168,0.009536,0.010272,0.001248,1,4,48,4,1
1518,0.145900,0.159800,0.006300,0.038800,0.030300,0.066800,0.003500,0.036928,0.011200,0.009856,0.010240,0.001216,1,4,48,4,1
1519,0.128000,0.160600,0.005800,0.030600,0.025000,0.063100,0.003300,0.036768,0.011136,0.009728,0.010240,0.001216,1,4,48,4,1
1520,0.136800,0.142100,0.005200,0.029300,0.025000,0.072700,0.004500,0.039104,0.011392,0.009792,0.010368,0.001184,1,4,48,4,1
1521,0.144500,0.152300,0.006300,0.037300,0.029000,0.068100,0.003500,0.036608,0.013664,0.009632,0.010336,0.001216,1,4,48,4,1
1522,0.127400,0.159300,0.005400,0.029900,0.025600,0.063100,0.003300,0.038624,0.013792,0.009536,0.010240,0.001216,1,4,48,4,1
1523,0.124300,0.141400,0.005200,0.029400,0.024900,0.062200,0.002600,0.036640,0.013696,0.009472,0.010464,0.001248,1,4,48,4,1
1524,0.123700,0.138200,0.006000,0.029700,0.024400,0.060800,0.002500,0.036928,0.011232,0.009728,0.010304,0.001248,1,4,48,4,1
1525,0.230800,0.137900,0.011400,0.030200,0.024800,0.162200,0.001900,0.036544,0.013728,0.009536,0.010400,0.001248,1,4,48,4,1
1526,0.180500,0.245200,0.006100,0.031700,0.026400,0.110200,0.005700,0.036832,0.013696,0.009728,0.010368,0.001280,1,4,48,4,1
1527,0.176200,0.195900,0.006600,0.038400,0.029100,0.088200,0.013800,0.037312,0.011232,0.009568,0.010272,0.001184,1,4,48,4,1
1528,0.149700,0.192900,0.006500,0.039400,0.030600,0.069500,0.003600,0.036640,0.013696,0.009536,0.010368,0.001248,1,4,48,4,1
1529,0.129800,0.164600,0.005300,0.030800,0.026000,0.064200,0.003300,0.036864,0.011264,0.009600,0.010304,0.001248,1,4,48,4,1
1530,0.129000,0.144200,0.005500,0.030100,0.024900,0.065000,0.003300,0.036800,0.011168,0.009792,0.010240,0.001216,1,4,48,4,1
1531,0.141300,0.143000,0.005500,0.029900,0.025000,0.078400,0.002300,0.036800,0.013728,0.009536,0.010464,0.001280,1,4,48,4,1
1532,0.154300,0.156100,0.005600,0.032100,0.027300,0.078400,0.010700,0.036704,0.011168,0.009696,0.010208,0.001184,1,4,48,4,1
1533,0.130000,0.169600,0.006000,0.031400,0.025400,0.063500,0.003500,0.036800,0.013728,0.009664,0.010432,0.001216,1,4,48,4,1
1534,0.131200,0.144300,0.005700,0.033100,0.027600,0.062100,0.002500,0.036800,0.011232,0.009696,0.010272,0.001248,1,4,48,4,1
1535,0.124900,0.145100,0.005600,0.029300,0.024500,0.062900,0.002500,0.038912,0.011264,0.009728,0.010304,0.001248,1,4,48,4,1
1536,0.146600,0.138700,0.005300,0.029200,0.034600,0.073900,0.003400,0.037024,0.011264,0.009920,0.010240,0.001216,1,4,48,4,1
1537,0.190500,0.161500,0.006300,0.030800,0.022600,0.125600,0.005000,0.046912,0.013184,0.011168,0.016512,0.001568,1,4,48,4,1
1538,1.943700,0.209400,0.006300,0.038700,0.034300,0.073000,1.791000,0.039296,0.011456,0.010144,0.010400,0.001280,1,4,48,4,1
1539,0.180800,1.964100,0.008000,0.050800,0.033700,0.083600,0.004500,0.036736,0.010912,0.009728,0.010272,0.001216,1,4,48,4,1
1540,0.145100,0.196200,0.005900,0.033700,0.030400,0.071400,0.003400,0.038496,0.011200,0.009600,0.010432,0.001184,1,4,48,4,1
1541,0.130900,0.159800,0.005500,0.031300,0.026400,0.065100,0.002500,0.036416,0.011168,0.009312,0.010304,0.001248,1,4,48,4,1
1542,0.128000,0.145400,0.005400,0.030900,0.025400,0.063600,0.002500,0.036640,0.012288,0.009440,0.010464,0.001216,1,4,48,4,1
1543,0.125700,0.142400,0.005600,0.029600,0.024700,0.063200,0.002500,0.036672,0.011104,0.009664,0.010272,0.001216,1,4,48,4,1
1544,0.125200,0.139600,0.005600,0.029300,0.024900,0.063200,0.002000,0.038496,0.011232,0.009472,0.010496,0.001216,1,4,48,4,1
1545,0.123400,0.139300,0.005500,0.029200,0.024400,0.061300,0.002700,0.036704,0.011200,0.009696,0.010240,0.001248,1,4,48,4,1
1546,0.122300,0.137200,0.005300,0.029300,0.024200,0.060100,0.003300,0.036896,0.013728,0.009888,0.010368,0.001184,1,4,48,4,1
1547,0.122500,0.136300,0.005500,0.029500,0.024600,0.060200,0.002500,0.036704,0.012256,0.009696,0.010368,0.001248,1,4,48,4,1
1548,0.121900,0.136300,0.005200,0.029500,0.024900,0.059400,0.002800,0.037312,0.011168,0.009728,0.010240,0.001248,1,4,48,4,1
1549,0.122700,0.135900,0.005100,0.029200,0.024700,0.060800,0.002700,0.037056,0.011168,0.009536,0.010240,0.001184,1,4,48,4,1
1550,0.130000,0.136600,0.005500,0.029400,0.024200,0.068000,0.002600,0.037184,0.011040,0.009632,0.010208,0.001184,1,4,48,4,1
1551,0.125400,0.144100,0.005400,0.029700,0.025100,0.062300,0.002500,0.036640,0.011168,0.009472,0.010304,0.001280,1,4,48,4,1
1552,0.124200,0.139400,0.005400,0.029100,0.024900,0.062000,0.002500,0.036960,0.011264,0.009856,0.010240,0.001248,1,4,48,4,1
1553,0.122100,0.138100,0.005100,0.029100,0.024600,0.060700,0.002600,0.038016,0.013792,0.009408,0.010208,0.001184,1,4,48,4,1
1554,0.123200,0.136000,0.005700,0.029200,0.024400,0.060300,0.003500,0.036896,0.011264,0.009632,0.010304,0.001312,1,4,48,4,1
1555,0.126000,0.137000,0.005300,0.029100,0.023900,0.064100,0.003300,0.036608,0.011136,0.009568,0.010272,0.001248,1,4,48,4,1
1556,0.123700,0.139600,0.005400,0.028600,0.024500,0.061700,0.003300,0.036928,0.011200,0.009760,0.010336,0.001248,1,4,48,4,1
1557,0.122000,0.137400,0.005800,0.029300,0.024100,0.059400,0.003200,0.037760,0.011200,0.009536,0.010368,0.001216,1,4,48,4,1
1558,0.121000,0.135700,0.005500,0.028900,0.023800,0.059300,0.003300,0.037024,0.012256,0.009920,0.010368,0.001216,1,4,48,4,1
1559,0.132900,0.134600,0.004900,0.028500,0.033600,0.062500,0.003200,0.038176,0.011168,0.009632,0.010336,0.001248,1,4,48,4,1
1560,0.122200,0.146400,0.005400,0.029200,0.024100,0.060100,0.003300,0.036736,0.013632,0.009632,0.010464,0.001216,1,4,48,4,1
1561,0.124200,0.136000,0.004900,0.029300,0.024200,0.062300,0.003300,0.037600,0.011168,0.009664,0.010304,0.001248,1,4,48,4,1
1562,0.122200,0.138300,0.005900,0.028700,0.024300,0.059800,0.003300,0.036960,0.011168,0.009856,0.010304,0.001216,1,4,48,4,1
1563,0.121800,0.139900,0.005200,0.028700,0.023900,0.060600,0.003300,0.036608,0.011232,0.009568,0.010272,0.001216,1,4,48,4,1
1564,0.125200,0.135100,0.005100,0.028400,0.023800,0.064500,0.003300,0.036896,0.011200,0.009760,0.010336,0.001216,1,4,48,4,1
1565,0.129100,0.138900,0.005200,0.028800,0.030100,0.062400,0.002400,0.037184,0.011264,0.009536,0.010304,0.001280,1,4,48,4,1
1566,0.125900,0.143100,0.005200,0.028800,0.032400,0.057300,0.001900,0.038848,0.011200,0.009632,0.010368,0.001216,1,4,48,4,1
1567,0.304500,0.139300,0.005300,0.028100,0.024400,0.056300,0.190200,0.038048,0.011008,0.009664,0.010432,0.001248,1,4,48,4,1
1568,0.152600,0.320000,0.005900,0.037300,0.027100,0.078400,0.003700,0.036960,0.011136,0.009760,0.010304,0.001216,1,4,48,4,1
1569,0.137600,0.166400,0.005500,0.029500,0.036000,0.063100,0.003300,0.037984,0.011712,0.009376,0.010496,0.001248,1,4,48,4,1
1570,0.122600,0.151400,0.005700,0.028900,0.024400,0.060300,0.003100,0.038880,0.011168,0.009792,0.010336,0.001248,1,4,48,4,1
1571,0.121700,0.136200,0.005300,0.028800,0.023700,0.060600,0.003200,0.038848,0.011200,0.009568,0.010464,0.001248,1,4,48,4,1
1572,0.120700,0.135300,0.005300,0.028700,0.023900,0.059200,0.003400,0.036896,0.011232,0.009696,0.010336,0.001248,1,4,48,4,1
1573,0.121200,0.134200,0.005200,0.028500,0.024200,0.059600,0.003700,0.036736,0.011168,0.009600,0.010336,0.001184,1,4,48,4,1
1574,0.118900,0.134700,0.005000,0.028700,0.023700,0.058800,0.002400,0.037088,0.011232,0.009632,0.010336,0.001248,1,4,48,4,1
1575,0.125400,0.132300,0.005300,0.028800,0.021600,0.063800,0.005600,0.037632,0.011168,0.009632,0.010368,0.001280,1,4,48,4,1
1576,0.121700,0.139300,0.005300,0.028800,0.023800,0.060300,0.003300,0.038752,0.013728,0.009568,0.010336,0.001216,1,4,48,4,1
1577,0.121800,0.135400,0.005400,0.028600,0.023600,0.060600,0.003300,0.038816,0.013696,0.009632,0.010336,0.001216,1,4,48,4,1
1578,0.121500,0.135600,0.005100,0.029000,0.024000,0.060000,0.003200,0.036800,0.011200,0.009760,0.010304,0.001216,1,4,48,4,1
1579,0.121500,0.134900,0.005200,0.028900,0.023500,0.060600,0.003200,0.038560,0.011232,0.009504,0.010400,0.001248,1,4,48,4,1
1580,0.129200,0.135300,0.005000,0.028600,0.030600,0.061500,0.003300,0.038720,0.013760,0.009696,0.010336,0.001184,1,4,48,4,1
1581,0.122200,0.143200,0.005400,0.029200,0.023900,0.060300,0.003300,0.038752,0.011200,0.009600,0.010400,0.001216,1,4,48,4,1
1582,0.121100,0.135900,0.005000,0.028600,0.023600,0.060500,0.003300,0.038880,0.013728,0.009792,0.010336,0.001216,1,4,48,4,1
1583,0.125800,0.134700,0.005400,0.032400,0.023600,0.060900,0.003200,0.036672,0.011168,0.009536,0.010336,0.001216,1,4,48,4,1
1584,0.123300,0.139500,0.005000,0.029200,0.024200,0.061200,0.003200,0.036992,0.011232,0.009760,0.010400,0.001248,1,4,48,4,1
1585,0.123500,0.137400,0.005400,0.029200,0.023900,0.061500,0.003300,0.036704,0.011232,0.009696,0.010304,0.001184,1,4,48,4,1
1586,0.122800,0.137500,0.005100,0.029100,0.024200,0.061000,0.003300,0.036960,0.011168,0.009824,0.010304,0.001280,1,4,48,4,1
1587,0.124000,0.136600,0.005600,0.029200,0.024200,0.061000,0.003700,0.036704,0.013728,0.009504,0.010496,0.001216,1,4,48,4,1
1588,0.124000,0.138000,0.005300,0.029400,0.024000,0.062000,0.003200,0.036704,0.011200,0.009664,0.010272,0.001184,1,4,48,4,1
1589,0.123100,0.138000,0.005300,0.029500,0.024000,0.061000,0.003300,0.036800,0.012288,0.009728,0.010400,0.001184,1,4,48,4,1
1590,0.123400,0.136900,0.005300,0.029200,0.024200,0.061200,0.003300,0.036736,0.011200,0.009632,0.010304,0.001184,1,4,48,4,1
1591,0.289700,0.137300,0.004900,0.029500,0.024200,0.225000,0.006000,0.036544,0.011200,0.009376,0.010464,0.001216,1,4,48,4,1
1592,0.130100,0.304400,0.005200,0.031800,0.025700,0.063800,0.003400,0.038848,0.011136,0.009696,0.010464,0.001216,1,4,48,4,1
1593,0.123600,0.144200,0.005800,0.029700,0.024100,0.060600,0.003300,0.036640,0.013696,0.009536,0.010432,0.001216,1,4,48,4,1
1594,0.124200,0.137700,0.005200,0.029400,0.025200,0.061000,0.003300,0.037024,0.011264,0.009792,0.010304,0.001216,1,4,48,4,1
1595,0.123700,0.138200,0.005500,0.029300,0.024400,0.061200,0.003300,0.036800,0.011232,0.009600,0.010368,0.001248,1,4,48,4,1
1596,0.138600,0.137900,0.006600,0.029300,0.024500,0.072900,0.005100,0.036832,0.013728,0.009760,0.010400,0.001280,1,4,48,4,1
1597,0.140200,0.154100,0.005900,0.036000,0.028400,0.066300,0.003400,0.036576,0.011264,0.009472,0.010336,0.001184,1,4,48,4,1
1598,0.126100,0.154800,0.005500,0.029500,0.024700,0.062800,0.003400,0.037088,0.011296,0.009856,0.010304,0.001216,1,4,48,4,1
1599,0.125900,0.140000,0.005700,0.029500,0.024700,0.063100,0.002700,0.036640,0.011072,0.009568,0.010304,0.001248,1,4,48,4,1
1600,0.140700,0.142900,0.005500,0.035900,0.026700,0.068900,0.003400,0.036640,0.011200,0.009504,0.010400,0.001216,1,4,48,4,1
1601,0.126300,0.155200,0.005300,0.030200,0.024700,0.062400,0.003500,0.036832,0.011264,0.009664,0.010336,0.001184,1,4,48,4,1
1602,0.124300,0.140300,0.005200,0.029500,0.024300,0.061800,0.003400,0.036864,0.011136,0.009760,0.010336,0.001184,1,4,48,4,1
1603,0.133100,0.138500,0.005500,0.029300,0.024500,0.069400,0.004200,0.036672,0.011136,0.009568,0.010336,0.001216,1,4,48,4,1
1604,0.170300,0.151100,0.005700,0.038700,0.034000,0.081200,0.010600,0.038560,0.011296,0.009664,0.010336,0.001216,1,4,48,4,1
1605,0.138700,0.186000,0.005900,0.036000,0.029100,0.064800,0.002700,0.037472,0.011136,0.009728,0.010432,0.001152,1,4,48,4,1
1606,0.141700,0.153100,0.005900,0.036900,0.028000,0.066600,0.004200,0.036896,0.011328,0.009664,0.010304,0.001216,1,4,48,4,1
1607,0.125400,0.156800,0.005600,0.030500,0.025200,0.062000,0.002000,0.036640,0.013696,0.009536,0.010368,0.001216,1,4,48,4,1
1608,0.182900,0.139800,0.005200,0.029400,0.025300,0.058700,0.064200,0.036704,0.010880,0.009696,0.010272,0.001216,1,4,48,4,1
1609,0.137300,0.197200,0.005900,0.030300,0.023600,0.073700,0.003700,0.038688,0.011296,0.009440,0.010464,0.001216,1,4,48,4,1
1610,0.127100,0.151100,0.005200,0.028900,0.027300,0.062400,0.003200,0.038784,0.011200,0.009888,0.010432,0.001216,1,4,48,4,1
1611,0.123100,0.140800,0.005500,0.028900,0.024500,0.060700,0.003300,0.038848,0.013664,0.009760,0.010272,0.001248,1,4,48,4,1
1612,0.122600,0.136700,0.005800,0.028600,0.024200,0.060700,0.003200,0.036608,0.011168,0.009568,0.010304,0.001184,1,4,48,4,1
1613,0.120800,0.136400,0.005200,0.028800,0.023900,0.059500,0.003200,0.036736,0.011168,0.009632,0.010304,0.001216,1,4,48,4,1
1614,0.130700,0.134400,0.005400,0.036500,0.024300,0.061200,0.003200,0.038912,0.011264,0.009600,0.010464,0.001248,1,4,48,4,1
1615,0.120800,0.144600,0.005300,0.028800,0.023500,0.059500,0.003400,0.036800,0.013696,0.009760,0.010368,0.001216,1,4,48,4,1
1616,0.120600,0.134600,0.005400,0.028900,0.024000,0.058800,0.003300,0.036864,0.011232,0.009760,0.010304,0.001216,1,4,48,4,1
1617,0.123100,0.134100,0.005500,0.029400,0.024200,0.060300,0.003600,0.036832,0.011200,0.009600,0.010496,0.001216,1,4,48,4,1
1618,0.122500,0.137100,0.005400,0.029700,0.024700,0.060100,0.002600,0.036896,0.013664,0.009696,0.010528,0.001280,1,4,48,4,1
1619,0.193900,0.136400,0.005500,0.029100,0.025800,0.131400,0.001900,0.038016,0.011104,0.009632,0.010336,0.001248,1,4,48,4,1
1620,0.146800,0.208800,0.006000,0.031900,0.026300,0.078900,0.003700,0.036864,0.013664,0.009760,0.010464,0.001248,1,4,48,4,1
1621,0.180600,0.167600,0.008000,0.041500,0.036900,0.091500,0.002500,0.036736,0.011168,0.009472,0.010304,0.001184,1,4,48,4,1
1622,0.155800,0.198800,0.007100,0.037400,0.029200,0.077300,0.004700,0.038944,0.010816,0.009760,0.010368,0.001152,1,4,48,4,1
1623,0.170600,0.175000,0.007300,0.041300,0.035200,0.081800,0.004800,0.036320,0.011104,0.009408,0.010240,0.001184,1,4,48,4,1
1624,0.152200,0.188700,0.006500,0.036700,0.026200,0.077900,0.004800,0.037760,0.011168,0.009632,0.010272,0.001280,1,4,48,4,1
1625,0.161400,0.170400,0.006400,0.036300,0.040800,0.073600,0.004100,0.037344,0.010848,0.009536,0.010304,0.001216,1,4,48,4,1
1626,0.166600,0.179900,0.006900,0.038300,0.031900,0.087100,0.002400,0.039104,0.013760,0.009888,0.010304,0.001248,1,4,48,4,1
1627,0.159500,0.185900,0.007000,0.040000,0.032200,0.076800,0.003400,0.036672,0.012224,0.009440,0.010464,0.001248,1,4,48,4,1
1628,0.231900,0.178500,0.006600,0.063200,0.049200,0.107800,0.004700,0.036608,0.011264,0.009472,0.010272,0.001216,1,4,48,4,1
1629,0.176600,0.252600,0.007300,0.043300,0.033900,0.080200,0.011600,0.038144,0.011168,0.009536,0.010336,0.001248,1,4,48,4,1
1630,0.182600,0.195600,0.006700,0.044400,0.034700,0.091500,0.005100,0.036800,0.011232,0.009728,0.010240,0.001216,1,4,48,4,1
1631,0.209200,0.203000,0.007300,0.040600,0.032100,0.124100,0.005000,0.037280,0.011168,0.009728,0.010336,0.001216,1,4,48,4,1
1632,0.175500,0.229900,0.007100,0.041300,0.032600,0.089000,0.005500,0.036960,0.010912,0.009856,0.010240,0.001280,1,4,48,4,1
1633,0.162100,0.193000,0.006500,0.036700,0.030100,0.086100,0.002400,0.036672,0.011136,0.009632,0.010304,0.001216,1,4,48,4,1
1634,0.159400,0.179600,0.006700,0.035500,0.029800,0.072300,0.015100,0.036544,0.011200,0.009568,0.010176,0.001216,1,4,48,4,1
1635,0.153500,0.176600,0.006700,0.035300,0.029800,0.077600,0.004000,0.038848,0.011232,0.009600,0.010496,0.001248,1,4,48,4,1
1636,0.149400,0.170300,0.006100,0.035100,0.030000,0.073900,0.004100,0.036736,0.011200,0.009632,0.010304,0.001152,1,4,48,4,1
1637,0.159200,0.166900,0.006000,0.035300,0.030000,0.073800,0.014000,0.037312,0.011136,0.009472,0.010304,0.001152,1,4,48,4,1
1638,0.140300,0.176200,0.006300,0.035100,0.028600,0.067300,0.002700,0.036896,0.011264,0.009696,0.010208,0.001248,1,4,48,4,1
1639,0.121100,0.153800,0.005600,0.028800,0.024300,0.059600,0.002700,0.038464,0.013632,0.009760,0.010272,0.001216,1,4,48,4,1
1640,0.120700,0.135100,0.005000,0.028600,0.024200,0.060800,0.002000,0.036704,0.013664,0.009664,0.010432,0.001248,1,4,48,4,1
1641,0.172800,0.134300,0.005600,0.056300,0.032800,0.073800,0.004200,0.038400,0.011232,0.009600,0.010272,0.001216,1,4,48,4,1
1642,0.176200,0.190400,0.007400,0.034900,0.033200,0.097900,0.002400,0.048320,0.013280,0.011456,0.016608,0.001312,1,4,48,4,1
1643,1.208200,0.192400,0.005200,0.029700,0.025100,0.058800,1.089300,0.037504,0.010816,0.009792,0.010208,0.001184,1,4,48,4,1
1644,0.188000,1.224900,0.030600,0.038400,0.042400,0.072800,0.003600,0.037824,0.010880,0.009632,0.010272,0.001248,1,4,48,4,1
1645,0.127200,0.202600,0.005800,0.030600,0.025400,0.062300,0.002900,0.036832,0.011168,0.009888,0.010176,0.001184,1,4,48,4,1
1646,0.275800,0.141500,0.005600,0.029200,0.025100,0.209900,0.005800,0.037280,0.011168,0.009760,0.010336,0.001184,1,4,48,4,1
1647,0.125500,0.290400,0.005600,0.031000,0.025700,0.061000,0.002100,0.036576,0.011136,0.009472,0.010368,0.001216,1,4,48,4,1
1648,0.123000,0.139100,0.005500,0.028900,0.024700,0.060600,0.003200,0.038560,0.011168,0.009664,0.010400,0.001280,1,4,48,4,1
1649,0.120900,0.137000,0.005300,0.028400,0.023900,0.060600,0.002600,0.036928,0.011168,0.009792,0.010272,0.001280,1,4,48,4,1
1650,0.127900,0.135000,0.005200,0.032900,0.024600,0.062400,0.002700,0.038880,0.011264,0.009632,0.010400,0.001248,1,4,48,4,1
1651,0.124100,0.142000,0.005600,0.029200,0.025000,0.062100,0.002000,0.036576,0.011104,0.009664,0.010272,0.001152,1,4,48,4,1
1652,0.123600,0.138000,0.005200,0.029300,0.024700,0.060800,0.003400,0.037152,0.011168,0.009664,0.010272,0.001216,1,4,48,4,1
1653,0.124700,0.137500,0.005200,0.029300,0.024800,0.062100,0.003300,0.038816,0.013696,0.009600,0.010464,0.001248,1,4,48,4,1
1654,0.124200,0.138900,0.005200,0.029100,0.024400,0.062000,0.003200,0.036960,0.011232,0.009760,0.010336,0.001248,1,4,48,4,1
1655,0.123700,0.138300,0.005600,0.029100,0.024100,0.061200,0.003300,0.036768,0.013792,0.009600,0.010400,0.001216,1,4,48,4,1
1656,0.125100,0.137600,0.005600,0.029600,0.024700,0.063000,0.002000,0.038752,0.011136,0.009792,0.010336,0.001184,1,4,48,4,1
1657,0.124600,0.139000,0.005200,0.029100,0.024400,0.062400,0.003500,0.037216,0.011200,0.009760,0.010336,0.001152,1,4,48,4,1
1658,0.120300,0.138100,0.005200,0.028500,0.023900,0.059900,0.002400,0.036736,0.011168,0.009568,0.010368,0.001216,1,4,48,4,1
1659,0.129000,0.133800,0.005100,0.028200,0.030400,0.061300,0.003900,0.036608,0.011200,0.009536,0.010272,0.001216,1,4,48,4,1
1660,0.120200,0.142800,0.005300,0.028900,0.023800,0.059600,0.002600,0.038752,0.013728,0.009696,0.010368,0.001248,1,4,48,4,1
1661,0.237200,0.133600,0.005100,0.028600,0.023600,0.177600,0.002100,0.036704,0.011296,0.009600,0.010272,0.001152,1,4,48,4,1
1662,0.124300,0.251700,0.005200,0.030500,0.025100,0.059900,0.003400,0.039072,0.011264,0.009792,0.010432,0.001216,1,4,48,4,1
1663,0.122200,0.137600,0.005000,0.028400,0.023500,0.061900,0.003300,0.036608,0.011200,0.009440,0.010368,0.001216,1,4,48,4,1
1664,0.123300,0.136000,0.005400,0.029100,0.023800,0.061600,0.003100,0.038656,0.011168,0.009696,0.010400,0.001248,1,4,48,4,1
1665,0.121400,0.137200,0.005200,0.029000,0.023900,0.059900,0.003200,0.036864,0.011168,0.009664,0.010400,0.001216,1,4,48,4,1
1666,0.123100,0.135000,0.004800,0.029000,0.024300,0.061700,0.003200,0.036736,0.011232,0.009600,0.010304,0.001184,1,4,48,4,1
1667,0.123800,0.136900,0.005400,0.029400,0.024500,0.061000,0.003400,0.038496,0.013760,0.009600,0.010208,0.001216,1,4,48,4,1
1668,0.122900,0.137900,0.005300,0.029200,0.023900,0.061200,0.003300,0.036896,0.011328,0.009536,0.010464,0.001216,1,4,48,4,1
1669,0.121800,0.136800,0.005200,0.029000,0.024100,0.060000,0.003200,0.038784,0.013664,0.009664,0.010304,0.001248,1,4,48,4,1
1670,0.123300,0.135500,0.005600,0.028700,0.024400,0.061300,0.003300,0.038848,0.013696,0.009632,0.010368,0.001216,1,4,48,4,1
1671,0.123600,0.136900,0.005400,0.028800,0.024500,0.061600,0.003300,0.038912,0.011232,0.009632,0.010368,0.001280,1,4,48,4,1
1672,0.122000,0.137300,0.005500,0.028800,0.024200,0.060200,0.003300,0.038944,0.011264,0.009792,0.010400,0.001216,1,4,48,4,1
1673,0.122900,0.135600,0.005200,0.028900,0.024000,0.061300,0.003300,0.036992,0.011264,0.009792,0.010336,0.001248,1,4,48,4,1
1674,0.130500,0.136400,0.005600,0.028800,0.023800,0.068700,0.003300,0.038976,0.011232,0.009792,0.010400,0.001248,1,4,48,4,1
1675,0.123000,0.144400,0.005000,0.029500,0.024100,0.061000,0.003200,0.036736,0.013760,0.009600,0.010368,0.001248,1,4,48,4,1
1676,0.114800,0.136700,0.004800,0.029000,0.021500,0.057400,0.001900,0.049344,0.013184,0.011488,0.017216,0.001280,1,4,48,4,1
1677,0.862900,0.128200,0.005600,0.029500,0.025100,0.057600,0.745100,0.038880,0.011264,0.009856,0.010432,0.001152,1,4,48,4,1
1678,0.226200,0.880000,0.006800,0.040000,0.067600,0.109100,0.002500,0.037472,0.011168,0.009600,0.010272,0.001216,1,4,48,4,1
1679,0.175000,0.241600,0.006300,0.033900,0.028100,0.101300,0.005300,0.036768,0.011328,0.009632,0.010176,0.001216,1,4,48,4,1
1680,0.164900,0.189800,0.005800,0.032200,0.026600,0.095500,0.004400,0.036672,0.011232,0.009568,0.010272,0.001216,1,4,48,4,1
1681,0.161300,0.179900,0.005500,0.032500,0.026400,0.092300,0.004500,0.036768,0.012352,0.009632,0.010368,0.001216,1,4,48,4,1
1682,0.161500,0.176300,0.005300,0.031900,0.025900,0.094300,0.004100,0.036928,0.011264,0.009664,0.010368,0.001280,1,4,48,4,1
1683,0.164700,0.176300,0.005500,0.036000,0.026300,0.094600,0.002200,0.036704,0.011136,0.009632,0.010272,0.001248,1,4,48,4,1
1684,0.164800,0.179400,0.005300,0.031300,0.025500,0.061600,0.040900,0.037344,0.011328,0.009696,0.010272,0.001248,1,4,48,4,1
1685,0.171300,0.179500,0.005500,0.035700,0.028100,0.097100,0.004700,0.036640,0.011232,0.009472,0.010336,0.001248,1,4,48,4,1
1686,0.161500,0.186000,0.005500,0.032100,0.025700,0.093800,0.004200,0.036736,0.011296,0.009632,0.010336,0.001216,1,4,48,4,1
1687,0.164900,0.176000,0.005700,0.031900,0.025900,0.096800,0.004600,0.036704,0.011168,0.009664,0.010272,0.001216,1,4,48,4,1
1688,0.200700,0.179500,0.036100,0.031600,0.026000,0.102700,0.004100,0.036736,0.011136,0.009504,0.010464,0.001216,1,4,48,4,1
1689,0.162100,0.215500,0.005700,0.032000,0.026400,0.094000,0.004000,0.036704,0.011200,0.009536,0.010368,0.001216,1,4,48,4,1
1690,0.160100,0.176600,0.005400,0.031300,0.025700,0.093300,0.004200,0.037056,0.011200,0.009952,0.010336,0.001216,1,4,48,4,1
1691,0.158800,0.174500,0.005600,0.031500,0.025800,0.093700,0.002100,0.036736,0.011200,0.009632,0.010304,0.001216,1,4,48,4,1
1692,0.163100,0.173500,0.005700,0.031400,0.026200,0.094300,0.005300,0.036864,0.011200,0.009792,0.010304,0.001184,1,4,48,4,1
1693,0.159200,0.177500,0.005700,0.031900,0.025400,0.093900,0.002200,0.036800,0.011168,0.009696,0.010304,0.001184,1,4,48,4,1
1694,0.192300,0.173700,0.005200,0.079600,0.031400,0.072400,0.003500,0.036896,0.013856,0.009824,0.010368,0.001216,1,4,48,4,1
1695,0.130000,0.208700,0.005700,0.032200,0.025700,0.063700,0.002500,0.036832,0.011264,0.009632,0.010304,0.001248,1,4,48,4,1
1696,0.131100,0.144500,0.005700,0.030200,0.029100,0.062300,0.003700,0.036608,0.012224,0.009568,0.010368,0.001216,1,4,48,4,1
1697,0.122400,0.145200,0.005100,0.029300,0.024400,0.061600,0.002000,0.036704,0.011168,0.009536,0.010368,0.001248,1,4,48,4,1
1698,0.122500,0.136400,0.005100,0.028700,0.024400,0.060900,0.003300,0.037920,0.012320,0.009856,0.010368,0.001184,1,4,48,4,1
1699,0.122100,0.136400,0.005600,0.028900,0.023800,0.060400,0.003300,0.037024,0.011264,0.009824,0.010304,0.001184,1,4,48,4,1
1700,0.127100,0.136100,0.005000,0.029100,0.024200,0.065500,0.003100,0.038784,0.011264,0.009632,0.010496,0.001248,1,4,48,4,1
1701,0.122800,0.141000,0.005400,0.028900,0.024100,0.060800,0.003200,0.036736,0.012256,0.009600,0.010432,0.001248,1,4,48,4,1
1702,0.120800,0.136500,0.005700,0.028600,0.024000,0.059800,0.002500,0.037120,0.010976,0.009664,0.010336,0.001216,1,4,48,4,1
1703,0.131400,0.134400,0.005000,0.029000,0.024300,0.069000,0.003900,0.036672,0.012160,0.009568,0.010336,0.001280,1,4,48,4,1
1704,0.151400,0.148200,0.006000,0.034700,0.028900,0.072400,0.009300,0.036832,0.011328,0.009504,0.010304,0.001216,1,4,48,4,1
1705,0.165500,0.168100,0.005800,0.034400,0.029000,0.073200,0.022900,0.036832,0.012160,0.009760,0.010400,0.001248,1,4,48,4,1
1706,0.148700,0.182200,0.006100,0.035500,0.030300,0.072800,0.003800,0.039104,0.011232,0.009760,0.010464,0.001312,1,4,48,4,1
1707,0.146800,0.165400,0.006500,0.035000,0.029200,0.071900,0.004000,0.036704,0.011136,0.009664,0.010272,0.001184,1,4,48,4,1
1708,0.159900,0.163600,0.006000,0.034900,0.025900,0.086900,0.006200,0.038592,0.011328,0.009696,0.010368,0.001248,1,4,48,4,1
1709,0.144200,0.176700,0.006300,0.034600,0.037100,0.062900,0.003200,0.038208,0.011264,0.009728,0.010240,0.001184,1,4,48,4,1
1710,0.127300,0.157900,0.005600,0.029200,0.027800,0.061300,0.003300,0.036896,0.011200,0.009728,0.010304,0.001312,1,4,48,4,1
1711,0.122400,0.141100,0.005300,0.028900,0.024200,0.060700,0.003300,0.036672,0.011104,0.009632,0.010304,0.001184,1,4,48,4,1
1712,0.122600,0.136200,0.005500,0.028900,0.024200,0.060700,0.003300,0.036736,0.011136,0.009600,0.010368,0.001248,1,4,48,4,1
1713,0.122700,0.136200,0.005300,0.029400,0.024100,0.061000,0.002800,0.036512,0.012256,0.009440,0.010432,0.001184,1,4,48,4,1
1714,0.122900,0.136500,0.005200,0.029100,0.024500,0.061500,0.002500,0.037216,0.011008,0.009728,0.010304,0.001216,1,4,48,4,1
1715,0.218500,0.136900,0.005100,0.028800,0.028000,0.152400,0.004100,0.036832,0.013856,0.009696,0.010432,0.001216,1,4,48,4,1
1716,0.209300,0.245500,0.009300,0.055100,0.043400,0.098400,0.002800,0.037216,0.011232,0.009472,0.010336,0.001280,1,4,48,4,1
1717,0.188700,0.230500,0.007600,0.042800,0.035500,0.097500,0.005000,0.036832,0.013696,0.009792,0.010368,0.001216,1,4,48,4,1
1718,0.174700,0.208600,0.007400,0.041400,0.034800,0.085500,0.005300,0.036800,0.011232,0.009568,0.010368,0.001216,1,4,48,4,1
1719,0.173800,0.194400,0.007200,0.040900,0.036400,0.085600,0.003500,0.036672,0.011168,0.009568,0.010304,0.001248,1,4,48,4,1
1720,0.170500,0.193800,0.007100,0.039900,0.035700,0.083700,0.003700,0.036576,0.013728,0.009376,0.010432,0.001216,1,4,48,4,1
1721,0.154300,0.187100,0.006100,0.034200,0.029300,0.072400,0.012200,0.038656,0.011328,0.009376,0.010464,0.001216,1,4,48,4,1
1722,0.153600,0.171000,0.006200,0.034200,0.029400,0.072700,0.011000,0.038720,0.011136,0.009600,0.010432,0.001216,1,4,48,4,1
1723,0.149500,0.169800,0.006000,0.034200,0.029100,0.072100,0.008000,0.036704,0.011232,0.009536,0.010368,0.001216,1,4,48,4,1
1724,0.145900,0.165800,0.006200,0.034300,0.028800,0.072600,0.004000,0.037408,0.011232,0.009632,0.010304,0.001216,1,4,48,4,1
1725,0.166800,0.162400,0.006100,0.057900,0.030000,0.069200,0.003500,0.036704,0.013760,0.009600,0.010400,0.001184,1,4,48,4,1
1726,0.127400,0.182100,0.005400,0.029700,0.025000,0.064800,0.002300,0.036704,0.011200,0.009568,0.010272,0.001216,1,4,48,4,1
1727,0.121500,0.141200,0.005300,0.029000,0.024100,0.059500,0.003300,0.038016,0.011136,0.009440,0.010336,0.001216,1,4,48,4,1
1728,0.120500,0.135500,0.005200,0.028500,0.023800,0.060400,0.002600,0.036864,0.013696,0.009824,0.010400,0.001152,1,4,48,4,1
1729,0.119600,0.134300,0.005400,0.028600,0.023700,0.059200,0.002500,0.038208,0.011264,0.009600,0.010368,0.001216,1,4,48,4,1
1730,0.122600,0.133400,0.005500,0.028500,0.023500,0.061800,0.003100,0.037280,0.011136,0.009600,0.010336,0.001184,1,4,48,4,1
1731,0.121500,0.136300,0.005300,0.028700,0.023900,0.060200,0.003100,0.036576,0.011136,0.009536,0.010272,0.001216,1,4,48,4,1
1732,0.121000,0.135500,0.005300,0.028900,0.023900,0.059700,0.003100,0.036800,0.011136,0.009760,0.010272,0.001216,1,4,48,4,1
1733,0.120400,0.134900,0.005100,0.028400,0.023900,0.059700,0.003100,0.036608,0.011168,0.009472,0.010336,0.001216,1,4,48,4,1
1734,0.125600,0.133800,0.005400,0.032200,0.024200,0.060400,0.003100,0.036704,0.011136,0.009632,0.010304,0.001248,1,4,48,4,1
1735,0.120900,0.139400,0.005300,0.028700,0.023800,0.059300,0.003600,0.036736,0.011296,0.009600,0.010304,0.001152,1,4,48,4,1
1736,0.122000,0.134800,0.005400,0.028700,0.024000,0.060700,0.003100,0.037056,0.011136,0.009664,0.010368,0.001248,1,4,48,4,1
1737,0.152600,0.135800,0.005600,0.029200,0.024000,0.089200,0.004600,0.036800,0.011232,0.009600,0.010304,0.001248,1,4,48,4,1
1738,0.170200,0.168800,0.005700,0.033900,0.028000,0.098500,0.003900,0.036960,0.013760,0.009536,0.010656,0.001248,1,4,48,4,1
1739,0.125700,0.184900,0.005200,0.030100,0.026100,0.061500,0.002600,0.036800,0.013760,0.009600,0.010432,0.001248,1,4,48,4,1
1740,0.124200,0.139900,0.005300,0.029700,0.025300,0.060500,0.003300,0.037120,0.011360,0.009792,0.010304,0.001216,1,4,48,4,1
1741,0.124600,0.138000,0.005100,0.032300,0.024100,0.059700,0.003100,0.036640,0.011136,0.009600,0.010304,0.001216,1,4,48,4,1
1742,0.121500,0.138500,0.005000,0.028700,0.024300,0.060100,0.003100,0.038880,0.011232,0.009632,0.010400,0.001312,1,4,48,4,1
1743,0.122200,0.135100,0.005300,0.028700,0.024000,0.060800,0.003100,0.038784,0.011264,0.009600,0.010368,0.001248,1,4,48,4,1
1744,0.120700,0.136100,0.005000,0.028600,0.024000,0.059800,0.003200,0.036928,0.011264,0.009856,0.010304,0.001216,1,4,48,4,1
1745,0.150100,0.134300,0.005100,0.028800,0.023900,0.090500,0.001800,0.038592,0.011232,0.009696,0.010368,0.001248,1,4,48,4,1
1746,0.114000,0.163700,0.004900,0.028500,0.021700,0.056700,0.001900,0.036672,0.013696,0.009600,0.010432,0.001216,1,4,48,4,1
1747,0.230100,0.127400,0.005300,0.027700,0.023600,0.056300,0.117200,0.037408,0.010816,0.009504,0.010336,0.001248,1,4,48,4,1
1748,0.134700,0.244600,0.005700,0.031700,0.024600,0.068900,0.003700,0.036960,0.011136,0.009472,0.010368,0.001216,1,4,48,4,1
1749,0.123700,0.148600,0.005400,0.028900,0.023900,0.062000,0.003200,0.038112,0.011104,0.009632,0.010240,0.001248,1,4,48,4,1
1750,0.121600,0.137400,0.005300,0.028500,0.024200,0.060200,0.003200,0.036736,0.011168,0.009600,0.010304,0.001248,1,4,48,4,1
1751,0.121500,0.135200,0.005000,0.028400,0.024300,0.060400,0.003100,0.036800,0.011168,0.009696,0.010304,0.001216,1,4,48,4,1
1752,0.119700,0.135100,0.004900,0.028500,0.023700,0.059200,0.003100,0.036768,0.012224,0.009664,0.010368,0.001280,1,4,48,4,1
1753,0.121300,0.133300,0.005100,0.029100,0.023600,0.060200,0.003200,0.036576,0.011232,0.009408,0.010336,0.001216,1,4,48,4,1
1754,0.123900,0.135000,0.005000,0.028600,0.023500,0.063500,0.003100,0.036672,0.011136,0.009600,0.010304,0.001216,1,4,48,4,1
1755,0.121500,0.137600,0.005200,0.028600,0.024000,0.060400,0.003200,0.036864,0.011232,0.009664,0.010336,0.001216,1,4,48,4,1
1756,0.120400,0.135000,0.004800,0.028700,0.024000,0.059500,0.003200,0.036896,0.011232,0.009728,0.010304,0.001184,1,4,48,4,1
1757,0.119900,0.134200,0.005000,0.028700,0.023700,0.059900,0.002500,0.037248,0.011264,0.009472,0.010304,0.001248,1,4,48,4,1
1758,0.120700,0.133500,0.005200,0.029100,0.024200,0.058800,0.003200,0.037152,0.011296,0.009920,0.010368,0.001216,1,4,48,4,1
1759,0.119500,0.134200,0.005000,0.028700,0.023500,0.059900,0.002300,0.038464,0.011200,0.009568,0.010432,0.001248,1,4,48,4,1
1760,0.128300,0.133000,0.005100,0.028800,0.023600,0.068600,0.002100,0.036864,0.011232,0.009696,0.010304,0.001248,1,4,48,4,1
1761,0.122900,0.142300,0.005400,0.029300,0.024200,0.060700,0.003200,0.036576,0.011136,0.009568,0.010272,0.001216,1,4,48,4,1
1762,0.167300,0.138400,0.006900,0.035900,0.026500,0.085800,0.012100,0.036896,0.013664,0.009856,0.010368,0.001248,1,4,48,4,1
1763,0.191100,0.187400,0.007100,0.046200,0.032600,0.099900,0.005100,0.037472,0.011072,0.009824,0.010272,0.001216,1,4,48,4,1
1764,0.195900,0.212300,0.006800,0.044000,0.036800,0.094500,0.013400,0.036992,0.011200,0.009856,0.010304,0.001280,1,4,48,4,1
1765,0.156600,0.216500,0.007500,0.046100,0.030300,0.068900,0.003500,0.036896,0.013824,0.009632,0.010464,0.001216,1,4,48,4,1
1766,0.126700,0.171800,0.005500,0.030500,0.025400,0.062900,0.002100,0.037504,0.011232,0.009664,0.010336,0.001216,1,4,48,4,1
1767,0.124100,0.140700,0.005500,0.029900,0.025000,0.060200,0.003300,0.037344,0.011040,0.009472,0.010336,0.001280,1,4,48,4,1
1768,0.124800,0.138300,0.005300,0.029200,0.024900,0.061900,0.003200,0.036736,0.011200,0.009728,0.010240,0.001216,1,4,48,4,1
1769,0.123700,0.139000,0.005100,0.029300,0.024300,0.061700,0.003300,0.036608,0.011136,0.009568,0.010272,0.001248,1,4,48,4,1
1770,0.124400,0.138000,0.005100,0.029300,0.024500,0.062100,0.003300,0.036768,0.011200,0.009600,0.010304,0.001216,1,4,48,4,1
1771,0.124000,0.138300,0.005300,0.028900,0.024500,0.062000,0.003300,0.038848,0.011232,0.009728,0.010432,0.001216,1,4,48,4,1
1772,0.124800,0.137800,0.005200,0.029200,0.024400,0.062800,0.003200,0.036704,0.011136,0.009664,0.010272,0.001280,1,4,48,4,1
1773,0.132500,0.138700,0.005700,0.029300,0.031300,0.062700,0.003300,0.036736,0.013728,0.009664,0.010368,0.001248,1,4,48,4,1
1774,0.127900,0.146800,0.005300,0.029600,0.024700,0.062200,0.005800,0.036896,0.011168,0.009728,0.010304,0.001280,1,4,48,4,1
1775,0.120300,0.141700,0.004900,0.028400,0.024100,0.059600,0.003200,0.036576,0.012256,0.009408,0.010432,0.001248,1,4,48,4,1
1776,0.119900,0.134000,0.005000,0.028200,0.023800,0.059400,0.003200,0.036864,0.011168,0.009760,0.010304,0.001248,1,4,48,4,1
1777,0.120000,0.133400,0.004900,0.028400,0.023400,0.060000,0.003200,0.036800,0.011168,0.009664,0.010336,0.001248,1,4,48,4,1
1778,0.119600,0.133700,0.005100,0.028300,0.023900,0.059100,0.003200,0.036832,0.011168,0.009696,0.010304,0.001248,1,4,48,4,1
1779,0.119700,0.133000,0.005000,0.028400,0.023400,0.059400,0.003200,0.036672,0.011168,0.009600,0.010336,0.001216,1,4,48,4,1
1780,0.120000,0.133400,0.004900,0.028400,0.023900,0.059600,0.003200,0.037056,0.011200,0.009632,0.010400,0.001280,1,4,48,4,1
1781,0.120000,0.133700,0.005000,0.028400,0.023700,0.059500,0.003400,0.038848,0.011264,0.009664,0.010400,0.001216,1,4,48,4,1
1782,0.200800,0.133600,0.005300,0.028400,0.027200,0.135600,0.004100,0.036768,0.011136,0.009696,0.010304,0.001184,1,4,48,4,1
1783,0.214800,0.220400,0.007100,0.046300,0.035100,0.122900,0.003400,0.038848,0.011264,0.009568,0.010432,0.001248,1,4,48,4,1
1784,0.190900,0.233200,0.006300,0.037900,0.030800,0.112500,0.003300,0.036736,0.011104,0.009728,0.010272,0.001248,1,4,48,4,1
1785,0.196300,0.315200,0.006800,0.040400,0.033000,0.113300,0.002600,0.036800,0.011200,0.009632,0.010304,0.001280,1,4,48,4,1
1786,0.168100,0.214100,0.006700,0.036600,0.026100,0.096200,0.002500,0.036768,0.011904,0.009760,0.010336,0.001248,1,4,48,4,1
1787,0.186300,0.182400,0.005600,0.031500,0.025600,0.121100,0.002300,0.036736,0.011232,0.009632,0.010208,0.001248,1,4,48,4,1
1788,0.165100,0.200600,0.005300,0.032300,0.026400,0.095300,0.005700,0.036672,0.012160,0.009600,0.010432,0.001184,1,4,48,4,1
1789,0.161000,0.179400,0.005400,0.031600,0.025600,0.060400,0.037900,0.037664,0.011200,0.009696,0.010336,0.001248,1,4,48,4,1
1790,0.157400,0.175200,0.005400,0.031500,0.025800,0.090500,0.004200,0.036864,0.012224,0.009824,0.010400,0.001184,1,4,48,4,1
1791,0.158600,0.171600,0.005700,0.031300,0.025400,0.092400,0.003700,0.038752,0.011232,0.009632,0.010432,0.001216,1,4,48,4,1
1792,0.158400,0.172800,0.005300,0.031100,0.025200,0.093200,0.003600,0.038656,0.011328,0.009600,0.010432,0.001248,1,4,48,4,1
1793,0.161200,0.172500,0.005300,0.030700,0.025300,0.094900,0.004800,0.036768,0.011232,0.009600,0.010368,0.001216,1,4,48,4,1
1794,0.133700,0.177500,0.005700,0.033300,0.026100,0.065000,0.003400,0.036928,0.011232,0.009728,0.010400,0.001280,1,4,48,4,1
1795,0.124400,0.148100,0.005200,0.029700,0.024900,0.061200,0.003400,0.036704,0.012160,0.009664,0.010368,0.001216,1,4,48,4,1
1796,0.122900,0.138100,0.005200,0.029100,0.024300,0.061000,0.003200,0.036736,0.011168,0.009696,0.010208,0.001248,1,4,48,4,1
1797,0.122500,0.136800,0.005200,0.028800,0.024500,0.060800,0.003200,0.038016,0.011168,0.009632,0.010336,0.001248,1,4,48,4,1
1798,0.122300,0.136600,0.005000,0.029000,0.024500,0.060400,0.003200,0.036640,0.011872,0.009536,0.010368,0.001280,1,4,48,4,1
1799,0.121600,0.135900,0.005100,0.028800,0.024300,0.060100,0.003200,0.036800,0.011200,0.009664,0.010304,0.001248,1,4,48,4,1
1800,0.125400,0.135600,0.005100,0.028300,0.023400,0.065200,0.003200,0.036640,0.011136,0.009536,0.010336,0.001216,1,4,48,4,1
1801,0.119800,0.139300,0.005000,0.028500,0.023800,0.059900,0.002600,0.036896,0.011200,0.009664,0.010432,0.001216,1,4,48,4,1
1802,0.120900,0.133200,0.005000,0.028400,0.023900,0.060200,0.003200,0.036672,0.011168,0.009600,0.010304,0.001184,1,4,48,4,1
1803,0.121700,0.134400,0.005400,0.028500,0.023700,0.060600,0.003400,0.036960,0.011232,0.009696,0.010368,0.001280,1,4,48,4,1
1804,0.120500,0.135100,0.005400,0.028400,0.023900,0.059300,0.003200,0.038976,0.011264,0.009696,0.010400,0.001248,1,4,48,4,1
1805,0.124900,0.133900,0.004800,0.028900,0.023900,0.064000,0.003300,0.036832,0.011232,0.009568,0.010368,0.001248,1,4,48,4,1
1806,0.123000,0.144600,0.005200,0.029300,0.024500,0.060500,0.003400,0.036896,0.011296,0.009760,0.010272,0.001216,1,4,48,4,1
1807,0.120700,0.136700,0.005100,0.028200,0.023700,0.060200,0.003200,0.039104,0.011232,0.009760,0.010496,0.001216,1,4,48,4,1
1808,0.121000,0.134300,0.004800,0.028400,0.023500,0.060700,0.003200,0.038912,0.011264,0.009696,0.010464,0.001216,1,4,48,4,1
1809,0.120000,0.134700,0.005200,0.028200,0.023300,0.059800,0.003200,0.036640,0.011072,0.009600,0.010336,0.001216,1,4,48,4,1
1810,0.119800,0.133600,0.005000,0.028200,0.023600,0.059500,0.003300,0.036832,0.011200,0.009728,0.010272,0.001216,1,4,48,4,1
1811,0.120700,0.133100,0.005300,0.028400,0.023700,0.059900,0.003300,0.036832,0.012192,0.009792,0.010432,0.001184,1,4,48,4,1
1812,0.121200,0.134000,0.005300,0.028600,0.023700,0.060100,0.003200,0.036928,0.011232,0.009792,0.010240,0.001280,1,4,48,4,1
1813,0.124400,0.134800,0.005000,0.032100,0.023900,0.060200,0.003200,0.036800,0.011168,0.009600,0.010368,0.001248,1,4,48,4,1
1814,0.132400,0.137800,0.005400,0.028700,0.028200,0.066600,0.003400,0.037568,0.011232,0.009600,0.010272,0.001248,1,4,48,4,1
1815,0.248500,0.145800,0.005500,0.028200,0.021600,0.188300,0.004900,0.038720,0.011232,0.009632,0.010432,0.001184,1,4,48,4,1
1816,0.165300,0.267100,0.007100,0.044300,0.034300,0.076100,0.003400,0.036672,0.013792,0.009504,0.010368,0.001216,1,4,48,4,1
1817,0.126100,0.179800,0.005400,0.030300,0.024700,0.062300,0.003400,0.038432,0.013664,0.009472,0.010368,0.001248,1,4,48,4,1
1818,0.122000,0.139800,0.005200,0.028700,0.024500,0.060300,0.003300,0.036832,0.011104,0.009568,0.010528,0.001248,1,4,48,4,1
1819,0.127900,0.135600,0.005300,0.028700,0.029700,0.060900,0.003300,0.036928,0.011232,0.009728,0.010336,0.001280,1,4,48,4,1
1820,0.121400,0.141900,0.005200,0.028700,0.023900,0.060300,0.003200,0.036672,0.011168,0.009536,0.010304,0.001216,1,4,48,4,1
1821,0.121000,0.135100,0.005100,0.028400,0.023700,0.060400,0.003200,0.036896,0.011296,0.009568,0.010304,0.001280,1,4,48,4,1
1822,0.120600,0.134700,0.005100,0.028400,0.023900,0.060000,0.003200,0.038816,0.011168,0.009600,0.010432,0.001280,1,4,48,4,1
1823,0.120000,0.134100,0.005200,0.028800,0.023100,0.059700,0.003200,0.036512,0.011136,0.009472,0.010304,0.001184,1,4,48,4,1
1824,0.140200,0.133300,0.005000,0.028400,0.023500,0.080800,0.002400,0.039200,0.011360,0.009952,0.010400,0.001216,1,4,48,4,1
1825,0.113800,0.153600,0.005300,0.028300,0.021500,0.056700,0.001900,0.038944,0.011296,0.009696,0.010240,0.001248,1,4,48,4,1
1826,0.206100,0.127200,0.005100,0.027700,0.023600,0.065000,0.084500,0.036320,0.010816,0.009600,0.010304,0.001248,1,4,48,4,1
1827,0.137100,0.220200,0.005600,0.030500,0.023200,0.074000,0.003700,0.037088,0.011200,0.009472,0.010240,0.001248,1,4,48,4,1
1828,0.130300,0.150500,0.005200,0.028700,0.031100,0.061700,0.003300,0.037728,0.011200,0.009536,0.010240,0.001216,1,4,48,4,1
1829,0.124600,0.143800,0.005100,0.028600,0.026800,0.060800,0.003200,0.037824,0.011136,0.009728,0.010304,0.001216,1,4,48,4,1
1830,0.122200,0.138300,0.005100,0.028700,0.024300,0.060500,0.003500,0.036928,0.012288,0.009760,0.010432,0.001216,1,4,48,4,1
1831,0.119700,0.135800,0.005000,0.028500,0.023400,0.060200,0.002400,0.036640,0.011136,0.009536,0.010336,0.001248,1,4,48,4,1
1832,0.117500,0.133300,0.005000,0.028300,0.021300,0.059500,0.003300,0.038144,0.011808,0.009696,0.010336,0.001216,1,4,48,4,1
1833,0.133400,0.130900,0.005400,0.032000,0.033900,0.059400,0.002500,0.036800,0.011200,0.009728,0.010272,0.001216,1,4,48,4,1
1834,0.120000,0.146900,0.005100,0.028500,0.024100,0.059900,0.002400,0.036640,0.011808,0.009600,0.010432,0.001216,1,4,48,4,1
1835,0.121200,0.133400,0.005600,0.028400,0.023900,0.059900,0.003200,0.036608,0.011136,0.009568,0.010336,0.001184,1,4,48,4,1
1836,0.120000,0.134800,0.005100,0.028400,0.023700,0.059600,0.003200,0.036928,0.013728,0.009792,0.010432,0.001216,1,4,48,4,1
1837,0.118700,0.133300,0.004900,0.028200,0.023100,0.059200,0.003200,0.036736,0.011168,0.009600,0.010304,0.001248,1,4,48,4,1
1838,0.120700,0.132500,0.005000,0.028100,0.024100,0.060000,0.003200,0.036960,0.011136,0.009824,0.010336,0.001280,1,4,48,4,1
1839,0.126300,0.134000,0.005600,0.028200,0.023400,0.066500,0.002500,0.036736,0.011168,0.009664,0.010272,0.001216,1,4,48,4,1
1840,0.121100,0.140100,0.005800,0.029200,0.023900,0.058800,0.003200,0.037344,0.010944,0.009632,0.010336,0.001248,1,4,48,4,1
1841,0.119600,0.134600,0.005000,0.028700,0.023300,0.059200,0.003100,0.036704,0.011200,0.009536,0.010336,0.001248,1,4,48,4,1
1842,0.119300,0.133000,0.005100,0.028500,0.023300,0.059000,0.003000,0.036928,0.011168,0.009792,0.010304,0.001248,1,4,48,4,1
1843,0.119000,0.132900,0.005000,0.028400,0.023500,0.058800,0.003000,0.036896,0.011200,0.009728,0.010336,0.001248,1,4,48,4,1
1844,0.119300,0.132400,0.005000,0.028200,0.023700,0.059200,0.003100,0.038912,0.013824,0.009792,0.010336,0.001248,1,4,48,4,1
1845,0.120400,0.132700,0.005100,0.028200,0.023500,0.060400,0.003200,0.036736,0.011232,0.009472,0.010464,0.001216,1,4,48,4,1
1846,0.119400,0.133900,0.005200,0.028500,0.023200,0.059300,0.003100,0.036928,0.011200,0.009888,0.010272,0.001184,1,4,48,4,1
1847,0.120500,0.133500,0.005800,0.028200,0.023600,0.059600,0.003200,0.036768,0.011232,0.009696,0.010240,0.001248,1,4,48,4,1
1848,0.120300,0.133900,0.005300,0.028200,0.023500,0.060100,0.003000,0.036800,0.011232,0.009568,0.010432,0.001216,1,4,48,4,1
1849,0.119200,0.133600,0.005000,0.028100,0.023400,0.059400,0.003100,0.036768,0.011168,0.009632,0.010400,0.001216,1,4,48,4,1
1850,0.120300,0.132400,0.005000,0.028300,0.023200,0.060600,0.003100,0.038848,0.011168,0.009760,0.010432,0.001184,1,4,48,4,1
1851,0.119600,0.133600,0.005200,0.028300,0.023600,0.058300,0.004000,0.038656,0.011296,0.009632,0.010464,0.001248,1,4,48,4,1
1852,0.119200,0.133000,0.005200,0.028300,0.024000,0.058200,0.003300,0.037408,0.011232,0.009632,0.010240,0.001248,1,4,48,4,1
1853,0.137800,0.132600,0.005000,0.028400,0.023900,0.074700,0.005800,0.036608,0.011232,0.009472,0.010304,0.001216,1,4,48,4,1
1854,0.172700,0.157700,0.007000,0.046300,0.035100,0.080000,0.004200,0.036864,0.011264,0.009664,0.010400,0.001184,1,4,48,4,1
1855,0.149500,0.194000,0.006400,0.036300,0.029700,0.074300,0.002700,0.037024,0.011264,0.009792,0.010400,0.001248,1,4,48,4,1
1856,0.147900,0.166900,0.006200,0.035100,0.029900,0.072500,0.003900,0.038720,0.011232,0.009600,0.010336,0.001248,1,4,48,4,1
1857,0.147400,0.164800,0.006200,0.035100,0.028800,0.073300,0.003800,0.036832,0.011168,0.009760,0.010304,0.001216,1,4,48,4,1
1858,0.145500,0.164100,0.006500,0.034300,0.028600,0.071800,0.003900,0.036896,0.011232,0.009728,0.010304,0.001216,1,4,48,4,1
1859,0.144600,0.162000,0.005600,0.034400,0.028700,0.071700,0.003900,0.036864,0.012256,0.009824,0.010400,0.001184,1,4,48,4,1
1860,0.144100,0.161000,0.006000,0.034500,0.028700,0.070800,0.003800,0.038752,0.011264,0.009728,0.010432,0.001280,1,4,48,4,1
1861,0.148400,0.161000,0.009000,0.034300,0.028900,0.072100,0.003800,0.036672,0.013696,0.009568,0.010432,0.001248,1,4,48,4,1
1862,0.145500,0.165200,0.005900,0.034600,0.028700,0.072200,0.004000,0.037024,0.011232,0.009856,0.010336,0.001248,1,4,48,4,1
1863,0.152000,0.162100,0.006000,0.034600,0.028700,0.072100,0.010400,0.036576,0.012192,0.009504,0.010432,0.001216,1,4,48,4,1
1864,0.167300,0.168600,0.005900,0.058400,0.029900,0.069500,0.003400,0.036832,0.011200,0.009696,0.010336,0.001216,1,4,48,4,1
1865,0.125300,0.182900,0.005400,0.030300,0.024800,0.061900,0.002600,0.038016,0.010848,0.009760,0.010368,0.001184,1,4,48,4,1
1866,0.118600,0.139200,0.005100,0.029000,0.025500,0.056900,0.001900,0.037056,0.011264,0.009888,0.010336,0.001184,1,4,48,4,1
1867,0.239900,0.132000,0.005300,0.028600,0.024200,0.062900,0.118900,0.037920,0.010688,0.009792,0.010368,0.001184,1,4,48,4,1
1868,0.152100,0.254800,0.006100,0.035700,0.026700,0.078100,0.005400,0.037536,0.011200,0.009760,0.010272,0.001184,1,4,48,4,1
1869,0.120100,0.165900,0.005100,0.029100,0.021600,0.060800,0.003400,0.037760,0.012320,0.009408,0.010432,0.001248,1,4,48,4,1
1870,0.126600,0.133600,0.005200,0.028600,0.029500,0.060000,0.003300,0.036960,0.011200,0.009760,0.010336,0.001248,1,4,48,4,1
1871,0.120500,0.140300,0.005200,0.028600,0.023700,0.060300,0.002500,0.036672,0.011136,0.009536,0.010336,0.001216,1,4,48,4,1
1872,0.120400,0.133900,0.005100,0.028400,0.023800,0.059700,0.003200,0.038624,0.013696,0.009632,0.010304,0.001216,1,4,48,4,1
1873,0.119000,0.133800,0.005200,0.028000,0.023700,0.058700,0.003200,0.036800,0.012224,0.009600,0.010496,0.001248,1,4,48,4,1
1874,0.121200,0.132400,0.005000,0.028400,0.023900,0.060500,0.003200,0.036800,0.011232,0.009568,0.010432,0.001184,1,4,48,4,1
1875,0.121200,0.134700,0.005300,0.028500,0.023900,0.059900,0.003300,0.036352,0.011168,0.009280,0.010304,0.001152,1,4,48,4,1
1876,0.119600,0.134900,0.005400,0.028400,0.024000,0.058400,0.003400,0.037056,0.011264,0.009792,0.010368,0.001248,1,4,48,4,1
1877,0.119400,0.133100,0.005200,0.028300,0.023800,0.059300,0.002600,0.036608,0.012288,0.009472,0.010464,0.001216,1,4,48,4,1
1878,0.120100,0.132900,0.005100,0.028300,0.023700,0.059700,0.003200,0.036640,0.011200,0.009504,0.010304,0.001248,1,4,48,4,1
1879,0.118400,0.133600,0.005200,0.028000,0.023200,0.059800,0.002200,0.036832,0.011168,0.009760,0.010272,0.001184,1,4,48,4,1
1880,0.127900,0.131800,0.005300,0.028300,0.023600,0.067300,0.003300,0.038752,0.011104,0.009664,0.010336,0.001248,1,4,48,4,1
1881,0.134800,0.141600,0.005200,0.042000,0.024500,0.060400,0.002500,0.037056,0.011232,0.009824,0.010368,0.001216,1,4,48,4,1
1882,0.121100,0.148500,0.005400,0.028600,0.023600,0.060000,0.003300,0.036896,0.011200,0.009760,0.010304,0.001280,1,4,48,4,1
1883,0.119800,0.134500,0.004900,0.028400,0.023300,0.059800,0.003300,0.038880,0.011232,0.009632,0.010464,0.001216,1,4,48,4,1
1884,0.120800,0.133400,0.005200,0.028400,0.024300,0.059600,0.003200,0.038784,0.011232,0.009696,0.010336,0.001152,1,4,48,4,1
1885,0.120000,0.134200,0.004900,0.028200,0.023700,0.059700,0.003200,0.036704,0.011232,0.009632,0.010368,0.001184,1,4,48,4,1
1886,0.117600,0.133600,0.005100,0.028300,0.023500,0.058200,0.002500,0.036896,0.013664,0.009792,0.010400,0.001216,1,4,48,4,1
1887,0.120000,0.131200,0.005300,0.028500,0.023600,0.059200,0.003200,0.037312,0.011168,0.009632,0.010272,0.001248,1,4,48,4,1
1888,0.123500,0.133600,0.005000,0.028700,0.023600,0.062800,0.003200,0.036736,0.011200,0.009632,0.010272,0.001216,1,4,48,4,1
1889,0.120100,0.136900,0.004900,0.028300,0.024200,0.059500,0.003100,0.038304,0.013696,0.009536,0.010336,0.001216,1,4,48,4,1
1890,0.120500,0.133800,0.005300,0.028500,0.023500,0.059900,0.003200,0.038944,0.013728,0.009760,0.010304,0.001216,1,4,48,4,1
1891,0.120100,0.134200,0.004900,0.028300,0.023800,0.059700,0.003300,0.036928,0.012288,0.009664,0.010464,0.001280,1,4,48,4,1
1892,0.155400,0.133700,0.005000,0.028500,0.024000,0.093200,0.004400,0.038336,0.011200,0.009600,0.010272,0.001248,1,4,48,4,1
1893,0.122900,0.169200,0.005500,0.029300,0.024300,0.060400,0.003100,0.038400,0.011264,0.009504,0.010400,0.001216,1,4,48,4,1
1894,0.121300,0.136300,0.005600,0.028600,0.023800,0.059800,0.003300,0.036896,0.011168,0.009728,0.010400,0.001248,1,4,48,4,1
1895,0.129500,0.134800,0.005000,0.034600,0.024100,0.063000,0.002600,0.036704,0.011168,0.009632,0.010304,0.001216,1,4,48,4,1
1896,0.119800,0.143200,0.005100,0.028600,0.024300,0.058400,0.003400,0.036768,0.013696,0.009600,0.010432,0.001280,1,4,48,4,1
1897,0.118000,0.133600,0.005000,0.028600,0.023900,0.058100,0.002300,0.036608,0.011168,0.009536,0.010400,0.001216,1,4,48,4,1
1898,0.119200,0.131800,0.004900,0.028400,0.023300,0.060100,0.002500,0.037312,0.011168,0.009600,0.010336,0.001216,1,4,48,4,1
1899,0.118000,0.132700,0.005200,0.028600,0.023600,0.058200,0.002300,0.037472,0.011104,0.009728,0.010432,0.001216,1,4,48,4,1
1900,0.130000,0.131500,0.004700,0.028300,0.028300,0.065300,0.003300,0.037728,0.011296,0.009568,0.010336,0.001248,1,4,48,4,1
1901,0.120300,0.143400,0.005000,0.028700,0.023500,0.059500,0.003200,0.038816,0.011232,0.009600,0.010464,0.001216,1,4,48,4,1
1902,0.120400,0.133700,0.004900,0.028100,0.024200,0.059700,0.003200,0.038880,0.011168,0.009696,0.010432,0.001216,1,4,48,4,1
1903,0.123100,0.133700,0.005100,0.032100,0.023300,0.059100,0.003300,0.036768,0.011232,0.009600,0.010400,0.001184,1,4,48,4,1
1904,0.120200,0.136600,0.005300,0.028300,0.023800,0.059500,0.003300,0.036800,0.011168,0.009696,0.010368,0.001216,1,4,48,4,1
1905,0.120000,0.133600,0.005200,0.028400,0.023000,0.060000,0.003200,0.036832,0.011200,0.009536,0.010464,0.001248,1,4,48,4,1
1906,0.120700,0.133700,0.005200,0.028300,0.023900,0.060000,0.003300,0.036832,0.011200,0.009664,0.010400,0.001184,1,4,48,4,1
1907,0.119900,0.134300,0.005300,0.028100,0.023400,0.059500,0.003200,0.036960,0.011168,0.009760,0.010400,0.001248,1,4,48,4,1
1908,0.120500,0.133200,0.005200,0.028300,0.023700,0.059600,0.003400,0.037024,0.011200,0.009728,0.010432,0.001184,1,4,48,4,1
1909,0.151300,0.134000,0.005400,0.028600,0.032100,0.082600,0.002600,0.036576,0.010944,0.009632,0.010240,0.001216,1,4,48,4,1
1910,0.122600,0.165400,0.005300,0.030600,0.026800,0.057700,0.001900,0.036960,0.011200,0.009824,0.010336,0.001216,1,4,48,4,1
1911,0.192600,0.136000,0.005300,0.028700,0.023700,0.067600,0.067300,0.037568,0.011264,0.009696,0.010208,0.001280,1,4,48,4,1
1912,0.134300,0.206700,0.005600,0.030200,0.023100,0.071700,0.003500,0.038784,0.011264,0.009568,0.010400,0.001280,1,4,48,4,1
1913,0.127500,0.147900,0.005000,0.028500,0.028000,0.062700,0.003200,0.037728,0.011168,0.009600,0.010400,0.001248,1,4,48,4,1
1914,0.121100,0.141300,0.005100,0.028600,0.024000,0.059900,0.003200,0.038688,0.011200,0.009504,0.010432,0.001216,1,4,48,4,1
1915,0.119800,0.134800,0.005100,0.028500,0.023600,0.059300,0.003300,0.036640,0.011168,0.009600,0.010304,0.001248,1,4,48,4,1
1916,0.118800,0.133600,0.005000,0.028600,0.023600,0.058600,0.002700,0.036768,0.013696,0.009728,0.010400,0.001184,1,4,48,4,1
1917,0.123700,0.132400,0.005200,0.028500,0.028100,0.059500,0.002400,0.037632,0.010816,0.009824,0.010336,0.001184,1,4,48,4,1
1918,0.118000,0.137300,0.005300,0.028200,0.023700,0.057400,0.003100,0.036736,0.013664,0.009632,0.010432,0.001248,1,4,48,4,1
1919,0.118500,0.131400,0.005300,0.028100,0.023300,0.058400,0.003100,0.037568,0.011232,0.009632,0.010304,0.001248,1,4,48,4,1
1920,0.120000,0.131800,0.005100,0.028300,0.023500,0.059700,0.003200,0.038720,0.013728,0.009600,0.010336,0.001248,1,4,48,4,1
1921,0.192100,0.133500,0.005700,0.029600,0.029800,0.122000,0.004800,0.038688,0.011232,0.009600,0.010368,0.001248,1,4,48,4,1
1922,0.167400,0.212300,0.007300,0.041100,0.033800,0.080800,0.004300,0.037312,0.011200,0.009728,0.010336,0.001184,1,4,48,4,1
1923,0.157100,0.185000,0.007100,0.036300,0.030300,0.079400,0.004000,0.038144,0.013696,0.009568,0.010272,0.001248,1,4,48,4,1
1924,0.156100,0.174400,0.006300,0.035200,0.029700,0.073000,0.011600,0.036736,0.011200,0.009728,0.010272,0.001184,1,4,48,4,1
1925,0.163000,0.172600,0.006200,0.035100,0.029300,0.082600,0.009600,0.038464,0.013664,0.009312,0.010400,0.001216,1,4,48,4,1
1926,0.141300,0.178300,0.005900,0.037200,0.029000,0.065700,0.003400,0.036672,0.013664,0.009696,0.010368,0.001184,1,4,48,4,1
1927,0.124200,0.155100,0.005500,0.029800,0.024600,0.060900,0.003300,0.036640,0.011168,0.009536,0.010336,0.001184,1,4,48,4,1
1928,0.121800,0.138000,0.005100,0.028500,0.024000,0.060700,0.003200,0.036928,0.011232,0.009664,0.010368,0.001280,1,4,48,4,1
1929,0.122300,0.135500,0.005200,0.028600,0.024300,0.060900,0.003200,0.038752,0.011232,0.009536,0.010400,0.001248,1,4,48,4,1
1930,0.122500,0.139900,0.005400,0.028600,0.024400,0.060400,0.003400,0.036800,0.012224,0.009664,0.010400,0.001280,1,4,48,4,1
1931,0.122200,0.136200,0.005200,0.028800,0.024000,0.061000,0.003200,0.036704,0.011200,0.009536,0.010336,0.001184,1,4,48,4,1
1932,0.121900,0.135800,0.005200,0.028800,0.023800,0.060800,0.003200,0.038816,0.011296,0.009600,0.010400,0.001248,1,4,48,4,1
1933,0.121900,0.135700,0.005400,0.028800,0.024200,0.060500,0.002700,0.036544,0.011104,0.009408,0.010368,0.001248,1,4,48,4,1
1934,0.142300,0.135800,0.005100,0.029300,0.024300,0.077400,0.005800,0.037376,0.011104,0.009632,0.010304,0.001280,1,4,48,4,1
1935,0.183600,0.161500,0.007400,0.045700,0.035600,0.089500,0.005400,0.036736,0.013664,0.009696,0.010400,0.001184,1,4,48,4,1
1936,0.155300,0.201200,0.006000,0.035800,0.030200,0.074400,0.008600,0.036704,0.012256,0.009536,0.010432,0.001248,1,4,48,4,1
1937,0.152400,0.172100,0.005900,0.035200,0.029700,0.078600,0.002700,0.036704,0.011136,0.009632,0.010336,0.001216,1,4,48,4,1
1938,0.154400,0.169100,0.005900,0.035300,0.029100,0.073800,0.010000,0.038880,0.013696,0.009792,0.010272,0.001184,1,4,48,4,1
1939,0.151800,0.171300,0.005700,0.034800,0.029100,0.073600,0.008400,0.036672,0.012192,0.009728,0.010336,0.001216,1,4,48,4,1
1940,0.152200,0.168700,0.006000,0.035400,0.029100,0.073100,0.008500,0.036736,0.011168,0.009536,0.010368,0.001216,1,4,48,4,1
1941,0.144900,0.169200,0.006100,0.034800,0.028300,0.072300,0.003000,0.036640,0.011136,0.009536,0.010336,0.001248,1,4,48,4,1
1942,0.149800,0.161700,0.006000,0.034900,0.028700,0.076200,0.003900,0.037024,0.011200,0.009824,0.010368,0.001216,1,4,48,4,1
1943,0.143900,0.166400,0.005700,0.034000,0.028300,0.071800,0.003900,0.036928,0.011200,0.009632,0.010400,0.001280,1,4,48,4,1
1944,0.145700,0.160600,0.005800,0.034400,0.028700,0.072700,0.004000,0.036832,0.011264,0.009696,0.010272,0.001184,1,4,48,4,1
1945,0.141700,0.176500,0.006300,0.036200,0.029900,0.065800,0.003400,0.036864,0.012192,0.009792,0.010400,0.001216,1,4,48,4,1
1946,0.121100,0.155700,0.005300,0.029000,0.024600,0.059500,0.002300,0.036736,0.013792,0.009472,0.010464,0.001280,1,4,48,4,1
1947,0.120100,0.134700,0.005500,0.028400,0.024500,0.059300,0.002300,0.036576,0.013696,0.009504,0.010400,0.001216,1,4,48,4,1
1948,0.152300,0.133600,0.005500,0.028600,0.027700,0.086800,0.003600,0.037760,0.011168,0.009728,0.010528,0.001280,1,4,48,4,1
1949,0.114800,0.165900,0.005300,0.029000,0.022300,0.056100,0.001900,0.038528,0.011232,0.009792,0.010368,0.001216,1,4,48,4,1
1950,0.181000,0.128000,0.005200,0.028400,0.025800,0.065000,0.056500,0.037696,0.011168,0.009824,0.010336,0.001216,1,4,48,4,1
1951,0.137900,0.195000,0.005500,0.030100,0.023200,0.073600,0.005400,0.038816,0.013760,0.009536,0.010304,0.001280,1,4,48,4,1
1952,0.122500,0.151300,0.005000,0.028500,0.022000,0.063600,0.003400,0.037376,0.011136,0.009600,0.010240,0.001216,1,4,48,4,1
1953,0.121800,0.136000,0.005200,0.028200,0.025900,0.060100,0.002300,0.036736,0.011232,0.009568,0.010336,0.001248,1,4,48,4,1
1954,0.123700,0.135600,0.005100,0.028600,0.024900,0.061600,0.003100,0.037440,0.012288,0.009632,0.010368,0.001216,1,4,48,4,1
1955,0.134600,0.137100,0.005100,0.028100,0.023900,0.064700,0.012700,0.036864,0.012224,0.009696,0.010464,0.001248,1,4,48,4,1
1956,0.122300,0.148200,0.005200,0.028800,0.024200,0.060700,0.003200,0.036832,0.011264,0.009664,0.010336,0.001216,1,4,48,4,1
1957,0.121700,0.135900,0.005100,0.028400,0.023900,0.061000,0.003300,0.036640,0.011168,0.009568,0.010304,0.001248,1,4,48,4,1
1958,0.121700,0.135400,0.005300,0.028600,0.024100,0.059600,0.003700,0.038624,0.011264,0.009664,0.010336,0.001312,1,4,48,4,1
1959,0.120900,0.135400,0.005500,0.028700,0.023900,0.059400,0.003300,0.036608,0.011200,0.009536,0.010272,0.001184,1,4,48,4,1
1960,0.120900,0.134600,0.005300,0.028500,0.023800,0.061200,0.002100,0.038784,0.013664,0.009664,0.010304,0.001248,1,4,48,4,1
1961,0.130600,0.134500,0.005000,0.028600,0.034500,0.060500,0.001900,0.037856,0.010880,0.009664,0.010272,0.001184,1,4,48,4,1
1962,0.122700,0.144300,0.004900,0.028300,0.024300,0.061900,0.003300,0.038944,0.011200,0.009888,0.010304,0.001216,1,4,48,4,1
1963,0.132000,0.136500,0.005100,0.032500,0.030800,0.061000,0.002200,0.036704,0.011168,0.009568,0.010336,0.001248,1,4,48,4,1
1964,0.120800,0.145700,0.005400,0.029200,0.023800,0.060000,0.002400,0.039072,0.011264,0.009824,0.010432,0.001248,1,4,48,4,1
1965,0.121000,0.134400,0.005100,0.028500,0.024000,0.060600,0.002500,0.036512,0.011168,0.009408,0.010336,0.001184,1,4,48,4,1
1966,0.120400,0.135000,0.005500,0.028500,0.024000,0.060000,0.002300,0.036672,0.011136,0.009632,0.010304,0.001184,1,4,48,4,1
1967,0.119800,0.134200,0.005500,0.028400,0.024000,0.058300,0.003500,0.036672,0.013728,0.009536,0.010400,0.001248,1,4,48,4,1
1968,0.118400,0.133700,0.005300,0.028200,0.023400,0.058600,0.002700,0.036864,0.013696,0.009760,0.010400,0.001248,1,4,48,4,1
1969,0.119600,0.132100,0.005100,0.028400,0.022400,0.059800,0.003600,0.038848,0.011136,0.009696,0.010336,0.001216,1,4,48,4,1
1970,0.125700,0.133300,0.005200,0.028800,0.026200,0.061900,0.003400,0.037792,0.012000,0.009568,0.010432,0.001248,1,4,48,4,1
1971,0.122700,0.139500,0.005300,0.029000,0.025700,0.060500,0.002200,0.038080,0.011040,0.009440,0.010432,0.001248,1,4,48,4,1
1972,0.120300,0.136300,0.005300,0.028700,0.023000,0.059800,0.003200,0.036800,0.013792,0.009632,0.010336,0.001248,1,4,48,4,1
1973,0.120700,0.134400,0.005400,0.028800,0.023600,0.059700,0.003200,0.036960,0.011264,0.009696,0.010400,0.001216,1,4,48,4,1
1974,0.120700,0.134400,0.005300,0.028700,0.023800,0.059600,0.003200,0.036768,0.013696,0.009632,0.010400,0.001280,1,4,48,4,1
1975,0.121200,0.134400,0.005000,0.028900,0.023700,0.060400,0.003200,0.036768,0.011168,0.009632,0.010304,0.001248,1,4,48,4,1
1976,0.122200,0.134700,0.005200,0.028600,0.024000,0.061200,0.003200,0.036864,0.013600,0.009728,0.010496,0.001280,1,4,48,4,1
1977,0.121800,0.135900,0.005500,0.028500,0.023800,0.060700,0.003200,0.038720,0.013728,0.009568,0.010304,0.001216,1,4,48,4,1
1978,0.157900,0.135400,0.004900,0.045300,0.031500,0.072400,0.003600,0.037472,0.011232,0.009696,0.010336,0.001184,1,4,48,4,1
1979,0.130800,0.174400,0.005600,0.032700,0.025600,0.063400,0.003300,0.036768,0.011264,0.009536,0.010336,0.001248,1,4,48,4,1
1980,0.124500,0.145000,0.005200,0.029800,0.024500,0.061600,0.003200,0.036800,0.011200,0.009664,0.010368,0.001184,1,4,48,4,1
1981,0.122400,0.138400,0.005300,0.029100,0.024000,0.060800,0.003100,0.036832,0.012256,0.009696,0.010368,0.001216,1,4,48,4,1
1982,0.121900,0.136300,0.005600,0.028900,0.024100,0.060100,0.003100,0.036736,0.012256,0.009632,0.010304,0.001280,1,4,48,4,1
1983,0.123100,0.135700,0.005200,0.029100,0.024100,0.061100,0.003500,0.036832,0.011168,0.009728,0.010304,0.001184,1,4,48,4,1
1984,0.120100,0.136800,0.005600,0.028900,0.024300,0.058400,0.002700,0.036672,0.013664,0.009600,0.010400,0.001248,1,4,48,4,1
1985,0.123300,0.133800,0.005400,0.028900,0.026700,0.058800,0.003300,0.036640,0.013696,0.009536,0.010368,0.001248,1,4,48,4,1
1986,0.121100,0.137000,0.004800,0.028800,0.024200,0.059600,0.003500,0.036800,0.013728,0.009696,0.010432,0.001216,1,4,48,4,1
1987,0.120500,0.134700,0.005300,0.029100,0.023900,0.059800,0.002300,0.036576,0.012192,0.009600,0.010336,0.001216,1,4,48,4,1
1988,0.120100,0.134100,0.005300,0.028500,0.024100,0.059600,0.002400,0.036864,0.011264,0.009728,0.010304,0.001248,1,4,48,4,1
1989,0.119300,0.133800,0.005500,0.028700,0.023900,0.059000,0.002100,0.036736,0.013728,0.009600,0.010432,0.001216,1,4,48,4,1
1990,0.151800,0.133000,0.005000,0.028400,0.022900,0.083200,0.012200,0.037504,0.011136,0.009568,0.010336,0.001216,1,4,48,4,1
1991,0.157900,0.166000,0.005300,0.029600,0.024200,0.097000,0.001700,0.037760,0.010848,0.009568,0.010400,0.001184,1,4,48,4,1
1992,0.116000,0.171700,0.005400,0.028800,0.022000,0.057500,0.002100,0.037376,0.011008,0.009888,0.010304,0.001216,1,4,48,4,1
1993,0.157600,0.129900,0.005100,0.028300,0.031800,0.055400,0.036900,0.037760,0.010848,0.009728,0.010272,0.001152,1,4,48,4,1
1994,0.140500,0.171800,0.005900,0.030200,0.023100,0.077600,0.003600,0.037472,0.010816,0.009632,0.010336,0.001248,1,4,48,4,1
1995,0.133600,0.154100,0.005300,0.028900,0.033300,0.062700,0.003300,0.038208,0.011168,0.009632,0.010304,0.001248,1,4,48,4,1
1996,0.152400,0.147300,0.030700,0.028900,0.030200,0.060100,0.002400,0.037152,0.011232,0.009792,0.010304,0.001280,1,4,48,4,1
1997,0.136800,0.166200,0.005200,0.029100,0.024200,0.074600,0.003700,0.038592,0.013664,0.009472,0.010336,0.001248,1,4,48,4,1
1998,0.120900,0.151000,0.005100,0.029300,0.024300,0.058600,0.003400,0.037056,0.011168,0.009632,0.010272,0.001184,1,4,48,4,1
1999,0.152200,0.134400,0.004900,0.028600,0.027300,0.077700,0.013500,0.036768,0.011136,0.009728,0.010304,0.001152,1,4,48,4,1
2000,0.127400,0.166000,0.005200,0.029100,0.024200,0.065500,0.003400,0.036896,0.013792,0.009632,0.010432,0.001280,1,4,48,4,1
2001,0.121100,0.141000,0.005300,0.028900,0.024700,0.060100,0.001900,0.037088,0.011168,0.009312,0.010496,0.001248,1,4,48,4,1
2002,0.122400,0.134700,0.005500,0.028900,0.024300,0.060200,0.003400,0.036928,0.013728,0.009792,0.010368,0.001248,1,4,48,4,1
2003,0.119700,0.135900,0.005300,0.028700,0.024100,0.059200,0.002100,0.036800,0.012160,0.009664,0.010464,0.001248,1,4,48,4,1
2004,0.120400,0.133400,0.005000,0.028500,0.023700,0.060300,0.002800,0.036640,0.011200,0.009536,0.010336,0.001216,1,4,48,4,1
2005,0.120800,0.134000,0.004800,0.028500,0.023900,0.059900,0.003500,0.036672,0.013760,0.009632,0.010368,0.001184,1,4,48,4,1
2006,0.126800,0.140200,0.005200,0.029400,0.024500,0.065100,0.002300,0.037408,0.011232,0.009632,0.010336,0.001280,1,4,48,4,1
2007,0.121400,0.140600,0.005100,0.028800,0.024300,0.059500,0.003500,0.036768,0.013696,0.009600,0.010432,0.001280,1,4,48,4,1
2008,0.119600,0.135000,0.005100,0.028500,0.023800,0.059700,0.002400,0.036704,0.011168,0.009632,0.010336,0.001184,1,4,48,4,1
2009,0.121200,0.133300,0.005000,0.028800,0.024000,0.059700,0.003500,0.036704,0.013728,0.009568,0.010432,0.001216,1,4,48,4,1
2010,0.126800,0.134900,0.005500,0.028900,0.028900,0.060700,0.002700,0.037792,0.011232,0.009664,0.010304,0.001216,1,4,48,4,1
2011,0.120500,0.140400,0.005000,0.028800,0.024200,0.058700,0.003800,0.037056,0.011168,0.009504,0.010272,0.001248,1,4,48,4,1
2012,0.123100,0.134300,0.005000,0.028800,0.024500,0.062000,0.002600,0.038304,0.005568,0.009728,0.010272,0.001184,1,4,48,4,1
2013,0.121700,0.136700,0.005300,0.028700,0.025100,0.059100,0.003200,0.036608,0.011136,0.009440,0.010368,0.001248,1,4,48,4,1
2014,0.119600,0.135300,0.005200,0.028800,0.024100,0.058100,0.003100,0.036896,0.013760,0.009696,0.010432,0.001248,1,4,48,4,1
2015,0.120800,0.133300,0.005500,0.028500,0.023500,0.059700,0.003400,0.036704,0.012224,0.009568,0.010432,0.001216,1,4,48,4,1
2016,0.121900,0.134300,0.004900,0.029400,0.023900,0.060400,0.003200,0.038912,0.013664,0.009824,0.010272,0.001216,1,4,48,4,1
2017,0.138700,0.135500,0.021900,0.028500,0.023800,0.061300,0.003200,0.036704,0.011168,0.009600,0.010272,0.001216,1,4,48,4,1
2018,0.122300,0.152400,0.005000,0.028900,0.024300,0.060800,0.003200,0.038400,0.013664,0.009792,0.010304,0.001184,1,4,48,4,1
2019,0.121900,0.135700,0.005000,0.028800,0.024000,0.060800,0.003200,0.036672,0.011200,0.009600,0.010272,0.001184,1,4,48,4,1
2020,0.142700,0.135500,0.005600,0.028700,0.030900,0.067100,0.010300,0.036704,0.011168,0.009632,0.010272,0.001248,1,4,48,4,1
2021,0.122000,0.157000,0.005100,0.028800,0.024100,0.060400,0.003400,0.036736,0.011200,0.009632,0.010336,0.001152,1,4,48,4,1
2022,0.120100,0.135500,0.004900,0.028900,0.023800,0.059500,0.002800,0.037344,0.010912,0.009600,0.010304,0.001280,1,4,48,4,1
2023,0.122500,0.133700,0.005000,0.028700,0.025100,0.060300,0.003300,0.036704,0.013728,0.009696,0.010400,0.001248,1,4,48,4,1
2024,0.120800,0.136100,0.005400,0.028900,0.023800,0.060000,0.002600,0.036800,0.011200,0.009696,0.010336,0.001184,1,4,48,4,1
2025,0.227100,0.134400,0.005500,0.028800,0.085400,0.105100,0.002200,0.037760,0.010848,0.009568,0.010304,0.001216,1,4,48,4,1
2026,0.131500,0.242800,0.005700,0.032900,0.026200,0.063100,0.003500,0.037216,0.011168,0.009792,0.010336,0.001216,1,4,48,4,1
2027,0.123200,0.145700,0.005700,0.029100,0.024300,0.060700,0.003300,0.038432,0.011232,0.009600,0.010368,0.001216,1,4,48,4,1
2028,0.122400,0.136900,0.005100,0.028800,0.024400,0.060800,0.003300,0.036704,0.011136,0.009664,0.010272,0.001216,1,4,48,4,1
2029,0.121800,0.136100,0.005300,0.028800,0.024300,0.060100,0.003200,0.036608,0.011200,0.009536,0.010368,0.001216,1,4,48,4,1
2030,0.121800,0.135500,0.005100,0.028500,0.023800,0.061100,0.003100,0.036640,0.011232,0.009664,0.010272,0.001152,1,4,48,4,1
2031,0.121000,0.135400,0.005100,0.028300,0.024000,0.060300,0.003300,0.036736,0.011168,0.009664,0.010272,0.001216,1,4,48,4,1
2032,0.120900,0.134800,0.005200,0.028700,0.024400,0.059900,0.002600,0.036864,0.013696,0.009760,0.010400,0.001248,1,4,48,4,1
2033,0.279400,0.134500,0.005100,0.028800,0.136200,0.104100,0.005200,0.036704,0.013664,0.009632,0.010368,0.001248,1,4,48,4,1
2034,0.182400,0.295500,0.005900,0.047300,0.027300,0.096800,0.005000,0.036736,0.013728,0.009600,0.010432,0.001248,1,4,48,4,1
2035,0.160100,0.197300,0.005400,0.032600,0.026300,0.091900,0.003900,0.036480,0.011168,0.009504,0.010240,0.001216,1,4,48,4,1
2036,0.157500,0.174600,0.005300,0.031400,0.025300,0.091500,0.003900,0.036960,0.011232,0.009696,0.010432,0.001216,1,4,48,4,1
2037,0.158200,0.172100,0.005400,0.031800,0.025400,0.091900,0.003600,0.036672,0.011200,0.009568,0.010368,0.001184,1,4,48,4,1
2038,0.165700,0.172600,0.005300,0.031200,0.025300,0.100700,0.002900,0.036800,0.011104,0.009728,0.010336,0.001248,1,4,48,4,1
2039,0.197200,0.183400,0.006700,0.037900,0.031200,0.117700,0.003600,0.036608,0.011200,0.009440,0.010368,0.001248,1,4,48,4,1
2040,0.188200,0.214800,0.006100,0.036900,0.030700,0.109500,0.005000,0.036832,0.011168,0.009600,0.010400,0.001184,1,4,48,4,1
2041,0.189200,0.205900,0.006300,0.038100,0.030500,0.110400,0.003700,0.036800,0.011232,0.009568,0.010368,0.001216,1,4,48,4,1
2042,0.190200,0.206600,0.006100,0.037800,0.030400,0.110900,0.004800,0.036864,0.011200,0.009760,0.010304,0.001216,1,4,48,4,1
2043,0.178000,0.207800,0.006300,0.037400,0.030600,0.099200,0.004200,0.038656,0.011296,0.009632,0.010400,0.001248,1,4,48,4,1
2044,0.162300,0.192100,0.005400,0.031100,0.025400,0.097900,0.002200,0.039104,0.011264,0.009888,0.010400,0.001216,1,4,48,4,1
2045,0.138300,0.178600,0.005800,0.034000,0.027100,0.067800,0.003500,0.038816,0.013728,0.009600,0.010368,0.001216,1,4,48,4,1
2046,0.127200,0.153000,0.005300,0.030600,0.025400,0.062200,0.003600,0.036704,0.011168,0.009600,0.010304,0.001184,1,4,48,4,1
2047,0.123800,0.141400,0.005100,0.029900,0.025000,0.060200,0.003400,0.038688,0.011296,0.009504,0.010400,0.001216,1,4,48,4,1
2048,0.123900,0.138300,0.005200,0.029400,0.024100,0.061800,0.003400,0.036736,0.011232,0.009568,0.010336,0.001248,1,4,48,4,1
2049,0.124100,0.138100,0.005600,0.028900,0.024300,0.061700,0.003300,0.038912,0.011328,0.009568,0.010464,0.001216,1,4,48,4,1
2050,0.124000,0.138000,0.005100,0.029000,0.024400,0.062100,0.003300,0.038880,0.013696,0.009696,0.010272,0.001216,1,4,48,4,1
2051,0.124200,0.137900,0.005300,0.029300,0.024400,0.061800,0.003300,0.036608,0.011200,0.009472,0.010368,0.001184,1,4,48,4,1
2052,0.123000,0.138100,0.005100,0.029000,0.024100,0.061300,0.003400,0.036576,0.012160,0.009600,0.010368,0.001248,1,4,48,4,1
2053,0.122400,0.136900,0.005100,0.029000,0.024000,0.060800,0.003200,0.036640,0.011232,0.009504,0.010304,0.001248,1,4,48,4,1
2054,0.121500,0.136600,0.005300,0.029200,0.024400,0.060300,0.002200,0.037056,0.011168,0.009920,0.010304,0.001280,1,4,48,4,1
2055,0.124200,0.135500,0.005300,0.029100,0.024400,0.061400,0.003600,0.036800,0.011136,0.009728,0.010272,0.001216,1,4,48,4,1
2056,0.122100,0.137800,0.005400,0.028900,0.024400,0.059800,0.003400,0.037984,0.011232,0.009632,0.010304,0.001216,1,4,48,4,1
2057,0.126700,0.141600,0.005500,0.030500,0.025300,0.061900,0.003400,0.036512,0.011200,0.009504,0.010272,0.001184,1,4,48,4,1
2058,0.123300,0.140600,0.005100,0.029000,0.024600,0.061000,0.003300,0.036736,0.011232,0.009600,0.010304,0.001216,1,4,48,4,1
2059,0.121000,0.136900,0.005000,0.028900,0.023700,0.060600,0.002500,0.036992,0.012288,0.009728,0.010496,0.001248,1,4,48,4,1
2060,0.234800,0.134800,0.005200,0.028700,0.024600,0.170500,0.005700,0.036672,0.012224,0.009632,0.010432,0.001216,1,4,48,4,1
2061,0.128400,0.249200,0.005800,0.031300,0.025400,0.062500,0.003300,0.036896,0.011264,0.009728,0.010368,0.001248,1,4,48,4,1
2062,0.123000,0.142200,0.005200,0.029100,0.024300,0.061000,0.003300,0.036800,0.011168,0.009568,0.010368,0.001248,1,4,48,4,1
2063,0.123100,0.136700,0.005600,0.029100,0.024500,0.060300,0.003500,0.038816,0.011232,0.009600,0.010432,0.001216,1,4,48,4,1
2064,0.122100,0.137100,0.005000,0.029000,0.024300,0.060900,0.002500,0.036672,0.011232,0.009536,0.010304,0.001216,1,4,48,4,1
2065,0.120700,0.136000,0.005200,0.029000,0.023900,0.059000,0.003300,0.038592,0.011200,0.009440,0.010400,0.001248,1,4,48,4,1
2066,0.122700,0.134300,0.005300,0.029000,0.024000,0.061000,0.003300,0.036864,0.011200,0.009728,0.010336,0.001248,1,4,48,4,1
2067,0.121800,0.136700,0.005200,0.028600,0.023700,0.060800,0.003300,0.038720,0.011232,0.009536,0.010432,0.001248,1,4,48,4,1
2068,0.122900,0.135400,0.005000,0.029000,0.024300,0.061100,0.003300,0.038720,0.011136,0.009600,0.010432,0.001216,1,4,48,4,1
2069,0.122700,0.136500,0.005200,0.028900,0.023900,0.061400,0.003200,0.038464,0.011200,0.009568,0.010400,0.001216,1,4,48,4,1
2070,0.120800,0.136300,0.005300,0.029000,0.023700,0.059400,0.003200,0.037504,0.011232,0.009664,0.010336,0.001216,1,4,48,4,1
2071,0.166600,0.134500,0.005200,0.029100,0.066300,0.062600,0.003300,0.036704,0.011968,0.009568,0.010432,0.001280,1,4,48,4,1
2072,0.115800,0.180300,0.005000,0.028900,0.021800,0.057900,0.002000,0.037312,0.011168,0.009696,0.010304,0.001248,1,4,48,4,1
2073,0.258500,0.129200,0.005400,0.035300,0.022000,0.190700,0.004800,0.038816,0.013696,0.009600,0.010336,0.001248,1,4,48,4,1
2074,0.148300,0.274800,0.006400,0.038600,0.030900,0.068900,0.003500,0.036704,0.011200,0.009664,0.010272,0.001184,1,4,48,4,1
2075,0.125500,0.162800,0.005300,0.031000,0.024800,0.062100,0.002100,0.036704,0.011136,0.009568,0.010400,0.001216,1,4,48,4,1
2076,0.123900,0.139800,0.005300,0.029600,0.025200,0.060500,0.003200,0.037760,0.011072,0.009888,0.010400,0.001248,1,4,48,4,1
2077,0.123700,0.138200,0.005200,0.029500,0.024600,0.061100,0.003200,0.036896,0.011136,0.009600,0.010368,0.001248,1,4,48,4,1
2078,0.266500,0.137800,0.005100,0.029300,0.024100,0.204300,0.003600,0.036896,0.011168,0.009664,0.010368,0.001312,1,4,48,4,1
2079,0.176800,0.282600,0.006300,0.038900,0.029800,0.099500,0.002200,0.036704,0.011200,0.009632,0.010272,0.001216,1,4,48,4,1
2080,0.165500,0.191700,0.005700,0.032500,0.026600,0.098400,0.002300,0.036896,0.011168,0.009728,0.010368,0.001248,1,4,48,4,1
2081,0.164700,0.180100,0.005200,0.032000,0.026100,0.099000,0.002100,0.039104,0.013824,0.009760,0.010368,0.001216,1,4,48,4,1
2082,0.163500,0.179400,0.005400,0.031900,0.028200,0.093000,0.005000,0.038816,0.011200,0.009664,0.010432,0.001248,1,4,48,4,1
2083,0.173000,0.177800,0.005400,0.040900,0.025400,0.096200,0.005000,0.038816,0.011264,0.009536,0.010432,0.001248,1,4,48,4,1
2084,0.161100,0.187600,0.005300,0.031600,0.025300,0.094200,0.004400,0.037056,0.012288,0.009888,0.010400,0.001216,1,4,48,4,1
2085,0.159600,0.175500,0.005600,0.031300,0.025800,0.094500,0.002100,0.038592,0.011232,0.009440,0.010400,0.001216,1,4,48,4,1
2086,0.155400,0.173900,0.005600,0.031200,0.025100,0.090000,0.003400,0.036896,0.011200,0.009728,0.010432,0.001184,1,4,48,4,1
2087,0.156600,0.170000,0.005500,0.031200,0.025400,0.091100,0.003400,0.036544,0.011168,0.009440,0.010464,0.001248,1,4,48,4,1
2088,0.155300,0.171000,0.005600,0.031100,0.025300,0.090000,0.003200,0.036896,0.011136,0.009792,0.010272,0.001216,1,4,48,4,1
2089,0.161900,0.169600,0.005200,0.031100,0.025300,0.096000,0.004300,0.036672,0.012128,0.009600,0.010464,0.001184,1,4,48,4,1
2090,0.161400,0.176200,0.005400,0.031200,0.025300,0.097300,0.002100,0.038464,0.011200,0.009600,0.010336,0.001248,1,4,48,4,1
2091,0.203200,0.175600,0.005500,0.031500,0.025600,0.137500,0.003000,0.036768,0.011232,0.009632,0.010368,0.001184,1,4,48,4,1
2092,0.145500,0.219300,0.006300,0.038400,0.029700,0.067600,0.003400,0.036864,0.011200,0.009728,0.010272,0.001216,1,4,48,4,1
2093,0.130300,0.159800,0.005500,0.030000,0.025200,0.066000,0.003400,0.036608,0.011200,0.009408,0.010400,0.001184,1,4,48,4,1
2094,0.125200,0.144100,0.005200,0.029400,0.024700,0.062200,0.003300,0.036736,0.011168,0.009568,0.010304,0.001248,1,4,48,4,1
2095,0.122100,0.138800,0.005100,0.029400,0.025000,0.060100,0.002300,0.036992,0.011168,0.009760,0.010368,0.001248,1,4,48,4,1
2096,0.121000,0.136100,0.005200,0.029400,0.024400,0.059600,0.002200,0.036928,0.011136,0.009888,0.010304,0.001216,1,4,48,4,1
2097,0.126100,0.134900,0.005400,0.029400,0.025000,0.061100,0.005100,0.036928,0.013728,0.009824,0.010368,0.001248,1,4,48,4,1
2098,0.122100,0.140900,0.005200,0.029300,0.024500,0.059400,0.003400,0.036640,0.011200,0.009536,0.010336,0.001184,1,4,48,4,1
2099,0.123500,0.135900,0.005400,0.029300,0.024700,0.060600,0.003300,0.037152,0.011232,0.009984,0.010368,0.001216,1,4,48,4,1
2100,0.132200,0.137400,0.005500,0.030000,0.024100,0.069300,0.003300,0.036800,0.011200,0.009792,0.010304,0.001216,1,4,48,4,1
2101,0.124300,0.146000,0.005200,0.029400,0.024500,0.061700,0.003300,0.036672,0.011168,0.009536,0.010336,0.001216,1,4,48,4,1
2102,0.122200,0.138200,0.004900,0.029600,0.024100,0.060800,0.002500,0.036960,0.011360,0.009664,0.010368,0.001184,1,4,48,4,1
2103,0.123000,0.135900,0.005400,0.029200,0.024400,0.061100,0.002600,0.038592,0.013760,0.009504,0.010304,0.001184,1,4,48,4,1
2104,0.131500,0.136900,0.005400,0.036200,0.025300,0.061200,0.003200,0.038784,0.011232,0.009696,0.010368,0.001184,1,4,48,4,1
2105,0.123400,0.146000,0.005500,0.029300,0.024500,0.061300,0.002500,0.036608,0.012256,0.009504,0.010400,0.001216,1,4,48,4,1
2106,0.123600,0.137100,0.005300,0.029400,0.023800,0.061300,0.003400,0.038688,0.011200,0.009600,0.010400,0.001248,1,4,48,4,1
2107,0.123700,0.137200,0.005400,0.029300,0.024200,0.061200,0.003400,0.038912,0.011264,0.009696,0.010432,0.001248,1,4,48,4,1
2108,0.168500,0.137600,0.005600,0.029200,0.023800,0.107800,0.002000,0.037408,0.010848,0.009728,0.010208,0.001216,1,4,48,4,1
2109,0.117400,0.182400,0.005800,0.029300,0.021800,0.058400,0.002000,0.037248,0.010880,0.009760,0.010240,0.001216,1,4,48,4,1
2110,0.180000,0.131000,0.005400,0.028600,0.026000,0.056900,0.062800,0.038528,0.011168,0.009792,0.010240,0.001280,1,4,48,4,1
2111,0.141200,0.194200,0.005500,0.031200,0.023400,0.076500,0.004400,0.036608,0.013632,0.009600,0.010400,0.001216,1,4,48,4,1
2112,0.136400,0.155100,0.005400,0.029700,0.030600,0.067200,0.003300,0.038528,0.011296,0.009536,0.010368,0.001248,1,4,48,4,1
2113,0.141700,0.150400,0.005300,0.036000,0.025900,0.070000,0.004400,0.038816,0.011264,0.009568,0.010464,0.001184,1,4,48,4,1
2114,0.129000,0.156700,0.006600,0.029300,0.028600,0.060600,0.003500,0.036928,0.013664,0.009824,0.010432,0.001248,1,4,48,4,1
2115,0.122800,0.143200,0.005500,0.029300,0.024500,0.060000,0.003300,0.036672,0.013632,0.009632,0.010400,0.001248,1,4,48,4,1
2116,0.122100,0.136800,0.005500,0.029200,0.024400,0.059400,0.003300,0.036768,0.011232,0.009632,0.010368,0.001216,1,4,48,4,1
2117,0.123900,0.135900,0.005600,0.029200,0.024500,0.061300,0.003200,0.036800,0.013696,0.009696,0.010400,0.001248,1,4,48,4,1
2118,0.123500,0.137600,0.005100,0.029200,0.024300,0.061400,0.003300,0.039008,0.011136,0.009952,0.010368,0.001216,1,4,48,4,1
2119,0.123900,0.137200,0.005700,0.029100,0.024500,0.061300,0.003200,0.036832,0.011168,0.009664,0.010336,0.001248,1,4,48,4,1
2120,0.123200,0.137800,0.005300,0.028900,0.024100,0.061500,0.003300,0.036800,0.011168,0.009696,0.010336,0.001216,1,4,48,4,1
2121,0.122900,0.137000,0.005600,0.029500,0.024800,0.060700,0.002200,0.037536,0.011136,0.009760,0.010336,0.001184,1,4,48,4,1
2122,0.122300,0.136800,0.005100,0.029000,0.024300,0.060500,0.003300,0.036800,0.011232,0.009664,0.010272,0.001216,1,4,48,4,1
2123,0.161300,0.136000,0.005100,0.040000,0.031600,0.081700,0.002600,0.037856,0.010912,0.009600,0.010368,0.001248,1,4,48,4,1
2124,0.131100,0.176600,0.005900,0.032600,0.025900,0.062800,0.003400,0.037568,0.011104,0.009792,0.010336,0.001280,1,4,48,4,1
2125,0.123000,0.145400,0.005500,0.029400,0.025100,0.060100,0.002700,0.036704,0.013760,0.009600,0.010368,0.001184,1,4,48,4,1
2126,0.124100,0.137000,0.005500,0.029100,0.024700,0.061200,0.003300,0.036736,0.011232,0.009504,0.010400,0.001248,1,4,48,4,1
2127,0.123800,0.137900,0.005500,0.029100,0.024400,0.061100,0.003300,0.036736,0.012320,0.009568,0.010432,0.001152,1,4,48,4,1
2128,0.127100,0.137600,0.005600,0.029000,0.024400,0.064600,0.003300,0.036928,0.011168,0.009792,0.010368,0.001248,1,4,48,4,1
2129,0.123200,0.141100,0.005300,0.029300,0.024400,0.060800,0.003300,0.036544,0.011136,0.009472,0.010368,0.001216,1,4,48,4,1
2130,0.122600,0.137000,0.005700,0.028900,0.024000,0.060700,0.003200,0.038624,0.013696,0.009600,0.010336,0.001248,1,4,48,4,1
2131,0.123500,0.136600,0.005400,0.029400,0.024200,0.061000,0.003300,0.036640,0.012288,0.009440,0.010496,0.001184,1,4,48,4,1
2132,0.122800,0.137300,0.005100,0.029300,0.024100,0.061000,0.003300,0.036768,0.011200,0.009632,0.010336,0.001216,1,4,48,4,1
2133,0.123800,0.137300,0.005300,0.029200,0.024200,0.061700,0.003200,0.036576,0.012224,0.009568,0.010400,0.001184,1,4,48,4,1
2134,0.135600,0.137500,0.005300,0.029200,0.024000,0.073500,0.003400,0.036832,0.011168,0.009696,0.010304,0.001248,1,4,48,4,1
2135,0.124900,0.149600,0.005600,0.029300,0.024300,0.062300,0.003300,0.036800,0.011200,0.009664,0.010304,0.001248,1,4,48,4,1
2136,0.122700,0.138600,0.005500,0.028800,0.024100,0.061000,0.003200,0.036832,0.011168,0.009728,0.010336,0.001216,1,4,48,4,1
2137,0.129000,0.136700,0.005200,0.028900,0.029900,0.061300,0.003300,0.036704,0.011136,0.009536,0.010336,0.001248,1,4,48,4,1
2138,0.121900,0.143100,0.005300,0.029500,0.024100,0.059500,0.003400,0.037024,0.011200,0.009760,0.010432,0.001248,1,4,48,4,1
2139,0.122900,0.135700,0.006000,0.029000,0.024400,0.060900,0.002600,0.036928,0.013760,0.009760,0.010432,0.001216,1,4,48,4,1
2140,0.123400,0.136600,0.005400,0.029100,0.023900,0.061400,0.003400,0.036608,0.012256,0.009536,0.010368,0.001248,1,4,48,4,1
2141,0.120600,0.137300,0.005100,0.028800,0.023600,0.059600,0.003300,0.038656,0.011264,0.009632,0.010432,0.001248,1,4,48,4,1
2142,0.121400,0.134500,0.005100,0.028900,0.024300,0.060300,0.002700,0.036832,0.011200,0.009664,0.010336,0.001216,1,4,48,4,1
2143,0.123800,0.135700,0.005300,0.032700,0.024000,0.059600,0.002000,0.036768,0.011200,0.009696,0.010304,0.001216,1,4,48,4,1
2144,0.124600,0.137600,0.005300,0.028800,0.026300,0.060400,0.003600,0.037568,0.011136,0.009760,0.010464,0.001280,1,4,48,4,1
2145,0.124400,0.138200,0.005400,0.029700,0.024800,0.061700,0.002400,0.036736,0.011168,0.009600,0.010272,0.001248,1,4,48,4,1
2146,0.120900,0.138100,0.005200,0.029200,0.024100,0.059000,0.003300,0.036576,0.012256,0.009472,0.010368,0.001248,1,4,48,4,1
2147,0.125100,0.134600,0.005300,0.029200,0.025200,0.061900,0.003200,0.036864,0.013664,0.009728,0.010496,0.001248,1,4,48,4,1
2148,0.121300,0.139000,0.005300,0.029100,0.024200,0.059400,0.003200,0.036736,0.011200,0.009632,0.010368,0.001184,1,4,48,4,1
2149,0.121200,0.135300,0.005300,0.028900,0.024200,0.059300,0.003300,0.036800,0.012256,0.009600,0.010496,0.001184,1,4,48,4,1
2150,0.122800,0.134900,0.005200,0.029200,0.024200,0.060700,0.003400,0.036832,0.011232,0.009632,0.010368,0.001248,1,4,48,4,1
2151,0.192600,0.136600,0.005400,0.029400,0.021700,0.121500,0.014200,0.038624,0.010912,0.009600,0.010400,0.001248,1,4,48,4,1
2152,0.122300,0.209400,0.006000,0.031500,0.023200,0.059500,0.001900,0.037792,0.010848,0.009696,0.010272,0.001184,1,4,48,4,1
2153,0.276300,0.135800,0.005400,0.028400,0.024300,0.058000,0.160100,0.037600,0.011712,0.009664,0.010464,0.001248,1,4,48,4,1
2154,0.162000,0.292800,0.006500,0.039100,0.029200,0.083500,0.003600,0.037632,0.010656,0.009696,0.010304,0.001248,1,4,48,4,1
2155,0.133700,0.176900,0.005700,0.031000,0.026300,0.067200,0.003300,0.036704,0.011168,0.009632,0.010272,0.001216,1,4,48,4,1
2156,0.124500,0.147800,0.005200,0.029200,0.024700,0.062100,0.003200,0.036896,0.011232,0.009728,0.010336,0.001184,1,4,48,4,1
2157,0.124000,0.138200,0.005200,0.029600,0.024500,0.061200,0.003300,0.036448,0.013696,0.009344,0.010432,0.001216,1,4,48,4,1
2158,0.122800,0.137900,0.005200,0.029400,0.024200,0.060600,0.003200,0.038720,0.011296,0.009664,0.010464,0.001248,1,4,48,4,1
2159,0.122200,0.136500,0.005000,0.028800,0.023800,0.061300,0.003200,0.036800,0.011264,0.009536,0.010336,0.001248,1,4,48,4,1
2160,0.121700,0.135700,0.005500,0.028800,0.023900,0.061400,0.001900,0.036672,0.011168,0.009568,0.010272,0.001248,1,4,48,4,1
2161,0.120900,0.135300,0.004900,0.028600,0.023800,0.060200,0.003200,0.036768,0.012192,0.009664,0.010400,0.001216,1,4,48,4,1
2162,0.120900,0.134600,0.005600,0.028600,0.023500,0.059800,0.003200,0.036736,0.011200,0.009664,0.010208,0.001216,1,4,48,4,1
2163,0.121100,0.137700,0.006400,0.028900,0.024000,0.059700,0.002000,0.037344,0.011232,0.009536,0.010304,0.001248,1,4,48,4,1
2164,0.121100,0.135000,0.005800,0.029200,0.024200,0.059300,0.002400,0.036736,0.011200,0.009664,0.010272,0.001184,1,4,48,4,1
2165,0.120400,0.135100,0.005200,0.029400,0.024100,0.059300,0.002400,0.036704,0.011232,0.009536,0.010304,0.001248,1,4,48,4,1
2166,0.129700,0.134300,0.005100,0.028800,0.030900,0.061600,0.003300,0.036864,0.011264,0.009728,0.010272,0.001216,1,4,48,4,1
2167,0.122100,0.143800,0.005600,0.029500,0.024000,0.059700,0.003200,0.037248,0.011168,0.009664,0.010304,0.001152,1,4,48,4,1
2168,0.121900,0.136100,0.005200,0.029400,0.023900,0.060100,0.003100,0.036896,0.011168,0.009824,0.010304,0.001184,1,4,48,4,1
2169,0.122200,0.135900,0.005200,0.029000,0.024200,0.060400,0.003300,0.038560,0.011168,0.009632,0.010432,0.001248,1,4,48,4,1
2170,0.127100,0.135900,0.004900,0.029200,0.026000,0.063700,0.003100,0.036928,0.011328,0.009600,0.010336,0.001280,1,4,48,4,1
2171,0.120500,0.140500,0.004800,0.028600,0.023400,0.060400,0.003200,0.036832,0.012192,0.009760,0.010432,0.001216,1,4,48,4,1
2172,0.121300,0.134100,0.005200,0.029100,0.024100,0.059400,0.003300,0.036896,0.013760,0.009728,0.010400,0.001216,1,4,48,4,1
2173,0.120000,0.134900,0.004800,0.028700,0.023500,0.059700,0.003100,0.036576,0.011168,0.009568,0.010176,0.001248,1,4,48,4,1
2174,0.120500,0.133600,0.005000,0.028500,0.023700,0.060000,0.003100,0.036928,0.011232,0.009760,0.010272,0.001312,1,4,48,4,1
2175,0.119400,0.134100,0.005400,0.028500,0.023700,0.059200,0.002400,0.036544,0.011168,0.009568,0.010208,0.001216,1,4,48,4,1
2176,0.120500,0.132800,0.005700,0.028800,0.023400,0.059300,0.003200,0.038624,0.011232,0.009440,0.010432,0.001216,1,4,48,4,1
2177,0.124600,0.134200,0.004900,0.028700,0.023700,0.064000,0.003200,0.038720,0.011264,0.009536,0.010400,0.001216,1,4,48,4,1
2178,0.123600,0.138500,0.005200,0.029200,0.024000,0.061700,0.003300,0.038400,0.013632,0.009856,0.010304,0.001248,1,4,48,4,1
2179,0.120900,0.137600,0.005000,0.029300,0.024100,0.059800,0.002600,0.036768,0.011168,0.009696,0.010240,0.001216,1,4,48,4,1
2180,0.252400,0.134800,0.005700,0.029600,0.024400,0.188600,0.003900,0.036864,0.013856,0.009504,0.010464,0.001280,1,4,48,4,1
2181,0.148700,0.269000,0.006300,0.039300,0.030400,0.068900,0.003500,0.036512,0.013632,0.009472,0.010464,0.001216,1,4,48,4,1
2182,0.127700,0.163300,0.005400,0.031100,0.025000,0.062800,0.003300,0.036928,0.011168,0.009792,0.010336,0.001248,1,4,48,4,1
2183,0.126100,0.142200,0.005700,0.029900,0.025200,0.062800,0.002500,0.037568,0.011264,0.009600,0.010272,0.001248,1,4,48,4,1
2184,0.124900,0.140200,0.005300,0.029300,0.024800,0.062000,0.003300,0.038048,0.011168,0.009632,0.010240,0.001216,1,4,48,4,1
2185,0.122400,0.138800,0.005200,0.029300,0.024600,0.059900,0.003200,0.037792,0.010816,0.009696,0.010304,0.001216,1,4,48,4,1
2186,0.123500,0.136500,0.005100,0.029200,0.024600,0.061100,0.003100,0.036864,0.011168,0.009824,0.010272,0.001216,1,4,48,4,1
2187,0.123400,0.137200,0.005200,0.028900,0.024500,0.061500,0.003200,0.036672,0.011168,0.009632,0.010272,0.001248,1,4,48,4,1
2188,0.122300,0.137400,0.005200,0.029100,0.024200,0.060500,0.003200,0.037952,0.011200,0.009760,0.010336,0.001216,1,4,48,4,1
2189,0.122800,0.136100,0.004900,0.029000,0.024700,0.060900,0.003200,0.036576,0.011200,0.009696,0.010208,0.001216,1,4,48,4,1
2190,0.120900,0.136600,0.004900,0.029000,0.024400,0.059200,0.003300,0.036896,0.013760,0.009696,0.010400,0.001248,1,4,48,4,1
2191,0.122100,0.134600,0.005200,0.028900,0.024700,0.060000,0.003200,0.036736,0.011200,0.009728,0.010240,0.001216,1,4,48,4,1
2192,0.120600,0.135900,0.005000,0.028800,0.024400,0.059000,0.003400,0.036704,0.011168,0.009632,0.010304,0.001248,1,4,48,4,1
2193,0.130000,0.134500,0.005300,0.035400,0.024900,0.061800,0.002600,0.036672,0.011200,0.009536,0.010304,0.001216,1,4,48,4,1
2194,0.114900,0.144100,0.005300,0.029100,0.021500,0.056900,0.001900,0.037440,0.010848,0.009664,0.010208,0.001216,1,4,48,4,1
2195,0.173200,0.128700,0.005100,0.028400,0.023500,0.067300,0.048600,0.037120,0.011264,0.009568,0.010272,0.001280,1,4,48,4,1
2196,0.158300,0.190000,0.006500,0.039100,0.035600,0.073400,0.003600,0.037920,0.011168,0.009504,0.010176,0.001216,1,4,48,4,1
2197,0.265800,0.173200,0.005500,0.030800,0.025200,0.199200,0.005000,0.038688,0.011200,0.009536,0.010496,0.001152,1,4,48,4,1
2198,0.130600,0.281000,0.005400,0.031800,0.026600,0.063300,0.003400,0.038560,0.011200,0.009600,0.010400,0.001248,1,4,48,4,1
2199,0.129800,0.144900,0.005800,0.030000,0.024800,0.065600,0.003300,0.036640,0.011296,0.009760,0.010176,0.001216,1,4,48,4,1
2200,0.130000,0.143900,0.005900,0.029600,0.024400,0.066800,0.003200,0.036704,0.011104,0.009632,0.010336,0.001248,1,4,48,4,1
2201,0.139800,0.144300,0.005300,0.029600,0.039500,0.062000,0.003300,0.038784,0.011328,0.009504,0.010400,0.001280,1,4,48,4,1
2202,0.125100,0.154100,0.005200,0.030000,0.024800,0.061700,0.003300,0.036576,0.011200,0.009472,0.010304,0.001248,1,4,48,4,1
2203,0.126700,0.139000,0.005100,0.029500,0.024400,0.063900,0.003600,0.036576,0.013696,0.009504,0.010368,0.001248,1,4,48,4,1
2204,0.122800,0.140500,0.005100,0.029500,0.024700,0.060200,0.003200,0.038752,0.013760,0.009568,0.010208,0.001280,1,4,48,4,1
2205,0.123000,0.136700,0.005600,0.029100,0.024200,0.060800,0.003200,0.036544,0.011136,0.009536,0.010240,0.001216,1,4,48,4,1
2206,0.121900,0.137000,0.005200,0.029300,0.024100,0.059900,0.003100,0.036704,0.011072,0.009728,0.010304,0.001216,1,4,48,4,1
2207,0.122200,0.135700,0.005200,0.029200,0.023700,0.060600,0.003300,0.036832,0.011168,0.009760,0.010272,0.001216,1,4,48,4,1
2208,0.122500,0.136100,0.005600,0.028900,0.023700,0.060900,0.003200,0.036704,0.011136,0.009696,0.010240,0.001248,1,4,48,4,1
2209,0.122500,0.136100,0.005100,0.029100,0.024100,0.060700,0.003200,0.037120,0.010848,0.009408,0.010304,0.001216,1,4,48,4,1
2210,0.131900,0.136200,0.005500,0.036100,0.025000,0.061800,0.003300,0.036576,0.012224,0.009536,0.010336,0.001184,1,4,48,4,1
2211,0.123900,0.145900,0.005300,0.032800,0.024100,0.058300,0.003200,0.036640,0.012192,0.009568,0.010400,0.001248,1,4,48,4,1
2212,0.119400,0.137400,0.005100,0.028500,0.023500,0.059100,0.003200,0.039008,0.011296,0.009856,0.010368,0.001216,1,4,48,4,1
2213,0.120600,0.133100,0.005400,0.028400,0.023600,0.060000,0.003100,0.036864,0.011232,0.009696,0.010272,0.001280,1,4,48,4,1
2214,0.119900,0.134200,0.005000,0.028300,0.023800,0.059500,0.003100,0.038784,0.013728,0.009600,0.010272,0.001280,1,4,48,4,1
2215,0.119600,0.133100,0.005400,0.028400,0.023400,0.060300,0.002100,0.038688,0.013600,0.009632,0.010368,0.001184,1,4,48,4,1
2216,0.118300,0.133300,0.005000,0.028200,0.023600,0.058300,0.003100,0.038912,0.011200,0.009760,0.010400,0.001216,1,4,48,4,1
2217,0.119800,0.131800,0.005400,0.028400,0.023600,0.059100,0.003100,0.038720,0.011104,0.009632,0.010432,0.001216,1,4,48,4,1
2218,0.123100,0.133400,0.005100,0.028200,0.023900,0.062600,0.003000,0.038592,0.011232,0.009728,0.010368,0.001216,1,4,48,4,1
2219,0.118900,0.136600,0.005100,0.028300,0.023500,0.059800,0.002000,0.036704,0.011168,0.009664,0.010304,0.001216,1,4,48,4,1
2220,0.120100,0.132700,0.004900,0.028600,0.023700,0.059700,0.003100,0.038336,0.013728,0.009728,0.010240,0.001216,1,4,48,4,1
2221,0.120000,0.133600,0.005000,0.028300,0.023400,0.060000,0.003200,0.036992,0.011232,0.009760,0.010368,0.001248,1,4,48,4,1
2222,0.120000,0.133800,0.005000,0.028400,0.023400,0.059900,0.003100,0.039136,0.011200,0.009952,0.010400,0.001216,1,4,48,4,1
2223,0.118100,0.133700,0.005200,0.028400,0.023900,0.057800,0.002800,0.036512,0.011200,0.009408,0.010272,0.001216,1,4,48,4,1
2224,0.131600,0.131600,0.004900,0.028500,0.021200,0.074600,0.002200,0.036832,0.012192,0.009696,0.010464,0.001248,1,4,48,4,1
2225,0.136700,0.150500,0.005300,0.029400,0.037100,0.061500,0.003300,0.037504,0.010816,0.009696,0.010240,0.001216,1,4,48,4,1
2226,0.119800,0.154200,0.005300,0.028300,0.024200,0.059100,0.002600,0.036640,0.011264,0.009536,0.010272,0.001248,1,4,48,4,1
2227,0.119300,0.133500,0.005300,0.028200,0.023500,0.059500,0.002500,0.036224,0.011200,0.009248,0.010272,0.001248,1,4,48,4,1
2228,0.221100,0.132600,0.005200,0.052100,0.065900,0.095200,0.002400,0.036544,0.013696,0.009536,0.010368,0.001216,1,4,48,4,1
2229,0.158300,0.240600,0.007300,0.039500,0.030700,0.076700,0.004100,0.036800,0.013760,0.009664,0.010400,0.001248,1,4,48,4,1
2230,0.150100,0.175300,0.006100,0.036100,0.029500,0.073900,0.004300,0.037472,0.010848,0.009792,0.010240,0.001280,1,4,48,4,1
2231,0.155200,0.167200,0.006200,0.035000,0.028600,0.073100,0.012000,0.038432,0.013664,0.009664,0.010208,0.001216,1,4,48,4,1
2232,0.146400,0.172000,0.006100,0.034900,0.029000,0.072200,0.003800,0.036800,0.011136,0.009696,0.010304,0.001248,1,4,48,4,1
2233,0.145600,0.163100,0.005900,0.034500,0.029300,0.071500,0.004000,0.036672,0.011168,0.009632,0.010208,0.001248,1,4,48,4,1
2234,0.135800,0.162400,0.006100,0.034300,0.025400,0.067500,0.002400,0.037760,0.011232,0.009728,0.010208,0.001184,1,4,48,4,1
2235,0.147800,0.152200,0.006100,0.033600,0.034700,0.070600,0.002400,0.037216,0.011168,0.009632,0.010208,0.001216,1,4,48,4,1
2236,0.149800,0.164300,0.006500,0.034000,0.025900,0.079200,0.004100,0.038528,0.010944,0.009632,0.010368,0.001216,1,4,48,4,1
2237,0.151900,0.166400,0.005900,0.034600,0.028300,0.073000,0.009900,0.036800,0.013760,0.009632,0.010432,0.001216,1,4,48,4,1
2238,0.171900,0.169000,0.006300,0.059700,0.032400,0.069800,0.003700,0.037248,0.011136,0.009728,0.010176,0.001184,1,4,48,4,1
2239,0.125300,0.188500,0.005800,0.031500,0.025000,0.060900,0.002000,0.036960,0.011200,0.009600,0.010304,0.001216,1,4,48,4,1
2240,0.125500,0.139400,0.005200,0.029200,0.026400,0.061200,0.003300,0.036896,0.011200,0.009824,0.010304,0.001216,1,4,48,4,1
2241,0.123800,0.139700,0.006000,0.029100,0.024200,0.061000,0.003100,0.036864,0.011136,0.009600,0.010240,0.001216,1,4,48,4,1
2242,0.120100,0.137700,0.005000,0.028600,0.024100,0.059000,0.003200,0.036704,0.011232,0.009632,0.010272,0.001184,1,4,48,4,1
2243,0.121500,0.133700,0.005000,0.028700,0.023500,0.061000,0.003100,0.036480,0.011232,0.009408,0.010272,0.001184,1,4,48,4,1
2244,0.120900,0.135200,0.005100,0.028600,0.024000,0.059600,0.003200,0.036608,0.011168,0.009536,0.010304,0.001216,1,4,48,4,1
2245,0.119200,0.134200,0.005000,0.028500,0.023300,0.059000,0.003200,0.036736,0.011168,0.009600,0.010272,0.001248,1,4,48,4,1
2246,0.122600,0.132800,0.005200,0.028200,0.026400,0.060300,0.002400,0.036896,0.011136,0.009888,0.010240,0.001216,1,4,48,4,1
2247,0.119800,0.136100,0.005100,0.028700,0.023800,0.059400,0.002800,0.036800,0.013696,0.009632,0.010432,0.001280,1,4,48,4,1
2248,0.119300,0.133100,0.004900,0.028100,0.023600,0.059200,0.003200,0.036704,0.011200,0.009664,0.010208,0.001216,1,4,48,4,1
2249,0.274200,0.133100,0.004900,0.028700,0.022100,0.213500,0.004900,0.038368,0.013600,0.009792,0.010272,0.001248,1,4,48,4,1
2250,0.157900,0.288400,0.005400,0.031200,0.025500,0.093900,0.001900,0.038944,0.011168,0.009696,0.010464,0.001280,1,4,48,4,1
2251,0.125400,0.172100,0.005300,0.030500,0.024900,0.061400,0.003100,0.037440,0.011136,0.009792,0.010208,0.001216,1,4,48,4,1
2252,0.119700,0.139400,0.004800,0.028600,0.023600,0.059400,0.003200,0.036640,0.011168,0.009632,0.010208,0.001248,1,4,48,4,1
2253,0.120500,0.133200,0.005200,0.028200,0.023900,0.059900,0.003200,0.036416,0.011168,0.009536,0.010240,0.001280,1,4,48,4,1
2254,0.118600,0.134000,0.005400,0.028500,0.024500,0.058200,0.002000,0.036864,0.011168,0.009728,0.010304,0.001248,1,4,48,4,1
2255,0.166000,0.132000,0.004800,0.028500,0.023900,0.104700,0.003600,0.037024,0.011136,0.009600,0.010240,0.001216,1,4,48,4,1
2256,0.131700,0.181700,0.006200,0.032100,0.025500,0.064800,0.003000,0.037664,0.011136,0.009792,0.010240,0.001248,1,4,48,4,1
2257,0.145900,0.146000,0.005200,0.030600,0.029900,0.076600,0.003400,0.036928,0.011200,0.009472,0.010240,0.001216,1,4,48,4,1
2258,0.126600,0.160600,0.005400,0.030900,0.026000,0.060800,0.003300,0.036544,0.011168,0.009440,0.010304,0.001248,1,4,48,4,1
2259,0.123400,0.140700,0.005100,0.030300,0.024200,0.060400,0.003200,0.036608,0.011136,0.009568,0.010240,0.001216,1,4,48,4,1
2260,0.121000,0.137200,0.005200,0.028700,0.024200,0.059700,0.003200,0.036672,0.011296,0.009568,0.010240,0.001184,1,4,48,4,1
2261,0.120700,0.134500,0.005000,0.028400,0.023800,0.060100,0.003100,0.037248,0.011104,0.009536,0.010240,0.001216,1,4,48,4,1
2262,0.120400,0.134100,0.005100,0.028400,0.023400,0.060200,0.003200,0.036992,0.012384,0.009728,0.010368,0.001248,1,4,48,4,1
2263,0.120200,0.134000,0.005100,0.028500,0.023700,0.059700,0.003100,0.036672,0.012256,0.009664,0.010336,0.001152,1,4,48,4,1
2264,0.119600,0.133600,0.005200,0.028100,0.023400,0.059800,0.003100,0.036832,0.011264,0.009600,0.010368,0.001248,1,4,48,4,1
2265,0.124300,0.132900,0.008600,0.028500,0.023500,0.060300,0.003200,0.036832,0.011232,0.009664,0.010272,0.001216,1,4,48,4,1
2266,0.121200,0.137800,0.005700,0.028400,0.024000,0.059800,0.003100,0.036832,0.011840,0.009792,0.010400,0.001216,1,4,48,4,1
2267,0.145800,0.134700,0.005500,0.028400,0.024200,0.074200,0.013300,0.036576,0.012160,0.009536,0.010368,0.001248,1,4,48,4,1
2268,0.142300,0.161300,0.005900,0.037500,0.029200,0.066100,0.003400,0.036416,0.011200,0.009440,0.010304,0.001248,1,4,48,4,1
2269,0.124100,0.156200,0.005100,0.029800,0.024500,0.061500,0.003200,0.038592,0.013696,0.009664,0.010208,0.001248,1,4,48,4,1
2270,0.121100,0.137800,0.004800,0.028900,0.024100,0.060100,0.003200,0.038912,0.013696,0.009792,0.010208,0.001280,1,4,48,4,1
2271,0.121100,0.134600,0.005200,0.028800,0.024200,0.059500,0.003200,0.036704,0.011168,0.009664,0.010272,0.001216,1,4,48,4,1
2272,0.123100,0.134600,0.005300,0.028700,0.024000,0.061800,0.003200,0.036896,0.011136,0.009920,0.010240,0.001216,1,4,48,4,1
2273,0.123100,0.136700,0.008500,0.028600,0.023300,0.059500,0.003100,0.036544,0.011232,0.009568,0.010272,0.001216,1,4,48,4,1
2274,0.139400,0.136500,0.004900,0.028500,0.024700,0.078900,0.002200,0.036768,0.010816,0.009760,0.010208,0.001184,1,4,48,4,1
2275,0.116100,0.153200,0.005100,0.029600,0.021800,0.057400,0.001900,0.037088,0.011200,0.009536,0.010272,0.001184,1,4,48,4,1
2276,0.226900,0.129900,0.005000,0.028300,0.024000,0.057300,0.112200,0.038528,0.010944,0.009952,0.010272,0.001216,1,4,48,4,1
2277,0.130900,0.241000,0.005600,0.030300,0.023400,0.066000,0.005400,0.037344,0.011168,0.009504,0.010240,0.001216,1,4,48,4,1
2278,0.128900,0.144400,0.005100,0.028700,0.029700,0.062100,0.003200,0.038592,0.011232,0.009632,0.010496,0.001184,1,4,48,4,1
2279,0.120300,0.142600,0.005000,0.028600,0.023300,0.060100,0.003100,0.036768,0.011264,0.009600,0.010240,0.001280,1,4,48,4,1
2280,0.119100,0.133800,0.004900,0.028400,0.023200,0.059300,0.003100,0.037056,0.011328,0.009760,0.010336,0.001248,1,4,48,4,1
2281,0.120700,0.132500,0.005000,0.028500,0.023400,0.060600,0.003200,0.036800,0.011136,0.009792,0.010272,0.001216,1,4,48,4,1
2282,0.119500,0.134100,0.005100,0.028500,0.023300,0.059300,0.003100,0.036736,0.011168,0.009696,0.010208,0.001248,1,4,48,4,1
2283,0.184800,0.151600,0.007800,0.046900,0.040500,0.084600,0.004900,0.036544,0.011136,0.009600,0.010272,0.001216,1,4,48,4,1
2284,0.157100,0.204300,0.006200,0.036800,0.029200,0.082400,0.002400,0.036864,0.011296,0.009760,0.010208,0.001216,1,4,48,4,1
2285,0.159200,0.174300,0.009400,0.034900,0.029200,0.073700,0.011600,0.036672,0.011200,0.009600,0.010176,0.001248,1,4,48,4,1
2286,0.145000,0.176000,0.006000,0.034400,0.028600,0.072000,0.003900,0.038336,0.013696,0.009536,0.010240,0.001184,1,4,48,4,1
2287,0.144500,0.161500,0.006200,0.034200,0.028700,0.071300,0.003900,0.036960,0.011328,0.009728,0.010240,0.001248,1,4,48,4,1
2288,0.144400,0.161100,0.005900,0.033900,0.028400,0.072200,0.003900,0.036640,0.011200,0.009664,0.010208,0.001216,1,4,48,4,1
2289,0.145600,0.160900,0.006100,0.034800,0.028500,0.072200,0.003700,0.036704,0.011168,0.009664,0.010272,0.001248,1,4,48,4,1
2290,0.144600,0.161900,0.006200,0.034300,0.028300,0.071800,0.003900,0.036640,0.011232,0.009632,0.010240,0.001184,1,4,48,4,1
2291,0.148300,0.160800,0.006100,0.038200,0.028200,0.071800,0.003800,0.036960,0.013664,0.009792,0.010464,0.001280,1,4,48,4,1
2292,0.145000,0.164900,0.005700,0.034100,0.028200,0.073000,0.003700,0.036832,0.011232,0.009792,0.010208,0.001216,1,4,48,4,1
2293,0.199600,0.161500,0.006100,0.034300,0.060100,0.094900,0.004000,0.037408,0.011104,0.009568,0.010368,0.001248,1,4,48,4,1
2294,0.162700,0.219300,0.006600,0.039500,0.030500,0.076500,0.009400,0.036704,0.012288,0.009568,0.010432,0.001216,1,4,48,4,1
2295,0.158900,0.180200,0.006400,0.036000,0.029500,0.074300,0.012400,0.037152,0.011200,0.009408,0.010240,0.001248,1,4,48,4,1
2296,0.157600,0.175700,0.006100,0.035000,0.029000,0.077400,0.009800,0.038496,0.013504,0.009632,0.010432,0.001248,1,4,48,4,1
2297,0.146800,0.174900,0.006200,0.035500,0.029000,0.073000,0.003000,0.038848,0.011200,0.009664,0.010400,0.001216,1,4,48,4,1
2298,0.149000,0.164300,0.006200,0.034800,0.028900,0.074900,0.004000,0.037248,0.010848,0.009536,0.010272,0.001216,1,4,48,4,1
2299,0.147000,0.166100,0.006500,0.035000,0.028600,0.073500,0.003200,0.036736,0.013696,0.009664,0.010400,0.001216,1,4,48,4,1
2300,0.190600,0.164500,0.007400,0.058600,0.032000,0.090000,0.002400,0.036960,0.012288,0.009824,0.010400,0.001216,1,4,48,4,1
2301,0.157100,0.208300,0.006200,0.035600,0.029600,0.073800,0.011700,0.036224,0.011168,0.009248,0.010304,0.001184,1,4,48,4,1
2302,0.137400,0.173900,0.006200,0.035300,0.029300,0.063100,0.003300,0.036608,0.011168,0.009664,0.010208,0.001184,1,4,48,4,1
2303,0.129000,0.151200,0.004900,0.035200,0.024300,0.061200,0.003300,0.036800,0.012192,0.009760,0.010400,0.001184,1,4,48,4,1
2304,0.148000,0.143000,0.030200,0.029200,0.024400,0.060700,0.003300,0.038880,0.013792,0.009696,0.010272,0.001248,1,4,48,4,1
2305,0.122100,0.161600,0.005000,0.029200,0.023900,0.060600,0.003100,0.036672,0.011168,0.009696,0.010240,0.001184,1,4,48,4,1
2306,0.122300,0.136000,0.004800,0.028800,0.023800,0.061600,0.003200,0.038752,0.011168,0.009600,0.010400,0.001248,1,4,48,4,1
2307,0.123300,0.135800,0.005300,0.029000,0.024200,0.061400,0.003200,0.036928,0.011200,0.009760,0.010304,0.001280,1,4,48,4,1
2308,0.122100,0.136900,0.005200,0.028600,0.024200,0.060800,0.003200,0.036832,0.011264,0.009856,0.010208,0.001248,1,4,48,4,1
2309,0.126400,0.135700,0.005200,0.028800,0.024300,0.064800,0.003200,0.036608,0.011232,0.009536,0.010304,0.001184,1,4,48,4,1
2310,0.120100,0.140000,0.005000,0.028800,0.023800,0.059200,0.003200,0.036576,0.011104,0.009632,0.010208,0.001248,1,4,48,4,1
2311,0.120200,0.133600,0.005000,0.028600,0.023800,0.059400,0.003200,0.038560,0.011296,0.009536,0.010464,0.001216,1,4,48,4,1
2312,0.121200,0.133700,0.005000,0.028700,0.023800,0.061400,0.002100,0.037472,0.011168,0.009792,0.010240,0.001216,1,4,48,4,1
2313,0.114800,0.134800,0.005400,0.028700,0.021300,0.057300,0.001900,0.036768,0.013600,0.009792,0.010400,0.001216,1,4,48,4,1
2314,0.222700,0.128200,0.005300,0.028300,0.023200,0.060800,0.105000,0.038240,0.010944,0.009664,0.010272,0.001216,1,4,48,4,1
2315,0.150500,0.237900,0.005900,0.036200,0.027000,0.078900,0.002400,0.038112,0.011168,0.009600,0.010240,0.001216,1,4,48,4,1
2316,0.148900,0.173600,0.005400,0.034800,0.034500,0.071400,0.002600,0.038176,0.011264,0.009568,0.010272,0.001216,1,4,48,4,1
2317,0.127800,0.163400,0.005200,0.030600,0.025600,0.062800,0.003200,0.037472,0.011168,0.009760,0.010272,0.001248,1,4,48,4,1
2318,0.124800,0.141800,0.005100,0.029400,0.024500,0.062300,0.003200,0.038944,0.013664,0.009792,0.010336,0.001184,1,4,48,4,1
2319,0.123700,0.138600,0.005600,0.029400,0.025100,0.060900,0.002700,0.037088,0.011200,0.009408,0.010272,0.001248,1,4,48,4,1
2320,0.122800,0.137700,0.005100,0.029400,0.024600,0.060400,0.003300,0.036800,0.011200,0.009728,0.010272,0.001184,1,4,48,4,1
2321,0.123000,0.137000,0.005100,0.029600,0.023900,0.061000,0.003200,0.036480,0.011264,0.009376,0.010208,0.001216,1,4,48,4,1
2322,0.122300,0.136900,0.005300,0.029200,0.024100,0.060300,0.003400,0.036640,0.011200,0.009600,0.010240,0.001248,1,4,48,4,1
2323,0.182200,0.140400,0.005700,0.029300,0.024400,0.119000,0.003700,0.036736,0.011232,0.009632,0.010176,0.001280,1,4,48,4,1
2324,0.155800,0.202700,0.007300,0.040500,0.031000,0.072600,0.004100,0.036768,0.012192,0.009664,0.010400,0.001184,1,4,48,4,1
2325,0.142300,0.175300,0.006800,0.036400,0.027500,0.067100,0.004300,0.036512,0.011136,0.009568,0.010208,0.001152,1,4,48,4,1
2326,0.146500,0.161400,0.007100,0.037300,0.027700,0.069800,0.004200,0.036640,0.011136,0.009536,0.010272,0.001280,1,4,48,4,1
2327,0.141800,0.165900,0.006500,0.035700,0.027100,0.068300,0.004100,0.036864,0.012256,0.009664,0.010432,0.001248,1,4,48,4,1
2328,0.141200,0.161000,0.006300,0.034900,0.027000,0.069000,0.004000,0.038496,0.011104,0.009568,0.010400,0.001216,1,4,48,4,1
2329,0.141800,0.164500,0.006100,0.039000,0.026600,0.065600,0.004400,0.038688,0.013728,0.009504,0.010336,0.001184,1,4,48,4,1
2330,0.140100,0.160100,0.006800,0.034700,0.027900,0.066700,0.004000,0.038784,0.011168,0.009600,0.010496,0.001184,1,4,48,4,1
2331,0.137100,0.158600,0.006300,0.035300,0.026300,0.065000,0.004100,0.036768,0.011200,0.009568,0.010304,0.001280,1,4,48,4,1
2332,0.139300,0.155900,0.006300,0.035100,0.026800,0.066900,0.003900,0.038432,0.013696,0.009600,0.010240,0.001184,1,4,48,4,1
2333,0.136500,0.157700,0.006000,0.034400,0.027400,0.064400,0.004300,0.036544,0.011168,0.009664,0.010272,0.001216,1,4,48,4,1
2334,0.147300,0.154700,0.014000,0.034500,0.028500,0.066400,0.003900,0.036736,0.011168,0.009728,0.010240,0.001280,1,4,48,4,1
2335,0.185000,0.166100,0.006400,0.038800,0.067000,0.068700,0.003900,0.037280,0.011232,0.009568,0.010176,0.001216,1,4,48,4,1
2336,0.137800,0.203800,0.006500,0.034000,0.025800,0.066900,0.004300,0.036640,0.011232,0.009376,0.010336,0.001248,1,4,48,4,1
2337,0.141100,0.155700,0.006500,0.038000,0.028700,0.064700,0.003000,0.036960,0.011200,0.009792,0.010240,0.001216,1,4,48,4,1
2338,0.136600,0.158900,0.006500,0.037900,0.026300,0.061400,0.004300,0.036864,0.013696,0.009824,0.010368,0.001184,1,4,48,4,1
2339,0.193000,0.154500,0.006000,0.037100,0.027100,0.120500,0.001900,0.036800,0.013728,0.009760,0.010368,0.001216,1,4,48,4,1
2340,0.131800,0.207600,0.005600,0.032800,0.025600,0.063100,0.004400,0.036896,0.013728,0.009888,0.010336,0.001216,1,4,48,4,1
2341,0.136600,0.149300,0.006100,0.036900,0.027100,0.062000,0.004400,0.038784,0.011072,0.009696,0.010432,0.001216,1,4,48,4,1
2342,0.133000,0.154500,0.006300,0.036100,0.025900,0.061600,0.003000,0.036576,0.011200,0.009568,0.010208,0.001216,1,4,48,4,1
2343,0.137200,0.151000,0.006700,0.037100,0.027300,0.061700,0.004100,0.036704,0.011200,0.009504,0.010336,0.001248,1,4,48,4,1
2344,0.137500,0.154900,0.007000,0.034500,0.027100,0.064900,0.003900,0.036672,0.011136,0.009632,0.010208,0.001280,1,4,48,4,1
2345,0.134300,0.155600,0.006100,0.034100,0.025700,0.064500,0.003800,0.036704,0.011840,0.009600,0.010464,0.001216,1,4,48,4,1
2346,0.163000,0.152400,0.006500,0.034900,0.045000,0.072800,0.003500,0.036896,0.013760,0.009664,0.010464,0.001248,1,4,48,4,1
2347,0.133400,0.178900,0.006000,0.032300,0.029400,0.062200,0.003300,0.036544,0.011136,0.009536,0.010272,0.001216,1,4,48,4,1
2348,0.124500,0.147500,0.005100,0.029700,0.024900,0.061500,0.003100,0.038880,0.011328,0.009888,0.010368,0.001216,1,4,48,4,1
2349,0.127100,0.138500,0.005600,0.028900,0.029200,0.060800,0.002600,0.038880,0.011296,0.009632,0.010400,0.001216,1,4,48,4,1
2350,0.180600,0.141200,0.005100,0.032600,0.052700,0.087000,0.003000,0.037248,0.011104,0.009600,0.010208,0.001216,1,4,48,4,1
2351,0.122000,0.196500,0.005800,0.032800,0.022800,0.058400,0.002000,0.037248,0.011072,0.009664,0.010240,0.001216,1,4,48,4,1
2352,0.202800,0.135800,0.005300,0.029100,0.024000,0.073900,0.070100,0.036512,0.010848,0.009664,0.010208,0.001216,1,4,48,4,1
2353,0.155100,0.218300,0.006200,0.037000,0.028000,0.080500,0.003400,0.038080,0.011200,0.009632,0.010304,0.001216,1,4,48,4,1
2354,0.123700,0.169400,0.005100,0.029400,0.024300,0.061400,0.003300,0.036672,0.011200,0.009664,0.010208,0.001216,1,4,48,4,1
2355,0.120900,0.137700,0.005400,0.028900,0.024000,0.059200,0.003300,0.038784,0.013696,0.009696,0.010272,0.001216,1,4,48,4,1
2356,0.119800,0.134800,0.004900,0.028700,0.024200,0.058800,0.003000,0.036800,0.012256,0.009664,0.010464,0.001216,1,4,48,4,1
2357,0.119400,0.133300,0.005000,0.028400,0.024100,0.058600,0.003200,0.037664,0.010976,0.009600,0.010304,0.001216,1,4,48,4,1
2358,0.119600,0.132700,0.005100,0.028200,0.023500,0.059600,0.003200,0.036800,0.011168,0.009792,0.010272,0.001184,1,4,48,4,1
2359,0.120100,0.133200,0.005300,0.028400,0.024000,0.059100,0.003200,0.036672,0.011264,0.009504,0.010336,0.001216,1,4,48,4,1
2360,0.123100,0.133500,0.005400,0.028300,0.023800,0.062300,0.003200,0.036704,0.011168,0.009728,0.010240,0.001184,1,4,48,4,1
2361,0.126400,0.136700,0.005600,0.028800,0.023500,0.063700,0.004700,0.036640,0.011168,0.009696,0.010240,0.001248,1,4,48,4,1
2362,0.151000,0.146300,0.007000,0.047200,0.028800,0.064500,0.003400,0.036864,0.011264,0.009792,0.010208,0.001216,1,4,48,4,1
2363,0.123900,0.165800,0.005400,0.029400,0.024500,0.061500,0.003000,0.038752,0.011200,0.009664,0.010336,0.001280,1,4,48,4,1
2364,0.123700,0.137600,0.005600,0.029800,0.024700,0.061300,0.002000,0.036928,0.011168,0.009888,0.010240,0.001184,1,4,48,4,1
2365,0.129000,0.137300,0.004900,0.035300,0.024500,0.061000,0.003200,0.036576,0.012192,0.009600,0.010368,0.001216,1,4,48,4,1
2366,0.195900,0.142800,0.005600,0.028800,0.024400,0.132200,0.004600,0.036800,0.012224,0.009600,0.010496,0.001248,1,4,48,4,1
2367,0.136000,0.211700,0.005700,0.036400,0.027400,0.063300,0.003200,0.036352,0.011168,0.009376,0.010208,0.001248,1,4,48,4,1
2368,0.121300,0.149700,0.004900,0.028700,0.023700,0.060600,0.003100,0.036736,0.011136,0.009664,0.010336,0.001248,1,4,48,4,1
2369,0.121700,0.134800,0.004900,0.028600,0.023700,0.061200,0.003000,0.036768,0.011232,0.009568,0.010336,0.001216,1,4,48,4,1
2370,0.120100,0.135400,0.005000,0.028800,0.023700,0.060400,0.002000,0.036736,0.011168,0.009696,0.010208,0.001216,1,4,48,4,1
2371,0.202800,0.133700,0.005000,0.028900,0.023900,0.139300,0.005600,0.036672,0.011168,0.009632,0.010240,0.001216,1,4,48,4,1
2372,0.125600,0.216900,0.005500,0.030600,0.024300,0.062000,0.003200,0.036640,0.013760,0.009440,0.010400,0.001280,1,4,48,4,1
2373,0.120900,0.139100,0.005000,0.028700,0.023800,0.060000,0.003100,0.036800,0.011200,0.009792,0.010240,0.001184,1,4,48,4,1
2374,0.118300,0.138400,0.004900,0.027800,0.023200,0.059200,0.003200,0.036800,0.011200,0.009696,0.010176,0.001280,1,4,48,4,1
2375,0.118700,0.131900,0.005000,0.028000,0.022900,0.059500,0.003200,0.036800,0.011168,0.009760,0.010272,0.001216,1,4,48,4,1
2376,0.117400,0.131800,0.005000,0.028300,0.023100,0.057500,0.003200,0.036672,0.011200,0.009632,0.010240,0.001248,1,4,48,4,1
2377,0.116700,0.130800,0.004900,0.028200,0.023300,0.057100,0.003200,0.037248,0.011200,0.009504,0.010272,0.001216,1,4,48,4,1
2378,0.118100,0.130100,0.005000,0.028200,0.023300,0.058500,0.003000,0.036416,0.011200,0.009408,0.010240,0.001216,1,4,48,4,1
2379,0.117900,0.131400,0.005100,0.028000,0.023400,0.058300,0.003100,0.036512,0.011168,0.009408,0.010304,0.001248,1,4,48,4,1
2380,0.119100,0.131500,0.005200,0.028500,0.023200,0.059000,0.003000,0.036896,0.011136,0.009888,0.010240,0.001216,1,4,48,4,1
2381,0.118300,0.132700,0.004700,0.028000,0.023100,0.059100,0.003000,0.036576,0.011168,0.009504,0.010240,0.001216,1,4,48,4,1
2382,0.116700,0.131700,0.004900,0.028200,0.023900,0.057600,0.002000,0.036512,0.011168,0.009600,0.010176,0.001184,1,4,48,4,1
2383,0.116800,0.130000,0.004700,0.028000,0.023300,0.057400,0.003200,0.036800,0.012224,0.009696,0.010400,0.001248,1,4,48,4,1
2384,0.123300,0.130200,0.005100,0.027900,0.023100,0.064000,0.003100,0.036832,0.011072,0.009728,0.010368,0.001248,1,4,48,4,1
2385,0.119800,0.137000,0.005100,0.028700,0.023600,0.059100,0.003200,0.036672,0.011200,0.009472,0.010304,0.001280,1,4,48,4,1
2386,0.285200,0.133100,0.005100,0.028100,0.023700,0.223500,0.004800,0.038720,0.013696,0.009664,0.010176,0.001216,1,4,48,4,1
2387,0.123200,0.299200,0.005500,0.029700,0.024500,0.060200,0.003000,0.038592,0.011296,0.009568,0.010464,0.001248,1,4,48,4,1
2388,0.125400,0.136600,0.005000,0.033900,0.023800,0.059500,0.003100,0.036704,0.011136,0.009696,0.010240,0.001216,1,4,48,4,1
2389,0.118500,0.139200,0.005100,0.028300,0.023200,0.058700,0.003100,0.038656,0.011264,0.009824,0.010368,0.001184,1,4,48,4,1
2390,0.137200,0.131800,0.022500,0.028000,0.023300,0.059900,0.003400,0.036800,0.011168,0.009728,0.010240,0.001216,1,4,48,4,1
2391,0.123800,0.150400,0.004900,0.028400,0.027900,0.059100,0.003200,0.036576,0.011232,0.009504,0.010272,0.001184,1,4,48,4,1
2392,0.111000,0.137000,0.005200,0.028100,0.020700,0.055000,0.001800,0.037728,0.010816,0.009632,0.010208,0.001184,1,4,48,4,1
2393,0.166000,0.124400,0.005000,0.027700,0.023100,0.065700,0.044300,0.036512,0.010752,0.009472,0.010272,0.001216,1,4,48,4,1
2394,0.133600,0.179700,0.005300,0.029600,0.023100,0.072100,0.003400,0.036832,0.011040,0.009728,0.010336,0.001184,1,4,48,4,1
2395,0.118800,0.146900,0.005000,0.028300,0.022100,0.060200,0.003100,0.037760,0.010784,0.009632,0.010272,0.001280,1,4,48,4,1
2396,0.118100,0.132100,0.005000,0.027800,0.023100,0.058700,0.003100,0.036960,0.011328,0.009728,0.010272,0.001248,1,4,48,4,1
2397,0.118700,0.131600,0.005100,0.028300,0.023500,0.058400,0.003100,0.036544,0.011104,0.009728,0.010176,0.001184,1,4,48,4,1
2398,0.118300,0.132500,0.005200,0.027800,0.023200,0.058800,0.003100,0.036800,0.012224,0.009792,0.010400,0.001184,1,4,48,4,1
2399,0.118200,0.131900,0.005000,0.028000,0.023500,0.058500,0.003100,0.038848,0.011296,0.009600,0.010400,0.001216,1,4,48,4,1
2400,0.122500,0.131600,0.004700,0.027800,0.023100,0.063700,0.003000,0.036640,0.011264,0.009600,0.010304,0.001216,1,4,48,4,1
2401,0.118400,0.135900,0.005000,0.028300,0.023100,0.058700,0.003100,0.036672,0.011232,0.009536,0.010272,0.001248,1,4,48,4,1
2402,0.117200,0.131800,0.005300,0.027800,0.022800,0.058100,0.003200,0.036896,0.011200,0.009824,0.010272,0.001184,1,4,48,4,1
2403,0.132100,0.130600,0.005100,0.028300,0.023400,0.071900,0.003300,0.036640,0.011136,0.009600,0.010272,0.001248,1,4,48,4,1
2404,0.119400,0.146100,0.005400,0.028700,0.023400,0.058700,0.003100,0.037536,0.011200,0.009792,0.010272,0.001216,1,4,48,4,1
2405,0.116800,0.132700,0.004800,0.028200,0.023300,0.057100,0.003200,0.038272,0.013728,0.009440,0.010208,0.001216,1,4,48,4,1
2406,0.123200,0.130600,0.005000,0.028100,0.022600,0.063100,0.004400,0.036800,0.011168,0.009696,0.010208,0.001312,1,4,48,4,1
2407,0.128300,0.140100,0.005500,0.033300,0.025900,0.060600,0.002900,0.036576,0.011200,0.009568,0.010176,0.001248,1,4,48,4,1
2408,0.118900,0.142100,0.004900,0.028400,0.023400,0.058800,0.003100,0.036640,0.011200,0.009600,0.010240,0.001184,1,4,48,4,1
2409,0.118700,0.132500,0.005100,0.028200,0.023100,0.058900,0.003100,0.036704,0.011200,0.009664,0.010272,0.001184,1,4,48,4,1
2410,0.117600,0.131900,0.004900,0.027900,0.022800,0.058900,0.003100,0.036736,0.011232,0.009600,0.010240,0.001248,1,4,48,4,1
2411,0.118700,0.130800,0.004800,0.027800,0.023300,0.059500,0.003000,0.038720,0.011168,0.009472,0.010400,0.001248,1,4,48,4,1
2412,0.118300,0.132000,0.005000,0.027900,0.023200,0.058900,0.003100,0.036864,0.011168,0.009920,0.010176,0.001184,1,4,48,4,1
2413,0.118400,0.131600,0.004900,0.028100,0.023200,0.059000,0.003100,0.036608,0.012320,0.009376,0.010464,0.001184,1,4,48,4,1
2414,0.115800,0.131400,0.004900,0.028100,0.023100,0.057700,0.001800,0.036832,0.011200,0.009664,0.010304,0.001280,1,4,48,4,1
2415,0.118300,0.129500,0.005000,0.028200,0.023800,0.058100,0.003000,0.036576,0.011232,0.009408,0.010304,0.001248,1,4,48,4,1
2416,0.118500,0.131700,0.005300,0.027800,0.023600,0.058700,0.003100,0.036800,0.011232,0.009728,0.010240,0.001216,1,4,48,4,1
2417,0.137000,0.131900,0.004800,0.027900,0.022900,0.072000,0.009100,0.036640,0.011168,0.009568,0.010304,0.001184,1,4,48,4,1
2418,0.123500,0.150700,0.005200,0.029600,0.025000,0.060400,0.003200,0.038784,0.013760,0.009568,0.010304,0.001248,1,4,48,4,1
2419,0.118000,0.137100,0.005000,0.027900,0.023400,0.058500,0.003200,0.038688,0.011200,0.009536,0.010400,0.001216,1,4,48,4,1
2420,0.119100,0.131600,0.004600,0.028000,0.023600,0.059600,0.003100,0.036640,0.011136,0.009760,0.010144,0.001216,1,4,48,4,1
2421,0.117900,0.132600,0.005200,0.027900,0.023500,0.058200,0.003100,0.036608,0.013696,0.009536,0.010368,0.001248,1,4,48,4,1
2422,0.119100,0.131300,0.005100,0.028000,0.023500,0.059000,0.003100,0.036928,0.011232,0.009792,0.010272,0.001248,1,4,48,4,1
2423,0.117800,0.132300,0.004900,0.027900,0.022900,0.058800,0.003200,0.036512,0.011200,0.009440,0.010272,0.001184,1,4,48,4,1
2424,0.118500,0.131000,0.005100,0.028000,0.023000,0.059000,0.003100,0.036768,0.011264,0.009632,0.010240,0.001248,1,4,48,4,1
2425,0.117800,0.131700,0.004800,0.028200,0.023300,0.059400,0.001900,0.036672,0.011136,0.009696,0.010272,0.001216,1,4,48,4,1
2426,0.118500,0.131300,0.004900,0.028100,0.023600,0.058600,0.003100,0.038496,0.011200,0.009504,0.010400,0.001248,1,4,48,4,1
2427,0.119700,0.131900,0.005400,0.028300,0.023400,0.059200,0.003300,0.038848,0.011264,0.009600,0.010400,0.001216,1,4,48,4,1
2428,0.117400,0.133200,0.005100,0.028400,0.023300,0.057800,0.002600,0.038656,0.011264,0.009632,0.010496,0.001216,1,4,48,4,1
2429,0.285300,0.130600,0.005200,0.041300,0.089600,0.143400,0.005600,0.036768,0.013728,0.009600,0.010432,0.001248,1,4,48,4,1
2430,0.138800,0.300300,0.005900,0.036800,0.029100,0.064200,0.002500,0.037536,0.011168,0.009952,0.010208,0.001152,1,4,48,4,1
2431,0.121500,0.152700,0.005000,0.028800,0.022800,0.061500,0.003200,0.037536,0.010912,0.009696,0.010240,0.001184,1,4,48,4,1
2432,0.121100,0.135200,0.005200,0.028000,0.024200,0.060300,0.003300,0.036864,0.013728,0.009728,0.010400,0.001248,1,4,48,4,1
2433,0.119900,0.134600,0.005400,0.028800,0.023800,0.058700,0.003200,0.036448,0.011168,0.009312,0.010272,0.001280,1,4,48,4,1
2434,0.145500,0.133500,0.005500,0.028200,0.020700,0.087600,0.003400,0.038560,0.011104,0.009696,0.010336,0.001216,1,4,48,4,1
2435,0.117500,0.159300,0.005600,0.030300,0.022800,0.056800,0.001900,0.038624,0.011232,0.009408,0.010304,0.001280,1,4,48,4,1
2436,0.117600,0.130700,0.005300,0.027400,0.020500,0.062200,0.002000,0.037536,0.010784,0.009472,0.010272,0.001184,1,4,48,4,1
2437,0.128400,0.131000,0.004800,0.027200,0.021100,0.071700,0.003400,0.036864,0.012000,0.009632,0.010432,0.001184,1,4,48,4,1
2438,0.132800,0.141700,0.005000,0.028000,0.036000,0.060400,0.003200,0.037792,0.012000,0.009632,0.010432,0.001184,1,4,48,4,1
2439,0.118600,0.146200,0.005200,0.028000,0.023500,0.058800,0.003100,0.036672,0.011200,0.009632,0.010304,0.001248,1,4,48,4,1
2440,0.118700,0.131700,0.005200,0.028200,0.023400,0.058800,0.003100,0.036608,0.011264,0.009536,0.010240,0.001216,1,4,48,4,1
2441,0.119300,0.131900,0.004900,0.028200,0.023200,0.059700,0.003000,0.038720,0.013664,0.009632,0.010304,0.001216,1,4,48,4,1
2442,0.118800,0.132400,0.005000,0.028100,0.023300,0.059200,0.003100,0.038752,0.011296,0.009792,0.010400,0.001216,1,4,48,4,1
2443,0.118400,0.132100,0.004900,0.028500,0.023200,0.058600,0.003100,0.036736,0.011168,0.009696,0.010272,0.001248,1,4,48,4,1
2444,0.118000,0.131600,0.004800,0.028000,0.023300,0.058400,0.003000,0.036704,0.011360,0.009632,0.010240,0.001248,1,4,48,4,1
2445,0.118300,0.131500,0.005200,0.027800,0.023200,0.058800,0.003100,0.036704,0.011264,0.009600,0.010240,0.001248,1,4,48,4,1
2446,0.118900,0.131800,0.004800,0.027900,0.023300,0.059400,0.003000,0.036864,0.011232,0.009760,0.010304,0.001216,1,4,48,4,1
2447,0.123500,0.132100,0.005400,0.028100,0.022900,0.063800,0.003100,0.036608,0.012256,0.009440,0.010432,0.001216,1,4,48,4,1
2448,0.120500,0.136800,0.005300,0.028600,0.023900,0.059400,0.003100,0.036672,0.011136,0.009632,0.010240,0.001280,1,4,48,4,1
2449,0.117700,0.133900,0.004900,0.028100,0.023200,0.058200,0.003100,0.036800,0.012224,0.009664,0.010496,0.001216,1,4,48,4,1
2450,0.118200,0.131000,0.005100,0.028100,0.023100,0.058700,0.003000,0.038816,0.011104,0.009824,0.010368,0.001184,1,4,48,4,1
2451,0.117700,0.131600,0.005100,0.028000,0.022900,0.058500,0.003000,0.038720,0.013760,0.009504,0.010336,0.001248,1,4,48,4,1
2452,0.118100,0.131000,0.005200,0.027800,0.023200,0.058800,0.003100,0.036672,0.011200,0.009536,0.010240,0.001280,1,4,48,4,1
2453,0.118600,0.131400,0.005000,0.028500,0.023300,0.058700,0.003100,0.038784,0.011264,0.009504,0.010464,0.001216,1,4,48,4,1
2454,0.125100,0.131800,0.004800,0.027800,0.029600,0.059700,0.003100,0.037472,0.010752,0.009728,0.010208,0.001248,1,4,48,4,1
2455,0.117700,0.138600,0.004800,0.028000,0.022800,0.058800,0.003100,0.036544,0.011136,0.009568,0.010240,0.001248,1,4,48,4,1
2456,0.118500,0.130900,0.004900,0.028000,0.023200,0.059200,0.003000,0.036800,0.011168,0.009760,0.010272,0.001216,1,4,48,4,1
2457,0.116600,0.131800,0.004900,0.028000,0.023000,0.058500,0.002000,0.036512,0.012256,0.009472,0.010368,0.001184,1,4,48,4,1
2458,0.116300,0.130000,0.005200,0.027800,0.023400,0.057800,0.001900,0.036672,0.013728,0.009600,0.010368,0.001248,1,4,48,4,1
2459,0.117100,0.129600,0.005100,0.028100,0.023200,0.058200,0.002400,0.036512,0.013728,0.009440,0.010368,0.001216,1,4,48,4,1
2460,0.119100,0.130500,0.005000,0.028200,0.023300,0.059100,0.003400,0.036800,0.011232,0.009664,0.010240,0.001280,1,4,48,4,1
2461,0.117800,0.132300,0.004900,0.027800,0.023500,0.058300,0.003100,0.036768,0.011200,0.009760,0.010272,0.001216,1,4,48,4,1
2462,0.117400,0.131000,0.004900,0.028100,0.023100,0.058800,0.002400,0.036640,0.011200,0.009600,0.010272,0.001216,1,4,48,4,1
2463,0.120300,0.135400,0.005400,0.028800,0.023800,0.059800,0.002300,0.036672,0.011840,0.009536,0.010464,0.001248,1,4,48,4,1
2464,0.118300,0.133800,0.004900,0.028000,0.023000,0.058800,0.003400,0.036768,0.011232,0.009728,0.010240,0.001184,1,4,48,4,1
2465,0.118000,0.131600,0.004800,0.027600,0.023100,0.058800,0.003400,0.036768,0.011232,0.009728,0.010240,0.001216,1,4,48,4,1
2466,0.117300,0.131200,0.005000,0.027900,0.023400,0.058600,0.002100,0.036672,0.011200,0.009536,0.010272,0.001248,1,4,48,4,1
2467,0.118100,0.130600,0.005100,0.028000,0.023100,0.058500,0.003200,0.038784,0.011200,0.009632,0.010400,0.001216,1,4,48,4,1
2468,0.116700,0.131300,0.004900,0.028100,0.022100,0.058500,0.003100,0.038496,0.011168,0.009536,0.010464,0.001216,1,4,48,4,1
2469,0.119300,0.130000,0.005100,0.027900,0.023400,0.059400,0.003300,0.036864,0.011264,0.009760,0.010304,0.001216,1,4,48,4,1
2470,0.118200,0.132500,0.005000,0.027900,0.023100,0.058700,0.003200,0.036736,0.011168,0.009696,0.010240,0.001216,1,4,48,4,1
2471,0.118400,0.131600,0.004900,0.027800,0.023300,0.059100,0.003100,0.038848,0.013728,0.009696,0.010272,0.001216,1,4,48,4,1
2472,0.119200,0.131800,0.005000,0.027800,0.023100,0.059700,0.003300,0.036544,0.011136,0.009728,0.010240,0.001152,1,4,48,4,1
2473,0.117100,0.132900,0.004900,0.027900,0.022900,0.058800,0.002400,0.036992,0.011264,0.009856,0.010240,0.001216,1,4,48,4,1
2474,0.118300,0.130100,0.005000,0.027800,0.023600,0.058600,0.003200,0.037632,0.012320,0.009632,0.010464,0.001248,1,4,48,4,1
2475,0.117700,0.131700,0.005200,0.028200,0.023300,0.058500,0.002400,0.036512,0.011232,0.009504,0.010240,0.001184,1,4,48,4,1
2476,0.120700,0.131300,0.008400,0.028200,0.023300,0.057400,0.003300,0.036800,0.011168,0.009824,0.010176,0.001184,1,4,48,4,1
2477,0.116100,0.134000,0.004800,0.028100,0.023400,0.057800,0.001900,0.036384,0.013664,0.009376,0.010368,0.001216,1,4,48,4,1
2478,0.124400,0.129400,0.005000,0.033500,0.023900,0.058600,0.003200,0.037568,0.010784,0.009760,0.010240,0.001216,1,4,48,4,1
2479,0.117900,0.137700,0.005200,0.027900,0.023100,0.058200,0.003100,0.036736,0.012224,0.009568,0.010464,0.001216,1,4,48,4,1
2480,0.123000,0.131300,0.004800,0.027900,0.024700,0.062100,0.003200,0.038304,0.011200,0.009664,0.010272,0.001248,1,4,48,4,1
2481,0.111400,0.136600,0.005000,0.028200,0.020900,0.055200,0.001900,0.036704,0.013760,0.009600,0.010432,0.001184,1,4,48,4,1
2482,0.150100,0.124600,0.005200,0.027500,0.031100,0.053700,0.032600,0.037600,0.011072,0.009760,0.010208,0.001248,1,4,48,4,1
2483,0.137400,0.163800,0.005400,0.030000,0.022600,0.073100,0.006100,0.036672,0.010912,0.009600,0.010272,0.001248,1,4,48,4,1
2484,0.125800,0.150800,0.004900,0.027900,0.020200,0.069400,0.003300,0.038624,0.013664,0.009696,0.010304,0.001248,1,4,48,4,1
2485,0.121000,0.139000,0.004900,0.028000,0.022900,0.061700,0.003300,0.037280,0.010784,0.009472,0.010272,0.001184,1,4,48,4,1
2486,0.119500,0.134400,0.005300,0.028500,0.023800,0.058500,0.003300,0.036768,0.011264,0.009664,0.010240,0.001248,1,4,48,4,1
2487,0.119700,0.132700,0.005400,0.028400,0.023400,0.059100,0.003200,0.036640,0.011136,0.009664,0.010240,0.001216,1,4,48,4,1
2488,0.119500,0.133000,0.005200,0.028200,0.023500,0.059200,0.003200,0.038688,0.011264,0.009760,0.010336,0.001248,1,4,48,4,1
2489,0.119000,0.133000,0.004900,0.028300,0.023000,0.059400,0.003100,0.036928,0.013824,0.009664,0.010432,0.001248,1,4,48,4,1
2490,0.122200,0.132200,0.004800,0.028500,0.023700,0.062600,0.002500,0.036512,0.011136,0.009536,0.010208,0.001216,1,4,48,4,1
2491,0.118800,0.135700,0.005200,0.028500,0.023800,0.058000,0.003200,0.036704,0.011136,0.009664,0.010272,0.001184,1,4,48,4,1
2492,0.119300,0.132300,0.004800,0.028400,0.023600,0.059300,0.003100,0.036928,0.011200,0.009792,0.010240,0.001312,1,4,48,4,1
2493,0.121000,0.133000,0.005500,0.028600,0.023800,0.059800,0.003100,0.036576,0.011808,0.009568,0.010400,0.001184,1,4,48,4,1
2494,0.119700,0.134500,0.004900,0.028400,0.023800,0.059400,0.003200,0.036768,0.011232,0.009664,0.010304,0.001216,1,4,48,4,1
2495,0.125800,0.133300,0.005100,0.028400,0.023700,0.065300,0.003100,0.038528,0.011136,0.009664,0.010400,0.001216,1,4,48,4,1
2496,0.120500,0.139500,0.005200,0.028600,0.023600,0.059600,0.003200,0.036448,0.011104,0.009568,0.010240,0.001152,1,4,48,4,1
2497,0.119200,0.134000,0.004900,0.028200,0.023600,0.059200,0.003100,0.036736,0.011200,0.009728,0.010176,0.001184,1,4,48,4,1
2498,0.121800,0.132700,0.005000,0.031600,0.023000,0.059000,0.003100,0.036768,0.011168,0.009760,0.010304,0.001216,1,4,48,4,1
2499,0.140500,0.135200,0.005000,0.027900,0.023000,0.074900,0.009600,0.036672,0.011264,0.009600,0.010272,0.001216,1,4,48,4,1
2500,0.132800,0.154100,0.010700,0.029400,0.024100,0.065200,0.003200,0.036576,0.011200,0.009632,0.010176,0.001184,1,4,48,4,1
2501,0.118900,0.146800,0.005000,0.028300,0.023400,0.059000,0.003200,0.038880,0.013728,0.009792,0.010208,0.001216,1,4,48,4,1
2502,0.118400,0.132300,0.004900,0.027900,0.023300,0.058800,0.003200,0.038944,0.011232,0.009728,0.010400,0.001280,1,4,48,4,1
2503,0.118000,0.131900,0.004600,0.028400,0.022800,0.058900,0.003300,0.036672,0.011104,0.009728,0.010240,0.001248,1,4,48,4,1
2504,0.116900,0.131300,0.005100,0.027900,0.022700,0.058800,0.002000,0.038592,0.011232,0.009632,0.010400,0.001248,1,4,48,4,1
2505,0.121800,0.130100,0.005100,0.028500,0.027500,0.057300,0.003300,0.036928,0.011360,0.009664,0.010304,0.001216,1,4,48,4,1
2506,0.213900,0.135400,0.005100,0.028100,0.057800,0.106400,0.016300,0.037344,0.011232,0.009632,0.010208,0.001216,1,4,48,4,1
2507,0.183200,0.237300,0.008000,0.046600,0.035600,0.088300,0.004600,0.037088,0.011136,0.009472,0.010240,0.001216,1,4,48,4,1
2508,0.190900,0.203700,0.007400,0.042600,0.035000,0.101000,0.004800,0.036832,0.011200,0.009760,0.010272,0.001216,1,4,48,4,1
2509,0.178500,0.210800,0.006800,0.040600,0.033400,0.094700,0.002800,0.036896,0.011296,0.009696,0.010272,0.001248,1,4,48,4,1
2510,0.157000,0.198500,0.007000,0.040800,0.034600,0.071900,0.002600,0.036704,0.011168,0.009600,0.010272,0.001248,1,4,48,4,1
2511,0.145700,0.173700,0.006200,0.034400,0.029100,0.072000,0.003800,0.038656,0.011200,0.009472,0.010464,0.001248,1,4,48,4,1
2512,0.148900,0.162400,0.006000,0.034200,0.028600,0.071200,0.008800,0.036800,0.011200,0.009696,0.010240,0.001248,1,4,48,4,1
2513,0.152000,0.165400,0.006000,0.034200,0.028600,0.072600,0.010400,0.038912,0.011136,0.009824,0.010400,0.001216,1,4,48,4,1
2514,0.145400,0.168400,0.005900,0.034400,0.028500,0.072400,0.003900,0.038336,0.013728,0.009664,0.010304,0.001216,1,4,48,4,1
2515,0.172300,0.161700,0.005700,0.034500,0.028600,0.101200,0.002100,0.036640,0.011136,0.009600,0.010304,0.001216,1,4,48,4,1
2516,0.140200,0.188300,0.005900,0.033500,0.030600,0.066600,0.003500,0.036832,0.011200,0.009728,0.010272,0.001216,1,4,48,4,1
2517,0.125900,0.154500,0.005400,0.030000,0.025000,0.062100,0.003200,0.038560,0.011200,0.009472,0.010336,0.001216,1,4,48,4,1
2518,0.143200,0.139700,0.005300,0.028500,0.023800,0.075300,0.009800,0.038528,0.013760,0.009568,0.010336,0.001280,1,4,48,4,1
2519,0.141800,0.158500,0.006300,0.037500,0.029300,0.065200,0.003400,0.037568,0.011104,0.009792,0.010272,0.001216,1,4,48,4,1
2520,0.130700,0.155600,0.005100,0.029500,0.029300,0.063300,0.003300,0.036832,0.011200,0.009728,0.010240,0.001280,1,4,48,4,1
2521,0.132400,0.144200,0.005100,0.028700,0.021500,0.073600,0.003500,0.036768,0.013664,0.009696,0.010400,0.001248,1,4,48,4,1
2522,0.127100,0.146100,0.005000,0.028400,0.030100,0.060300,0.003200,0.036608,0.011232,0.009568,0.010240,0.001280,1,4,48,4,1
2523,0.122400,0.140600,0.008700,0.028700,0.023900,0.058900,0.001900,0.036576,0.011232,0.009632,0.010240,0.001184,1,4,48,4,1
2524,0.121100,0.136000,0.005500,0.028600,0.023900,0.059800,0.003200,0.036800,0.011200,0.009760,0.010144,0.001280,1,4,48,4,1
2525,0.120000,0.135000,0.004900,0.028400,0.023400,0.060000,0.003100,0.036608,0.011200,0.009728,0.010240,0.001216,1,4,48,4,1
2526,0.119600,0.133600,0.005200,0.028200,0.023700,0.059400,0.003100,0.039008,0.013664,0.009920,0.010240,0.001248,1,4,48,4,1
2527,0.120200,0.133200,0.005200,0.028400,0.023400,0.059900,0.003100,0.036832,0.011168,0.009696,0.010304,0.001248,1,4,48,4,1
2528,0.118700,0.133700,0.005100,0.028200,0.023200,0.058800,0.003100,0.036896,0.011232,0.009824,0.010272,0.001216,1,4,48,4,1
2529,0.120500,0.132300,0.005100,0.028300,0.023900,0.059800,0.003200,0.038720,0.011232,0.009568,0.010368,0.001248,1,4,48,4,1
2530,0.121200,0.133800,0.005000,0.028300,0.023200,0.061500,0.003100,0.039040,0.011232,0.009824,0.010432,0.001184,1,4,48,4,1
2531,0.126700,0.134500,0.004900,0.028400,0.029100,0.061000,0.003200,0.036576,0.011264,0.009504,0.010176,0.001216,1,4,48,4,1
2532,0.120000,0.140500,0.004900,0.028500,0.023700,0.059700,0.003100,0.038880,0.011296,0.009536,0.010432,0.001216,1,4,48,4,1
2533,0.118800,0.133100,0.005300,0.028400,0.022900,0.059000,0.003100,0.036704,0.012192,0.009600,0.010432,0.001248,1,4,48,4,1
2534,0.118300,0.132300,0.005000,0.027800,0.023300,0.059000,0.003000,0.036768,0.011232,0.009728,0.010208,0.001248,1,4,48,4,1
2535,0.119000,0.131600,0.005200,0.028000,0.023500,0.059200,0.003100,0.038400,0.011136,0.009472,0.010432,0.001216,1,4,48,4,1
2536,0.118500,0.132700,0.005000,0.028100,0.023200,0.059100,0.003100,0.036800,0.011168,0.009792,0.010176,0.001248,1,4,48,4,1
2537,0.118200,0.131700,0.005000,0.028100,0.022900,0.058900,0.003200,0.038816,0.011264,0.009568,0.010464,0.001216,1,4,48,4,1
2538,0.121300,0.131300,0.005200,0.031500,0.023300,0.058000,0.003000,0.038720,0.011200,0.009856,0.010432,0.001184,1,4,48,4,1
2539,0.117200,0.134300,0.004800,0.027800,0.022900,0.058500,0.003100,0.038464,0.013728,0.009408,0.010208,0.001184,1,4,48,4,1
2540,0.118400,0.130500,0.004900,0.027800,0.023300,0.059000,0.003100,0.036928,0.011264,0.009792,0.010240,0.001248,1,4,48,4,1
2541,0.118900,0.131900,0.005100,0.027900,0.023200,0.059400,0.003200,0.036672,0.011200,0.009664,0.010208,0.001216,1,4,48,4,1
2542,0.154200,0.132000,0.005000,0.028100,0.023200,0.076800,0.020300,0.036960,0.011296,0.009728,0.010240,0.001280,1,4,48,4,1
2543,0.317200,0.184700,0.008600,0.053500,0.046200,0.203400,0.005100,0.036896,0.012384,0.009792,0.010304,0.001216,1,4,48,4,1
2544,0.136200,0.332000,0.005900,0.035400,0.028400,0.064300,0.002000,0.037024,0.011200,0.009600,0.010304,0.001248,1,4,48,4,1
2545,0.120900,0.149600,0.004900,0.028700,0.024300,0.059400,0.003400,0.036960,0.011136,0.009504,0.010208,0.001280,1,4,48,4,1
2546,0.117700,0.134200,0.004800,0.028100,0.023300,0.058100,0.003200,0.036704,0.012096,0.009664,0.010432,0.001216,1,4,48,4,1
2547,0.119600,0.131100,0.005400,0.027800,0.023600,0.059300,0.003200,0.036640,0.011200,0.009536,0.010272,0.001248,1,4,48,4,1
2548,0.119900,0.133200,0.005200,0.027900,0.023600,0.059800,0.003200,0.036608,0.011168,0.009536,0.010304,0.001216,1,4,48,4,1
2549,0.118700,0.133100,0.004900,0.028000,0.023300,0.059200,0.003000,0.038272,0.013696,0.009760,0.010272,0.001248,1,4,48,4,1
2550,0.119100,0.131800,0.005300,0.027700,0.023200,0.059600,0.003200,0.036736,0.011200,0.009632,0.010272,0.001248,1,4,48,4,1
2551,0.117800,0.132400,0.004900,0.027800,0.022800,0.059100,0.003100,0.036512,0.011168,0.009504,0.010208,0.001248,1,4,48,4,1
2552,0.119500,0.131400,0.005000,0.028200,0.023100,0.060000,0.003200,0.038880,0.013728,0.009760,0.010208,0.001248,1,4,48,4,1
2553,0.119700,0.132900,0.004900,0.028100,0.023900,0.059500,0.003200,0.036992,0.011232,0.009824,0.010304,0.001216,1,4,48,4,1
2554,0.118800,0.133100,0.005100,0.028300,0.022800,0.059300,0.003100,0.036800,0.011232,0.009728,0.010240,0.001184,1,4,48,4,1
2555,0.117900,0.132300,0.005000,0.028200,0.023300,0.058200,0.003100,0.036608,0.011168,0.009664,0.010240,0.001184,1,4,48,4,1
2556,0.123800,0.130900,0.005000,0.028000,0.023200,0.064300,0.003200,0.036640,0.011136,0.009696,0.010240,0.001184,1,4,48,4,1
2557,0.119900,0.137300,0.005100,0.028400,0.023700,0.059400,0.003100,0.036800,0.011168,0.009760,0.010240,0.001216,1,4,48,4,1
2558,0.117700,0.133200,0.005000,0.027800,0.022800,0.058800,0.003200,0.036672,0.011200,0.009664,0.010208,0.001184,1,4,48,4,1
2559,0.118700,0.131100,0.005600,0.028000,0.023000,0.058600,0.003100,0.036480,0.011200,0.009472,0.010240,0.001216,1,4,48,4,1
2560,0.118300,0.131800,0.005000,0.028300,0.023000,0.058800,0.003200,0.036800,0.011200,0.009792,0.010208,0.001216,1,4,48,4,1
2561,0.117200,0.131800,0.004700,0.027700,0.023600,0.057900,0.003100,0.036544,0.013696,0.009568,0.010464,0.001216,1,4,48,4,1
2562,0.116800,0.130600,0.004900,0.027400,0.023100,0.058200,0.003200,0.036512,0.013664,0.009408,0.010432,0.001216,1,4,48,4,1
2563,0.117500,0.130000,0.004700,0.027700,0.023000,0.059500,0.002500,0.037120,0.011136,0.009696,0.010272,0.001248,1,4,48,4,1
2564,0.117400,0.130900,0.004700,0.027900,0.023300,0.058100,0.003100,0.036992,0.011264,0.009760,0.010336,0.001248,1,4,48,4,1
2565,0.111500,0.130700,0.005000,0.027800,0.021100,0.055500,0.001800,0.036544,0.010848,0.009696,0.010208,0.001216,1,4,48,4,1
2566,0.128700,0.124600,0.004700,0.027400,0.027100,0.054600,0.014600,0.037792,0.010848,0.009568,0.010304,0.001248,1,4,48,4,1
2567,0.129600,0.141700,0.005200,0.027600,0.021100,0.071900,0.003600,0.036480,0.010880,0.009504,0.010208,0.001216,1,4,48,4,1
2568,0.130500,0.143000,0.005000,0.028300,0.031900,0.061800,0.003200,0.038432,0.011200,0.009600,0.010336,0.001280,1,4,48,4,1
2569,0.151500,0.143700,0.004900,0.028100,0.023500,0.090800,0.004100,0.036896,0.013664,0.009792,0.010496,0.001184,1,4,48,4,1
2570,0.118700,0.164800,0.004900,0.028100,0.023600,0.058700,0.003300,0.036704,0.011232,0.009632,0.010240,0.001216,1,4,48,4,1
2571,0.124000,0.132000,0.005100,0.027800,0.023300,0.064500,0.003200,0.036832,0.011264,0.009728,0.010176,0.001248,1,4,48,4,1
2572,0.118900,0.137500,0.004900,0.028400,0.023400,0.058800,0.003200,0.036768,0.013696,0.009632,0.010432,0.001248,1,4,48,4,1
2573,0.118700,0.132300,0.004900,0.028000,0.023700,0.058900,0.003200,0.037408,0.011104,0.009792,0.010240,0.001248,1,4,48,4,1
2574,0.116800,0.132000,0.004900,0.028000,0.023100,0.057400,0.003200,0.036672,0.013664,0.009536,0.010464,0.001248,1,4,48,4,1
2575,0.118200,0.130000,0.005500,0.028100,0.023600,0.057400,0.003200,0.036768,0.013792,0.009632,0.010368,0.001216,1,4,48,4,1
2576,0.118500,0.131700,0.004900,0.028000,0.023400,0.058900,0.003200,0.036736,0.013696,0.009568,0.010400,0.001248,1,4,48,4,1
2577,0.118500,0.131700,0.005100,0.028100,0.023600,0.058300,0.003200,0.038752,0.013664,0.009664,0.010336,0.001248,1,4,48,4,1
2578,0.117600,0.131900,0.005400,0.028000,0.023400,0.058200,0.002500,0.037600,0.011136,0.009600,0.010240,0.001216,1,4,48,4,1
2579,0.117400,0.131000,0.004900,0.028100,0.023000,0.058000,0.003300,0.036640,0.011200,0.009600,0.010176,0.001216,1,4,48,4,1
2580,0.117300,0.130800,0.004900,0.028000,0.022800,0.057900,0.003500,0.039104,0.011264,0.009888,0.010432,0.001248,1,4,48,4,1
2581,0.118500,0.130700,0.004900,0.028000,0.023200,0.059100,0.003100,0.036608,0.011104,0.009696,0.010208,0.001184,1,4,48,4,1
2582,0.156500,0.131700,0.004800,0.027800,0.023300,0.098400,0.001800,0.036928,0.011136,0.009632,0.010272,0.001248,1,4,48,4,1
2583,0.118800,0.169900,0.005100,0.028300,0.023400,0.058800,0.003100,0.036640,0.011840,0.009600,0.010400,0.001184,1,4,48,4,1
2584,0.118200,0.132000,0.005200,0.027800,0.023000,0.059500,0.002600,0.036576,0.011232,0.009536,0.010240,0.001216,1,4,48,4,1
2585,0.116500,0.131600,0.004600,0.027900,0.023500,0.058000,0.002400,0.036480,0.011200,0.009472,0.010240,0.001184,1,4,48,4,1
2586,0.122800,0.130000,0.004600,0.028100,0.028200,0.058500,0.003300,0.037024,0.012352,0.009792,0.010432,0.001248,1,4,48,4,1
2587,0.118400,0.136400,0.005200,0.028200,0.023200,0.058900,0.002600,0.036672,0.011136,0.009664,0.010240,0.001216,1,4,48,4,1
2588,0.130100,0.131800,0.004500,0.028100,0.035300,0.058900,0.003200,0.038976,0.011264,0.009728,0.010432,0.001216,1,4,48,4,1
2589,0.119500,0.143400,0.005300,0.027800,0.023200,0.060000,0.003200,0.036768,0.011168,0.009664,0.010272,0.001280,1,4,48,4,1
2590,0.116700,0.133100,0.004800,0.027900,0.023500,0.058400,0.001900,0.036832,0.011200,0.009664,0.010336,0.001216,1,4,48,4,1
2591,0.117200,0.130100,0.004700,0.027900,0.023000,0.058400,0.003200,0.036736,0.011232,0.009696,0.010176,0.001216,1,4,48,4,1
2592,0.118900,0.130500,0.005000,0.028000,0.023400,0.059000,0.003400,0.038880,0.011168,0.009760,0.010432,0.001216,1,4,48,4,1
2593,0.117100,0.132000,0.004900,0.027800,0.023100,0.057900,0.003300,0.036864,0.011264,0.009728,0.010208,0.001248,1,4,48,4,1
2594,0.117600,0.130400,0.004900,0.027600,0.022900,0.058900,0.003200,0.036640,0.011232,0.009536,0.010208,0.001216,1,4,48,4,1
2595,0.118400,0.130800,0.004800,0.028000,0.022900,0.059300,0.003200,0.036544,0.011168,0.009536,0.010240,0.001216,1,4,48,4,1
2596,0.117800,0.131700,0.005100,0.027800,0.023200,0.058600,0.003100,0.036768,0.011168,0.009696,0.010240,0.001184,1,4,48,4,1
2597,0.117300,0.131100,0.004700,0.027600,0.022700,0.059000,0.003200,0.036736,0.011168,0.009696,0.010272,0.001216,1,4,48,4,1
2598,0.117900,0.130800,0.005300,0.027900,0.022900,0.058600,0.003100,0.038816,0.011136,0.009728,0.010336,0.001280,1,4,48,4,1
2599,0.117600,0.131200,0.004900,0.027700,0.022900,0.058800,0.003200,0.036768,0.011232,0.009696,0.010272,0.001216,1,4,48,4,1
2600,0.122200,0.130800,0.005000,0.027600,0.023200,0.063300,0.003100,0.038624,0.013728,0.009824,0.010240,0.001216,1,4,48,4,1
2601,0.125600,0.135600,0.005200,0.028000,0.023400,0.065400,0.003200,0.036544,0.011168,0.009536,0.010240,0.001216,1,4,48,4,1
2602,0.117600,0.139000,0.005000,0.028000,0.022900,0.058500,0.003200,0.037056,0.011232,0.009888,0.010304,0.001248,1,4,48,4,1
2603,0.118000,0.131100,0.005000,0.027600,0.022800,0.059300,0.003100,0.036704,0.011168,0.009664,0.010272,0.001216,1,4,48,4,1
2604,0.117500,0.131100,0.004700,0.027500,0.023000,0.059000,0.003100,0.036768,0.011200,0.009760,0.010240,0.001216,1,4,48,4,1
2605,0.117900,0.130400,0.004800,0.027500,0.023100,0.059000,0.003200,0.036512,0.011168,0.009504,0.010208,0.001216,1,4,48,4,1
2606,0.117800,0.131200,0.004900,0.027600,0.023400,0.058700,0.003100,0.036800,0.011200,0.009696,0.010304,0.001248,1,4,48,4,1
2607,0.117700,0.131400,0.005200,0.027700,0.023100,0.058500,0.003100,0.036576,0.012224,0.009440,0.010400,0.001280,1,4,48,4,1
2608,0.118000,0.130900,0.005000,0.027600,0.023100,0.059100,0.003200,0.038976,0.011232,0.009824,0.010304,0.001216,1,4,48,4,1
2609,0.135900,0.131400,0.004800,0.027700,0.032100,0.069400,0.001800,0.037280,0.011136,0.009504,0.010336,0.001216,1,4,48,4,1
2610,0.135200,0.149200,0.005100,0.027900,0.025200,0.054400,0.022400,0.037888,0.010816,0.009728,0.010240,0.001312,1,4,48,4,1
2611,0.133200,0.148800,0.005400,0.029600,0.022600,0.072000,0.003600,0.037344,0.011232,0.009504,0.010304,0.001216,1,4,48,4,1
2612,0.142200,0.146800,0.023000,0.028200,0.028500,0.059100,0.003200,0.036800,0.011264,0.009728,0.010240,0.001216,1,4,48,4,1
2613,0.119300,0.155300,0.005100,0.027800,0.023800,0.059200,0.003200,0.036672,0.011232,0.009632,0.010336,0.001280,1,4,48,4,1
2614,0.117900,0.132600,0.005100,0.027900,0.023100,0.058500,0.003200,0.036928,0.011232,0.009760,0.010272,0.001280,1,4,48,4,1
2615,0.117300,0.131100,0.004600,0.027700,0.023400,0.058200,0.003200,0.036704,0.013664,0.009536,0.010496,0.001248,1,4,48,4,1
2616,0.117100,0.130600,0.005000,0.027900,0.022900,0.058000,0.003100,0.036640,0.013696,0.009632,0.010368,0.001248,1,4,48,4,1
2617,0.117700,0.130500,0.004800,0.027900,0.023200,0.058400,0.003200,0.036832,0.011232,0.009728,0.010304,0.001216,1,4,48,4,1
2618,0.117300,0.131000,0.004800,0.027900,0.023000,0.058200,0.003200,0.036800,0.011264,0.009600,0.010336,0.001216,1,4,48,4,1
2619,0.117300,0.130500,0.005000,0.027800,0.023500,0.057600,0.003300,0.036896,0.011200,0.009824,0.010240,0.001216,1,4,48,4,1
2620,0.118100,0.130700,0.005000,0.028000,0.023200,0.058500,0.003300,0.036736,0.012352,0.009600,0.010400,0.001184,1,4,48,4,1
2621,0.117900,0.131500,0.004800,0.028200,0.023300,0.058200,0.003300,0.036800,0.011232,0.009664,0.010272,0.001280,1,4,48,4,1
2622,0.116100,0.131100,0.004800,0.027900,0.023300,0.057400,0.002500,0.037056,0.011264,0.009824,0.010336,0.001248,1,4,48,4,1
2623,0.122400,0.129600,0.004800,0.028000,0.023100,0.062300,0.003900,0.036672,0.013664,0.009664,0.010400,0.001152,1,4,48,4,1
2624,0.119200,0.136000,0.005100,0.028700,0.024000,0.058000,0.003200,0.036672,0.013664,0.009600,0.010368,0.001248,1,4,48,4,1
2625,0.117700,0.132600,0.004900,0.028100,0.023400,0.057700,0.003400,0.036800,0.011200,0.009664,0.010336,0.001216,1,4,48,4,1
2626,0.117500,0.134900,0.004900,0.027900,0.022900,0.058300,0.003300,0.036544,0.011232,0.009440,0.010272,0.001184,1,4,48,4,1
2627,0.116200,0.130700,0.004900,0.027400,0.023200,0.057000,0.003300,0.036640,0.011200,0.009504,0.010336,0.001248,1,4,48,4,1
2628,0.118200,0.129400,0.004800,0.028200,0.023000,0.058800,0.003200,0.038752,0.011264,0.009536,0.010400,0.001152,1,4,48,4,1
2629,0.116300,0.131500,0.004800,0.028000,0.022800,0.057600,0.002900,0.036576,0.011232,0.009632,0.010272,0.001248,1,4,48,4,1
2630,0.116900,0.129700,0.004800,0.027900,0.023100,0.057800,0.003300,0.036832,0.012224,0.009696,0.010400,0.001248,1,4,48,4,1
2631,0.116500,0.130200,0.005600,0.028200,0.023000,0.057300,0.002300,0.036672,0.011168,0.009664,0.010240,0.001184,1,4,48,4,1
2632,0.117300,0.129700,0.005100,0.028000,0.023000,0.057800,0.003200,0.036768,0.011200,0.009632,0.010304,0.001280,1,4,48,4,1
2633,0.154900,0.130400,0.004700,0.028100,0.023100,0.094000,0.004600,0.036864,0.013664,0.009760,0.010400,0.001280,1,4,48,4,1
2634,0.208100,0.174700,0.007000,0.045600,0.035400,0.115300,0.004600,0.036864,0.013696,0.009696,0.010432,0.001280,1,4,48,4,1
2635,0.189800,0.226200,0.006400,0.038200,0.031100,0.110300,0.003700,0.036928,0.011168,0.009856,0.010272,0.001216,1,4,48,4,1
2636,0.183500,0.207100,0.006000,0.036600,0.030200,0.108100,0.002300,0.036832,0.012192,0.009824,0.010336,0.001216,1,4,48,4,1
2637,0.185200,0.200700,0.006400,0.037100,0.030000,0.108000,0.003500,0.036448,0.011136,0.009536,0.010208,0.001248,1,4,48,4,1
2638,0.182800,0.202200,0.006000,0.037000,0.030200,0.107100,0.002200,0.038848,0.013760,0.009792,0.010272,0.001280,1,4,48,4,1
2639,0.199800,0.199700,0.006300,0.036900,0.045700,0.106900,0.003800,0.036608,0.011264,0.009632,0.010240,0.001248,1,4,48,4,1
2640,0.184900,0.217300,0.006200,0.037400,0.030300,0.107600,0.003300,0.036928,0.011136,0.009856,0.010304,0.001248,1,4,48,4,1
2641,0.184700,0.202300,0.005900,0.036900,0.030300,0.107300,0.004200,0.036640,0.011776,0.009664,0.010336,0.001216,1,4,48,4,1
2642,0.185400,0.201800,0.006200,0.036600,0.029800,0.108500,0.004300,0.037216,0.013792,0.010080,0.010368,0.001184,1,4,48,4,1
2643,0.165400,0.202300,0.006300,0.037100,0.025300,0.094200,0.002100,0.037312,0.011168,0.009664,0.010240,0.001216,1,4,48,4,1
2644,0.190100,0.179400,0.005200,0.030700,0.049400,0.102200,0.002400,0.038560,0.011232,0.009568,0.010400,0.001248,1,4,48,4,1
2645,0.155600,0.209200,0.006800,0.038800,0.031300,0.074500,0.004000,0.036576,0.011200,0.009472,0.010272,0.001248,1,4,48,4,1
2646,0.154200,0.172800,0.005800,0.035600,0.029500,0.072200,0.010800,0.036768,0.011168,0.009824,0.010208,0.001184,1,4,48,4,1
2647,0.146200,0.171200,0.006300,0.034600,0.029200,0.073000,0.003000,0.037696,0.010784,0.009728,0.010240,0.001216,1,4,48,4,1
2648,0.150300,0.163000,0.005900,0.034500,0.025200,0.080500,0.004000,0.037792,0.011168,0.009824,0.010336,0.001248,1,4,48,4,1
2649,0.145900,0.166900,0.006500,0.034400,0.028900,0.072000,0.004000,0.036512,0.011136,0.009504,0.010240,0.001216,1,4,48,4,1
2650,0.193500,0.162300,0.006200,0.034400,0.028500,0.120800,0.003400,0.037088,0.011232,0.009920,0.010272,0.001280,1,4,48,4,1
2651,0.157900,0.214000,0.007500,0.047400,0.031600,0.067500,0.003600,0.036736,0.013664,0.009632,0.010432,0.001216,1,4,48,4,1
2652,0.143100,0.172700,0.005500,0.040000,0.027800,0.065100,0.004600,0.036768,0.013728,0.009600,0.010464,0.001184,1,4,48,4,1
2653,0.122300,0.157500,0.005300,0.029400,0.024400,0.060300,0.002800,0.036576,0.013728,0.009472,0.010368,0.001216,1,4,48,4,1
2654,0.118800,0.135800,0.005100,0.028600,0.024000,0.057800,0.003200,0.037120,0.011200,0.009696,0.010272,0.001280,1,4,48,4,1
2655,0.118400,0.132500,0.005200,0.028400,0.023600,0.057900,0.003300,0.036704,0.013664,0.009632,0.010400,0.001248,1,4,48,4,1
2656,0.119800,0.131700,0.005000,0.028100,0.024000,0.059500,0.003200,0.036960,0.011808,0.009824,0.010432,0.001280,1,4,48,4,1
2657,0.118900,0.133600,0.005000,0.028200,0.023300,0.059100,0.003200,0.036672,0.011168,0.009632,0.010272,0.001216,1,4,48,4,1
2658,0.119200,0.132400,0.005000,0.028200,0.023500,0.059200,0.003200,0.039008,0.011232,0.009792,0.010368,0.001248,1,4,48,4,1
2659,0.120900,0.132600,0.005000,0.028200,0.024300,0.060000,0.003200,0.038592,0.011104,0.009536,0.010400,0.001216,1,4,48,4,1
2660,0.119600,0.134600,0.005000,0.028200,0.023500,0.059700,0.003100,0.038752,0.011264,0.009376,0.010528,0.001248,1,4,48,4,1
2661,0.120700,0.133000,0.005000,0.028300,0.024100,0.059900,0.003400,0.038784,0.011200,0.009568,0.010432,0.001216,1,4,48,4,1
2662,0.131000,0.134300,0.005000,0.028400,0.023400,0.070800,0.003300,0.036640,0.011200,0.009600,0.010272,0.001216,1,4,48,4,1
2663,0.120600,0.144700,0.004900,0.028300,0.025000,0.059100,0.003200,0.038496,0.011200,0.009760,0.010272,0.001248,1,4,48,4,1
2664,0.121000,0.133900,0.005100,0.029100,0.023600,0.059900,0.003100,0.038816,0.011232,0.009664,0.010368,0.001216,1,4,48,4,1
2665,0.119700,0.134400,0.004700,0.028400,0.023800,0.059400,0.003200,0.036544,0.011168,0.009472,0.010304,0.001184,1,4,48,4,1
2666,0.119400,0.133000,0.004700,0.028100,0.023700,0.059600,0.003200,0.036736,0.012224,0.009600,0.010432,0.001248,1,4,48,4,1
2667,0.119900,0.132700,0.005200,0.028400,0.023900,0.059200,0.003100,0.036768,0.011136,0.009760,0.010240,0.001248,1,4,48,4,1
2668,0.119000,0.133200,0.005200,0.028100,0.023500,0.058900,0.003200,0.038624,0.013664,0.009664,0.010240,0.001216,1,4,48,4,1
2669,0.122400,0.132700,0.005100,0.028200,0.023200,0.059800,0.005800,0.036576,0.011168,0.009568,0.010272,0.001184,1,4,48,4,1
2670,0.119300,0.135900,0.005100,0.028100,0.023400,0.059400,0.003100,0.038976,0.011232,0.009760,0.010400,0.001248,1,4,48,4,1
2671,0.119900,0.132700,0.005100,0.028700,0.023400,0.059200,0.003300,0.036672,0.011200,0.009536,0.010304,0.001216,1,4,48,4,1
2672,0.119300,0.133300,0.005000,0.028300,0.023300,0.059300,0.003100,0.036768,0.012224,0.009728,0.010400,0.001216,1,4,48,4,1
2673,0.117800,0.132600,0.005100,0.028300,0.023500,0.057500,0.003200,0.038688,0.011168,0.009504,0.010464,0.001184,1,4,48,4,1
2674,0.117700,0.131200,0.005000,0.028100,0.023200,0.059400,0.002000,0.036672,0.011136,0.009728,0.010144,0.001216,1,4,48,4,1
2675,0.118900,0.131400,0.004900,0.028300,0.023500,0.059000,0.003200,0.036384,0.011200,0.009344,0.010240,0.001184,1,4,48,4,1
2676,0.118900,0.132600,0.005100,0.028200,0.023100,0.059200,0.003200,0.036640,0.011200,0.009600,0.010240,0.001184,1,4,48,4,1
2677,0.129800,0.132600,0.004900,0.028200,0.031900,0.061400,0.003200,0.036608,0.011168,0.009504,0.010272,0.001248,1,4,48,4,1
2678,0.121300,0.143600,0.005100,0.028600,0.024300,0.060000,0.003100,0.036704,0.011168,0.009664,0.010304,0.001216,1,4,48,4,1
2679,0.135100,0.134600,0.005300,0.028600,0.023700,0.074100,0.003300,0.038784,0.011168,0.009760,0.010272,0.001248,1,4,48,4,1
2680,0.120600,0.149000,0.005100,0.028400,0.023600,0.060200,0.003300,0.038912,0.011168,0.009920,0.010336,0.001216,1,4,48,4,1
2681,0.120200,0.134100,0.005000,0.028300,0.023700,0.059900,0.003200,0.036800,0.011200,0.009696,0.010304,0.001216,1,4,48,4,1
2682,0.121100,0.133800,0.005200,0.028700,0.023600,0.060300,0.003200,0.036768,0.011200,0.009792,0.010208,0.001184,1,4,48,4,1
2683,0.121000,0.134600,0.005000,0.028900,0.023700,0.060200,0.003100,0.036864,0.011104,0.009856,0.010272,0.001216,1,4,48,4,1
2684,0.124400,0.134700,0.004900,0.028900,0.023400,0.060900,0.005900,0.038560,0.011232,0.009696,0.010400,0.001184,1,4,48,4,1
2685,0.119600,0.138500,0.005000,0.028200,0.023400,0.059600,0.003200,0.036768,0.011104,0.009696,0.010272,0.001248,1,4,48,4,1
2686,0.119900,0.133300,0.005100,0.028500,0.023300,0.059800,0.003100,0.036608,0.012256,0.009536,0.010400,0.001216,1,4,48,4,1
2687,0.119300,0.133500,0.005200,0.028200,0.023000,0.059500,0.003200,0.036896,0.011264,0.009664,0.010304,0.001280,1,4,48,4,1
2688,0.120100,0.132700,0.005000,0.028400,0.023700,0.059700,0.003100,0.038848,0.013728,0.009888,0.010240,0.001248,1,4,48,4,1
2689,0.119400,0.133700,0.005000,0.028500,0.023400,0.059300,0.003100,0.036736,0.011168,0.009600,0.010336,0.001248,1,4,48,4,1
2690,0.119100,0.132800,0.005100,0.028100,0.023400,0.060400,0.001900,0.037536,0.010784,0.009728,0.010272,0.001248,1,4,48,4,1
2691,0.127400,0.132500,0.005200,0.028300,0.033800,0.058000,0.002000,0.036608,0.010624,0.009568,0.010272,0.001184,1,4,48,4,1
2692,0.140600,0.140800,0.004900,0.037800,0.021500,0.071200,0.005100,0.036352,0.010816,0.009408,0.010240,0.001248,1,4,48,4,1
2693,0.120300,0.154100,0.005500,0.028200,0.021000,0.062200,0.003200,0.037760,0.010976,0.009696,0.010240,0.001248,1,4,48,4,1
2694,0.121300,0.133900,0.005400,0.027900,0.025500,0.059100,0.003300,0.036800,0.011200,0.009760,0.010272,0.001216,1,4,48,4,1
2695,0.119000,0.135100,0.004900,0.028600,0.023300,0.058900,0.003300,0.036480,0.011168,0.009504,0.010208,0.001216,1,4,48,4,1
2696,0.118400,0.132300,0.005000,0.028000,0.023300,0.058800,0.003200,0.038912,0.011232,0.009664,0.010432,0.001248,1,4,48,4,1
2697,0.119000,0.132000,0.005100,0.028300,0.023600,0.058700,0.003300,0.036544,0.011200,0.009472,0.010336,0.001184,1,4,48,4,1
2698,0.118100,0.132700,0.005000,0.028500,0.021200,0.060500,0.002700,0.038272,0.010848,0.009472,0.010272,0.001216,1,4,48,4,1
2699,0.124400,0.131700,0.005100,0.028300,0.028300,0.060100,0.002500,0.037408,0.011040,0.009760,0.010272,0.001248,1,4,48,4,1
2700,0.122800,0.137800,0.004900,0.028100,0.024100,0.063700,0.001900,0.038240,0.011168,0.009664,0.010304,0.001216,1,4,48,4,1
2701,0.120400,0.136200,0.005000,0.028600,0.024800,0.059200,0.002500,0.036672,0.011200,0.009696,0.010176,0.001216,1,4,48,4,1
2702,0.119300,0.133900,0.004900,0.028400,0.023400,0.059300,0.003100,0.038368,0.013760,0.009760,0.010272,0.001216,1,4,48,4,1
2703,0.119800,0.132800,0.005000,0.028500,0.023300,0.059700,0.003200,0.036768,0.011072,0.009696,0.010336,0.001216,1,4,48,4,1
2704,0.119600,0.133100,0.005300,0.028200,0.023700,0.059200,0.003200,0.036672,0.011872,0.009632,0.010400,0.001216,1,4,48,4,1
2705,0.119000,0.133200,0.004900,0.028200,0.023000,0.059600,0.003100,0.036736,0.012224,0.009568,0.010496,0.001216,1,4,48,4,1
2706,0.119400,0.132300,0.005200,0.028100,0.023200,0.059600,0.003100,0.036576,0.011136,0.009504,0.010272,0.001248,1,4,48,4,1
2707,0.122300,0.141100,0.005800,0.029000,0.024100,0.060200,0.003100,0.036480,0.011232,0.009344,0.010272,0.001216,1,4,48,4,1
2708,0.119900,0.135800,0.005100,0.028000,0.023700,0.059600,0.003200,0.036896,0.011232,0.009728,0.010304,0.001280,1,4,48,4,1
2709,0.129600,0.133400,0.005000,0.034800,0.026800,0.059400,0.003300,0.036640,0.011168,0.009536,0.010304,0.001248,1,4,48,4,1
2710,0.119300,0.143400,0.005400,0.028800,0.024200,0.057500,0.003300,0.036736,0.012224,0.009664,0.010368,0.001248,1,4,48,4,1
2711,0.118000,0.132700,0.004700,0.028200,0.023400,0.059400,0.002300,0.038400,0.011200,0.009536,0.010432,0.001216,1,4,48,4,1
2712,0.119600,0.131500,0.004800,0.028400,0.023700,0.059100,0.003100,0.038656,0.013600,0.009664,0.010240,0.001216,1,4,48,4,1
2713,0.121100,0.133200,0.005200,0.028600,0.024200,0.059800,0.003200,0.036864,0.011168,0.009792,0.010208,0.001280,1,4,48,4,1
2714,0.120900,0.134600,0.005100,0.028600,0.023500,0.060200,0.003200,0.036864,0.011200,0.009792,0.010304,0.001216,1,4,48,4,1
2715,0.119500,0.134400,0.005100,0.028200,0.023500,0.059200,0.003300,0.036608,0.011168,0.009536,0.010240,0.001248,1,4,48,4,1
2716,0.120200,0.132900,0.005100,0.028100,0.023700,0.059800,0.003300,0.036832,0.013664,0.009696,0.010368,0.001312,1,4,48,4,1
2717,0.117700,0.133800,0.005200,0.028500,0.023700,0.058400,0.001900,0.038624,0.011136,0.009440,0.010528,0.001216,1,4,48,4,1
2718,0.127200,0.131100,0.004800,0.030100,0.028600,0.059900,0.003600,0.038112,0.011040,0.009792,0.010176,0.001280,1,4,48,4,1
2719,0.119600,0.140500,0.005000,0.028200,0.023800,0.059300,0.003200,0.036928,0.011200,0.009888,0.010272,0.001184,1,4,48,4,1
2720,0.120200,0.133000,0.005300,0.028100,0.023700,0.059700,0.003300,0.036704,0.011200,0.009600,0.010336,0.001184,1,4,48,4,1
2721,0.124300,0.133600,0.005200,0.028400,0.023300,0.064000,0.003200,0.036608,0.012192,0.009632,0.010336,0.001216,1,4,48,4,1
2722,0.122200,0.140800,0.006400,0.028500,0.024100,0.059800,0.003200,0.036608,0.011168,0.009632,0.010240,0.001216,1,4,48,4,1
2723,0.119200,0.135800,0.004700,0.028100,0.023700,0.059400,0.003200,0.036576,0.011104,0.009696,0.010208,0.001152,1,4,48,4,1
2724,0.119300,0.132800,0.004800,0.028200,0.023400,0.059600,0.003200,0.038720,0.013728,0.009536,0.010304,0.001248,1,4,48,4,1
2725,0.145500,0.133000,0.004900,0.028200,0.023300,0.078400,0.010400,0.038752,0.013632,0.009760,0.010272,0.001216,1,4,48,4,1
2726,0.120800,0.159000,0.005000,0.028300,0.023800,0.060200,0.003300,0.036608,0.011168,0.009696,0.010208,0.001184,1,4,48,4,1
2727,0.119100,0.134300,0.005200,0.028200,0.023200,0.058800,0.003500,0.038656,0.011136,0.009600,0.010336,0.001216,1,4,48,4,1
2728,0.120200,0.132700,0.004900,0.028100,0.023500,0.059700,0.003900,0.038592,0.011264,0.009696,0.010368,0.001216,1,4,48,4,1
2729,0.124000,0.133600,0.004900,0.031500,0.024300,0.059900,0.003200,0.039040,0.011200,0.009696,0.010432,0.001280,1,4,48,4,1
2730,0.120100,0.137300,0.004900,0.028200,0.023800,0.060000,0.003200,0.038752,0.013696,0.009760,0.010240,0.001216,1,4,48,4,1
2731,0.119300,0.133500,0.004800,0.028000,0.023500,0.059600,0.003100,0.038528,0.011104,0.009504,0.010400,0.001216,1,4,48,4,1
2732,0.119800,0.132600,0.004700,0.028300,0.023700,0.059800,0.003100,0.036896,0.012320,0.009760,0.010400,0.001216,1,4,48,4,1
2733,0.120600,0.133200,0.005200,0.028100,0.023900,0.060000,0.003200,0.036704,0.011200,0.009536,0.010272,0.001280,1,4,48,4,1
2734,0.119600,0.134100,0.004900,0.028200,0.023700,0.059600,0.003100,0.036672,0.011200,0.009472,0.010272,0.001280,1,4,48,4,1
2735,0.160500,0.133200,0.005000,0.027900,0.051300,0.073700,0.002400,0.038112,0.010944,0.009504,0.010240,0.001248,1,4,48,4,1
2736,0.178300,0.177300,0.007600,0.032800,0.042400,0.056800,0.038700,0.038912,0.011168,0.009824,0.010272,0.001248,1,4,48,4,1
2737,0.141100,0.192700,0.005400,0.044400,0.023800,0.063800,0.003600,0.037568,0.010784,0.009632,0.010304,0.001248,1,4,48,4,1
2738,0.131200,0.155000,0.005500,0.028600,0.031900,0.061900,0.003200,0.037792,0.010784,0.009792,0.010208,0.001216,1,4,48,4,1
2739,0.121800,0.144800,0.005400,0.028600,0.024000,0.060500,0.003100,0.036320,0.011168,0.009312,0.010240,0.001216,1,4,48,4,1
2740,0.120000,0.135200,0.005400,0.028300,0.023400,0.059700,0.003200,0.036704,0.011168,0.009664,0.010272,0.001184,1,4,48,4,1
2741,0.120900,0.133600,0.005000,0.028600,0.023700,0.060300,0.003200,0.036640,0.011168,0.009632,0.010240,0.001216,1,4,48,4,1
2742,0.121900,0.134600,0.005000,0.028700,0.023600,0.061200,0.003300,0.036832,0.011264,0.009664,0.010304,0.001216,1,4,48,4,1
2743,0.123800,0.135300,0.005300,0.032100,0.023200,0.059700,0.003300,0.036896,0.011264,0.009760,0.010272,0.001248,1,4,48,4,1
2744,0.120100,0.137300,0.005200,0.028600,0.023400,0.059700,0.003100,0.036864,0.011264,0.009696,0.010272,0.001248,1,4,48,4,1
2745,0.120500,0.133500,0.005200,0.028700,0.023200,0.060000,0.003200,0.036672,0.011232,0.009504,0.010272,0.001216,1,4,48,4,1
2746,0.119200,0.133800,0.004800,0.028400,0.023500,0.059100,0.003100,0.036736,0.011232,0.009600,0.010272,0.001248,1,4,48,4,1
2747,0.119900,0.132500,0.005100,0.028400,0.023300,0.059700,0.003200,0.036864,0.012288,0.009824,0.010304,0.001184,1,4,48,4,1
2748,0.119200,0.133500,0.004900,0.028200,0.023400,0.059200,0.003100,0.037216,0.011136,0.009600,0.010208,0.001248,1,4,48,4,1
2749,0.126900,0.132800,0.004800,0.028300,0.023600,0.066800,0.003100,0.036736,0.012256,0.009664,0.010400,0.001184,1,4,48,4,1
2750,0.120000,0.140500,0.005100,0.028700,0.023400,0.059600,0.003200,0.036736,0.011200,0.009728,0.010208,0.001216,1,4,48,4,1
2751,0.119500,0.133700,0.005100,0.028200,0.023900,0.058900,0.003200,0.036704,0.011200,0.009600,0.010272,0.001248,1,4,48,4,1
2752,0.118600,0.132900,0.004900,0.028100,0.023300,0.059100,0.003100,0.036672,0.011168,0.009696,0.010208,0.001184,1,4,48,4,1
2753,0.119400,0.132000,0.004800,0.028600,0.023400,0.059200,0.003200,0.036608,0.011264,0.009504,0.010240,0.001216,1,4,48,4,1
2754,0.118300,0.133100,0.005200,0.028200,0.023000,0.058500,0.003200,0.036640,0.011200,0.009568,0.010272,0.001216,1,4,48,4,1
2755,0.126600,0.131700,0.004800,0.038000,0.023100,0.058200,0.002100,0.036832,0.011168,0.009664,0.010304,0.001280,1,4,48,4,1
2756,0.119800,0.140300,0.004900,0.028400,0.023500,0.059700,0.003200,0.038816,0.013696,0.009728,0.010176,0.001312,1,4,48,4,1
2757,0.119600,0.133100,0.005100,0.028200,0.023600,0.059400,0.003200,0.036864,0.012288,0.009632,0.010464,0.001248,1,4,48,4,1
2758,0.119300,0.137000,0.005300,0.028200,0.022900,0.059600,0.003100,0.036768,0.011264,0.009600,0.010304,0.001280,1,4,48,4,1
2759,0.119600,0.132900,0.004900,0.028400,0.023600,0.059400,0.003200,0.036704,0.011200,0.009696,0.010272,0.001152,1,4,48,4,1
2760,0.120300,0.133000,0.005300,0.028000,0.023700,0.060200,0.003100,0.036736,0.011104,0.009792,0.010240,0.001216,1,4,48,4,1
2761,0.119100,0.133700,0.004800,0.028000,0.023200,0.059800,0.003200,0.036832,0.011200,0.009760,0.010272,0.001248,1,4,48,4,1
2762,0.120200,0.132600,0.005000,0.028300,0.023800,0.060000,0.003100,0.036992,0.011264,0.009536,0.010208,0.001216,1,4,48,4,1
2763,0.136000,0.133700,0.017200,0.029500,0.025400,0.060600,0.003200,0.036544,0.011168,0.009504,0.010304,0.001216,1,4,48,4,1
2764,0.125700,0.150000,0.005000,0.028400,0.028600,0.060400,0.003200,0.036608,0.012288,0.009376,0.010528,0.001216,1,4,48,4,1
2765,0.194400,0.139300,0.005000,0.028500,0.025400,0.133300,0.002100,0.037696,0.010880,0.009600,0.010240,0.001184,1,4,48,4,1
2766,0.143600,0.209800,0.005700,0.033000,0.026600,0.075200,0.002700,0.036896,0.013664,0.009824,0.010400,0.001280,1,4,48,4,1
2767,0.119900,0.157700,0.005200,0.028900,0.024400,0.058900,0.002200,0.037184,0.011136,0.009568,0.010272,0.001184,1,4,48,4,1
2768,0.120100,0.134000,0.004800,0.028400,0.024500,0.059500,0.002700,0.036608,0.011168,0.009600,0.010240,0.001248,1,4,48,4,1
2769,0.119300,0.133700,0.005300,0.028600,0.023800,0.059000,0.002400,0.036736,0.011168,0.009696,0.010304,0.001184,1,4,48,4,1
2770,0.120300,0.132900,0.005000,0.028400,0.023400,0.059600,0.003700,0.036864,0.011200,0.009728,0.010272,0.001280,1,4,48,4,1
2771,0.119300,0.133800,0.005400,0.028200,0.024000,0.058900,0.002600,0.038528,0.011328,0.009472,0.010400,0.001248,1,4,48,4,1
2772,0.124300,0.134900,0.007000,0.031800,0.023300,0.059600,0.002300,0.036800,0.011264,0.009728,0.010240,0.001216,1,4,48,4,1
2773,0.118600,0.137600,0.004900,0.028100,0.023900,0.058200,0.003400,0.036672,0.011168,0.009632,0.010240,0.001184,1,4,48,4,1
2774,0.119200,0.132100,0.004900,0.028400,0.024100,0.059000,0.002700,0.038784,0.011264,0.009568,0.010432,0.001248,1,4,48,4,1
2775,0.118800,0.132600,0.005200,0.028100,0.023700,0.059200,0.002400,0.036768,0.012256,0.009696,0.010336,0.001248,1,4,48,4,1
2776,0.118200,0.132200,0.005100,0.028400,0.023700,0.058400,0.002600,0.036640,0.011232,0.009536,0.010304,0.001216,1,4,48,4,1
2777,0.118900,0.131800,0.005200,0.028200,0.023300,0.059400,0.002600,0.036864,0.012288,0.009632,0.010464,0.001216,1,4,48,4,1
2778,0.124700,0.132400,0.005000,0.028300,0.023800,0.064900,0.002600,0.038336,0.011328,0.009760,0.010272,0.001216,1,4,48,4,1
2779,0.115300,0.138400,0.004900,0.028800,0.021400,0.058100,0.001900,0.038432,0.011200,0.009728,0.010336,0.001216,1,4,48,4,1
2780,0.165300,0.128600,0.005000,0.027500,0.023900,0.056700,0.052000,0.037408,0.011200,0.009568,0.010208,0.001248,1,4,48,4,1
2781,0.145600,0.179100,0.005400,0.030400,0.023000,0.083000,0.003700,0.038272,0.011200,0.009600,0.010304,0.001216,1,4,48,4,1
2782,0.133500,0.158900,0.005400,0.028700,0.034500,0.062200,0.002600,0.037760,0.011264,0.009824,0.010240,0.001184,1,4,48,4,1
2783,0.124400,0.146900,0.005000,0.028400,0.029200,0.058400,0.003300,0.036608,0.012224,0.009504,0.010464,0.001248,1,4,48,4,1
2784,0.118200,0.138000,0.005200,0.028600,0.023400,0.058400,0.002400,0.036512,0.011136,0.009504,0.010272,0.001184,1,4,48,4,1
2785,0.117700,0.131600,0.005000,0.028200,0.023400,0.058300,0.002600,0.036704,0.013696,0.009664,0.010368,0.001216,1,4,48,4,1
2786,0.121000,0.131300,0.005000,0.028100,0.027400,0.058500,0.001800,0.036864,0.011200,0.009568,0.010240,0.001248,1,4,48,4,1
2787,0.117600,0.134400,0.005400,0.028300,0.023400,0.057900,0.002500,0.036864,0.011232,0.009760,0.010272,0.001248,1,4,48,4,1
2788,0.118900,0.131000,0.004900,0.028400,0.023400,0.059600,0.002400,0.036832,0.012224,0.009696,0.010432,0.001248,1,4,48,4,1
2789,0.118100,0.132300,0.004800,0.028100,0.022900,0.059600,0.002400,0.036448,0.011200,0.009344,0.010304,0.001216,1,4,48,4,1
2790,0.118800,0.131500,0.005000,0.028600,0.023400,0.059100,0.002500,0.036832,0.011136,0.009888,0.010208,0.001216,1,4,48,4,1
2791,0.118300,0.132300,0.004800,0.028400,0.023600,0.059000,0.002200,0.036576,0.011200,0.009536,0.010304,0.001152,1,4,48,4,1
2792,0.118700,0.131900,0.005000,0.028500,0.023900,0.059000,0.002100,0.036704,0.013728,0.009536,0.010432,0.001216,1,4,48,4,1
2793,0.125200,0.132100,0.005200,0.028300,0.023800,0.065500,0.002400,0.038368,0.011168,0.009504,0.010432,0.001216,1,4,48,4,1
2794,0.120500,0.139100,0.005400,0.028800,0.024000,0.059800,0.002400,0.036800,0.011232,0.009728,0.010208,0.001216,1,4,48,4,1
2795,0.119700,0.134000,0.005000,0.028500,0.023500,0.059400,0.003100,0.038528,0.013856,0.009632,0.010240,0.001280,1,4,48,4,1
2796,0.118000,0.133300,0.004800,0.028000,0.023500,0.058300,0.003300,0.036768,0.011168,0.009600,0.010304,0.001280,1,4,48,4,1
2797,0.117600,0.131500,0.004800,0.028300,0.023100,0.059000,0.002400,0.036544,0.011168,0.009600,0.010240,0.001152,1,4,48,4,1
2798,0.130600,0.131400,0.005200,0.028400,0.023400,0.070200,0.003200,0.036736,0.011200,0.009632,0.010272,0.001248,1,4,48,4,1
2799,0.119000,0.144200,0.005200,0.028300,0.023400,0.058600,0.003200,0.038656,0.013632,0.009632,0.010240,0.001248,1,4,48,4,1
2800,0.123000,0.132500,0.004900,0.028200,0.023400,0.063200,0.003100,0.036576,0.011136,0.009600,0.010208,0.001216,1,4,48,4,1
2801,0.122600,0.136600,0.005100,0.028600,0.023300,0.062200,0.003200,0.036672,0.011200,0.009600,0.010240,0.001216,1,4,48,4,1
2802,0.117800,0.136000,0.005000,0.027800,0.023200,0.058600,0.003200,0.038816,0.013664,0.009760,0.010272,0.001184,1,4,48,4,1
2803,0.117700,0.131200,0.004900,0.028400,0.022900,0.058400,0.003100,0.038912,0.011232,0.009664,0.010432,0.001216,1,4,48,4,1
2804,0.117900,0.131000,0.005100,0.027600,0.023200,0.059400,0.002400,0.036608,0.011168,0.009568,0.010240,0.001216,1,4,48,4,1
2805,0.120600,0.131200,0.005000,0.028300,0.023600,0.059300,0.004300,0.036640,0.011232,0.009472,0.010336,0.001184,1,4,48,4,1
2806,0.116700,0.134100,0.004900,0.027900,0.023000,0.058400,0.002300,0.036672,0.011200,0.009632,0.010240,0.001248,1,4,48,4,1
2807,0.152400,0.130300,0.005100,0.028200,0.023600,0.092400,0.002900,0.038784,0.011232,0.009664,0.010368,0.001216,1,4,48,4,1
2808,0.175100,0.168400,0.006200,0.037700,0.029100,0.098300,0.003700,0.036832,0.013664,0.009760,0.010400,0.001248,1,4,48,4,1
2809,0.132500,0.191000,0.005600,0.033400,0.026100,0.063900,0.003400,0.036544,0.011200,0.009472,0.010272,0.001216,1,4,48,4,1
2810,0.124300,0.147000,0.005100,0.029800,0.024500,0.061500,0.003200,0.036960,0.011232,0.009824,0.010272,0.001248,1,4,48,4,1
2811,0.123400,0.138300,0.005200,0.029100,0.024500,0.061300,0.003200,0.036736,0.011232,0.009568,0.010272,0.001248,1,4,48,4,1
2812,0.122500,0.137100,0.005000,0.029000,0.024200,0.060900,0.003200,0.037024,0.011264,0.009920,0.010240,0.001216,1,4,48,4,1
2813,0.122000,0.135900,0.005200,0.028600,0.024300,0.060500,0.003300,0.038656,0.011168,0.009536,0.010368,0.001216,1,4,48,4,1
2814,0.121300,0.135400,0.005000,0.028500,0.023700,0.060500,0.003400,0.038688,0.011232,0.009728,0.010400,0.001184,1,4,48,4,1
2815,0.146900,0.134900,0.005100,0.028400,0.024100,0.084900,0.004300,0.036608,0.011232,0.009536,0.010240,0.001184,1,4,48,4,1
2816,0.123800,0.161300,0.005300,0.029200,0.024300,0.061500,0.003300,0.036896,0.011168,0.009856,0.010272,0.001248,1,4,48,4,1
2817,0.121000,0.137600,0.005100,0.028500,0.024000,0.060500,0.002700,0.036832,0.012256,0.009632,0.010528,0.001248,1,4,48,4,1
2818,0.120600,0.134700,0.005000,0.028500,0.024300,0.059300,0.003300,0.036800,0.011328,0.009600,0.010336,0.001184,1,4,48,4,1
2819,0.119800,0.134100,0.005000,0.028200,0.023600,0.059400,0.003500,0.036448,0.011200,0.009568,0.010208,0.001216,1,4,48,4,1
2820,0.119800,0.133300,0.004900,0.028400,0.024000,0.060000,0.002500,0.036768,0.012288,0.009632,0.010432,0.001184,1,4,48,4,1
2821,0.122500,0.139000,0.005300,0.028700,0.024200,0.060900,0.003200,0.036576,0.011168,0.009600,0.010176,0.001216,1,4,48,4,1
2822,0.135500,0.136300,0.005000,0.028300,0.025100,0.074500,0.002400,0.036768,0.011264,0.009696,0.010240,0.001216,1,4,48,4,1
2823,0.134000,0.152200,0.005500,0.029500,0.021900,0.074000,0.002800,0.038432,0.011232,0.009632,0.010336,0.001184,1,4,48,4,1
2824,0.128200,0.148200,0.005100,0.029200,0.021800,0.068600,0.003500,0.038912,0.013792,0.009728,0.010272,0.001248,1,4,48,4,1
2825,0.129300,0.141600,0.005000,0.028600,0.031300,0.061600,0.002600,0.037696,0.010816,0.009536,0.010304,0.001216,1,4,48,4,1
2826,0.121200,0.143100,0.005200,0.028700,0.024600,0.059800,0.002600,0.036640,0.012224,0.009696,0.010400,0.001184,1,4,48,4,1
2827,0.122800,0.134800,0.005200,0.028900,0.024900,0.060900,0.002800,0.036736,0.011200,0.009568,0.010304,0.001248,1,4,48,4,1
2828,0.121300,0.136700,0.005000,0.028700,0.024400,0.060400,0.002600,0.036896,0.011136,0.009888,0.010208,0.001248,1,4,48,4,1
2829,0.121800,0.135200,0.005200,0.028800,0.023900,0.059400,0.004300,0.036608,0.011136,0.009568,0.010272,0.001216,1,4,48,4,1
2830,0.120800,0.135800,0.005100,0.028800,0.023600,0.059800,0.003400,0.036480,0.011136,0.009472,0.010208,0.001248,1,4,48,4,1
2831,0.120000,0.134500,0.004900,0.028800,0.023700,0.060300,0.002200,0.036704,0.011168,0.009600,0.010272,0.001216,1,4,48,4,1
2832,0.121800,0.133700,0.005000,0.028900,0.023900,0.060500,0.003300,0.038912,0.013760,0.009792,0.010240,0.001184,1,4,48,4,1
2833,0.120700,0.135500,0.005000,0.028800,0.023600,0.060500,0.002500,0.036896,0.011264,0.009728,0.010272,0.001280,1,4,48,4,1
2834,0.122100,0.134400,0.004900,0.028600,0.024200,0.061000,0.003300,0.036832,0.011168,0.009728,0.010304,0.001216,1,4,48,4,1
2835,0.128100,0.136000,0.005100,0.028700,0.028800,0.062100,0.003200,0.036832,0.011136,0.009856,0.010240,0.001216,1,4,48,4,1
2836,0.120800,0.142000,0.005300,0.029000,0.023900,0.060000,0.002600,0.036736,0.011200,0.009792,0.010208,0.001216,1,4,48,4,1
2837,0.123800,0.134400,0.004900,0.028500,0.027300,0.060300,0.002600,0.036800,0.011168,0.009696,0.010272,0.001248,1,4,48,4,1
2838,0.120500,0.137400,0.004900,0.028700,0.023800,0.059600,0.003400,0.036736,0.011200,0.009696,0.010208,0.001216,1,4,48,4,1
2839,0.121400,0.134100,0.005200,0.028400,0.023800,0.060400,0.003400,0.036512,0.011136,0.009440,0.010304,0.001280,1,4,48,4,1
2840,0.119800,0.135100,0.005100,0.028600,0.023600,0.059200,0.003200,0.038528,0.011232,0.009632,0.010400,0.001216,1,4,48,4,1
2841,0.119800,0.133500,0.005300,0.028500,0.023700,0.059900,0.002200,0.036672,0.011264,0.009568,0.010208,0.001248,1,4,48,4,1
2842,0.120300,0.133200,0.005000,0.028800,0.023800,0.060000,0.002500,0.036736,0.012224,0.009600,0.010464,0.001216,1,4,48,4,1
2843,0.120000,0.134100,0.005000,0.028600,0.023600,0.060000,0.002500,0.036576,0.011168,0.009504,0.010272,0.001216,1,4,48,4,1
2844,0.124000,0.133800,0.004900,0.028600,0.023600,0.063500,0.003200,0.038656,0.011168,0.009600,0.010432,0.001152,1,4,48,4,1
2845,0.121000,0.137500,0.005300,0.028800,0.023700,0.060600,0.002500,0.036576,0.011136,0.009536,0.010304,0.001248,1,4,48,4,1
2846,0.120300,0.134600,0.005000,0.028700,0.024000,0.060000,0.002400,0.036864,0.011200,0.009856,0.010208,0.001216,1,4,48,4,1
2847,0.121500,0.134100,0.005700,0.028500,0.023900,0.059700,0.003400,0.036512,0.012320,0.009440,0.010432,0.001280,1,4,48,4,1
2848,0.121600,0.135100,0.005300,0.028700,0.024200,0.060500,0.002600,0.036640,0.011168,0.009728,0.010208,0.001216,1,4,48,4,1
2849,0.121900,0.135100,0.005200,0.028800,0.024000,0.059800,0.003700,0.036608,0.011264,0.009600,0.010240,0.001248,1,4,48,4,1
2850,0.129700,0.135500,0.005300,0.034500,0.024400,0.062000,0.003400,0.038560,0.011200,0.009600,0.010400,0.001248,1,4,48,4,1
2851,0.121000,0.143500,0.005000,0.028700,0.023600,0.060200,0.003500,0.036608,0.011264,0.009536,0.010208,0.001152,1,4,48,4,1
2852,0.124200,0.134800,0.005200,0.032500,0.023900,0.060000,0.002500,0.036832,0.011264,0.009664,0.010272,0.001248,1,4,48,4,1
2853,0.121200,0.137800,0.005300,0.028400,0.024000,0.059900,0.003300,0.038592,0.013632,0.009600,0.010176,0.001216,1,4,48,4,1
2854,0.121500,0.135100,0.005100,0.028700,0.023600,0.060800,0.003300,0.036768,0.011168,0.009728,0.010208,0.001280,1,4,48,4,1
2855,0.120300,0.135500,0.005500,0.028700,0.024000,0.059500,0.002500,0.036576,0.012256,0.009600,0.010400,0.001248,1,4,48,4,1
2856,0.133600,0.134000,0.005200,0.028900,0.023500,0.073400,0.002400,0.036928,0.011136,0.009888,0.010272,0.001216,1,4,48,4,1
2857,0.121900,0.147400,0.005300,0.029400,0.024700,0.058800,0.003700,0.037248,0.011072,0.009632,0.010208,0.001248,1,4,48,4,1
2858,0.123800,0.135400,0.009400,0.028600,0.023700,0.058500,0.003400,0.036864,0.013664,0.009696,0.010432,0.001280,1,4,48,4,1
2859,0.123200,0.137400,0.005200,0.028900,0.027800,0.059000,0.002100,0.036384,0.013664,0.009568,0.010368,0.001216,1,4,48,4,1
2860,0.118000,0.136600,0.005100,0.028500,0.024200,0.058000,0.002000,0.036640,0.013664,0.009568,0.010400,0.001216,1,4,48,4,1
2861,0.126700,0.131600,0.004900,0.035100,0.024000,0.059400,0.003100,0.037024,0.011168,0.009632,0.010336,0.001216,1,4,48,4,1
2862,0.121800,0.140300,0.005100,0.028200,0.024000,0.061100,0.003300,0.036672,0.011200,0.009664,0.010208,0.001184,1,4,48,4,1
2863,0.121300,0.135200,0.005000,0.028400,0.023700,0.060700,0.003300,0.037408,0.011232,0.009504,0.010304,0.001248,1,4,48,4,1
2864,0.125700,0.135100,0.005000,0.028800,0.023600,0.064900,0.003200,0.036832,0.011200,0.009856,0.010272,0.001152,1,4,48,4,1
2865,0.122800,0.139500,0.005300,0.029600,0.024200,0.060200,0.003300,0.036544,0.013696,0.009472,0.010432,0.001152,1,4,48,4,1
2866,0.157200,0.136300,0.005200,0.028400,0.023600,0.098000,0.001800,0.037504,0.011136,0.009664,0.010272,0.001248,1,4,48,4,1
2867,0.117800,0.170900,0.005300,0.028600,0.021700,0.056300,0.005700,0.037056,0.011136,0.009440,0.010272,0.001248,1,4,48,4,1
2868,0.131200,0.131200,0.005200,0.028100,0.021300,0.071100,0.005300,0.036960,0.011136,0.009536,0.010240,0.001216,1,4,48,4,1
2869,0.130300,0.145000,0.005100,0.028700,0.031200,0.061800,0.003300,0.037344,0.011136,0.009568,0.010208,0.001248,1,4,48,4,1
2870,0.120500,0.143900,0.005400,0.028200,0.023700,0.060600,0.002500,0.036864,0.011200,0.009760,0.010208,0.001248,1,4,48,4,1
2871,0.122100,0.134100,0.005300,0.028500,0.024100,0.060800,0.003200,0.036704,0.011136,0.009664,0.010272,0.001248,1,4,48,4,1
2872,0.120700,0.135800,0.005100,0.028400,0.023900,0.060600,0.002500,0.036800,0.011168,0.009728,0.010272,0.001248,1,4,48,4,1
2873,0.119500,0.134500,0.004800,0.028500,0.024100,0.059500,0.002500,0.036832,0.011200,0.009632,0.010336,0.001280,1,4,48,4,1
2874,0.119500,0.133200,0.005100,0.028300,0.024300,0.059100,0.002400,0.036800,0.011328,0.009632,0.010240,0.001248,1,4,48,4,1
2875,0.120700,0.133400,0.005000,0.028700,0.024100,0.060100,0.002500,0.038784,0.011232,0.009632,0.010368,0.001216,1,4,48,4,1
2876,0.120400,0.134500,0.005000,0.028600,0.024100,0.060000,0.002700,0.036640,0.011232,0.009568,0.010272,0.001216,1,4,48,4,1
2877,0.120400,0.134400,0.005100,0.028600,0.023900,0.060000,0.002500,0.036608,0.011168,0.009536,0.010304,0.001184,1,4,48,4,1
2878,0.203900,0.134100,0.005300,0.028400,0.049000,0.116400,0.004700,0.037088,0.010752,0.009600,0.010272,0.001216,1,4,48,4,1
2879,0.162600,0.224100,0.007000,0.040700,0.032300,0.077800,0.004500,0.037536,0.010752,0.009568,0.010208,0.001216,1,4,48,4,1
2880,0.162100,0.180500,0.006400,0.040100,0.029200,0.074200,0.012000,0.036640,0.011168,0.009664,0.010176,0.001184,1,4,48,4,1
2881,0.148500,0.179700,0.006000,0.035600,0.029900,0.073800,0.003100,0.036704,0.013760,0.009536,0.010400,0.001248,1,4,48,4,1
2882,0.146300,0.165600,0.006300,0.035000,0.029300,0.073100,0.002300,0.037984,0.010880,0.009760,0.010336,0.001280,1,4,48,4,1
2883,0.147600,0.163500,0.007100,0.034900,0.028800,0.072700,0.003900,0.036960,0.012288,0.009824,0.010464,0.001152,1,4,48,4,1
2884,0.146800,0.164700,0.006300,0.034900,0.029200,0.072000,0.004100,0.036992,0.011264,0.009792,0.010272,0.001248,1,4,48,4,1
2885,0.145000,0.163500,0.005900,0.034900,0.029200,0.070900,0.003900,0.036928,0.013760,0.009760,0.010432,0.001216,1,4,48,4,1
2886,0.157600,0.161800,0.006200,0.038500,0.028700,0.072900,0.011200,0.036736,0.011232,0.009696,0.010240,0.001184,1,4,48,4,1
2887,0.153800,0.174300,0.006000,0.034800,0.029800,0.072400,0.010500,0.036512,0.012160,0.009600,0.010304,0.001216,1,4,48,4,1
2888,0.164800,0.170700,0.005800,0.052300,0.031200,0.071800,0.003400,0.037312,0.011264,0.009824,0.010208,0.001184,1,4,48,4,1
2889,0.128900,0.180200,0.005800,0.032000,0.025200,0.062300,0.003300,0.036480,0.011136,0.009536,0.010144,0.001248,1,4,48,4,1
2890,0.122800,0.142700,0.005500,0.029400,0.024100,0.060400,0.003300,0.038816,0.013696,0.009696,0.010336,0.001216,1,4,48,4,1
2891,0.121800,0.136400,0.005100,0.028900,0.024400,0.061100,0.002300,0.036832,0.011232,0.009696,0.010240,0.001248,1,4,48,4,1
2892,0.119800,0.135400,0.005200,0.028400,0.024000,0.059800,0.002300,0.038944,0.011232,0.009664,0.010464,0.001216,1,4,48,4,1
2893,0.120700,0.133600,0.005000,0.028800,0.024200,0.059900,0.002700,0.038496,0.013664,0.009632,0.010208,0.001216,1,4,48,4,1
2894,0.120400,0.134200,0.005300,0.028400,0.023800,0.060300,0.002500,0.036576,0.011200,0.009472,0.010240,0.001280,1,4,48,4,1
2895,0.121400,0.134200,0.005200,0.029000,0.024100,0.060900,0.002200,0.037344,0.010752,0.009632,0.010240,0.001248,1,4,48,4,1
2896,0.121900,0.135000,0.005300,0.028800,0.024300,0.060000,0.003500,0.038528,0.011264,0.009888,0.010240,0.001216,1,4,48,4,1
2897,0.119800,0.135500,0.005300,0.028700,0.023500,0.059800,0.002400,0.038752,0.011104,0.009760,0.010400,0.001280,1,4,48,4,1
2898,0.119800,0.133700,0.005300,0.028800,0.023700,0.059500,0.002500,0.036928,0.011200,0.009920,0.010176,0.001216,1,4,48,4,1
2899,0.156900,0.133300,0.005100,0.029000,0.024100,0.083300,0.015000,0.037440,0.011264,0.009728,0.010240,0.001216,1,4,48,4,1
2900,0.131300,0.175200,0.005700,0.031000,0.025800,0.066200,0.002600,0.037344,0.011200,0.009728,0.010240,0.001184,1,4,48,4,1
2901,0.145200,0.145200,0.005400,0.029100,0.024200,0.077300,0.009100,0.036672,0.011232,0.009632,0.010240,0.001184,1,4,48,4,1
2902,0.183700,0.165200,0.007600,0.046500,0.036200,0.087200,0.006100,0.036544,0.013696,0.009664,0.010336,0.001216,1,4,48,4,1
2903,0.161400,0.201500,0.006300,0.036600,0.030500,0.075600,0.012200,0.036800,0.011168,0.009504,0.010272,0.001216,1,4,48,4,1
2904,0.155000,0.178300,0.006400,0.035500,0.029400,0.074700,0.008800,0.036736,0.011136,0.009760,0.010208,0.001216,1,4,48,4,1
2905,0.148100,0.171700,0.005900,0.035200,0.029500,0.073500,0.003900,0.036704,0.011168,0.009600,0.010240,0.001248,1,4,48,4,1
2906,0.146100,0.164900,0.006200,0.034600,0.028800,0.072400,0.003900,0.036928,0.011264,0.009728,0.010304,0.001280,1,4,48,4,1
2907,0.146600,0.162800,0.005800,0.034900,0.025500,0.076200,0.003900,0.037600,0.011232,0.009632,0.010304,0.001248,1,4,48,4,1
2908,0.152300,0.163200,0.006100,0.034500,0.028700,0.072400,0.010400,0.036800,0.011168,0.009728,0.010272,0.001184,1,4,48,4,1
2909,0.145100,0.169400,0.005900,0.034000,0.028300,0.072000,0.004600,0.036896,0.013760,0.009728,0.010400,0.001248,1,4,48,4,1
2910,0.143300,0.161800,0.005800,0.034200,0.028200,0.070900,0.003800,0.036832,0.012288,0.009696,0.010368,0.001248,1,4,48,4,1
2911,0.172700,0.160000,0.006100,0.035800,0.029200,0.074600,0.027000,0.036768,0.011232,0.009632,0.010240,0.001248,1,4,48,4,1
2912,0.158100,0.189000,0.006300,0.038800,0.030600,0.071200,0.011100,0.036576,0.011168,0.009632,0.010176,0.001216,1,4,48,4,1
2913,0.129400,0.172700,0.005400,0.030900,0.025400,0.064000,0.003400,0.038880,0.013728,0.009760,0.010240,0.001248,1,4,48,4,1
2914,0.126400,0.143800,0.005200,0.029600,0.024900,0.063000,0.003300,0.037760,0.010816,0.009664,0.010240,0.001216,1,4,48,4,1
2915,0.124300,0.140600,0.005100,0.029500,0.024600,0.061700,0.003200,0.038144,0.013696,0.009632,0.010176,0.001216,1,4,48,4,1
2916,0.123500,0.138100,0.005100,0.028800,0.024800,0.061400,0.003300,0.036704,0.013728,0.009568,0.010368,0.001248,1,4,48,4,1
2917,0.123300,0.137400,0.005300,0.029000,0.024400,0.061100,0.003200,0.036576,0.011168,0.009568,0.010240,0.001248,1,4,48,4,1
2918,0.125200,0.137300,0.005100,0.029300,0.024200,0.064100,0.002400,0.036672,0.011200,0.009664,0.010176,0.001216,1,4,48,4,1
2919,0.122300,0.139000,0.005200,0.029100,0.024400,0.061300,0.002100,0.037696,0.011200,0.009760,0.010272,0.001280,1,4,48,4,1
2920,0.151300,0.135900,0.032900,0.029900,0.024300,0.061600,0.002500,0.037024,0.011232,0.009824,0.010304,0.001248,1,4,48,4,1
2921,0.123000,0.165200,0.005200,0.028900,0.024400,0.061200,0.003200,0.036800,0.011200,0.009696,0.010304,0.001248,1,4,48,4,1
2922,0.123000,0.136700,0.005400,0.028900,0.024200,0.061200,0.003200,0.036928,0.011264,0.009792,0.010336,0.001184,1,4,48,4,1
2923,0.122100,0.136800,0.005200,0.028900,0.023900,0.060600,0.003200,0.037696,0.010848,0.009664,0.010336,0.001216,1,4,48,4,1
2924,0.124800,0.141800,0.005200,0.029600,0.024600,0.062100,0.003200,0.036896,0.011232,0.009760,0.010272,0.001248,1,4,48,4,1
2925,0.126800,0.138500,0.005100,0.029800,0.024200,0.064300,0.003300,0.036736,0.011168,0.009760,0.010176,0.001216,1,4,48,4,1
2926,0.121100,0.140600,0.004800,0.028800,0.023900,0.060300,0.003300,0.038976,0.013696,0.009824,0.010272,0.001280,1,4,48,4,1
2927,0.126200,0.134700,0.005100,0.028700,0.021300,0.067400,0.003500,0.036544,0.011296,0.009440,0.010304,0.001248,1,4,48,4,1
2928,0.129100,0.139900,0.005300,0.028800,0.028700,0.062900,0.003300,0.037696,0.011168,0.009792,0.010304,0.001280,1,4,48,4,1
2929,0.120300,0.143000,0.005000,0.029000,0.023800,0.059800,0.002400,0.036992,0.011232,0.009856,0.010304,0.001216,1,4,48,4,1
2930,0.120800,0.134000,0.005200,0.028800,0.024200,0.059300,0.003300,0.036864,0.013760,0.009792,0.010400,0.001248,1,4,48,4,1
2931,0.119800,0.134600,0.005000,0.028600,0.023700,0.059800,0.002600,0.039072,0.011296,0.009664,0.010528,0.001216,1,4,48,4,1
2932,0.120800,0.133400,0.004900,0.028500,0.023600,0.060200,0.003300,0.038944,0.013792,0.009920,0.010272,0.001248,1,4,48,4,1
2933,0.132900,0.134400,0.006400,0.031100,0.032200,0.060400,0.002500,0.038688,0.011264,0.009504,0.010368,0.001184,1,4,48,4,1
2934,0.122000,0.146500,0.004900,0.029100,0.024000,0.060500,0.003400,0.038976,0.011168,0.009632,0.010464,0.001248,1,4,48,4,1
2935,0.121000,0.135500,0.005000,0.028700,0.023900,0.060000,0.003300,0.036768,0.011328,0.009568,0.010272,0.001216,1,4,48,4,1
2936,0.121300,0.134500,0.005000,0.028900,0.023800,0.060100,0.003300,0.036672,0.011264,0.009504,0.010336,0.001184,1,4,48,4,1
2937,0.120700,0.134900,0.005200,0.028700,0.023400,0.060000,0.003400,0.039200,0.011264,0.009792,0.010496,0.001248,1,4,48,4,1
2938,0.127000,0.134600,0.005200,0.028600,0.023900,0.065800,0.003300,0.036800,0.012192,0.009632,0.010432,0.001280,1,4,48,4,1
2939,0.122500,0.141000,0.005500,0.029100,0.024100,0.060400,0.003400,0.036768,0.011200,0.009600,0.010304,0.001184,1,4,48,4,1
2940,0.120700,0.136100,0.005000,0.028700,0.023600,0.060000,0.003300,0.038688,0.011168,0.009472,0.010528,0.001184,1,4,48,4,1
2941,0.120600,0.134500,0.005000,0.028600,0.023800,0.059700,0.003500,0.036928,0.011264,0.009728,0.010304,0.001248,1,4,48,4,1
2942,0.121400,0.134300,0.005200,0.028800,0.024200,0.059700,0.003300,0.036768,0.011264,0.009504,0.010368,0.001248,1,4,48,4,1
2943,0.121000,0.135000,0.005000,0.028600,0.023900,0.060200,0.003200,0.036768,0.011200,0.009664,0.010272,0.001248,1,4,48,4,1
2944,0.119700,0.134600,0.005000,0.028800,0.023800,0.059300,0.002600,0.036928,0.011232,0.009792,0.010272,0.001216,1,4,48,4,1
2945,0.121500,0.133300,0.005300,0.028500,0.023700,0.060600,0.003300,0.036800,0.011200,0.009792,0.010208,0.001216,1,4,48,4,1
2946,0.121500,0.135500,0.005300,0.028600,0.024000,0.060200,0.003300,0.036832,0.011232,0.009792,0.010208,0.001216,1,4,48,4,1
2947,0.125300,0.135100,0.005300,0.028700,0.023900,0.063800,0.003500,0.038880,0.013696,0.009760,0.010240,0.001216,1,4,48,4,1
2948,0.129500,0.138800,0.004900,0.028600,0.032000,0.061200,0.002600,0.037088,0.011296,0.009920,0.010304,0.001216,1,4,48,4,1
2949,0.116600,0.142900,0.005100,0.028800,0.024300,0.056300,0.001900,0.036992,0.011200,0.009568,0.010304,0.001216,1,4,48,4,1
2950,0.130000,0.130200,0.005000,0.027900,0.021300,0.070000,0.005600,0.038208,0.011232,0.009504,0.010272,0.001248,1,4,48,4,1
2951,0.127400,0.143500,0.004900,0.027700,0.021400,0.069700,0.003600,0.038464,0.011232,0.009568,0.010240,0.001216,1,4,48,4,1
2952,0.124400,0.140900,0.005000,0.028500,0.028200,0.059400,0.003300,0.036736,0.011232,0.009600,0.010304,0.001216,1,4,48,4,1
2953,0.126300,0.138000,0.005000,0.033600,0.024200,0.060200,0.003300,0.036832,0.011200,0.009792,0.010208,0.001216,1,4,48,4,1
2954,0.123900,0.140000,0.005200,0.028300,0.024300,0.062800,0.003200,0.036864,0.011232,0.009728,0.010304,0.001216,1,4,48,4,1
2955,0.120300,0.137500,0.005100,0.028500,0.023700,0.059700,0.003300,0.036896,0.011296,0.009760,0.010272,0.001216,1,4,48,4,1
2956,0.119300,0.134100,0.005100,0.028300,0.023600,0.060100,0.002100,0.036928,0.011200,0.009824,0.010272,0.001216,1,4,48,4,1
2957,0.120400,0.132800,0.004900,0.028500,0.023700,0.059900,0.003200,0.036544,0.011232,0.009344,0.010368,0.001248,1,4,48,4,1
2958,0.120300,0.133900,0.005300,0.028300,0.023400,0.059900,0.003200,0.036928,0.011264,0.009792,0.010272,0.001248,1,4,48,4,1
2959,0.120000,0.133900,0.004900,0.028300,0.023600,0.060000,0.003200,0.036864,0.011264,0.009664,0.010304,0.001248,1,4,48,4,1
2960,0.120100,0.133600,0.004700,0.028500,0.023300,0.060100,0.003200,0.036832,0.011296,0.009696,0.010272,0.001184,1,4,48,4,1
2961,0.120600,0.133500,0.005200,0.028500,0.023600,0.060100,0.003200,0.038720,0.011232,0.009504,0.010400,0.001216,1,4,48,4,1
2962,0.121300,0.134200,0.004800,0.028300,0.024100,0.060600,0.003300,0.037824,0.010848,0.009792,0.010272,0.001248,1,4,48,4,1
2963,0.119200,0.134800,0.004900,0.028600,0.023200,0.058900,0.003300,0.036800,0.011200,0.009760,0.010272,0.001184,1,4,48,4,1
2964,0.119100,0.132700,0.005200,0.028400,0.023200,0.059600,0.002500,0.039104,0.011392,0.009792,0.010432,0.001248,1,4,48,4,1
2965,0.119900,0.132900,0.004800,0.028700,0.023400,0.059500,0.003300,0.037984,0.010880,0.009792,0.010336,0.001216,1,4,48,4,1
2966,0.119200,0.133400,0.004900,0.028400,0.023400,0.059000,0.003400,0.036896,0.013760,0.009664,0.010432,0.001280,1,4,48,4,1
2967,0.120300,0.132900,0.005200,0.028500,0.023500,0.060400,0.002500,0.036736,0.011232,0.009600,0.010272,0.001216,1,4,48,4,1
2968,0.126400,0.133800,0.004900,0.033600,0.024200,0.060200,0.003400,0.036672,0.011328,0.009440,0.010336,0.001216,1,4,48,4,1
2969,0.124600,0.140000,0.005000,0.028500,0.023800,0.063900,0.003300,0.036640,0.011264,0.009536,0.010240,0.001184,1,4,48,4,1
2970,0.119600,0.138100,0.005000,0.028100,0.023600,0.059500,0.003200,0.036736,0.011200,0.009664,0.010304,0.001152,1,4,48,4,1
2971,0.119500,0.133100,0.004800,0.028400,0.023500,0.059400,0.003200,0.036800,0.011168,0.009664,0.010368,0.001216,1,4,48,4,1
2972,0.120100,0.133000,0.005200,0.028600,0.023500,0.059300,0.003400,0.039040,0.011200,0.009792,0.010400,0.001216,1,4,48,4,1
2973,0.120400,0.133600,0.004900,0.028200,0.023300,0.060600,0.003200,0.037024,0.011264,0.009824,0.010304,0.001248,1,4,48,4,1
2974,0.120100,0.133700,0.004900,0.028200,0.023600,0.059900,0.003200,0.037056,0.011296,0.009824,0.010336,0.001248,1,4,48,4,1
2975,0.126200,0.133600,0.005000,0.028300,0.030100,0.059400,0.003200,0.036640,0.011168,0.009600,0.010272,0.001216,1,4,48,4,1
2976,0.120300,0.139700,0.004800,0.028400,0.023700,0.059900,0.003200,0.036864,0.011264,0.009664,0.010336,0.001248,1,4,48,4,1
2977,0.124200,0.133700,0.005100,0.032800,0.024200,0.058800,0.003300,0.036800,0.013792,0.009600,0.010432,0.001216,1,4,48,4,1
2978,0.121100,0.137700,0.004900,0.028500,0.023900,0.060500,0.003300,0.036736,0.011232,0.009600,0.010272,0.001280,1,4,48,4,1
2979,0.120800,0.134500,0.005000,0.028400,0.023200,0.060200,0.003600,0.036864,0.012320,0.009664,0.010464,0.001216,1,4,48,4,1
2980,0.120300,0.134300,0.005000,0.028500,0.023300,0.059900,0.003300,0.036672,0.011200,0.009568,0.010272,0.001216,1,4,48,4,1
2981,0.134900,0.133800,0.005300,0.028600,0.023400,0.074300,0.003200,0.036608,0.011232,0.009472,0.010304,0.001216,1,4,48,4,1
2982,0.124600,0.148400,0.005200,0.028300,0.023200,0.064500,0.003300,0.037024,0.011264,0.009728,0.010304,0.001312,1,4,48,4,1
2983,0.122600,0.138300,0.005200,0.029100,0.024000,0.060900,0.003200,0.036768,0.011200,0.009728,0.010272,0.001248,1,4,48,4,1
2984,0.124100,0.136200,0.004900,0.028600,0.023700,0.063400,0.003200,0.036736,0.011232,0.009568,0.010336,0.001184,1,4,48,4,1
2985,0.121700,0.137600,0.005100,0.028500,0.023700,0.060900,0.003200,0.036832,0.011232,0.009728,0.010272,0.001216,1,4,48,4,1
2986,0.120500,0.135200,0.005000,0.028400,0.023500,0.060300,0.003300,0.036736,0.011232,0.009568,0.010304,0.001248,1,4,48,4,1
2987,0.337800,0.134200,0.005200,0.028600,0.055900,0.241800,0.006200,0.037024,0.012320,0.009920,0.010400,0.001248,1,4,48,4,1
2988,0.274300,0.362900,0.008700,0.076100,0.063600,0.106400,0.019300,0.039072,0.011264,0.009856,0.010240,0.001248,1,4,48,4,1
2989,0.200100,0.294300,0.006900,0.043600,0.033100,0.100100,0.016300,0.038976,0.011264,0.009728,0.010432,0.001216,1,4,48,4,1
2990,0.178800,0.222600,0.007400,0.043800,0.033600,0.088400,0.005200,0.036672,0.011264,0.009632,0.010240,0.001248,1,4,48,4,1
2991,0.166500,0.202600,0.007200,0.039900,0.033200,0.080800,0.005200,0.036608,0.013728,0.009440,0.010464,0.001216,1,4,48,4,1
2992,0.165800,0.189800,0.008100,0.039500,0.032600,0.080600,0.004800,0.036832,0.011200,0.009696,0.010336,0.001248,1,4,48,4,1
2993,0.163000,0.189300,0.007200,0.039000,0.032000,0.079600,0.005000,0.036608,0.011232,0.009472,0.010272,0.001248,1,4,48,4,1
2994,0.184500,0.186200,0.006700,0.042800,0.031800,0.099000,0.004000,0.036896,0.011264,0.009728,0.010240,0.001248,1,4,48,4,1
2995,0.138500,0.200100,0.006100,0.033000,0.029600,0.066400,0.003300,0.036896,0.013792,0.009696,0.010400,0.001216,1,4,48,4,1
2996,0.122000,0.152600,0.005300,0.029500,0.024800,0.060300,0.001900,0.036704,0.013696,0.009568,0.010432,0.001216,1,4,48,4,1
2997,0.121300,0.135700,0.005600,0.028900,0.023800,0.059500,0.003200,0.037408,0.011136,0.009728,0.010208,0.001184,1,4,48,4,1
2998,0.119900,0.135500,0.005300,0.028700,0.024300,0.058200,0.003300,0.038976,0.011232,0.009728,0.010400,0.001216,1,4,48,4,1
2999,0.150600,0.133600,0.004800,0.028600,0.023700,0.079500,0.014000,0.036896,0.011264,0.009696,0.010336,0.001216,1,4,48,4,1
3000,0.132100,0.164700,0.005300,0.029100,0.024300,0.070100,0.003200,0.036832,0.011200,0.009728,0.010272,0.001216,1,4,48,4,1
3001,0.118300,0.145700,0.005100,0.028600,0.023600,0.058800,0.002000,0.036992,0.012288,0.009824,0.010400,0.001216,1,4,48,4,1
3002,0.119000,0.131700,0.005000,0.027800,0.023500,0.059500,0.003200,0.038944,0.013824,0.009600,0.010336,0.001216,1,4,48,4,1
3003,0.119800,0.132500,0.005100,0.028300,0.023500,0.059600,0.003100,0.036928,0.011200,0.009696,0.010368,0.001280,1,4,48,4,1
3004,0.118400,0.133300,0.004800,0.028200,0.023400,0.058700,0.003200,0.036832,0.012288,0.009568,0.010528,0.001248,1,4,48,4,1
3005,0.118400,0.132000,0.004900,0.027900,0.023500,0.058900,0.003100,0.036640,0.011200,0.009504,0.010336,0.001216,1,4,48,4,1
3006,0.119600,0.131800,0.005300,0.028000,0.023600,0.059300,0.003200,0.039040,0.011232,0.009792,0.010432,0.001280,1,4,48,4,1
3007,0.126900,0.133200,0.005100,0.034300,0.023900,0.060100,0.003100,0.036768,0.011264,0.009536,0.010272,0.001248,1,4,48,4,1
3008,0.120200,0.140600,0.005100,0.028400,0.024000,0.059500,0.003100,0.036800,0.011168,0.009760,0.010272,0.001248,1,4,48,4,1
3009,0.120200,0.133700,0.005100,0.028400,0.023700,0.059700,0.003200,0.038976,0.011296,0.009600,0.010464,0.001280,1,4,48,4,1
3010,0.119300,0.133600,0.005100,0.028400,0.023800,0.058800,0.003100,0.038752,0.013760,0.009568,0.010272,0.001248,1,4,48,4,1
3011,0.119900,0.132900,0.005000,0.028400,0.023400,0.059900,0.003200,0.038976,0.011328,0.009760,0.010400,0.001216,1,4,48,4,1
3012,0.118400,0.133400,0.004900,0.028000,0.023000,0.059100,0.003100,0.036992,0.011168,0.009856,0.010304,0.001216,1,4,48,4,1
3013,0.120000,0.131900,0.005100,0.028200,0.023700,0.059800,0.003100,0.039008,0.011200,0.009696,0.010336,0.001280,1,4,48,4,1
3014,0.121400,0.133500,0.005000,0.028500,0.024400,0.060200,0.003100,0.037824,0.012256,0.009632,0.010432,0.001216,1,4,48,4,1
3015,0.119500,0.134700,0.004900,0.028200,0.023200,0.059500,0.003300,0.037024,0.011264,0.009632,0.010336,0.001184,1,4,48,4,1
3016,0.119200,0.132800,0.005000,0.028000,0.023400,0.059300,0.003300,0.037024,0.011232,0.009856,0.010304,0.001248,1,4,48,4,1
3017,0.118000,0.132700,0.004700,0.028200,0.023300,0.058600,0.003200,0.036768,0.011232,0.009696,0.010240,0.001216,1,4,48,4,1
3018,0.119000,0.131600,0.004900,0.028000,0.023400,0.059400,0.003200,0.038848,0.011264,0.009632,0.010272,0.001312,1,4,48,4,1
3019,0.119600,0.132500,0.005000,0.028400,0.023700,0.059100,0.003300,0.036768,0.011200,0.009664,0.010272,0.001216,1,4,48,4,1
3020,0.119600,0.133700,0.004700,0.028300,0.023700,0.059500,0.003400,0.038208,0.013728,0.009632,0.010208,0.001248,1,4,48,4,1
3021,0.119200,0.133000,0.005100,0.028100,0.023500,0.059000,0.003300,0.036736,0.011168,0.009664,0.010272,0.001248,1,4,48,4,1
3022,0.125400,0.132500,0.004900,0.033300,0.024100,0.059500,0.003300,0.036992,0.011200,0.009824,0.010304,0.001248,1,4,48,4,1
3023,0.125300,0.138900,0.005600,0.028100,0.029400,0.060200,0.002000,0.036832,0.011232,0.009696,0.010272,0.001216,1,4,48,4,1
3024,0.118700,0.138900,0.005100,0.028400,0.023800,0.059400,0.001900,0.036608,0.011168,0.009568,0.010208,0.001216,1,4,48,4,1
3025,0.118300,0.131900,0.004800,0.028000,0.023400,0.059500,0.002500,0.036608,0.011232,0.009472,0.010272,0.001248,1,4,48,4,1
3026,0.119800,0.131700,0.005000,0.028100,0.023300,0.060200,0.003100,0.036960,0.011232,0.009888,0.010272,0.001248,1,4,48,4,1
3027,0.120200,0.133500,0.005200,0.028100,0.023900,0.059600,0.003200,0.036832,0.011232,0.009664,0.010272,0.001216,1,4,48,4,1
3028,0.119100,0.133800,0.005200,0.028100,0.023500,0.059000,0.003200,0.036928,0.011232,0.009824,0.010272,0.001248,1,4,48,4,1
3029,0.119300,0.132600,0.005000,0.028400,0.023300,0.059400,0.003200,0.036960,0.011232,0.009824,0.010240,0.001216,1,4,48,4,1
3030,0.120300,0.132800,0.004800,0.028300,0.024100,0.059800,0.003100,0.036864,0.012352,0.009600,0.010464,0.001216,1,4,48,4,1
3031,0.118500,0.133700,0.004800,0.027800,0.023500,0.059700,0.002500,0.036896,0.011200,0.009696,0.010368,0.001248,1,4,48,4,1
3032,0.129800,0.132000,0.005200,0.028200,0.031600,0.061500,0.003100,0.038592,0.011200,0.009856,0.010240,0.001248,1,4,48,4,1
3033,0.116300,0.143100,0.005100,0.028100,0.022000,0.056000,0.004900,0.037088,0.011200,0.009696,0.010368,0.001248,1,4,48,4,1
3034,0.120000,0.129700,0.004800,0.028100,0.020700,0.062900,0.003400,0.036992,0.011200,0.009824,0.010208,0.001184,1,4,48,4,1
3035,0.128800,0.133600,0.005000,0.028100,0.031700,0.060500,0.003100,0.037632,0.010816,0.009632,0.010240,0.001184,1,4,48,4,1
3036,0.119300,0.142300,0.004900,0.028300,0.023300,0.059300,0.003200,0.037056,0.011232,0.009952,0.010304,0.001184,1,4,48,4,1
3037,0.125900,0.132700,0.009700,0.028800,0.023800,0.060300,0.003100,0.036960,0.011232,0.009792,0.010336,0.001216,1,4,48,4,1
3038,0.118800,0.139500,0.004800,0.028500,0.023500,0.058700,0.003200,0.038944,0.013760,0.009664,0.010496,0.001248,1,4,48,4,1
3039,0.118900,0.132100,0.005100,0.028100,0.023900,0.058500,0.003200,0.038688,0.013760,0.009664,0.010272,0.001216,1,4,48,4,1
3040,0.118300,0.132100,0.005000,0.027900,0.023700,0.059500,0.002000,0.036960,0.012288,0.009760,0.010464,0.001216,1,4,48,4,1
3041,0.119800,0.132000,0.004900,0.028200,0.023900,0.059600,0.003100,0.039072,0.011296,0.009696,0.010464,0.001248,1,4,48,4,1
3042,0.119900,0.133200,0.005200,0.028400,0.023600,0.059500,0.003100,0.036768,0.011136,0.009824,0.010208,0.001216,1,4,48,4,1
3043,0.118900,0.133300,0.004800,0.028300,0.023300,0.059200,0.003100,0.038976,0.011264,0.009600,0.010464,0.001216,1,4,48,4,1
3044,0.118800,0.132500,0.005000,0.028300,0.023300,0.059000,0.003100,0.036896,0.011200,0.009760,0.010336,0.001216,1,4,48,4,1
3045,0.119000,0.132200,0.005200,0.028100,0.023400,0.059100,0.003100,0.036768,0.011232,0.009600,0.010304,0.001216,1,4,48,4,1
3046,0.118600,0.132300,0.005300,0.027900,0.023500,0.058500,0.003200,0.037024,0.012000,0.009824,0.010464,0.001280,1,4,48,4,1
3047,0.120000,0.132000,0.005100,0.028000,0.023600,0.059900,0.003200,0.036864,0.012192,0.009728,0.010496,0.001216,1,4,48,4,1
3048,0.118600,0.133600,0.004900,0.028000,0.023700,0.058800,0.003200,0.036864,0.012288,0.009728,0.010464,0.001184,1,4,48,4,1
3049,0.120100,0.132000,0.005000,0.028700,0.023500,0.059700,0.003200,0.036896,0.011232,0.009760,0.010272,0.001216,1,4,48,4,1
3050,0.119100,0.133600,0.005200,0.028000,0.023100,0.059500,0.003100,0.036832,0.011232,0.009696,0.010240,0.001216,1,4,48,4,1
3051,0.120700,0.132500,0.005700,0.028100,0.024000,0.059600,0.003200,0.036448,0.011168,0.009344,0.010336,0.001216,1,4,48,4,1
3052,0.126300,0.134200,0.004700,0.033500,0.024000,0.060700,0.003200,0.036992,0.011296,0.009728,0.010304,0.001280,1,4,48,4,1
3053,0.118800,0.139900,0.004900,0.028100,0.023500,0.059000,0.003200,0.036992,0.012384,0.009792,0.010400,0.001216,1,4,48,4,1
3054,0.124500,0.132300,0.005000,0.028000,0.028100,0.059900,0.003300,0.037088,0.011232,0.009824,0.010336,0.001280,1,4,48,4,1
3055,0.119100,0.137900,0.004900,0.028000,0.023600,0.059300,0.003300,0.036704,0.012256,0.009568,0.010432,0.001216,1,4,48,4,1
3056,0.130600,0.132500,0.004800,0.027900,0.033300,0.061100,0.003400,0.036832,0.013792,0.009600,0.010432,0.001216,1,4,48,4,1
3057,0.133100,0.144100,0.005200,0.028100,0.036300,0.060400,0.002700,0.036992,0.013824,0.009696,0.010496,0.001184,1,4,48,4,1
3058,0.119400,0.146500,0.004900,0.028400,0.023900,0.059400,0.002400,0.036768,0.012256,0.009632,0.010432,0.001216,1,4,48,4,1
3059,0.117800,0.132900,0.005000,0.028400,0.023500,0.058700,0.002000,0.036928,0.011296,0.009696,0.010304,0.001216,1,4,48,4,1
3060,0.118100,0.131000,0.004900,0.028000,0.023200,0.059500,0.002400,0.038656,0.011328,0.009664,0.010400,0.001184,1,4,48,4,1
3061,0.119700,0.131500,0.005000,0.028300,0.023800,0.059400,0.003100,0.036736,0.011264,0.009568,0.010272,0.001216,1,4,48,4,1
3062,0.119600,0.133300,0.005100,0.028700,0.023600,0.059000,0.003100,0.036896,0.011264,0.009760,0.010336,0.001216,1,4,48,4,1
3063,0.112900,0.132900,0.005100,0.028400,0.021100,0.056400,0.001800,0.036736,0.013760,0.009504,0.010432,0.001248,1,4,48,4,1
3064,0.128700,0.126300,0.005200,0.027800,0.020500,0.071700,0.003400,0.038976,0.013696,0.009856,0.010304,0.001280,1,4,48,4,1
3065,0.130700,0.141900,0.004900,0.028100,0.032300,0.062000,0.003100,0.036928,0.011232,0.009792,0.010336,0.001184,1,4,48,4,1
3066,0.123400,0.144000,0.005100,0.028300,0.023500,0.063300,0.003100,0.036800,0.011232,0.009664,0.010272,0.001280,1,4,48,4,1
3067,0.125700,0.137000,0.005300,0.028900,0.023900,0.064300,0.003300,0.039136,0.013760,0.010208,0.010304,0.001216,1,4,48,4,1
3068,0.119500,0.139100,0.004900,0.028400,0.024400,0.058400,0.003300,0.036896,0.013760,0.009664,0.010432,0.001280,1,4,48,4,1
3069,0.119300,0.133100,0.005200,0.028500,0.023600,0.058400,0.003300,0.036768,0.011168,0.009728,0.010272,0.001216,1,4,48,4,1
3070,0.118400,0.132900,0.005100,0.028000,0.023500,0.058500,0.003200,0.036992,0.012256,0.009760,0.010464,0.001280,1,4,48,4,1
3071,0.119000,0.131600,0.005000,0.028200,0.023500,0.059000,0.003300,0.038848,0.011264,0.009632,0.010400,0.001216,1,4,48,4,1
3072,0.131900,0.132400,0.005000,0.028300,0.023900,0.071300,0.003300,0.036768,0.011296,0.009600,0.010304,0.001216,1,4,48,4,1
3073,0.119200,0.145300,0.004900,0.028500,0.023500,0.058900,0.003200,0.036992,0.011296,0.009824,0.010304,0.001216,1,4,48,4,1
3074,0.119300,0.132800,0.005000,0.028300,0.024000,0.058600,0.003300,0.037664,0.011200,0.009856,0.010400,0.001248,1,4,48,4,1
3075,0.131600,0.132700,0.005100,0.039100,0.027200,0.058100,0.001900,0.036928,0.011168,0.009760,0.010272,0.001280,1,4,48,4,1
3076,0.118000,0.144700,0.005000,0.028100,0.023600,0.058100,0.003200,0.037408,0.011200,0.009792,0.010176,0.001248,1,4,48,4,1
3077,0.111700,0.131400,0.004900,0.028400,0.021100,0.055300,0.001900,0.036768,0.011264,0.009440,0.010336,0.001248,1,4,48,4,1
3078,0.173200,0.124800,0.004900,0.027700,0.023500,0.068600,0.048400,0.037952,0.011200,0.009728,0.010304,0.001248,1,4,48,4,1
3079,0.133400,0.187000,0.005400,0.030100,0.022700,0.071400,0.003500,0.037440,0.011232,0.009696,0.010336,0.001216,1,4,48,4,1
3080,0.124100,0.146900,0.005300,0.028100,0.020800,0.066200,0.003400,0.037056,0.011168,0.009568,0.010272,0.001184,1,4,48,4,1
3081,0.126000,0.137400,0.005000,0.028200,0.026600,0.062700,0.003300,0.036704,0.010944,0.009600,0.010336,0.001248,1,4,48,4,1
3082,0.128700,0.139400,0.004900,0.037300,0.022500,0.060400,0.003200,0.037280,0.011264,0.009600,0.010304,0.001248,1,4,48,4,1
3083,0.118700,0.142100,0.004900,0.028300,0.023300,0.058800,0.003200,0.036800,0.012256,0.009664,0.010400,0.001216,1,4,48,4,1
3084,0.118200,0.132100,0.004900,0.028300,0.023300,0.058300,0.003200,0.036800,0.011232,0.009632,0.010336,0.001216,1,4,48,4,1
3085,0.119100,0.131800,0.005000,0.028100,0.023200,0.059600,0.003200,0.038720,0.013632,0.009632,0.010272,0.001248,1,4,48,4,1
3086,0.118700,0.132400,0.005200,0.028200,0.023100,0.059100,0.002600,0.036992,0.011264,0.009888,0.010272,0.001184,1,4,48,4,1
3087,0.120200,0.131900,0.005200,0.028000,0.024200,0.059400,0.003300,0.036704,0.011264,0.009536,0.010336,0.001216,1,4,48,4,1
3088,0.119300,0.133900,0.005000,0.028000,0.023500,0.059400,0.003200,0.036640,0.011168,0.009568,0.010208,0.001248,1,4,48,4,1
3089,0.118900,0.132700,0.005000,0.028100,0.023500,0.059100,0.003100,0.038752,0.011232,0.009536,0.010432,0.001248,1,4,48,4,1
3090,0.119300,0.132300,0.005000,0.028500,0.023100,0.059600,0.003100,0.036864,0.011232,0.009696,0.010336,0.001216,1,4,48,4,1
3091,0.125300,0.133000,0.004900,0.028100,0.023200,0.065600,0.003200,0.036544,0.011168,0.009568,0.010208,0.001216,1,4,48,4,1
3092,0.121600,0.138800,0.005000,0.028800,0.024200,0.060300,0.003200,0.036800,0.011232,0.009696,0.010304,0.001216,1,4,48,4,1
3093,0.120500,0.135100,0.005100,0.028200,0.024000,0.059900,0.003100,0.036704,0.012256,0.009600,0.010432,0.001216,1,4,48,4,1
3094,0.119300,0.134000,0.005100,0.028000,0.023400,0.059600,0.003100,0.036832,0.011232,0.009664,0.010272,0.001280,1,4,48,4,1
3095,0.119700,0.132700,0.005100,0.028100,0.023600,0.059500,0.003200,0.036736,0.011232,0.009536,0.010336,0.001216,1,4,48,4,1
3096,0.120200,0.133200,0.004900,0.028400,0.024200,0.059400,0.003200,0.036928,0.011200,0.009888,0.010208,0.001216,1,4,48,4,1
3097,0.205500,0.133900,0.004800,0.028600,0.023700,0.144600,0.003700,0.036672,0.011168,0.009632,0.010272,0.001216,1,4,48,4,1
3098,0.173200,0.225500,0.007400,0.051600,0.036600,0.074400,0.002900,0.037472,0.011264,0.009696,0.010208,0.001248,1,4,48,4,1
3099,0.136900,0.191900,0.006800,0.036600,0.026800,0.063200,0.003400,0.036768,0.013760,0.009536,0.010464,0.001216,1,4,48,4,1
3100,0.138700,0.151400,0.005400,0.029200,0.024100,0.076700,0.003300,0.036704,0.013728,0.009536,0.010368,0.001280,1,4,48,4,1
3101,0.120800,0.152500,0.005700,0.028500,0.023800,0.059300,0.003300,0.036800,0.012256,0.009664,0.010432,0.001216,1,4,48,4,1
3102,0.119500,0.134200,0.005200,0.028300,0.023400,0.059300,0.003200,0.036928,0.011232,0.009632,0.010400,0.001248,1,4,48,4,1
3103,0.118800,0.132900,0.004900,0.028100,0.023200,0.059300,0.003100,0.036864,0.011168,0.009792,0.010304,0.001248,1,4,48,4,1
3104,0.119300,0.132500,0.004800,0.027800,0.023600,0.059800,0.003200,0.038816,0.013760,0.009696,0.010368,0.001248,1,4,48,4,1
3105,0.121100,0.132700,0.005300,0.028400,0.023700,0.060400,0.003300,0.036704,0.011200,0.009568,0.010304,0.001248,1,4,48,4,1
3106,0.118100,0.134700,0.005100,0.028200,0.023300,0.059200,0.002000,0.036960,0.012320,0.009760,0.010432,0.001248,1,4,48,4,1
3107,0.120500,0.131600,0.005200,0.028400,0.024000,0.059700,0.003200,0.036768,0.012320,0.009600,0.010432,0.001248,1,4,48,4,1
3108,0.120400,0.134000,0.004900,0.028200,0.023900,0.059900,0.003200,0.039168,0.011200,0.009984,0.010432,0.001216,1,4,48,4,1
3109,0.120200,0.133700,0.005200,0.028000,0.023600,0.060100,0.003100,0.036768,0.012288,0.009504,0.010496,0.001248,1,4,48,4,1
3110,0.126600,0.139100,0.005100,0.028800,0.025500,0.063700,0.003200,0.038240,0.011232,0.009664,0.010272,0.001216,1,4,48,4,1
3111,0.119400,0.140000,0.005100,0.028500,0.023500,0.058900,0.003200,0.036768,0.013760,0.009696,0.010368,0.001216,1,4,48,4,1
3112,0.119400,0.133000,0.005000,0.028300,0.023600,0.059100,0.003200,0.037056,0.011296,0.009888,0.010304,0.001184,1,4,48,4,1
3113,0.119600,0.132900,0.005000,0.028100,0.023700,0.059400,0.003300,0.036672,0.011168,0.009536,0.010272,0.001248,1,4,48,4,1
3114,0.118800,0.133000,0.005000,0.028400,0.023500,0.059700,0.001900,0.037088,0.011264,0.009952,0.010304,0.001216,1,4,48,4,1
3115,0.119900,0.132400,0.005000,0.028700,0.023500,0.060100,0.002500,0.036736,0.011168,0.009696,0.010240,0.001216,1,4,48,4,1
3116,0.118600,0.133700,0.004800,0.028300,0.023300,0.059300,0.002800,0.038848,0.011264,0.009632,0.010432,0.001152,1,4,48,4,1
3117,0.120700,0.132100,0.005100,0.028500,0.023400,0.060400,0.003300,0.036736,0.011264,0.009632,0.010240,0.001216,1,4,48,4,1
3118,0.123500,0.134100,0.005300,0.028300,0.027000,0.059300,0.003400,0.036672,0.011136,0.009632,0.010208,0.001280,1,4,48,4,1
3119,0.119300,0.136800,0.004900,0.028000,0.023500,0.059400,0.003200,0.037472,0.011168,0.009664,0.010272,0.001216,1,4,48,4,1
3120,0.154600,0.132500,0.004900,0.028000,0.020700,0.097300,0.003500,0.038432,0.011264,0.009792,0.010336,0.001248,1,4,48,4,1
3121,0.129300,0.168000,0.005000,0.028500,0.020900,0.071300,0.003400,0.036800,0.011200,0.009536,0.010336,0.001216,1,4,48,4,1
3122,0.128700,0.142500,0.005200,0.028200,0.030200,0.061800,0.003200,0.038272,0.011264,0.009728,0.010272,0.001184,1,4,48,4,1
3123,0.119100,0.142200,0.005000,0.028200,0.023600,0.058800,0.003300,0.036896,0.011232,0.009728,0.010304,0.001184,1,4,48,4,1
3124,0.124900,0.132300,0.005000,0.028200,0.023500,0.064600,0.003300,0.037152,0.012320,0.009952,0.010464,0.001216,1,4,48,4,1
3125,0.119200,0.138400,0.004800,0.028400,0.023600,0.060200,0.002000,0.038624,0.011168,0.009952,0.010208,0.001152,1,4,48,4,1
3126,0.119900,0.132300,0.004800,0.028100,0.023500,0.060100,0.003200,0.036992,0.012224,0.009792,0.010432,0.001312,1,4,48,4,1
3127,0.120000,0.133000,0.005100,0.028200,0.023800,0.059500,0.003200,0.038560,0.011264,0.009696,0.010304,0.001248,1,4,48,4,1
3128,0.119200,0.133500,0.005100,0.028000,0.023300,0.059600,0.003200,0.036960,0.011232,0.009792,0.010336,0.001184,1,4,48,4,1
3129,0.120000,0.132600,0.005000,0.027900,0.023800,0.059900,0.003200,0.036608,0.011200,0.009568,0.010272,0.001216,1,4,48,4,1
3130,0.119100,0.133500,0.004800,0.028100,0.023500,0.059300,0.003200,0.036928,0.011232,0.009696,0.010368,0.001248,1,4,48,4,1
3131,0.119300,0.132700,0.004900,0.028200,0.023400,0.059400,0.003100,0.036768,0.011296,0.009472,0.010336,0.001280,1,4,48,4,1
3132,0.122400,0.132800,0.004600,0.028100,0.023800,0.063200,0.002600,0.036608,0.011200,0.009568,0.010208,0.001248,1,4,48,4,1
3133,0.125200,0.135800,0.004900,0.028300,0.028600,0.059900,0.003200,0.036736,0.012288,0.009568,0.010464,0.001216,1,4,48,4,1
3134,0.119400,0.138800,0.005300,0.028400,0.023300,0.058900,0.003300,0.037024,0.011232,0.009888,0.010304,0.001216,1,4,48,4,1
3135,0.120100,0.133000,0.005300,0.028200,0.023700,0.059500,0.003300,0.038912,0.011264,0.009632,0.010432,0.001248,1,4,48,4,1
3136,0.119300,0.133700,0.005300,0.028100,0.023500,0.059100,0.003200,0.038944,0.011168,0.009760,0.010464,0.001216,1,4,48,4,1
3137,0.143100,0.132700,0.004900,0.028400,0.023600,0.084300,0.001700,0.036768,0.011232,0.009664,0.010272,0.001216,1,4,48,4,1
3138,0.120500,0.156600,0.005300,0.028400,0.023500,0.060000,0.003300,0.036736,0.011200,0.009728,0.010208,0.001216,1,4,48,4,1
3139,0.125600,0.134100,0.005000,0.033300,0.023900,0.059900,0.003300,0.037024,0.012288,0.009888,0.010368,0.001248,1,4,48,4,1
3140,0.122400,0.149300,0.005000,0.032100,0.023900,0.058100,0.003100,0.036896,0.011200,0.009824,0.010272,0.001216,1,4,48,4,1
3141,0.118400,0.136000,0.005000,0.028000,0.023100,0.059100,0.003200,0.036704,0.013728,0.009696,0.010368,0.001216,1,4,48,4,1
3142,0.125400,0.131900,0.005100,0.031500,0.026400,0.059000,0.003200,0.036576,0.011168,0.009504,0.010240,0.001216,1,4,48,4,1
3143,0.119000,0.139100,0.004900,0.028300,0.023800,0.058800,0.003100,0.036768,0.011360,0.009600,0.010240,0.001216,1,4,48,4,1
3144,0.118700,0.132500,0.004900,0.028100,0.023700,0.058500,0.003200,0.039136,0.011232,0.009856,0.010464,0.001216,1,4,48,4,1
3145,0.121900,0.132100,0.004800,0.028100,0.026300,0.059400,0.003100,0.038624,0.013728,0.009728,0.010240,0.001248,1,4,48,4,1
3146,0.119300,0.135300,0.005200,0.028200,0.023500,0.059100,0.003200,0.036928,0.011200,0.009824,0.010272,0.001216,1,4,48,4,1
3147,0.123600,0.132600,0.005100,0.028400,0.027500,0.059400,0.003100,0.037952,0.010912,0.009728,0.010304,0.001248,1,4,48,4,1
3148,0.119200,0.137100,0.004800,0.028400,0.023500,0.059200,0.003100,0.036896,0.012384,0.009600,0.010464,0.001216,1,4,48,4,1
3149,0.118700,0.132500,0.004900,0.028100,0.023200,0.059100,0.003200,0.036960,0.011232,0.009792,0.010336,0.001248,1,4,48,4,1
3150,0.119700,0.132400,0.004800,0.028500,0.023600,0.059600,0.003200,0.036736,0.011200,0.009632,0.010304,0.001248,1,4,48,4,1
3151,0.120900,0.133200,0.005000,0.028200,0.023200,0.061400,0.003100,0.036736,0.011232,0.009568,0.010336,0.001216,1,4,48,4,1
3152,0.119600,0.134400,0.005000,0.028500,0.023500,0.059400,0.003100,0.036960,0.012416,0.009696,0.010432,0.001216,1,4,48,4,1
3153,0.120100,0.133300,0.005100,0.028100,0.023600,0.059800,0.003200,0.038752,0.011264,0.009664,0.010560,0.001248,1,4,48,4,1
3154,0.126300,0.133600,0.005000,0.033700,0.024000,0.060300,0.003100,0.036960,0.011264,0.009856,0.010272,0.001248,1,4,48,4,1
3155,0.122800,0.139900,0.006800,0.030200,0.023600,0.058700,0.003300,0.036992,0.012320,0.009760,0.010400,0.001248,1,4,48,4,1
3156,0.118500,0.136200,0.004900,0.028300,0.023800,0.058000,0.003400,0.036672,0.011168,0.009600,0.010272,0.001248,1,4,48,4,1
3157,0.118800,0.131900,0.004800,0.028500,0.023500,0.058600,0.003300,0.039136,0.011264,0.009952,0.010432,0.001184,1,4,48,4,1
3158,0.118400,0.132500,0.004800,0.027800,0.023200,0.058900,0.003600,0.036704,0.013760,0.009536,0.010432,0.001216,1,4,48,4,1
3159,0.118500,0.132000,0.005100,0.028000,0.023400,0.058700,0.003300,0.036512,0.013696,0.009664,0.010432,0.001152,1,4,48,4,1
3160,0.118300,0.131900,0.004900,0.028200,0.022900,0.058800,0.003100,0.036928,0.012256,0.009728,0.010496,0.001216,1,4,48,4,1
3161,0.119200,0.131500,0.004900,0.028200,0.023700,0.059100,0.003200,0.036736,0.011168,0.009536,0.010400,0.001248,1,4,48,4,1
3162,0.119000,0.132600,0.005100,0.028100,0.023200,0.059400,0.003200,0.038624,0.013696,0.009696,0.010272,0.001216,1,4,48,4,1
3163,0.119100,0.132600,0.005000,0.027900,0.023300,0.059600,0.003200,0.036736,0.011232,0.009632,0.010304,0.001184,1,4,48,4,1
3164,0.118300,0.132600,0.005000,0.028000,0.023400,0.058700,0.003100,0.039072,0.013792,0.009856,0.010272,0.001248,1,4,48,4,1
3165,0.112700,0.131900,0.005100,0.028500,0.021100,0.056100,0.001800,0.037120,0.011232,0.009536,0.010304,0.001216,1,4,48,4,1
3166,0.175000,0.125800,0.004900,0.027800,0.031200,0.065800,0.045200,0.038944,0.011264,0.009824,0.010432,0.001280,1,4,48,4,1
3167,0.130400,0.188600,0.005700,0.029800,0.022500,0.068600,0.003700,0.036704,0.011200,0.009600,0.010240,0.001248,1,4,48,4,1
3168,0.125600,0.144100,0.005100,0.028600,0.028400,0.060900,0.002600,0.037632,0.011200,0.009824,0.010240,0.001216,1,4,48,4,1
3169,0.124800,0.139000,0.005100,0.028200,0.023600,0.064500,0.003200,0.038976,0.011328,0.009664,0.010432,0.001216,1,4,48,4,1
3170,0.120200,0.138300,0.004900,0.028400,0.023400,0.060100,0.003100,0.038688,0.011296,0.009792,0.010368,0.001216,1,4,48,4,1
3171,0.119500,0.133500,0.005100,0.028100,0.023400,0.059700,0.003200,0.036928,0.011232,0.009824,0.010272,0.001216,1,4,48,4,1
3172,0.119100,0.133000,0.005100,0.028100,0.023400,0.059200,0.003200,0.036864,0.011232,0.009632,0.010400,0.001248,1,4,48,4,1
3173,0.119800,0.132600,0.004900,0.028100,0.023600,0.059900,0.003100,0.036768,0.012320,0.009536,0.010464,0.001216,1,4,48,4,1
3174,0.119500,0.133200,0.005300,0.028200,0.023300,0.059500,0.003100,0.037024,0.012320,0.009792,0.010528,0.001216,1,4,48,4,1
3175,0.119200,0.133000,0.005000,0.028100,0.023500,0.059200,0.003200,0.036832,0.011264,0.009664,0.010272,0.001248,1,4,48,4,1
3176,0.119200,0.132700,0.005000,0.028000,0.023600,0.059300,0.003200,0.038944,0.013696,0.009760,0.010272,0.001216,1,4,48,4,1
3177,0.120000,0.132900,0.005400,0.028100,0.023400,0.059800,0.003200,0.038976,0.011328,0.009696,0.010432,0.001184,1,4,48,4,1
3178,0.137000,0.133400,0.005200,0.044500,0.024000,0.060000,0.003200,0.036864,0.011296,0.009632,0.010336,0.001248,1,4,48,4,1
3179,0.123500,0.151100,0.004900,0.028200,0.023300,0.064700,0.002100,0.036704,0.011232,0.009600,0.010208,0.001280,1,4,48,4,1
3180,0.120300,0.137000,0.005100,0.028600,0.024000,0.059300,0.003200,0.039072,0.011264,0.009728,0.010464,0.001216,1,4,48,4,1
3181,0.120100,0.133500,0.005200,0.028400,0.023900,0.059000,0.003300,0.037760,0.010848,0.009760,0.010336,0.001248,1,4,48,4,1
3182,0.119100,0.133700,0.005000,0.028200,0.023400,0.059200,0.003300,0.036768,0.011200,0.009600,0.010304,0.001280,1,4,48,4,1
3183,0.119900,0.132500,0.005200,0.028200,0.023600,0.059600,0.003300,0.036992,0.011328,0.009728,0.010304,0.001248,1,4,48,4,1
3184,0.118500,0.133500,0.004900,0.028600,0.023100,0.059400,0.002500,0.036864,0.011232,0.009696,0.010272,0.001248,1,4,48,4,1
3185,0.119400,0.131900,0.005000,0.028100,0.023400,0.059600,0.003200,0.036672,0.011264,0.009504,0.010272,0.001216,1,4,48,4,1
3186,0.117900,0.132800,0.005100,0.028200,0.023400,0.059200,0.001900,0.036768,0.011200,0.009728,0.010240,0.001248,1,4,48,4,1
3187,0.118300,0.131500,0.005100,0.027900,0.023300,0.059100,0.002600,0.036608,0.011264,0.009440,0.010336,0.001184,1,4,48,4,1
3188,0.118400,0.131600,0.005000,0.028000,0.023100,0.058900,0.003200,0.039136,0.013728,0.009888,0.010304,0.001216,1,4,48,4,1
3189,0.120000,0.131800,0.005100,0.028200,0.023900,0.059500,0.003200,0.036672,0.011168,0.009568,0.010304,0.001216,1,4,48,4,1
3190,0.119100,0.133600,0.005300,0.028200,0.023300,0.059000,0.003200,0.037024,0.012256,0.009856,0.010464,0.001280,1,4,48,4,1
3191,0.119000,0.132700,0.005200,0.027800,0.023500,0.059100,0.003200,0.036640,0.011200,0.009696,0.010176,0.001184,1,4,48,4,1
3192,0.118200,0.132500,0.004600,0.027900,0.023100,0.059300,0.003200,0.038560,0.011232,0.009568,0.010432,0.001216,1,4,48,4,1
3193,0.119000,0.131700,0.004800,0.028200,0.023300,0.059400,0.003100,0.038912,0.011360,0.009696,0.010432,0.001216,1,4,48,4,1
3194,0.123800,0.132300,0.004800,0.028000,0.023400,0.064800,0.002500,0.036800,0.011264,0.009664,0.010272,0.001184,1,4,48,4,1
3195,0.120900,0.137400,0.005400,0.028900,0.023700,0.059700,0.003100,0.036800,0.012320,0.009696,0.010464,0.001184,1,4,48,4,1
3196,0.118400,0.134300,0.004900,0.028200,0.023200,0.058800,0.003100,0.037024,0.011296,0.009824,0.010272,0.001216,1,4,48,4,1
3197,0.119400,0.132000,0.005000,0.028200,0.023300,0.059600,0.003200,0.037664,0.010880,0.009696,0.010304,0.001216,1,4,48,4,1
3198,0.118800,0.133300,0.004900,0.028400,0.023000,0.059200,0.003100,0.036960,0.011136,0.009952,0.010240,0.001248,1,4,48,4,1
3199,0.118700,0.132100,0.005200,0.028400,0.023000,0.058700,0.003100,0.038624,0.011104,0.009536,0.010432,0.001184,1,4,48,4,1
3200,0.121800,0.132000,0.004900,0.028000,0.022800,0.062800,0.003200,0.039008,0.011296,0.009664,0.010464,0.001216,1,4,48,4,1
3201,0.119800,0.135400,0.005200,0.028500,0.023400,0.059500,0.003200,0.038912,0.011264,0.009824,0.010432,0.001248,1,4,48,4,1
3202,0.119500,0.133300,0.004900,0.028400,0.023500,0.059400,0.003300,0.036992,0.011296,0.009792,0.010272,0.001280,1,4,48,4,1
3203,0.119000,0.132900,0.004800,0.028400,0.023100,0.059500,0.003100,0.036832,0.011232,0.009696,0.010336,0.001248,1,4,48,4,1
3204,0.118700,0.132500,0.004900,0.028500,0.023100,0.058900,0.003200,0.036736,0.011232,0.009664,0.010240,0.001184,1,4,48,4,1
3205,0.119500,0.132100,0.004900,0.028200,0.023500,0.059700,0.003100,0.036896,0.011232,0.009728,0.010304,0.001248,1,4,48,4,1
3206,0.119900,0.133100,0.005600,0.027900,0.023600,0.059600,0.003200,0.038848,0.013760,0.009664,0.010336,0.001184,1,4,48,4,1
3207,0.122600,0.133300,0.005400,0.032600,0.023300,0.059400,0.001900,0.036544,0.011232,0.009408,0.010272,0.001248,1,4,48,4,1
3208,0.118600,0.135900,0.005300,0.028100,0.023100,0.058800,0.003200,0.038688,0.011328,0.009760,0.010368,0.001184,1,4,48,4,1
3209,0.123200,0.132000,0.004900,0.027900,0.023300,0.064400,0.002600,0.036768,0.011200,0.009664,0.010208,0.001248,1,4,48,4,1
3210,0.124000,0.136900,0.005000,0.028800,0.027600,0.060500,0.001900,0.036960,0.013760,0.009696,0.010464,0.001280,1,4,48,4,1
3211,0.119500,0.137200,0.004900,0.027800,0.020400,0.053600,0.012800,0.037632,0.011232,0.009728,0.010240,0.001248,1,4,48,4,1
3212,0.132300,0.132500,0.004900,0.027500,0.020600,0.073900,0.005300,0.036800,0.013664,0.009728,0.010432,0.001184,1,4,48,4,1
3213,0.129300,0.145300,0.005200,0.028100,0.031900,0.060700,0.003300,0.037408,0.011200,0.009440,0.010304,0.001248,1,4,48,4,1
3214,0.118400,0.142600,0.005000,0.028000,0.023200,0.058900,0.003200,0.038816,0.013696,0.009664,0.010240,0.001216,1,4,48,4,1
3215,0.118900,0.131900,0.004800,0.028000,0.023200,0.059500,0.003100,0.039136,0.011360,0.009728,0.010432,0.001216,1,4,48,4,1
3216,0.240200,0.132000,0.005200,0.028000,0.025500,0.174900,0.006500,0.037280,0.011008,0.009760,0.010240,0.001248,1,4,48,4,1
3217,0.145300,0.256300,0.006100,0.038600,0.029400,0.068500,0.002600,0.036832,0.013696,0.009696,0.010432,0.001248,1,4,48,4,1
3218,0.124000,0.159800,0.005300,0.030000,0.025300,0.059900,0.003300,0.037088,0.011296,0.009632,0.010272,0.001216,1,4,48,4,1
3219,0.124100,0.137800,0.005500,0.028800,0.024600,0.061800,0.003300,0.036832,0.011232,0.009760,0.010304,0.001216,1,4,48,4,1
3220,0.121200,0.137700,0.005200,0.028800,0.024400,0.059600,0.003100,0.036864,0.011328,0.009664,0.010272,0.001184,1,4,48,4,1
3221,0.120400,0.135100,0.004900,0.029000,0.023700,0.059500,0.003200,0.037024,0.011296,0.009792,0.010272,0.001248,1,4,48,4,1
3222,0.120200,0.134200,0.005200,0.028700,0.023400,0.059500,0.003200,0.036832,0.011200,0.009728,0.010240,0.001280,1,4,48,4,1
3223,0.121200,0.133800,0.005000,0.028300,0.025300,0.059400,0.003200,0.036928,0.011200,0.009760,0.010304,0.001184,1,4,48,4,1
3224,0.118300,0.134600,0.005100,0.028400,0.023700,0.058700,0.002100,0.036992,0.011360,0.009760,0.010272,0.001248,1,4,48,4,1
3225,0.122000,0.132100,0.005100,0.028600,0.023800,0.061200,0.003100,0.036800,0.012288,0.009664,0.010400,0.001280,1,4,48,4,1
3226,0.121800,0.135500,0.005200,0.028400,0.023800,0.061100,0.003100,0.039136,0.011296,0.009760,0.010432,0.001216,1,4,48,4,1
3227,0.119400,0.135100,0.005100,0.028300,0.023800,0.059000,0.003100,0.036768,0.011200,0.009632,0.010272,0.001248,1,4,48,4,1
3228,0.131200,0.132800,0.017000,0.028300,0.023600,0.058900,0.003200,0.038816,0.011200,0.009664,0.010464,0.001216,1,4,48,4,1
3229,0.128300,0.144800,0.005000,0.028100,0.031100,0.060800,0.003200,0.036800,0.012256,0.009728,0.010496,0.001216,1,4,48,4,1
3230,0.120400,0.141900,0.005000,0.029000,0.023800,0.059100,0.003200,0.038624,0.011296,0.009632,0.010432,0.001216,1,4,48,4,1
3231,0.119200,0.133800,0.005300,0.028400,0.023200,0.059000,0.003100,0.036608,0.011232,0.009536,0.010272,0.001248,1,4,48,4,1
3232,0.118700,0.132500,0.005100,0.028200,0.023600,0.058400,0.003200,0.039072,0.011200,0.009888,0.010368,0.001184,1,4,48,4,1
3233,0.120100,0.132300,0.005000,0.028200,0.023600,0.060000,0.003100,0.038656,0.013632,0.009600,0.010272,0.001216,1,4,48,4,1
3234,0.120700,0.133500,0.004900,0.028200,0.023800,0.060600,0.003100,0.036800,0.011200,0.009632,0.010336,0.001216,1,4,48,4,1
3235,0.120900,0.134100,0.004900,0.029200,0.023500,0.059700,0.003300,0.036768,0.011200,0.009760,0.010240,0.001216,1,4,48,4,1
3236,0.119700,0.134500,0.005400,0.028300,0.023700,0.059100,0.003100,0.038816,0.011392,0.009824,0.010336,0.001248,1,4,48,4,1
3237,0.119400,0.133100,0.005300,0.028400,0.023800,0.058700,0.003100,0.036928,0.011264,0.009728,0.010336,0.001184,1,4,48,4,1
3238,0.131700,0.132600,0.005200,0.027900,0.023700,0.071600,0.003200,0.038656,0.011200,0.009824,0.010336,0.001280,1,4,48,4,1
3239,0.118100,0.145000,0.004700,0.028300,0.023500,0.058200,0.003100,0.036896,0.011328,0.009664,0.010336,0.001184,1,4,48,4,1
3240,0.118700,0.131700,0.005000,0.028200,0.023600,0.058800,0.003100,0.036704,0.011200,0.009664,0.010272,0.001184,1,4,48,4,1
3241,0.119600,0.132100,0.004800,0.028400,0.023700,0.059300,0.003200,0.036576,0.011200,0.009568,0.010336,0.001248,1,4,48,4,1
3242,0.119100,0.133000,0.005000,0.028600,0.023400,0.058800,0.003100,0.038784,0.013760,0.009600,0.010304,0.001216,1,4,48,4,1
3243,0.118900,0.132300,0.005000,0.027900,0.023500,0.059100,0.003100,0.038688,0.013696,0.009856,0.010272,0.001248,1,4,48,4,1
3244,0.156900,0.132200,0.005000,0.040500,0.031600,0.076400,0.003400,0.036768,0.011168,0.009696,0.010304,0.001216,1,4,48,4,1
3245,0.127400,0.172200,0.005500,0.031900,0.024800,0.061900,0.003200,0.036544,0.011200,0.009504,0.010208,0.001184,1,4,48,4,1
3246,0.120600,0.141200,0.005000,0.028600,0.023800,0.059900,0.003100,0.036704,0.011232,0.009504,0.010304,0.001216,1,4,48,4,1
3247,0.121700,0.134400,0.005200,0.028900,0.023900,0.060400,0.003200,0.036800,0.011232,0.009760,0.010240,0.001216,1,4,48,4,1
3248,0.119800,0.135000,0.005400,0.028300,0.023400,0.059500,0.003100,0.037440,0.011104,0.009760,0.010304,0.001216,1,4,48,4,1
3249,0.122800,0.133300,0.005200,0.028200,0.027300,0.058700,0.003200,0.036640,0.011264,0.009504,0.010272,0.001216,1,4,48,4,1
3250,0.120200,0.140300,0.005000,0.028400,0.023900,0.059700,0.003200,0.039008,0.011232,0.009792,0.010400,0.001280,1,4,48,4,1
3251,0.119800,0.133900,0.004800,0.028300,0.023400,0.060000,0.003100,0.038912,0.011264,0.009600,0.010496,0.001216,1,4,48,4,1
3252,0.120200,0.133600,0.004700,0.028200,0.023600,0.060300,0.003200,0.036704,0.011168,0.009600,0.010336,0.001248,1,4,48,4,1
3253,0.135400,0.133900,0.004900,0.028300,0.031700,0.067100,0.003200,0.036704,0.011232,0.009568,0.010304,0.001216,1,4,48,4,1
3254,0.129400,0.150600,0.006700,0.028400,0.021100,0.059900,0.013100,0.037088,0.011008,0.010016,0.010240,0.001216,1,4,48,4,1
3255,0.123900,0.142800,0.005100,0.027900,0.020600,0.067500,0.002600,0.036896,0.010976,0.009664,0.010368,0.001248,1,4,48,4,1
3256,0.135500,0.137600,0.004900,0.028200,0.032700,0.066200,0.003300,0.036992,0.011200,0.009856,0.010304,0.001248,1,4,48,4,1
3257,0.124500,0.149300,0.004900,0.032600,0.023800,0.059800,0.003300,0.037056,0.012256,0.009856,0.010464,0.001248,1,4,48,4,1
3258,0.119500,0.137900,0.004800,0.028400,0.023700,0.059200,0.003300,0.036736,0.012224,0.009664,0.010464,0.001216,1,4,48,4,1
3259,0.119500,0.147000,0.004800,0.028600,0.023700,0.059100,0.003200,0.036768,0.011200,0.009632,0.010304,0.001248,1,4,48,4,1
3260,0.120200,0.133000,0.004900,0.028500,0.023800,0.059700,0.003200,0.036992,0.012320,0.009760,0.010432,0.001248,1,4,48,4,1
3261,0.119800,0.133700,0.005200,0.028400,0.023300,0.059400,0.003300,0.036480,0.011232,0.009408,0.010240,0.001216,1,4,48,4,1
3262,0.120100,0.133300,0.005200,0.028600,0.023600,0.059500,0.003200,0.036800,0.011200,0.009696,0.010304,0.001216,1,4,48,4,1
3263,0.119400,0.133600,0.004900,0.028200,0.023500,0.059500,0.003200,0.038784,0.013728,0.009664,0.010304,0.001216,1,4,48,4,1
3264,0.119000,0.132900,0.004900,0.028000,0.023400,0.059300,0.003100,0.038816,0.011264,0.009536,0.010496,0.001152,1,4,48,4,1
3265,0.120200,0.132600,0.004800,0.028500,0.023500,0.060200,0.003100,0.036928,0.012384,0.009792,0.010432,0.001184,1,4,48,4,1
3266,0.119600,0.133700,0.004800,0.028000,0.023500,0.060000,0.003200,0.036736,0.012256,0.009536,0.010496,0.001248,1,4,48,4,1
3267,0.120200,0.133000,0.005200,0.028400,0.023600,0.059700,0.003200,0.036960,0.011296,0.009824,0.010240,0.001216,1,4,48,4,1
3268,0.119800,0.133800,0.005000,0.028000,0.023600,0.059800,0.003200,0.036576,0.011136,0.009568,0.010272,0.001184,1,4,48,4,1
3269,0.119900,0.133200,0.004900,0.028600,0.023700,0.059600,0.003100,0.038688,0.013664,0.009632,0.010240,0.001184,1,4,48,4,1
3270,0.119000,0.133400,0.005100,0.028400,0.023400,0.059800,0.002000,0.036640,0.011200,0.009600,0.010240,0.001216,1,4,48,4,1
3271,0.125600,0.132800,0.004900,0.028500,0.023400,0.065500,0.003100,0.036608,0.011136,0.009600,0.010272,0.001216,1,4,48,4,1
3272,0.120600,0.143400,0.005100,0.029000,0.023700,0.059600,0.003200,0.037088,0.012256,0.009792,0.010528,0.001280,1,4,48,4,1
3273,0.143600,0.134100,0.027300,0.028500,0.023700,0.060700,0.003200,0.036768,0.011232,0.009632,0.010240,0.001216,1,4,48,4,1
3274,0.120900,0.157200,0.005000,0.028600,0.023900,0.060000,0.003200,0.039232,0.011360,0.009760,0.010560,0.001280,1,4,48,4,1
3275,0.120300,0.134500,0.005300,0.028300,0.023400,0.059800,0.003200,0.038880,0.011232,0.009664,0.010400,0.001248,1,4,48,4,1
3276,0.121100,0.133800,0.005000,0.028200,0.023500,0.060400,0.003800,0.038368,0.013664,0.009632,0.010240,0.001216,1,4,48,4,1
3277,0.119100,0.134700,0.005100,0.028400,0.024100,0.059400,0.001900,0.036704,0.011328,0.009536,0.010240,0.001184,1,4,48,4,1
3278,0.119500,0.133100,0.004900,0.028400,0.023900,0.060300,0.002000,0.036896,0.012256,0.009696,0.010400,0.001280,1,4,48,4,1
3279,0.121200,0.133100,0.005500,0.028600,0.023800,0.060000,0.003100,0.036992,0.011200,0.009856,0.010272,0.001248,1,4,48,4,1
3280,0.120900,0.135200,0.005100,0.028500,0.023700,0.060300,0.003200,0.036832,0.011200,0.009696,0.010336,0.001216,1,4,48,4,1
3281,0.119600,0.134500,0.004800,0.028400,0.023500,0.059700,0.003200,0.037056,0.011232,0.009824,0.010368,0.001248,1,4,48,4,1
3282,0.119700,0.133200,0.005000,0.028100,0.023500,0.059700,0.003200,0.036928,0.011232,0.009696,0.010336,0.001248,1,4,48,4,1
3283,0.119600,0.133400,0.005100,0.028300,0.023400,0.059600,0.003100,0.036864,0.011232,0.009760,0.010240,0.001248,1,4,48,4,1
3284,0.120600,0.133400,0.004900,0.028400,0.024200,0.059900,0.003100,0.036960,0.013696,0.009792,0.010464,0.001280,1,4,48,4,1
3285,0.121000,0.133800,0.005100,0.028200,0.024000,0.060000,0.003200,0.039104,0.011264,0.009824,0.010432,0.001216,1,4,48,4,1
3286,0.129200,0.134500,0.005000,0.033600,0.024000,0.063300,0.003300,0.036864,0.011872,0.009696,0.010432,0.001248,1,4,48,4,1
3287,0.119600,0.143000,0.005500,0.028200,0.023300,0.059400,0.003200,0.036800,0.011264,0.009632,0.010272,0.001216,1,4,48,4,1
3288,0.119500,0.133100,0.004700,0.028200,0.023500,0.059800,0.003200,0.038784,0.013696,0.009664,0.010240,0.001248,1,4,48,4,1
3289,0.119200,0.133000,0.004800,0.028300,0.023300,0.059500,0.003300,0.037152,0.011200,0.009792,0.010304,0.001216,1,4,48,4,1
3290,0.122700,0.132700,0.005000,0.031800,0.023700,0.058900,0.003200,0.037056,0.011200,0.009824,0.010336,0.001216,1,4,48,4,1
3291,0.119500,0.136200,0.005300,0.028100,0.023700,0.059200,0.003100,0.038944,0.011104,0.009728,0.010400,0.001248,1,4,48,4,1
3292,0.119700,0.132800,0.004800,0.028200,0.023700,0.059400,0.003200,0.036608,0.011296,0.009600,0.010304,0.001184,1,4,48,4,1
3293,0.119900,0.133100,0.004900,0.028300,0.023500,0.059800,0.003200,0.036896,0.011296,0.009664,0.010240,0.001184,1,4,48,4,1
3294,0.122200,0.133300,0.004800,0.028100,0.027300,0.060000,0.001900,0.036864,0.011264,0.009664,0.010304,0.001248,1,4,48,4,1
3295,0.118900,0.135600,0.004800,0.028000,0.023600,0.059100,0.003100,0.036800,0.011168,0.009696,0.010304,0.001216,1,4,48,4,1
3296,0.131300,0.132500,0.004900,0.028100,0.023700,0.071300,0.003100,0.036736,0.012256,0.009728,0.010496,0.001184,1,4,48,4,1
3297,0.129800,0.144800,0.005200,0.028800,0.023700,0.069500,0.002600,0.036832,0.011168,0.009728,0.010304,0.001216,1,4,48,4,1
3298,0.120000,0.143700,0.005500,0.028400,0.021900,0.060800,0.003200,0.036672,0.011200,0.009536,0.010304,0.001184,1,4,48,4,1
3299,0.130800,0.133300,0.004900,0.028100,0.022100,0.073100,0.002500,0.037792,0.010816,0.009664,0.010240,0.001248,1,4,48,4,1
3300,0.129100,0.144100,0.004900,0.028400,0.020800,0.071500,0.003300,0.038016,0.011168,0.009664,0.010272,0.001216,1,4,48,4,1
3301,0.125800,0.142900,0.005400,0.028900,0.029000,0.059800,0.002500,0.036768,0.011264,0.009568,0.010304,0.001216,1,4,48,4,1
3302,0.118300,0.139400,0.005100,0.028300,0.023500,0.058200,0.003200,0.037344,0.011232,0.009696,0.010336,0.001280,1,4,48,4,1
3303,0.120700,0.131700,0.005400,0.028400,0.023600,0.060000,0.003100,0.036832,0.011200,0.009760,0.010304,0.001216,1,4,48,4,1
3304,0.118700,0.134400,0.004800,0.028200,0.023900,0.059600,0.002100,0.038912,0.011232,0.009696,0.010464,0.001216,1,4,48,4,1
3305,0.119900,0.132200,0.004900,0.028200,0.023500,0.059900,0.003200,0.038944,0.013728,0.009728,0.010304,0.001248,1,4,48,4,1
3306,0.120000,0.133300,0.005100,0.028500,0.023500,0.059600,0.003200,0.036864,0.011264,0.009664,0.010272,0.001248,1,4,48,4,1
3307,0.119800,0.133600,0.005300,0.028200,0.023700,0.059400,0.003100,0.036768,0.011232,0.009664,0.010240,0.001248,1,4,48,4,1
3308,0.119800,0.133100,0.005100,0.028200,0.023900,0.059200,0.003200,0.036960,0.012320,0.009696,0.010432,0.001248,1,4,48,4,1
3309,0.119700,0.133300,0.005200,0.028100,0.023200,0.059800,0.003200,0.036800,0.011232,0.009664,0.010240,0.001280,1,4,48,4,1
3310,0.120400,0.133300,0.004800,0.028400,0.023800,0.060100,0.003200,0.036704,0.011168,0.009600,0.010272,0.001248,1,4,48,4,1
3311,0.119900,0.133900,0.004700,0.028600,0.023600,0.059800,0.003100,0.036928,0.011264,0.009696,0.010336,0.001216,1,4,48,4,1
3312,0.119900,0.133500,0.004700,0.028100,0.023800,0.059900,0.003200,0.036832,0.011232,0.009664,0.010336,0.001248,1,4,48,4,1
3313,0.120100,0.133200,0.005200,0.028200,0.023300,0.059900,0.003200,0.038944,0.011232,0.009632,0.010560,0.001216,1,4,48,4,1
3314,0.120000,0.133600,0.004900,0.028300,0.023500,0.060000,0.003200,0.036992,0.011264,0.009824,0.010304,0.001184,1,4,48,4,1
3315,0.125500,0.133600,0.005200,0.028100,0.023500,0.065300,0.003200,0.036576,0.011200,0.009504,0.010240,0.001216,1,4,48,4,1
3316,0.120600,0.139200,0.005200,0.028600,0.023900,0.060300,0.002400,0.036800,0.011232,0.009728,0.010240,0.001216,1,4,48,4,1
3317,0.120400,0.134100,0.005100,0.028500,0.023600,0.059900,0.003100,0.036832,0.011232,0.009696,0.010240,0.001248,1,4,48,4,1
3318,0.119900,0.134100,0.004900,0.028300,0.023400,0.060000,0.003100,0.036832,0.013760,0.009664,0.010368,0.001248,1,4,48,4,1
3319,0.119300,0.133300,0.005200,0.028300,0.023300,0.059200,0.003100,0.038720,0.011328,0.009760,0.010368,0.001216,1,4,48,4,1
3320,0.119500,0.133100,0.004700,0.028500,0.023300,0.059700,0.003100,0.036768,0.012288,0.009632,0.010400,0.001216,1,4,48,4,1
3321,0.120300,0.133000,0.005100,0.028300,0.023400,0.060100,0.003200,0.036672,0.011168,0.009600,0.010272,0.001216,1,4,48,4,1
3322,0.118000,0.133700,0.004800,0.028300,0.023300,0.059200,0.002400,0.036928,0.011264,0.009824,0.010272,0.001216,1,4,48,4,1
3323,0.119100,0.131500,0.005000,0.028300,0.023600,0.060200,0.001900,0.036608,0.011264,0.009536,0.010272,0.001216,1,4,48,4,1
3324,0.118600,0.132400,0.005000,0.028300,0.023700,0.058100,0.003300,0.036704,0.011200,0.009568,0.010304,0.001248,1,4,48,4,1
3325,0.119500,0.131900,0.004900,0.028500,0.023900,0.059000,0.003100,0.038848,0.013760,0.009728,0.010304,0.001216,1,4,48,4,1
3326,0.119200,0.132900,0.005100,0.028300,0.023500,0.058900,0.003200,0.036864,0.011232,0.009792,0.010240,0.001216,1,4,48,4,1
3327,0.120200,0.132800,0.005100,0.028100,0.023600,0.059900,0.003200,0.038368,0.013728,0.009408,0.010304,0.001248,1,4,48,4,1
3328,0.119300,0.133600,0.004900,0.028300,0.023400,0.059400,0.003200,0.036800,0.011200,0.009792,0.010208,0.001216,1,4,48,4,1
3329,0.120200,0.132700,0.005000,0.028300,0.023400,0.060100,0.003300,0.036512,0.011200,0.009376,0.010336,0.001216,1,4,48,4,1
3330,0.125000,0.133700,0.004800,0.028500,0.023500,0.064800,0.003300,0.036832,0.011232,0.009728,0.010240,0.001248,1,4,48,4,1
3331,0.120800,0.138700,0.005600,0.028800,0.024200,0.059500,0.002600,0.036864,0.011264,0.009728,0.010240,0.001216,1,4,48,4,1
3332,0.131400,0.134200,0.004900,0.028500,0.023800,0.071400,0.002700,0.037056,0.011264,0.009792,0.010304,0.001312,1,4,48,4,1
3333,0.217000,0.144800,0.005000,0.028700,0.029400,0.151100,0.002700,0.037792,0.010848,0.009728,0.010304,0.001184,1,4,48,4,1
3334,0.144800,0.235800,0.012400,0.037200,0.028200,0.064300,0.002600,0.037376,0.011168,0.009824,0.010272,0.001216,1,4,48,4,1
3335,0.119600,0.158800,0.005000,0.028900,0.024500,0.058500,0.002600,0.036608,0.011200,0.009408,0.010336,0.001248,1,4,48,4,1
3336,0.120000,0.133300,0.005300,0.028800,0.024000,0.058500,0.003300,0.037280,0.011296,0.009664,0.010304,0.001280,1,4,48,4,1
3337,0.119500,0.133900,0.005200,0.028600,0.023400,0.058900,0.003400,0.036992,0.011200,0.009856,0.010336,0.001248,1,4,48,4,1
3338,0.119300,0.137000,0.004700,0.028400,0.023300,0.059600,0.003200,0.036992,0.012256,0.009856,0.010400,0.001280,1,4,48,4,1
3339,0.120200,0.132700,0.005200,0.028400,0.023300,0.060000,0.003100,0.036768,0.011136,0.009760,0.010272,0.001216,1,4,48,4,1
3340,0.119200,0.133700,0.004600,0.028500,0.023400,0.059400,0.003200,0.037152,0.011360,0.009760,0.010304,0.001280,1,4,48,4,1
3341,0.118500,0.132700,0.004800,0.028400,0.023500,0.058500,0.003200,0.036928,0.011232,0.009664,0.010336,0.001248,1,4,48,4,1
3342,0.124300,0.131800,0.004800,0.028500,0.023500,0.064200,0.003100,0.037632,0.010848,0.009568,0.010240,0.001216,1,4,48,4,1
3343,0.121600,0.137900,0.004800,0.028300,0.021400,0.063800,0.003200,0.038176,0.011232,0.009728,0.010208,0.001216,1,4,48,4,1
3344,0.120300,0.135000,0.004700,0.028400,0.023800,0.060000,0.003200,0.039232,0.013824,0.009984,0.010304,0.001216,1,4,48,4,1
3345,0.123500,0.133800,0.005300,0.032100,0.023400,0.059200,0.003300,0.037344,0.011264,0.009760,0.010208,0.001216,1,4,48,4,1
3346,0.126800,0.137200,0.005100,0.028600,0.023700,0.066000,0.003300,0.036864,0.011264,0.009760,0.010272,0.001184,1,4,48,4,1
3347,0.124400,0.146200,0.009800,0.029000,0.023800,0.058100,0.003300,0.036768,0.013728,0.009408,0.010496,0.001312,1,4,48,4,1
3348,0.118300,0.137700,0.004900,0.028400,0.023700,0.057900,0.003300,0.036928,0.013856,0.009664,0.010432,0.001216,1,4,48,4,1
3349,0.117900,0.131600,0.005200,0.028300,0.023100,0.057900,0.003300,0.036928,0.013792,0.009664,0.010432,0.001216,1,4,48,4,1
3350,0.118900,0.131300,0.005000,0.028600,0.023500,0.058500,0.003200,0.037280,0.011232,0.009792,0.010240,0.001184,1,4,48,4,1
3351,0.118300,0.132200,0.005100,0.028600,0.023500,0.058600,0.002500,0.036864,0.012352,0.009664,0.010400,0.001216,1,4,48,4,1
3352,0.119100,0.131700,0.005100,0.028200,0.023500,0.058700,0.003300,0.036640,0.013696,0.009632,0.010368,0.001216,1,4,48,4,1
3353,0.118700,0.132600,0.005000,0.028500,0.023400,0.059800,0.001900,0.036640,0.011264,0.009504,0.010304,0.001184,1,4,48,4,1
3354,0.124500,0.132700,0.004900,0.028400,0.023700,0.064900,0.002500,0.036832,0.013760,0.009728,0.010400,0.001216,1,4,48,4,1
3355,0.121300,0.137900,0.005200,0.029000,0.024300,0.059300,0.003300,0.038464,0.011264,0.009568,0.010336,0.001248,1,4,48,4,1
3356,0.120100,0.134700,0.004800,0.028500,0.023700,0.059700,0.003200,0.037024,0.011264,0.009792,0.010304,0.001248,1,4,48,4,1
3357,0.120000,0.133700,0.005000,0.028100,0.023500,0.059900,0.003200,0.036768,0.012224,0.009664,0.010432,0.001216,1,4,48,4,1
3358,0.120000,0.133500,0.004900,0.028400,0.023500,0.059600,0.003200,0.036736,0.011232,0.009472,0.010336,0.001248,1,4,48,4,1
3359,0.119100,0.133600,0.005200,0.028400,0.023700,0.058000,0.003700,0.038944,0.011200,0.009664,0.010496,0.001248,1,4,48,4,1
3360,0.122300,0.132600,0.004900,0.028100,0.027100,0.059000,0.003200,0.036640,0.011168,0.009632,0.010240,0.001152,1,4,48,4,1
3361,0.124800,0.135500,0.004800,0.028600,0.028200,0.059900,0.003300,0.039136,0.011328,0.009728,0.010496,0.001248,1,4,48,4,1
3362,0.122400,0.138500,0.004800,0.028500,0.027000,0.058600,0.003400,0.036896,0.011232,0.009856,0.010208,0.001216,1,4,48,4,1
3363,0.119100,0.135700,0.005100,0.028200,0.023300,0.059000,0.003400,0.038720,0.013696,0.009664,0.010240,0.001216,1,4,48,4,1
3364,0.118100,0.132300,0.004900,0.028400,0.022900,0.058300,0.003500,0.038848,0.011328,0.009536,0.010464,0.001216,1,4,48,4,1
3365,0.118200,0.131300,0.004700,0.028000,0.023500,0.059400,0.002500,0.036864,0.011296,0.009728,0.010240,0.001248,1,4,48,4,1
3366,0.116300,0.131400,0.004800,0.028200,0.023400,0.057300,0.002500,0.036992,0.011168,0.009792,0.010336,0.001248,1,4,48,4,1
3367,0.118600,0.129800,0.005200,0.028500,0.023400,0.058200,0.003300,0.036800,0.012288,0.009632,0.010464,0.001184,1,4,48,4,1
3368,0.118800,0.132000,0.005000,0.028400,0.023300,0.058700,0.003300,0.036896,0.011264,0.009728,0.010304,0.001216,1,4,48,4,1
3369,0.119000,0.132400,0.005000,0.028000,0.023200,0.059400,0.003200,0.036672,0.011232,0.009568,0.010208,0.001248,1,4,48,4,1
3370,0.120900,0.132300,0.005100,0.027900,0.025100,0.059200,0.003200,0.037024,0.011296,0.009792,0.010272,0.001280,1,4,48,4,1
3371,0.117800,0.134200,0.004500,0.027900,0.022900,0.059100,0.003100,0.038848,0.011136,0.009632,0.010432,0.001248,1,4,48,4,1
3372,0.118700,0.131500,0.004800,0.028300,0.023100,0.059200,0.003200,0.036800,0.011264,0.009632,0.010240,0.001248,1,4,48,4,1
3373,0.118700,0.132100,0.004900,0.028200,0.023500,0.058900,0.003100,0.036800,0.011264,0.009664,0.010240,0.001216,1,4,48,4,1
3374,0.118200,0.131900,0.005000,0.027900,0.023200,0.058600,0.003100,0.038880,0.011328,0.009600,0.010432,0.001216,1,4,48,4,1
3375,0.118500,0.131400,0.004900,0.027900,0.023300,0.059000,0.003200,0.036608,0.011200,0.009568,0.010272,0.001248,1,4,48,4,1
3376,0.124400,0.131800,0.004900,0.027900,0.023200,0.065000,0.003200,0.039040,0.011264,0.009728,0.010400,0.001248,1,4,48,4,1
3377,0.119000,0.138200,0.004800,0.028600,0.023300,0.059100,0.003100,0.036992,0.011360,0.009760,0.010304,0.001248,1,4,48,4,1
3378,0.120000,0.132300,0.005100,0.028500,0.023800,0.059300,0.003100,0.038944,0.011168,0.009792,0.010432,0.001216,1,4,48,4,1
3379,0.118800,0.133200,0.005000,0.028300,0.023400,0.059400,0.002500,0.038880,0.013792,0.009696,0.010272,0.001216,1,4,48,4,1
3380,0.118200,0.132600,0.004800,0.027900,0.023400,0.059400,0.002400,0.036864,0.011328,0.009632,0.010368,0.001216,1,4,48,4,1
3381,0.118700,0.131600,0.004900,0.028300,0.023300,0.059500,0.002400,0.038688,0.011232,0.009664,0.010464,0.001216,1,4,48,4,1
3382,0.118800,0.132200,0.004800,0.028000,0.023300,0.059400,0.003100,0.036832,0.011232,0.009632,0.010336,0.001280,1,4,48,4,1
3383,0.119000,0.132400,0.004900,0.028300,0.023300,0.059200,0.003200,0.036896,0.013728,0.009792,0.010400,0.001216,1,4,48,4,1
3384,0.118600,0.132500,0.004800,0.028400,0.023200,0.059000,0.003100,0.038688,0.013696,0.009632,0.010240,0.001248,1,4,48,4,1
3385,0.119000,0.132000,0.005000,0.028300,0.023500,0.059000,0.003100,0.036768,0.011264,0.009664,0.010304,0.001184,1,4,48,4,1
3386,0.118500,0.132400,0.005000,0.028100,0.022900,0.059200,0.003200,0.038784,0.013696,0.009728,0.010400,0.001216,1,4,48,4,1
3387,0.158300,0.132000,0.005300,0.028600,0.037900,0.084400,0.002000,0.037568,0.011136,0.009664,0.010336,0.001248,1,4,48,4,1
3388,0.141600,0.172900,0.005700,0.031000,0.033200,0.055800,0.015600,0.037280,0.011200,0.009824,0.010208,0.001152,1,4,48,4,1
3389,0.128200,0.155100,0.005000,0.028500,0.021400,0.069700,0.003500,0.036800,0.012320,0.009664,0.010432,0.001248,1,4,48,4,1
3390,0.126100,0.141600,0.005300,0.028500,0.028100,0.060800,0.003200,0.037536,0.010880,0.009792,0.010304,0.001216,1,4,48,4,1
3391,0.121300,0.144300,0.005200,0.028900,0.024100,0.059700,0.003200,0.036960,0.011264,0.009792,0.010304,0.001216,1,4,48,4,1
3392,0.118600,0.135100,0.004800,0.028200,0.023100,0.059300,0.003200,0.036704,0.011200,0.009632,0.010272,0.001184,1,4,48,4,1
3393,0.119500,0.132000,0.004900,0.028500,0.023700,0.059000,0.003200,0.038272,0.011200,0.009472,0.010368,0.001216,1,4,48,4,1
3394,0.119800,0.133100,0.004900,0.028500,0.023600,0.059500,0.003200,0.036928,0.011264,0.009856,0.010208,0.001216,1,4,48,4,1
3395,0.119000,0.133200,0.004900,0.028500,0.023600,0.060000,0.001900,0.038592,0.013760,0.009536,0.010336,0.001184,1,4,48,4,1
3396,0.122400,0.132400,0.004800,0.028300,0.027000,0.060100,0.002200,0.036864,0.013792,0.009600,0.010432,0.001248,1,4,48,4,1
3397,0.125800,0.135900,0.004700,0.028100,0.026400,0.063100,0.003300,0.037376,0.010816,0.009536,0.010240,0.001216,1,4,48,4,1
3398,0.118300,0.139500,0.005000,0.028500,0.023200,0.059000,0.002400,0.038752,0.013760,0.009760,0.010208,0.001248,1,4,48,4,1
3399,0.119800,0.131700,0.005300,0.028300,0.023500,0.059400,0.003300,0.036704,0.011232,0.009696,0.010240,0.001184,1,4,48,4,1
3400,0.126600,0.133300,0.004900,0.028000,0.023600,0.066600,0.003500,0.036800,0.011232,0.009728,0.010240,0.001248,1,4,48,4,1
3401,0.122000,0.140500,0.005500,0.032400,0.023600,0.058500,0.002000,0.037312,0.011296,0.009440,0.010304,0.001248,1,4,48,4,1
3402,0.117200,0.135300,0.005000,0.028400,0.023400,0.057000,0.003300,0.037184,0.011200,0.009696,0.010272,0.001248,1,4,48,4,1
3403,0.117400,0.130400,0.004600,0.028100,0.023300,0.057300,0.003900,0.036800,0.013760,0.009536,0.010464,0.001216,1,4,48,4,1
3404,0.118800,0.130700,0.004800,0.028000,0.023700,0.058800,0.003300,0.036896,0.013824,0.009696,0.010368,0.001280,1,4,48,4,1
3405,0.124700,0.132300,0.005100,0.028300,0.024200,0.059400,0.007600,0.037696,0.010880,0.009824,0.010368,0.001184,1,4,48,4,1
3406,0.120500,0.138600,0.005300,0.028500,0.023800,0.059500,0.003200,0.038720,0.013760,0.009664,0.010304,0.001248,1,4,48,4,1
3407,0.117100,0.134000,0.005100,0.028200,0.023100,0.058600,0.002000,0.037056,0.011232,0.009920,0.010208,0.001248,1,4,48,4,1
3408,0.116900,0.130500,0.004800,0.028000,0.023400,0.057900,0.002500,0.038784,0.013792,0.009600,0.010272,0.001184,1,4,48,4,1
3409,0.117700,0.130600,0.004800,0.028300,0.023300,0.057900,0.003200,0.036544,0.011168,0.009440,0.010336,0.001216,1,4,48,4,1
3410,0.118100,0.131000,0.004900,0.028100,0.023400,0.058400,0.003100,0.038976,0.013728,0.009728,0.010368,0.001248,1,4,48,4,1
3411,0.119500,0.131600,0.005100,0.028500,0.023700,0.059000,0.003100,0.037280,0.011072,0.009632,0.010304,0.001248,1,4,48,4,1
3412,0.117900,0.135600,0.004800,0.028000,0.023200,0.058600,0.003100,0.036704,0.011232,0.009536,0.010336,0.001216,1,4,48,4,1
3413,0.241500,0.131600,0.004900,0.028000,0.023500,0.183000,0.001900,0.036960,0.011232,0.009824,0.010240,0.001280,1,4,48,4,1
3414,0.124500,0.255700,0.005300,0.030300,0.024400,0.061100,0.003200,0.038976,0.011360,0.009632,0.010400,0.001248,1,4,48,4,1
3415,0.120000,0.137900,0.005400,0.028300,0.023200,0.059700,0.003200,0.036768,0.011232,0.009632,0.010304,0.001248,1,4,48,4,1
3416,0.117200,0.133400,0.004900,0.028200,0.023100,0.057600,0.003300,0.037984,0.010912,0.009728,0.010368,0.001216,1,4,48,4,1
3417,0.118400,0.130700,0.005000,0.028300,0.024000,0.058500,0.002600,0.037408,0.011232,0.009568,0.010336,0.001248,1,4,48,4,1
3418,0.122000,0.131600,0.004800,0.027900,0.021900,0.064000,0.003200,0.037600,0.011232,0.009696,0.010304,0.001248,1,4,48,4,1
3419,0.120900,0.135100,0.004900,0.031000,0.023500,0.058200,0.003200,0.037312,0.011104,0.009728,0.010272,0.001280,1,4,48,4,1
3420,0.117100,0.134100,0.004700,0.028000,0.022900,0.058000,0.003100,0.038944,0.011328,0.009792,0.010496,0.001280,1,4,48,4,1
3421,0.117800,0.130300,0.005000,0.027700,0.022900,0.058800,0.003200,0.036832,0.011232,0.009696,0.010240,0.001248,1,4,48,4,1
3422,0.117300,0.131200,0.004800,0.027700,0.022900,0.058600,0.003100,0.036928,0.012288,0.009728,0.010432,0.001216,1,4,48,4,1
3423,0.118500,0.130700,0.005000,0.027900,0.023600,0.058600,0.003100,0.039008,0.011328,0.009760,0.010400,0.001216,1,4,48,4,1
3424,0.116400,0.131700,0.005100,0.027700,0.023100,0.057300,0.003100,0.036864,0.011104,0.009568,0.010208,0.001216,1,4,48,4,1
3425,0.119400,0.129800,0.007200,0.027900,0.022800,0.058000,0.003200,0.036768,0.011232,0.009536,0.010368,0.001248,1,4,48,4,1
3426,0.116500,0.132700,0.004700,0.027700,0.023100,0.057700,0.003100,0.036832,0.012384,0.009504,0.010496,0.001248,1,4,48,4,1
3427,0.172500,0.135000,0.005300,0.028300,0.023900,0.109000,0.005900,0.036896,0.011232,0.009664,0.010368,0.001216,1,4,48,4,1
3428,0.123200,0.186300,0.005200,0.030000,0.024800,0.059900,0.003100,0.036640,0.011232,0.009440,0.010272,0.001216,1,4,48,4,1
3429,0.117500,0.136600,0.005100,0.028000,0.023600,0.058800,0.002000,0.038560,0.013696,0.009568,0.010240,0.001216,1,4,48,4,1
3430,0.118000,0.130900,0.005000,0.028100,0.023700,0.058400,0.002600,0.036672,0.011200,0.009568,0.010336,0.001280,1,4,48,4,1
3431,0.134200,0.131400,0.004900,0.028100,0.032900,0.066400,0.001900,0.037056,0.011200,0.009664,0.010272,0.001216,1,4,48,4,1
3432,0.162700,0.152300,0.005300,0.029600,0.034000,0.054000,0.039600,0.036992,0.011200,0.009792,0.010304,0.001184,1,4,48,4,1
3433,0.243600,0.182400,0.007400,0.049800,0.045500,0.135900,0.005000,0.038304,0.011200,0.009696,0.010208,0.001280,1,4,48,4,1
3434,0.151600,0.258500,0.006300,0.036400,0.028900,0.077300,0.002400,0.037536,0.011104,0.009792,0.010304,0.001184,1,4,48,4,1
3435,0.124000,0.165800,0.005600,0.030500,0.025500,0.059700,0.002400,0.037536,0.011264,0.009696,0.010336,0.001280,1,4,48,4,1
3436,0.159500,0.137400,0.004800,0.028400,0.039400,0.083500,0.003400,0.037152,0.013760,0.009952,0.010496,0.001216,1,4,48,4,1
3437,0.390400,0.181200,0.007000,0.037800,0.032000,0.310600,0.002800,0.036896,0.013792,0.009632,0.010432,0.001248,1,4,48,4,1
3438,0.146400,0.405300,0.005700,0.036400,0.028200,0.071400,0.004500,0.037344,0.011200,0.009728,0.010240,0.001216,1,4,48,4,1
3439,0.143900,0.160800,0.005100,0.030000,0.024600,0.079200,0.004700,0.037376,0.011296,0.009728,0.010336,0.001216,1,4,48,4,1
3440,0.153600,0.160000,0.006100,0.037900,0.028600,0.077400,0.003500,0.036960,0.013760,0.009728,0.010432,0.001280,1,4,48,4,1
3441,0.126200,0.167900,0.005400,0.030300,0.024900,0.062200,0.003300,0.037408,0.011232,0.009600,0.010240,0.001216,1,4,48,4,1
3442,0.123200,0.139900,0.005600,0.029400,0.024500,0.060400,0.003200,0.039008,0.013504,0.009792,0.010400,0.001280,1,4,48,4,1
3443,0.182400,0.136600,0.005600,0.028300,0.027200,0.117700,0.003400,0.036736,0.012224,0.009664,0.010400,0.001248,1,4,48,4,1
3444,0.130500,0.197300,0.005900,0.032800,0.026700,0.062800,0.002100,0.037376,0.011200,0.009568,0.010304,0.001248,1,4,48,4,1
3445,0.128300,0.144200,0.004800,0.029200,0.028300,0.062500,0.003100,0.037536,0.011232,0.009728,0.010240,0.001248,1,4,48,4,1
3446,0.121500,0.141900,0.005300,0.028800,0.025100,0.059000,0.003300,0.037152,0.013760,0.009888,0.010464,0.001248,1,4,48,4,1
3447,0.121500,0.134800,0.005400,0.028400,0.024300,0.060200,0.003200,0.036672,0.011232,0.009696,0.010304,0.001184,1,4,48,4,1
3448,0.119800,0.134800,0.005400,0.028200,0.023700,0.059300,0.003100,0.036992,0.012320,0.009728,0.010528,0.001216,1,4,48,4,1
3449,0.135300,0.132900,0.005000,0.028600,0.024000,0.075300,0.002100,0.036928,0.011296,0.009824,0.010240,0.001184,1,4,48,4,1
3450,0.144500,0.149200,0.005200,0.030100,0.029200,0.076500,0.003400,0.039104,0.011264,0.009792,0.010400,0.001248,1,4,48,4,1
3451,0.137900,0.158400,0.005300,0.030400,0.024900,0.072000,0.004900,0.036448,0.011232,0.009376,0.010336,0.001216,1,4,48,4,1
3452,0.140400,0.152800,0.006100,0.036700,0.028400,0.065700,0.003300,0.037120,0.011232,0.009632,0.010304,0.001216,1,4,48,4,1
3453,0.123600,0.154300,0.005900,0.029500,0.024700,0.060200,0.003300,0.036864,0.012000,0.009664,0.010432,0.001216,1,4,48,4,1
3454,0.120100,0.137400,0.005100,0.028300,0.023600,0.059900,0.003100,0.036704,0.011264,0.009632,0.010208,0.001216,1,4,48,4,1
3455,0.119700,0.133500,0.004900,0.028400,0.023600,0.059500,0.003100,0.038784,0.011232,0.009568,0.010432,0.001216,1,4,48,4,1
3456,0.119900,0.133300,0.005100,0.028300,0.023500,0.059700,0.003100,0.036768,0.011200,0.009696,0.010272,0.001216,1,4,48,4,1
3457,0.131700,0.133200,0.005000,0.035200,0.028200,0.059900,0.003100,0.039040,0.011264,0.009792,0.010432,0.001248,1,4,48,4,1
3458,0.121000,0.145400,0.005100,0.027700,0.020900,0.063800,0.003500,0.037280,0.011104,0.009568,0.010304,0.001216,1,4,48,4,1
3459,0.123300,0.134300,0.005100,0.028100,0.025200,0.061700,0.003100,0.036928,0.010816,0.009440,0.010240,0.001216,1,4,48,4,1
3460,0.120200,0.136600,0.005100,0.028400,0.023700,0.059700,0.003100,0.038944,0.011328,0.009664,0.010368,0.001184,1,4,48,4,1
3461,0.118500,0.133800,0.004800,0.027900,0.023200,0.059400,0.003100,0.037024,0.011296,0.009792,0.010368,0.001216,1,4,48,4,1
3462,0.118900,0.131900,0.005100,0.028000,0.023000,0.059600,0.003100,0.038400,0.013760,0.009472,0.010304,0.001184,1,4,48,4,1
3463,0.119200,0.132300,0.005000,0.027800,0.023500,0.059800,0.003100,0.036800,0.012288,0.009600,0.010464,0.001216,1,4,48,4,1
3464,0.126000,0.132500,0.004800,0.027700,0.023200,0.066900,0.003200,0.036928,0.012320,0.009664,0.010496,0.001280,1,4,48,4,1
3465,0.118900,0.139500,0.005100,0.028200,0.023200,0.059000,0.003200,0.036704,0.012224,0.009600,0.010400,0.001248,1,4,48,4,1
3466,0.118700,0.132300,0.004900,0.028400,0.023600,0.058600,0.003000,0.038784,0.011200,0.009632,0.010400,0.001184,1,4,48,4,1
3467,0.119300,0.131800,0.005400,0.028000,0.023300,0.059300,0.003000,0.036896,0.011424,0.009600,0.010336,0.001184,1,4,48,4,1
3468,0.118500,0.132600,0.005300,0.028300,0.023000,0.058800,0.003100,0.038912,0.011328,0.009600,0.010464,0.001184,1,4,48,4,1
3469,0.118000,0.132100,0.005000,0.028100,0.023100,0.058600,0.003100,0.036736,0.011232,0.009664,0.010304,0.001216,1,4,48,4,1
3470,0.159900,0.131200,0.005100,0.027900,0.026700,0.097000,0.003000,0.036864,0.011136,0.009728,0.010304,0.001216,1,4,48,4,1
3471,0.116100,0.173900,0.005800,0.029900,0.022200,0.056100,0.001900,0.037408,0.011040,0.009664,0.010208,0.001216,1,4,48,4,1
3472,0.237400,0.129400,0.004900,0.027900,0.023500,0.056200,0.124600,0.037056,0.011264,0.009792,0.010304,0.001280,1,4,48,4,1
3473,0.222400,0.253000,0.006100,0.036900,0.027700,0.067200,0.084300,0.036576,0.011296,0.009504,0.010240,0.001216,1,4,48,4,1
3474,0.201900,0.237100,0.006400,0.036800,0.035200,0.075100,0.048200,0.038112,0.010848,0.009888,0.010240,0.001312,1,4,48,4,1
3475,0.132100,0.215900,0.005100,0.028700,0.022800,0.072100,0.003400,0.037696,0.011264,0.009632,0.010272,0.001248,1,4,48,4,1
3476,0.126400,0.145300,0.005100,0.027800,0.021000,0.069000,0.003200,0.038208,0.011232,0.009440,0.010400,0.001184,1,4,48,4,1
3477,0.128300,0.139700,0.005200,0.028300,0.031500,0.060100,0.003000,0.038848,0.011296,0.009504,0.010496,0.001248,1,4,48,4,1
3478,0.120100,0.141600,0.005100,0.028200,0.023600,0.059900,0.003100,0.036800,0.012288,0.009600,0.010496,0.001248,1,4,48,4,1
3479,0.118300,0.133300,0.004800,0.028200,0.023100,0.058900,0.003100,0.036768,0.011232,0.009632,0.010272,0.001216,1,4,48,4,1
3480,0.119000,0.131400,0.005200,0.028000,0.023600,0.058800,0.003000,0.038944,0.013792,0.009728,0.010304,0.001216,1,4,48,4,1
3481,0.118000,0.132100,0.004800,0.027900,0.023100,0.058700,0.003100,0.036704,0.011264,0.009472,0.010368,0.001216,1,4,48,4,1
3482,0.118400,0.131200,0.004900,0.027600,0.023400,0.059100,0.003100,0.036576,0.011200,0.009472,0.010304,0.001216,1,4,48,4,1
3483,0.117600,0.131700,0.005200,0.027800,0.023100,0.058300,0.003100,0.036640,0.011200,0.009760,0.010304,0.001216,1,4,48,4,1
3484,0.118100,0.130700,0.005100,0.027800,0.023400,0.058500,0.003200,0.038880,0.011264,0.009600,0.010464,0.001248,1,4,48,4,1
3485,0.117500,0.131300,0.004900,0.027600,0.023400,0.058500,0.003100,0.036768,0.011232,0.009600,0.010272,0.001248,1,4,48,4,1
3486,0.118300,0.130800,0.004900,0.027900,0.023300,0.058700,0.003200,0.036928,0.011264,0.009664,0.010336,0.001248,1,4,48,4,1
3487,0.124600,0.131600,0.005000,0.028300,0.023500,0.064500,0.003200,0.036896,0.012320,0.009760,0.010400,0.001248,1,4,48,4,1
3488,0.119400,0.138000,0.005300,0.028600,0.023400,0.059000,0.003100,0.039104,0.011296,0.009760,0.010464,0.001248,1,4,48,4,1
3489,0.118200,0.132600,0.005100,0.027900,0.023400,0.058600,0.003200,0.036928,0.011296,0.009728,0.010304,0.001216,1,4,48,4,1
3490,0.117700,0.131400,0.004800,0.027700,0.023400,0.058600,0.003100,0.038784,0.011296,0.009728,0.010400,0.001216,1,4,48,4,1
3491,0.118200,0.130900,0.004900,0.027900,0.023300,0.058800,0.003100,0.036672,0.011264,0.009536,0.010272,0.001184,1,4,48,4,1
3492,0.121300,0.131400,0.005000,0.028000,0.027000,0.058100,0.003100,0.036960,0.013760,0.009792,0.010400,0.001248,1,4,48,4,1
3493,0.117100,0.134300,0.004800,0.027400,0.023600,0.058000,0.003100,0.036768,0.011200,0.009696,0.010240,0.001248,1,4,48,4,1
3494,0.116500,0.130300,0.004800,0.027300,0.023300,0.057900,0.003100,0.036704,0.011168,0.009600,0.010272,0.001216,1,4,48,4,1
3495,0.116900,0.129600,0.004900,0.027700,0.022800,0.058300,0.003100,0.036800,0.011168,0.009728,0.010336,0.001216,1,4,48,4,1
3496,0.117200,0.129800,0.005000,0.027600,0.023600,0.057800,0.003100,0.036768,0.011872,0.009632,0.010464,0.001184,1,4,48,4,1
3497,0.116200,0.130300,0.004900,0.027500,0.022900,0.057700,0.003100,0.036864,0.011168,0.009792,0.010304,0.001216,1,4,48,4,1
3498,0.117500,0.129400,0.005000,0.027500,0.023400,0.058500,0.003100,0.036864,0.012256,0.009664,0.010464,0.001216,1,4,48,4,1
3499,0.131300,0.130500,0.005400,0.027700,0.023200,0.071700,0.003100,0.036928,0.011200,0.009888,0.010240,0.001216,1,4,48,4,1
3500,0.122700,0.144600,0.005100,0.028200,0.023400,0.062200,0.003500,0.036736,0.013728,0.009600,0.010464,0.001216,1,4,48,4,1
3501,0.117700,0.135700,0.005100,0.028200,0.023800,0.057100,0.003200,0.037696,0.010912,0.009472,0.010304,0.001184,1,4,48,4,1
3502,0.116600,0.130900,0.004700,0.027400,0.022700,0.058400,0.003100,0.037152,0.013760,0.009824,0.010528,0.001216,1,4,48,4,1
3503,0.118800,0.134500,0.005100,0.028000,0.023300,0.059300,0.003100,0.036800,0.011232,0.009568,0.010336,0.001248,1,4,48,4,1
3504,0.117600,0.132100,0.005100,0.027400,0.023200,0.058800,0.003100,0.036800,0.012384,0.009536,0.010432,0.001216,1,4,48,4,1
3505,0.116900,0.131000,0.004800,0.027600,0.022900,0.058500,0.003100,0.038720,0.013792,0.009536,0.010304,0.001184,1,4,48,4,1
3506,0.130200,0.130000,0.004900,0.027800,0.023000,0.071300,0.003100,0.036800,0.011328,0.009568,0.010272,0.001184,1,4,48,4,1
3507,0.116800,0.143300,0.005100,0.027500,0.022700,0.058400,0.003100,0.036704,0.011168,0.009600,0.010240,0.001248,1,4,48,4,1
3508,0.117400,0.129900,0.005000,0.027500,0.023000,0.058500,0.003100,0.036992,0.011296,0.009760,0.010336,0.001216,1,4,48,4,1
3509,0.117700,0.130500,0.005000,0.027700,0.023500,0.058200,0.003000,0.036800,0.011296,0.009568,0.010304,0.001216,1,4,48,4,1
3510,0.116800,0.130900,0.004900,0.027600,0.023100,0.058000,0.003200,0.038848,0.011264,0.009664,0.010368,0.001216,1,4,48,4,1
3511,0.117200,0.130000,0.005200,0.027700,0.022800,0.058200,0.003100,0.036768,0.011264,0.009632,0.010304,0.001216,1,4,48,4,1
3512,0.117700,0.130200,0.004900,0.027800,0.023000,0.058500,0.003300,0.038848,0.013696,0.009856,0.010336,0.001248,1,4,48,4,1
3513,0.118500,0.130800,0.005200,0.027900,0.022200,0.059700,0.003300,0.036800,0.011200,0.009568,0.010272,0.001216,1,4,48,4,1
3514,0.109500,0.131700,0.005000,0.027500,0.021000,0.054100,0.001800,0.051840,0.013120,0.011968,0.017568,0.001376,1,4,48,4,1
3515,0.693900,0.122500,0.004800,0.027100,0.022400,0.053300,0.586100,0.039424,0.011360,0.010144,0.010528,0.001216,1,4,48,4,1
3516,0.158300,0.708700,0.006100,0.036100,0.025900,0.085300,0.004700,0.038112,0.010912,0.009760,0.010368,0.001280,1,4,48,4,1
3517,0.132400,0.172300,0.005300,0.029900,0.032200,0.062100,0.002800,0.037472,0.010880,0.009568,0.010368,0.001216,1,4,48,4,1
3518,0.116600,0.145700,0.005100,0.027700,0.023700,0.057300,0.002500,0.037024,0.013792,0.009792,0.010432,0.001248,1,4,48,4,1
3519,0.115500,0.130000,0.004900,0.027900,0.023300,0.056800,0.002500,0.036800,0.011200,0.009600,0.010336,0.001248,1,4,48,4,1
3520,0.115200,0.128700,0.004900,0.027700,0.023400,0.056800,0.002200,0.036832,0.011232,0.009600,0.010400,0.001216,1,4,48,4,1
3521,0.115300,0.128600,0.004900,0.027700,0.022900,0.057100,0.002500,0.036832,0.011264,0.009600,0.010336,0.001248,1,4,48,4,1
3522,0.115600,0.128300,0.005400,0.027600,0.022900,0.057100,0.002300,0.037344,0.013824,0.010144,0.010432,0.001184,1,4,48,4,1
3523,0.114500,0.128700,0.004900,0.027400,0.022600,0.057000,0.002400,0.036608,0.013664,0.009600,0.010400,0.001184,1,4,48,4,1
3524,0.115500,0.127700,0.005000,0.027600,0.023100,0.057200,0.002500,0.036736,0.013728,0.009696,0.010400,0.001184,1,4,48,4,1
3525,0.116100,0.128500,0.004900,0.027900,0.023100,0.057700,0.002400,0.036608,0.013824,0.009376,0.010464,0.001216,1,4,48,4,1
3526,0.115600,0.129200,0.004800,0.027900,0.023100,0.057200,0.002400,0.036832,0.013728,0.009696,0.010432,0.001216,1,4,48,4,1
3527,0.116300,0.128800,0.005100,0.028000,0.022900,0.057700,0.002500,0.037120,0.013760,0.009952,0.010368,0.001248,1,4,48,4,1
3528,0.115700,0.129400,0.004800,0.027900,0.023600,0.057000,0.002300,0.036608,0.011168,0.009696,0.010272,0.001216,1,4,48,4,1
3529,0.114700,0.128900,0.004800,0.027700,0.022700,0.057100,0.002300,0.036704,0.011200,0.009568,0.010336,0.001248,1,4,48,4,1
3530,0.121500,0.127700,0.004500,0.033300,0.023300,0.057600,0.002500,0.037024,0.013696,0.009856,0.010496,0.001216,1,4,48,4,1
3531,0.115700,0.134900,0.005000,0.027900,0.023200,0.057200,0.002300,0.036896,0.013792,0.009568,0.010528,0.001280,1,4,48,4,1
3532,0.116500,0.129000,0.005500,0.027800,0.023200,0.057500,0.002400,0.036864,0.013696,0.009728,0.010432,0.001248,1,4,48,4,1
3533,0.115800,0.130200,0.004800,0.027900,0.023300,0.057500,0.002200,0.036832,0.013824,0.009568,0.010400,0.001248,1,4,48,4,1
3534,0.151800,0.129100,0.004700,0.027900,0.022900,0.091600,0.004600,0.038080,0.011232,0.009856,0.010368,0.001280,1,4,48,4,1
3535,0.115800,0.165000,0.004800,0.027800,0.023400,0.057300,0.002500,0.036736,0.013760,0.009568,0.010368,0.001248,1,4,48,4,1
3536,0.121400,0.129200,0.009100,0.028100,0.024100,0.057500,0.002500,0.038912,0.011264,0.009728,0.010368,0.001280,1,4,48,4,1
3537,0.115500,0.135000,0.005200,0.027600,0.022700,0.057300,0.002400,0.038752,0.011296,0.009408,0.010432,0.001248,1,4,48,4,1
3538,0.115100,0.128500,0.004900,0.027700,0.022800,0.057000,0.002400,0.036832,0.011136,0.009888,0.010240,0.001184,1,4,48,4,1
3539,0.120500,0.128300,0.005100,0.027900,0.027200,0.057900,0.002400,0.037664,0.011232,0.009728,0.010400,0.001216,1,4,48,4,1
3540,0.116300,0.133700,0.004900,0.028200,0.023400,0.057000,0.002500,0.036928,0.013824,0.009696,0.010400,0.001248,1,4,48,4,1
3541,0.115700,0.129400,0.004700,0.027900,0.023500,0.057400,0.002200,0.036896,0.011136,0.009600,0.010464,0.001216,1,4,48,4,1
3542,0.114900,0.128900,0.004700,0.027800,0.022900,0.057100,0.002400,0.036800,0.013760,0.009728,0.010400,0.001184,1,4,48,4,1
3543,0.115600,0.128400,0.005100,0.027800,0.023200,0.057300,0.002200,0.036864,0.013760,0.009664,0.010464,0.001216,1,4,48,4,1
3544,0.115100,0.128800,0.004500,0.027500,0.023300,0.057300,0.002300,0.036896,0.013824,0.009536,0.010528,0.001248,1,4,48,4,1
3545,0.121700,0.128100,0.004800,0.033100,0.023300,0.058300,0.002200,0.036768,0.011328,0.009472,0.010368,0.001216,1,4,48,4,1
3546,0.114800,0.135000,0.004900,0.027900,0.022800,0.056800,0.002200,0.037088,0.011168,0.009856,0.010336,0.001280,1,4,48,4,1
3547,0.114900,0.128100,0.005100,0.027500,0.022900,0.056800,0.002300,0.036864,0.011168,0.009664,0.010432,0.001248,1,4,48,4,1
3548,0.115100,0.127900,0.004800,0.027900,0.023100,0.056900,0.002300,0.036896,0.011296,0.009664,0.010336,0.001248,1,4,48,4,1
3549,0.116000,0.128700,0.005100,0.027800,0.023200,0.057400,0.002400,0.036768,0.011296,0.009568,0.010336,0.001152,1,4,48,4,1
3550,0.115400,0.129100,0.005200,0.027600,0.023200,0.056900,0.002300,0.036928,0.011200,0.009760,0.010304,0.001248,1,4,48,4,1
3551,0.115100,0.128500,0.004600,0.027600,0.023000,0.057200,0.002400,0.036704,0.013728,0.009600,0.010368,0.001184,1,4,48,4,1
3552,0.115700,0.128000,0.005000,0.027800,0.023000,0.057500,0.002300,0.036960,0.011296,0.009760,0.010240,0.001248,1,4,48,4,1
3553,0.115000,0.128800,0.004800,0.027600,0.023100,0.057100,0.002300,0.036448,0.013824,0.009536,0.010304,0.001184,1,4,48,4,1
3554,0.138600,0.128000,0.005000,0.027900,0.022700,0.080400,0.002200,0.038080,0.010944,0.009792,0.010272,0.001280,1,4,48,4,1
3555,0.110900,0.151900,0.005000,0.027800,0.020800,0.054400,0.002800,0.037824,0.011264,0.009824,0.010336,0.001280,1,4,48,4,1
3556,0.499700,0.141200,0.009300,0.350100,0.037300,0.099000,0.002600,0.036960,0.013760,0.009760,0.010464,0.001184,1,4,48,4,1
3557,0.183700,0.519100,0.006400,0.048700,0.034800,0.091400,0.002200,0.036704,0.013856,0.009600,0.010368,0.001216,1,4,48,4,1
3558,0.145800,0.200700,0.006000,0.034600,0.028800,0.072300,0.003800,0.038880,0.011232,0.009856,0.010272,0.001248,1,4,48,4,1
3559,0.158300,0.162300,0.005700,0.034200,0.028400,0.079800,0.010000,0.036736,0.013728,0.009472,0.010496,0.001280,1,4,48,4,1
3560,0.145200,0.174800,0.006100,0.034400,0.028800,0.072000,0.003800,0.039072,0.011328,0.009792,0.010400,0.001248,1,4,48,4,1
3561,0.143100,0.161700,0.005800,0.034000,0.028300,0.071000,0.003800,0.036896,0.012288,0.009696,0.010432,0.001248,1,4,48,4,1
3562,0.144100,0.159500,0.005800,0.034000,0.028600,0.071400,0.003900,0.036896,0.012448,0.009696,0.010368,0.001216,1,4,48,4,1
3563,0.143400,0.160500,0.005700,0.033800,0.028700,0.071200,0.003800,0.037024,0.011232,0.009792,0.010336,0.001280,1,4,48,4,1
3564,0.140900,0.159500,0.005900,0.034000,0.027600,0.069200,0.003900,0.036992,0.011232,0.009728,0.010400,0.001280,1,4,48,4,1
3565,0.141400,0.157200,0.005600,0.033500,0.027800,0.070600,0.003700,0.036832,0.011168,0.009696,0.010336,0.001216,1,4,48,4,1
3566,0.127800,0.161600,0.004900,0.028200,0.032300,0.059000,0.003400,0.037600,0.011168,0.009760,0.010368,0.001312,1,4,48,4,1
3567,0.118600,0.141600,0.005400,0.028400,0.023500,0.058000,0.003300,0.036576,0.011232,0.009600,0.010304,0.001184,1,4,48,4,1
3568,0.118200,0.131900,0.005400,0.028100,0.023200,0.058300,0.003200,0.036960,0.011264,0.009696,0.010400,0.001248,1,4,48,4,1
3569,0.118400,0.131500,0.005000,0.028000,0.023500,0.058500,0.003200,0.038816,0.011264,0.009568,0.010464,0.001184,1,4,48,4,1
3570,0.117200,0.131500,0.004800,0.027800,0.023600,0.057600,0.003100,0.038784,0.011200,0.009536,0.010432,0.001248,1,4,48,4,1
3571,0.117400,0.130600,0.004800,0.027800,0.023200,0.058300,0.003200,0.036864,0.013664,0.009792,0.010432,0.001216,1,4,48,4,1
3572,0.117800,0.130700,0.004900,0.028000,0.023700,0.057800,0.003200,0.036928,0.011328,0.009568,0.010336,0.001248,1,4,48,4,1
3573,0.117600,0.130800,0.005100,0.028300,0.023300,0.057500,0.003200,0.036960,0.011200,0.009728,0.010400,0.001216,1,4,48,4,1
3574,0.117900,0.130800,0.005000,0.028100,0.023400,0.058100,0.003200,0.037120,0.011232,0.009760,0.010496,0.001216,1,4,48,4,1
3575,0.116600,0.131700,0.004800,0.027900,0.022800,0.057900,0.003100,0.036864,0.011168,0.009664,0.010368,0.001216,1,4,48,4,1
3576,0.117600,0.129700,0.005000,0.028100,0.023500,0.057800,0.003100,0.036928,0.011264,0.009696,0.010368,0.001216,1,4,48,4,1
3577,0.118100,0.130900,0.005000,0.028300,0.023400,0.058000,0.003200,0.037152,0.011296,0.009888,0.010304,0.001248,1,4,48,4,1
3578,0.117200,0.131500,0.005000,0.028100,0.023300,0.057600,0.003200,0.036832,0.011200,0.009696,0.010336,0.001216,1,4,48,4,1
3579,0.117600,0.130200,0.005200,0.028100,0.023000,0.058000,0.003200,0.036928,0.011200,0.009728,0.010336,0.001248,1,4,48,4,1
3580,0.117500,0.130800,0.004900,0.028000,0.023300,0.058000,0.003200,0.038976,0.013728,0.009664,0.010336,0.001280,1,4,48,4,1
3581,0.171700,0.130600,0.004800,0.028400,0.023100,0.109200,0.005900,0.039008,0.011264,0.009696,0.010464,0.001280,1,4,48,4,1
3582,0.163900,0.189900,0.006700,0.038300,0.030900,0.074900,0.012800,0.036864,0.013696,0.009696,0.010464,0.001248,1,4,48,4,1
3583,0.145100,0.180500,0.006300,0.034300,0.028700,0.071800,0.003900,0.037280,0.011232,0.009952,0.010432,0.001248,1,4,48,4,1
3584,0.142500,0.161400,0.005900,0.033700,0.028300,0.070800,0.003700,0.037088,0.011232,0.009888,0.010336,0.001248,1,4,48,4,1
3585,0.141600,0.159000,0.006100,0.033300,0.027800,0.070500,0.003800,0.036896,0.011136,0.009696,0.010400,0.001216,1,4,48,4,1
3586,0.142700,0.157900,0.006200,0.033600,0.028200,0.070800,0.003700,0.036928,0.011200,0.009664,0.010400,0.001280,1,4,48,4,1
3587,0.142200,0.159300,0.006000,0.033700,0.027600,0.071100,0.003700,0.036736,0.013760,0.009536,0.010464,0.001184,1,4,48,4,1
3588,0.141200,0.158500,0.005800,0.033400,0.027700,0.070400,0.003700,0.038336,0.013728,0.009600,0.010304,0.001280,1,4,48,4,1
3589,0.141900,0.157600,0.005900,0.033600,0.028200,0.070500,0.003700,0.037152,0.013824,0.009888,0.010464,0.001248,1,4,48,4,1
3590,0.141600,0.158100,0.005600,0.033500,0.028000,0.070600,0.003800,0.037120,0.011232,0.009792,0.010432,0.001248,1,4,48,4,1
3591,0.140500,0.157900,0.006100,0.033400,0.027600,0.069500,0.003700,0.036800,0.011200,0.009600,0.010400,0.001248,1,4,48,4,1
3592,0.149700,0.156600,0.005700,0.040600,0.028700,0.070600,0.003900,0.037728,0.011200,0.009792,0.010336,0.001184,1,4,48,4,1
3593,0.131700,0.166300,0.006000,0.034100,0.025400,0.062700,0.003300,0.038368,0.011296,0.009728,0.010400,0.001216,1,4,48,4,1
3594,0.128200,0.145100,0.004800,0.027900,0.033200,0.059100,0.003200,0.037600,0.010816,0.009728,0.010336,0.001184,1,4,48,4,1
3595,0.117300,0.141300,0.004800,0.028000,0.023400,0.057900,0.003100,0.037472,0.011232,0.009696,0.010400,0.001216,1,4,48,4,1
3596,0.117100,0.130800,0.004700,0.027800,0.023700,0.057500,0.003100,0.037568,0.011104,0.009760,0.010336,0.001248,1,4,48,4,1
3597,0.117200,0.130200,0.005200,0.027900,0.023100,0.057500,0.003200,0.036896,0.011200,0.009696,0.010368,0.001248,1,4,48,4,1
3598,0.116400,0.130700,0.005000,0.027700,0.023300,0.057100,0.003100,0.038752,0.013696,0.009696,0.010304,0.001248,1,4,48,4,1
3599,0.116200,0.129600,0.004800,0.027700,0.022900,0.057500,0.003100,0.036832,0.011200,0.009664,0.010368,0.001248,1,4,48,4,1
3600,0.120800,0.129300,0.004700,0.027800,0.023300,0.061800,0.003100,0.038848,0.013760,0.009632,0.010336,0.001216,1,4,48,4,1
3601,0.116400,0.134000,0.004600,0.027900,0.022600,0.057900,0.003100,0.036576,0.012320,0.009568,0.010432,0.001184,1,4,48,4,1
3602,0.116800,0.129500,0.004800,0.027900,0.023400,0.057400,0.003200,0.037024,0.012256,0.009888,0.010464,0.001216,1,4,48,4,1
3603,0.116500,0.129800,0.005000,0.027800,0.023100,0.057500,0.003100,0.036640,0.011200,0.009440,0.010400,0.001184,1,4,48,4,1
3604,0.116600,0.129700,0.005000,0.027600,0.023100,0.057700,0.003100,0.036704,0.012192,0.009568,0.010368,0.001280,1,4,48,4,1
3605,0.116600,0.129700,0.004700,0.027900,0.023400,0.057500,0.003100,0.036704,0.012288,0.009568,0.010464,0.001216,1,4,48,4,1
3606,0.116100,0.129800,0.004800,0.027800,0.023400,0.056800,0.003100,0.037120,0.011264,0.009792,0.010336,0.001280,1,4,48,4,1
3607,0.123700,0.129300,0.005300,0.032900,0.023800,0.058400,0.003200,0.038432,0.011168,0.009472,0.010464,0.001184,1,4,48,4,1
3608,0.116900,0.137400,0.004600,0.027600,0.023400,0.058000,0.003200,0.036992,0.011232,0.009792,0.010336,0.001184,1,4,48,4,1
3609,0.116400,0.130300,0.005000,0.027700,0.023100,0.057200,0.003200,0.036832,0.013728,0.009632,0.010464,0.001216,1,4,48,4,1
3610,0.126100,0.131900,0.013900,0.027500,0.023500,0.057700,0.003200,0.037088,0.011200,0.009920,0.010368,0.001248,1,4,48,4,1
3611,0.116900,0.139400,0.005000,0.027900,0.023100,0.057800,0.003100,0.037024,0.011232,0.009920,0.010336,0.001184,1,4,48,4,1
3612,0.116000,0.130100,0.004800,0.027700,0.022800,0.057300,0.003100,0.036864,0.011200,0.009696,0.010336,0.001248,1,4,48,4,1
3613,0.116000,0.129000,0.005100,0.027400,0.022800,0.057400,0.003100,0.036640,0.011168,0.009504,0.010368,0.001216,1,4,48,4,1
3614,0.124400,0.129200,0.004800,0.027600,0.023100,0.065800,0.003100,0.037088,0.011232,0.009856,0.010304,0.001248,1,4,48,4,1
3615,0.115800,0.137600,0.004900,0.027700,0.023300,0.056600,0.003200,0.036832,0.011232,0.009600,0.010304,0.001280,1,4,48,4,1
3616,0.116200,0.129000,0.004900,0.027700,0.023200,0.057100,0.003100,0.037216,0.013952,0.009792,0.010496,0.001248,1,4,48,4,1
3617,0.116500,0.129600,0.004800,0.027900,0.023400,0.057100,0.003200,0.036832,0.011936,0.009664,0.010464,0.001184,1,4,48,4,1
3618,0.116500,0.129700,0.004800,0.027700,0.023100,0.057500,0.003100,0.037024,0.011200,0.009856,0.010336,0.001248,1,4,48,4,1
3619,0.116300,0.129700,0.004800,0.027900,0.023000,0.057300,0.003200,0.037056,0.011296,0.009728,0.010400,0.001280,1,4,48,4,1
3620,0.131200,0.129700,0.004800,0.041000,0.024400,0.057900,0.003100,0.036896,0.011232,0.009664,0.010368,0.001216,1,4,48,4,1
3621,0.117400,0.144800,0.005100,0.027900,0.023400,0.057800,0.003100,0.037088,0.012512,0.009728,0.010496,0.001184,1,4,48,4,1
3622,0.122700,0.130600,0.005100,0.032700,0.023300,0.058200,0.003200,0.036832,0.011136,0.009728,0.010336,0.001216,1,4,48,4,1
3623,0.116900,0.136000,0.005200,0.028200,0.022700,0.057600,0.003100,0.036704,0.011168,0.009568,0.010304,0.001248,1,4,48,4,1
3624,0.117100,0.130100,0.004900,0.027900,0.023600,0.057500,0.003200,0.038752,0.011296,0.009600,0.010432,0.001216,1,4,48,4,1
3625,0.115800,0.130200,0.005200,0.027500,0.022600,0.057400,0.003100,0.036960,0.011296,0.009568,0.010464,0.001248,1,4,48,4,1
3626,0.115300,0.128900,0.004800,0.027700,0.022800,0.056700,0.003200,0.036672,0.011232,0.009504,0.010368,0.001184,1,4,48,4,1
3627,0.116200,0.128500,0.005000,0.027700,0.023200,0.057200,0.003100,0.038848,0.013728,0.009600,0.010368,0.001184,1,4,48,4,1
3628,0.115800,0.129500,0.004900,0.027600,0.023100,0.057000,0.003200,0.038784,0.011264,0.009760,0.010432,0.001280,1,4,48,4,1
3629,0.115100,0.128800,0.004900,0.027600,0.022800,0.056700,0.003100,0.036864,0.013728,0.009696,0.010464,0.001184,1,4,48,4,1
3630,0.115700,0.128100,0.004800,0.027500,0.022800,0.057200,0.003100,0.039168,0.011264,0.009792,0.010592,0.001248,1,4,48,4,1
3631,0.114300,0.128700,0.004900,0.027800,0.022500,0.057200,0.001900,0.036736,0.012192,0.009664,0.010464,0.001248,1,4,48,4,1
3632,0.114900,0.127500,0.004900,0.027500,0.022700,0.056600,0.003100,0.037504,0.011232,0.009728,0.010336,0.001248,1,4,48,4,1
3633,0.116200,0.128100,0.004900,0.027600,0.023100,0.057400,0.003200,0.036768,0.011200,0.009664,0.010272,0.001216,1,4,48,4,1
3634,0.117500,0.129500,0.004800,0.027800,0.023700,0.058000,0.003100,0.036896,0.011200,0.009696,0.010336,0.001248,1,4,48,4,1
3635,0.116000,0.130700,0.004800,0.027900,0.022900,0.057200,0.003100,0.036992,0.012352,0.009728,0.010464,0.001216,1,4,48,4,1
3636,0.117100,0.129200,0.004800,0.027900,0.023200,0.058100,0.003100,0.036832,0.011168,0.009728,0.010336,0.001184,1,4,48,4,1
3637,0.122000,0.130300,0.004900,0.028000,0.022900,0.063000,0.003100,0.036832,0.011200,0.009632,0.010400,0.001216,1,4,48,4,1
3638,0.132200,0.135300,0.005100,0.027800,0.023200,0.073500,0.002500,0.037984,0.010912,0.009760,0.010272,0.001248,1,4,48,4,1
3639,0.130900,0.145100,0.005100,0.027900,0.020600,0.074800,0.002300,0.037984,0.011232,0.009536,0.010400,0.001280,1,4,48,4,1
3640,0.144300,0.144200,0.009800,0.032800,0.039000,0.059400,0.003300,0.037984,0.011264,0.009760,0.010336,0.001216,1,4,48,4,1
3641,0.116700,0.157400,0.004900,0.027900,0.023400,0.057300,0.003100,0.036832,0.011200,0.009664,0.010368,0.001216,1,4,48,4,1
3642,0.117600,0.129900,0.004900,0.027900,0.023400,0.058100,0.003100,0.037152,0.012320,0.009952,0.010432,0.001216,1,4,48,4,1
3643,0.116800,0.130700,0.005100,0.027700,0.023000,0.057800,0.003200,0.036992,0.011200,0.009792,0.010432,0.001216,1,4,48,4,1
3644,0.116200,0.130100,0.004600,0.027400,0.023300,0.057600,0.003100,0.036896,0.011168,0.009728,0.010368,0.001184,1,4,48,4,1
3645,0.117200,0.129300,0.005000,0.027800,0.023100,0.057900,0.003100,0.036736,0.012288,0.009440,0.010528,0.001248,1,4,48,4,1
3646,0.131900,0.130300,0.017000,0.028600,0.024600,0.058300,0.003100,0.036800,0.011200,0.009664,0.010336,0.001216,1,4,48,4,1
3647,0.125700,0.145300,0.004800,0.037100,0.023000,0.057400,0.003000,0.036928,0.011296,0.009632,0.010368,0.001216,1,4,48,4,1
3648,0.117000,0.138800,0.005100,0.027700,0.023000,0.058000,0.003100,0.038976,0.013760,0.009760,0.010336,0.001216,1,4,48,4,1
3649,0.116100,0.130100,0.005000,0.027600,0.022800,0.057500,0.003200,0.038880,0.011264,0.009664,0.010464,0.001216,1,4,48,4,1
3650,0.116500,0.129200,0.004700,0.027500,0.023400,0.057700,0.003200,0.036864,0.012256,0.009696,0.010432,0.001248,1,4,48,4,1
3651,0.117200,0.129700,0.004900,0.027600,0.023400,0.057900,0.003200,0.038784,0.011360,0.009440,0.010496,0.001152,1,4,48,4,1
3652,0.122500,0.130700,0.004800,0.027700,0.023300,0.063600,0.003100,0.036800,0.012288,0.009632,0.010528,0.001216,1,4,48,4,1
3653,0.117400,0.135900,0.004900,0.027900,0.023600,0.057700,0.003100,0.036736,0.011200,0.009568,0.010336,0.001184,1,4,48,4,1
3654,0.117500,0.130400,0.004700,0.027500,0.023200,0.058900,0.003000,0.037152,0.011232,0.009856,0.010368,0.001280,1,4,48,4,1
3655,0.116700,0.130800,0.004700,0.027800,0.023000,0.058200,0.003000,0.036864,0.011168,0.009664,0.010336,0.001216,1,4,48,4,1
3656,0.117300,0.129900,0.004700,0.028000,0.023200,0.058200,0.003000,0.037120,0.011200,0.009824,0.010464,0.001184,1,4,48,4,1
3657,0.117100,0.130500,0.004800,0.027500,0.023000,0.058400,0.003100,0.036736,0.011200,0.009632,0.010368,0.001184,1,4,48,4,1
3658,0.117400,0.130300,0.005000,0.027800,0.023300,0.057900,0.003000,0.036960,0.011264,0.009760,0.010304,0.001248,1,4,48,4,1
3659,0.117200,0.130700,0.004700,0.027500,0.023600,0.058100,0.003000,0.037216,0.011264,0.009984,0.010336,0.001216,1,4,48,4,1
3660,0.116300,0.130400,0.004700,0.027400,0.022800,0.058100,0.003000,0.036960,0.011232,0.009792,0.010336,0.001216,1,4,48,4,1
3661,0.115500,0.129700,0.004600,0.027700,0.023300,0.057500,0.002400,0.036960,0.011328,0.009696,0.010336,0.001216,1,4,48,4,1
3662,0.116500,0.128700,0.004600,0.027600,0.023600,0.057400,0.003200,0.037440,0.011168,0.009600,0.010304,0.001248,1,4,48,4,1
3663,0.116500,0.129700,0.004900,0.027700,0.022800,0.057700,0.003200,0.036800,0.011232,0.009632,0.010304,0.001248,1,4,48,4,1
3664,0.116000,0.129800,0.004600,0.027700,0.023100,0.057200,0.003200,0.036896,0.011168,0.009888,0.010368,0.001216,1,4,48,4,1
3665,0.115300,0.129200,0.004600,0.027700,0.022700,0.057100,0.003200,0.038912,0.011296,0.009568,0.010432,0.001216,1,4,48,4,1
3666,0.116200,0.128400,0.004700,0.027400,0.023300,0.057600,0.003000,0.036960,0.011200,0.009760,0.010336,0.001280,1,4,48,4,1
3667,0.120600,0.129300,0.004900,0.027800,0.022700,0.061800,0.003300,0.036960,0.011168,0.009760,0.010368,0.001248,1,4,48,4,1
3668,0.118000,0.134000,0.004800,0.028400,0.023500,0.058000,0.003100,0.038880,0.013728,0.009600,0.010400,0.001216,1,4,48,4,1
3669,0.182800,0.131000,0.004800,0.027800,0.022800,0.123000,0.004300,0.038976,0.011168,0.009728,0.010464,0.001280,1,4,48,4,1
3670,0.224200,0.205800,0.007800,0.068000,0.041300,0.101700,0.005100,0.037760,0.011264,0.010112,0.010304,0.001184,1,4,48,4,1
3671,0.177600,0.244600,0.007200,0.042000,0.034400,0.089800,0.004100,0.037024,0.013824,0.009696,0.010528,0.001248,1,4,48,4,1
3672,0.173200,0.197500,0.006800,0.040500,0.033900,0.087700,0.004100,0.036864,0.012256,0.009728,0.010368,0.001248,1,4,48,4,1
3673,0.172800,0.192700,0.006900,0.040900,0.034200,0.086300,0.004300,0.036896,0.011264,0.009664,0.010336,0.001216,1,4,48,4,1
3674,0.145900,0.192400,0.006700,0.035200,0.028600,0.071500,0.003900,0.036768,0.011232,0.009568,0.010368,0.001248,1,4,48,4,1
3675,0.144000,0.162500,0.005800,0.033900,0.028800,0.071400,0.003900,0.036864,0.013856,0.009568,0.010464,0.001184,1,4,48,4,1
3676,0.143400,0.160300,0.005700,0.033800,0.028800,0.071000,0.003900,0.036768,0.011168,0.009696,0.010304,0.001216,1,4,48,4,1
3677,0.142300,0.159600,0.005700,0.034000,0.028100,0.070600,0.003700,0.036832,0.011328,0.009600,0.010304,0.001184,1,4,48,4,1
3678,0.141700,0.158600,0.005700,0.034100,0.027800,0.070300,0.003800,0.037056,0.011264,0.009824,0.010368,0.001216,1,4,48,4,1
3679,0.180300,0.158000,0.005700,0.033900,0.049400,0.087900,0.003200,0.036736,0.011264,0.009568,0.010304,0.001248,1,4,48,4,1
3680,0.137300,0.195300,0.005500,0.040500,0.026200,0.063000,0.001900,0.038144,0.010944,0.009856,0.010336,0.001248,1,4,48,4,1
3681,0.156500,0.151100,0.004900,0.028500,0.043100,0.055600,0.024300,0.037216,0.011232,0.009472,0.010272,0.001248,1,4,48,4,1
3682,0.133200,0.170300,0.005300,0.029900,0.022600,0.069900,0.005200,0.036992,0.011232,0.009632,0.010368,0.001216,1,4,48,4,1
3683,0.127900,0.146700,0.004800,0.028200,0.031400,0.060300,0.003100,0.038464,0.011264,0.009696,0.010272,0.001216,1,4,48,4,1
3684,0.118000,0.141000,0.004900,0.027900,0.023900,0.057900,0.003100,0.036896,0.011232,0.009632,0.010400,0.001280,1,4,48,4,1
3685,0.116800,0.131400,0.004700,0.028100,0.023700,0.057100,0.003200,0.036832,0.012352,0.009600,0.010464,0.001216,1,4,48,4,1
3686,0.116000,0.130000,0.004900,0.027600,0.023100,0.057100,0.003100,0.038944,0.011392,0.009568,0.010432,0.001184,1,4,48,4,1
3687,0.116800,0.129300,0.005000,0.027700,0.023700,0.057200,0.003100,0.036672,0.011200,0.009568,0.010272,0.001216,1,4,48,4,1
3688,0.115900,0.129900,0.004800,0.027600,0.023000,0.057200,0.003200,0.037120,0.012416,0.009824,0.010432,0.001248,1,4,48,4,1
3689,0.116400,0.129000,0.004600,0.027900,0.023000,0.057500,0.003200,0.037184,0.011200,0.009984,0.010368,0.001248,1,4,48,4,1
3690,0.116800,0.129800,0.005000,0.027600,0.023100,0.057900,0.003200,0.036800,0.012256,0.009696,0.010400,0.001248,1,4,48,4,1
3691,0.116900,0.130300,0.004700,0.027900,0.023800,0.057200,0.003100,0.036896,0.011232,0.009696,0.010368,0.001216,1,4,48,4,1
3692,0.115300,0.130000,0.004800,0.027700,0.022800,0.056900,0.003000,0.036896,0.011264,0.009664,0.010400,0.001184,1,4,48,4,1
3693,0.117800,0.128500,0.004800,0.027800,0.023600,0.058100,0.003200,0.038816,0.011200,0.009568,0.010528,0.001184,1,4,48,4,1
3694,0.116600,0.130700,0.004700,0.028100,0.023200,0.057300,0.003100,0.036608,0.011200,0.009472,0.010368,0.001216,1,4,48,4,1
3695,0.123900,0.129800,0.004900,0.033700,0.023700,0.058200,0.003200,0.036896,0.011264,0.009696,0.010336,0.001248,1,4,48,4,1
3696,0.116800,0.137200,0.004600,0.027900,0.023300,0.057700,0.003100,0.036832,0.012288,0.009664,0.010432,0.001216,1,4,48,4,1
3697,0.115500,0.130300,0.004700,0.027700,0.022900,0.056900,0.003200,0.036640,0.011200,0.009504,0.010400,0.001216,1,4,48,4,1
3698,0.116200,0.128900,0.004700,0.027700,0.023100,0.057400,0.003200,0.036992,0.011232,0.009728,0.010400,0.001216,1,4,48,4,1
3699,0.116400,0.129600,0.004800,0.027700,0.023000,0.057600,0.003200,0.036960,0.011264,0.009696,0.010400,0.001216,1,4,48,4,1
3700,0.119500,0.129600,0.004500,0.027900,0.023200,0.060500,0.003100,0.038912,0.011200,0.009696,0.010432,0.001184,1,4,48,4,1
3701,0.116400,0.132800,0.004800,0.027900,0.023700,0.056800,0.003200,0.038784,0.013728,0.009728,0.010336,0.001280,1,4,48,4,1
3702,0.117200,0.129700,0.004700,0.027700,0.023200,0.058300,0.003200,0.036768,0.011232,0.009664,0.010272,0.001216,1,4,48,4,1
3703,0.115800,0.130700,0.004700,0.027800,0.023300,0.056800,0.003200,0.036896,0.013760,0.009664,0.010528,0.001216,1,4,48,4,1
3704,0.116300,0.129100,0.004800,0.028000,0.023000,0.057200,0.003100,0.036800,0.011264,0.009664,0.010304,0.001216,1,4,48,4,1
3705,0.116600,0.129500,0.004700,0.027900,0.023100,0.057500,0.003100,0.036864,0.011232,0.009632,0.010400,0.001248,1,4,48,4,1
3706,0.115500,0.129800,0.004700,0.027700,0.023000,0.056700,0.003100,0.036608,0.011168,0.009504,0.010368,0.001216,1,4,48,4,1
3707,0.116600,0.128700,0.004700,0.027800,0.023200,0.057600,0.003200,0.037024,0.013856,0.009664,0.010496,0.001280,1,4,48,4,1
3708,0.115400,0.129800,0.004600,0.027800,0.022800,0.057000,0.003100,0.036864,0.011232,0.009696,0.010336,0.001216,1,4,48,4,1
3709,0.116300,0.128700,0.004800,0.027700,0.023200,0.057200,0.003200,0.036960,0.011232,0.009824,0.010272,0.001216,1,4,48,4,1
3710,0.120700,0.129700,0.004700,0.027600,0.023100,0.063200,0.001900,0.036960,0.011296,0.009696,0.010368,0.001216,1,4,48,4,1
3711,0.134900,0.134100,0.004900,0.028400,0.023200,0.075000,0.003200,0.037504,0.011104,0.009664,0.010432,0.001184,1,4,48,4,1
3712,0.124900,0.148000,0.004900,0.036900,0.022800,0.057000,0.003100,0.036768,0.011232,0.009600,0.010368,0.001216,1,4,48,4,1
3713,0.115800,0.138100,0.004600,0.027800,0.022700,0.057300,0.003200,0.038752,0.011136,0.009632,0.010496,0.001184,1,4,48,4,1
3714,0.116700,0.129200,0.004700,0.028000,0.022900,0.057700,0.003100,0.036864,0.011200,0.009632,0.010368,0.001248,1,4,48,4,1
3715,0.116300,0.129700,0.004600,0.028000,0.023000,0.057400,0.003200,0.037088,0.011328,0.009760,0.010304,0.001248,1,4,48,4,1
3716,0.115100,0.129700,0.004500,0.027500,0.022600,0.057100,0.003100,0.036928,0.011296,0.009728,0.010336,0.001216,1,4,48,4,1
3717,0.116500,0.128100,0.004900,0.027800,0.022900,0.057600,0.003200,0.038912,0.013792,0.009696,0.010368,0.001184,1,4,48,4,1
3718,0.116500,0.129900,0.004700,0.027600,0.023600,0.057300,0.003100,0.036672,0.011200,0.009504,0.010336,0.001248,1,4,48,4,1
3719,0.115200,0.129800,0.004600,0.027700,0.022700,0.056800,0.003100,0.036960,0.011232,0.009696,0.010432,0.001216,1,4,48,4,1
3720,0.115800,0.128300,0.004600,0.028100,0.023000,0.056900,0.003000,0.036992,0.012256,0.009856,0.010464,0.001216,1,4,48,4,1
3721,0.115800,0.129000,0.004700,0.027900,0.022900,0.057000,0.003200,0.038560,0.011200,0.009568,0.010400,0.001248,1,4,48,4,1
3722,0.115600,0.129100,0.004500,0.027700,0.023000,0.057100,0.003200,0.037056,0.011264,0.009856,0.010368,0.001216,1,4,48,4,1
3723,0.116600,0.129000,0.004900,0.027600,0.023000,0.057700,0.003100,0.036736,0.013728,0.009632,0.010464,0.001184,1,4,48,4,1
3724,0.116200,0.130000,0.004700,0.027800,0.022900,0.057300,0.003100,0.036928,0.012256,0.009760,0.010400,0.001248,1,4,48,4,1
3725,0.158600,0.129100,0.004500,0.027900,0.023000,0.100300,0.002600,0.037376,0.011200,0.009760,0.010272,0.001184,1,4,48,4,1
3726,0.121900,0.171800,0.004900,0.028100,0.021000,0.064100,0.003600,0.038368,0.011168,0.009792,0.010304,0.001216,1,4,48,4,1
3727,0.120400,0.135200,0.004800,0.028200,0.026400,0.057600,0.003200,0.037088,0.011296,0.009888,0.010304,0.001216,1,4,48,4,1
3728,0.116600,0.133600,0.004700,0.027800,0.023300,0.057600,0.003100,0.036960,0.011232,0.009760,0.010336,0.001248,1,4,48,4,1
3729,0.116600,0.129800,0.005000,0.028000,0.022800,0.057600,0.003100,0.039008,0.013792,0.009760,0.010336,0.001216,1,4,48,4,1
3730,0.115800,0.129800,0.004900,0.027800,0.023000,0.056900,0.003100,0.038624,0.011232,0.009632,0.010432,0.001216,1,4,48,4,1
3731,0.115900,0.129100,0.004500,0.027600,0.023200,0.057200,0.003200,0.037120,0.011296,0.009792,0.010432,0.001184,1,4,48,4,1
3732,0.116500,0.129400,0.004700,0.027800,0.023100,0.057600,0.003200,0.039168,0.011264,0.009824,0.010464,0.001248,1,4,48,4,1
3733,0.125600,0.129900,0.004600,0.028000,0.022700,0.067100,0.003200,0.036736,0.011264,0.009568,0.010336,0.001184,1,4,48,4,1
3734,0.117800,0.139200,0.004500,0.028000,0.023500,0.058300,0.003200,0.037280,0.011200,0.009984,0.010496,0.001216,1,4,48,4,1
3735,0.116100,0.130900,0.004900,0.027700,0.023000,0.057200,0.003200,0.038624,0.011296,0.009632,0.010432,0.001248,1,4,48,4,1
3736,0.116100,0.129200,0.004800,0.027800,0.023200,0.057000,0.003100,0.039104,0.011232,0.009856,0.010464,0.001216,1,4,48,4,1
3737,0.116200,0.129300,0.004700,0.027900,0.023000,0.057300,0.003100,0.039072,0.011232,0.009792,0.010464,0.001216,1,4,48,4,1
3738,0.115500,0.129300,0.004700,0.027700,0.022800,0.057100,0.003100,0.036896,0.011232,0.009600,0.010464,0.001248,1,4,48,4,1
3739,0.115500,0.128700,0.004600,0.027500,0.023200,0.057000,0.003200,0.038592,0.011200,0.009664,0.010432,0.001184,1,4,48,4,1
3740,0.122600,0.128700,0.004800,0.027700,0.023000,0.063800,0.003200,0.036896,0.011200,0.009664,0.010400,0.001216,1,4,48,4,1
3741,0.117400,0.136200,0.004900,0.028500,0.023600,0.057100,0.003100,0.037024,0.013856,0.009696,0.010400,0.001248,1,4,48,4,1
3742,0.115300,0.130800,0.004600,0.027900,0.023000,0.056600,0.003200,0.037152,0.011296,0.009856,0.010368,0.001248,1,4,48,4,1
3743,0.115400,0.128800,0.004700,0.027500,0.023000,0.057000,0.003100,0.036864,0.011232,0.009696,0.010368,0.001216,1,4,48,4,1
3744,0.114900,0.128700,0.004500,0.027500,0.022800,0.056700,0.003200,0.036928,0.011200,0.009632,0.010464,0.001248,1,4,48,4,1
3745,0.115000,0.128100,0.004500,0.027800,0.022900,0.056600,0.003200,0.036928,0.013664,0.009792,0.010464,0.001248,1,4,48,4,1
3746,0.115500,0.128200,0.004800,0.027700,0.022700,0.057000,0.003200,0.036768,0.012352,0.009600,0.010464,0.001184,1,4,48,4,1
3747,0.116100,0.129000,0.004700,0.027700,0.022800,0.057500,0.003100,0.036768,0.013760,0.009504,0.010528,0.001184,1,4,48,4,1
3748,0.115300,0.129300,0.004900,0.027500,0.022800,0.056800,0.003200,0.039104,0.011264,0.009760,0.010496,0.001248,1,4,48,4,1
3749,0.116200,0.128500,0.004700,0.027700,0.022700,0.057800,0.003100,0.036800,0.011232,0.009504,0.010464,0.001216,1,4,48,4,1
3750,0.115900,0.129400,0.004900,0.027800,0.023000,0.057100,0.003100,0.038976,0.013728,0.009696,0.010336,0.001248,1,4,48,4,1
3751,0.116200,0.129000,0.004900,0.027800,0.022800,0.057500,0.003100,0.036640,0.013696,0.009504,0.010464,0.001216,1,4,48,4,1
3752,0.116600,0.129300,0.004800,0.028000,0.022700,0.057700,0.003200,0.036992,0.011200,0.009792,0.010400,0.001248,1,4,48,4,1
3753,0.116000,0.129800,0.004800,0.027900,0.023100,0.057000,0.003100,0.038592,0.013760,0.009600,0.010336,0.001216,1,4,48,4,1
3754,0.115900,0.129200,0.004600,0.027800,0.023000,0.057100,0.003100,0.037024,0.012320,0.009728,0.010432,0.001248,1,4,48,4,1
3755,0.116100,0.129000,0.004500,0.027700,0.023000,0.057600,0.003100,0.037024,0.012256,0.009888,0.010464,0.001184,1,4,48,4,1
3756,0.122900,0.129300,0.004800,0.033300,0.023600,0.058100,0.003000,0.038688,0.011232,0.009632,0.010464,0.001216,1,4,48,4,1
3757,0.115700,0.136400,0.004800,0.027800,0.022900,0.057000,0.003200,0.036768,0.011168,0.009568,0.010400,0.001184,1,4,48,4,1
3758,0.116900,0.129200,0.004700,0.027600,0.023300,0.057900,0.003000,0.039264,0.011360,0.009728,0.010592,0.001248,1,4,48,4,1
3759,0.116000,0.130300,0.004900,0.027800,0.022700,0.057300,0.003100,0.038912,0.013792,0.009504,0.010464,0.001248,1,4,48,4,1
3760,0.116200,0.129200,0.004600,0.027800,0.023100,0.057600,0.003000,0.039168,0.011264,0.009888,0.010432,0.001216,1,4,48,4,1
3761,0.116200,0.129700,0.004600,0.027900,0.023000,0.057200,0.003200,0.038720,0.013696,0.009504,0.010400,0.001216,1,4,48,4,1
3762,0.115600,0.129100,0.004800,0.027600,0.023300,0.056500,0.003200,0.036672,0.013664,0.009600,0.010432,0.001248,1,4,48,4,1
3763,0.116100,0.128700,0.004700,0.027700,0.022800,0.057500,0.003200,0.038720,0.011328,0.009664,0.010432,0.001280,1,4,48,4,1
3764,0.117000,0.129300,0.004700,0.027900,0.023400,0.057900,0.003000,0.038848,0.011264,0.009568,0.010464,0.001216,1,4,48,4,1
3765,0.115700,0.130200,0.004700,0.028100,0.022700,0.057000,0.003100,0.036992,0.011232,0.009760,0.010336,0.001248,1,4,48,4,1
3766,0.115800,0.128900,0.004800,0.027800,0.022900,0.057100,0.003200,0.038944,0.011232,0.009664,0.010528,0.001184,1,4,48,4,1
3767,0.116500,0.129000,0.005300,0.027600,0.022600,0.057800,0.003100,0.038720,0.013760,0.009664,0.010304,0.001184,1,4,48,4,1
3768,0.116200,0.129800,0.004700,0.028000,0.023100,0.057200,0.003100,0.038816,0.011232,0.009632,0.010400,0.001216,1,4,48,4,1
3769,0.115500,0.129400,0.004700,0.027800,0.023000,0.056800,0.003100,0.038880,0.011232,0.009600,0.010496,0.001216,1,4,48,4,1
3770,0.116100,0.128700,0.004700,0.027800,0.023100,0.057200,0.003200,0.037184,0.012320,0.009952,0.010432,0.001280,1,4,48,4,1
3771,0.128800,0.129600,0.004700,0.028000,0.027900,0.065500,0.002700,0.038720,0.011264,0.009696,0.010496,0.001248,1,4,48,4,1
3772,0.117300,0.142400,0.004800,0.028200,0.021700,0.060400,0.002000,0.036896,0.011232,0.009728,0.010336,0.001216,1,4,48,4,1
3773,0.126000,0.130300,0.004700,0.027400,0.020000,0.068700,0.005000,0.037312,0.011168,0.009792,0.010368,0.001280,1,4,48,4,1
3774,0.116500,0.139000,0.004800,0.028000,0.021000,0.059400,0.003200,0.037792,0.011168,0.009760,0.010240,0.001184,1,4,48,4,1
3775,0.127400,0.129800,0.004600,0.027700,0.034300,0.057600,0.003100,0.038688,0.013760,0.009664,0.010368,0.001216,1,4,48,4,1
3776,0.116400,0.140600,0.004700,0.027800,0.023100,0.057700,0.003100,0.036672,0.011264,0.009536,0.010336,0.001184,1,4,48,4,1
3777,0.117100,0.129600,0.005000,0.028000,0.022900,0.057900,0.003200,0.036864,0.011232,0.009696,0.010304,0.001248,1,4,48,4,1
3778,0.116200,0.130300,0.004700,0.027800,0.022900,0.057500,0.003200,0.038848,0.011296,0.009600,0.010432,0.001216,1,4,48,4,1
3779,0.134300,0.129600,0.004900,0.042700,0.024300,0.059300,0.003000,0.036512,0.011200,0.009440,0.010304,0.001184,1,4,48,4,1
3780,0.116500,0.147900,0.004800,0.028500,0.023200,0.056800,0.003200,0.038848,0.011200,0.009696,0.010432,0.001216,1,4,48,4,1
3781,0.115900,0.129800,0.004500,0.027800,0.022600,0.057600,0.003200,0.037120,0.011264,0.009760,0.010464,0.001216,1,4,48,4,1
3782,0.116200,0.129000,0.004500,0.027300,0.023300,0.057600,0.003100,0.037056,0.011264,0.009792,0.010336,0.001216,1,4,48,4,1
3783,0.115900,0.129600,0.004700,0.027700,0.023000,0.057100,0.003300,0.036960,0.011264,0.009664,0.010464,0.001216,1,4,48,4,1
3784,0.116100,0.129100,0.004900,0.027900,0.022800,0.057300,0.003200,0.036992,0.011200,0.009824,0.010336,0.001248,1,4,48,4,1
3785,0.116100,0.129000,0.004900,0.027800,0.022700,0.057500,0.003100,0.036896,0.011296,0.009664,0.010304,0.001248,1,4,48,4,1
3786,0.122000,0.129200,0.004600,0.027600,0.023300,0.063200,0.003200,0.036640,0.011168,0.009504,0.010304,0.001248,1,4,48,4,1
3787,0.143200,0.135500,0.004900,0.028400,0.023400,0.079900,0.006600,0.036768,0.011168,0.009696,0.010304,0.001184,1,4,48,4,1
3788,0.175600,0.178000,0.007200,0.045600,0.035400,0.082000,0.005200,0.037056,0.012224,0.009760,0.010432,0.001312,1,4,48,4,1
3789,0.163400,0.198700,0.007700,0.039700,0.031800,0.078900,0.005100,0.036576,0.012352,0.009408,0.010432,0.001216,1,4,48,4,1
3790,0.202000,0.186300,0.007200,0.038300,0.055400,0.084300,0.016700,0.036864,0.013856,0.009760,0.010272,0.001216,1,4,48,4,1
3791,0.158900,0.220600,0.005900,0.038300,0.031200,0.078200,0.005000,0.036800,0.011200,0.009568,0.010336,0.001248,1,4,48,4,1
3792,0.188000,0.181200,0.007600,0.038100,0.033400,0.103700,0.005200,0.037216,0.011264,0.009952,0.010400,0.001184,1,4,48,4,1
3793,0.153900,0.205200,0.006000,0.037400,0.030100,0.075700,0.004700,0.038464,0.011232,0.009600,0.010304,0.001248,1,4,48,4,1
3794,0.160000,0.176000,0.007000,0.039700,0.030800,0.077300,0.005000,0.036864,0.013792,0.009632,0.010464,0.001216,1,4,48,4,1
3795,0.158400,0.182800,0.007700,0.038000,0.030500,0.076900,0.004900,0.036832,0.013760,0.009632,0.010464,0.001248,1,4,48,4,1
3796,0.180500,0.180700,0.007400,0.040500,0.031200,0.089100,0.012200,0.037184,0.013728,0.010048,0.010400,0.001184,1,4,48,4,1
3797,0.130100,0.195300,0.005400,0.031900,0.027800,0.061700,0.003200,0.036928,0.011232,0.009696,0.010400,0.001248,1,4,48,4,1
3798,0.118800,0.143800,0.005000,0.028100,0.024000,0.058400,0.003200,0.036992,0.011200,0.009792,0.010368,0.001280,1,4,48,4,1
3799,0.118000,0.132200,0.004800,0.027700,0.024000,0.058200,0.003200,0.036768,0.011232,0.009440,0.010368,0.001312,1,4,48,4,1
3800,0.122100,0.131400,0.004900,0.027900,0.023700,0.062400,0.003200,0.036896,0.011296,0.009696,0.010336,0.001216,1,4,48,4,1
3801,0.118400,0.135300,0.005200,0.028200,0.023600,0.058200,0.003100,0.036768,0.011232,0.009536,0.010432,0.001184,1,4,48,4,1
3802,0.116600,0.131700,0.005000,0.027500,0.023200,0.057700,0.003100,0.036832,0.011232,0.009632,0.010336,0.001216,1,4,48,4,1
3803,0.117300,0.129600,0.005100,0.027700,0.023500,0.057900,0.003100,0.036576,0.012224,0.009376,0.010496,0.001312,1,4,48,4,1
3804,0.117500,0.130500,0.004800,0.027600,0.023600,0.058000,0.003200,0.036864,0.011264,0.009696,0.010400,0.001248,1,4,48,4,1
3805,0.116600,0.130700,0.004700,0.027600,0.023100,0.057900,0.003100,0.038464,0.011200,0.009760,0.010368,0.001216,1,4,48,4,1
3806,0.116700,0.129800,0.004800,0.027600,0.022700,0.058100,0.003100,0.036864,0.011264,0.009632,0.010304,0.001248,1,4,48,4,1
3807,0.116500,0.129900,0.004800,0.027700,0.023300,0.057300,0.003200,0.038560,0.011200,0.009504,0.010464,0.001216,1,4,48,4,1
3808,0.115300,0.129700,0.004700,0.027400,0.023000,0.057100,0.003100,0.036896,0.011200,0.009760,0.010336,0.001248,1,4,48,4,1
3809,0.122100,0.128500,0.004600,0.027600,0.023200,0.063500,0.003200,0.036832,0.011200,0.009600,0.010432,0.001248,1,4,48,4,1
3810,0.117700,0.135500,0.004800,0.028100,0.023800,0.057700,0.003100,0.039072,0.013696,0.009856,0.010336,0.001280,1,4,48,4,1
3811,0.115600,0.130600,0.004600,0.027500,0.023100,0.057100,0.003100,0.037024,0.011232,0.009664,0.010496,0.001248,1,4,48,4,1
3812,0.116600,0.128900,0.004700,0.027500,0.023200,0.058000,0.003200,0.037152,0.011328,0.009824,0.010400,0.001248,1,4,48,4,1
3813,0.123500,0.129900,0.004900,0.027800,0.032400,0.056400,0.001900,0.037984,0.010592,0.009664,0.010464,0.001248,1,4,48,4,1
3814,0.160700,0.141400,0.004800,0.033100,0.040100,0.053500,0.029200,0.038048,0.010848,0.009824,0.010368,0.001216,1,4,48,4,1
3815,0.134200,0.174300,0.005100,0.029600,0.022600,0.071600,0.005100,0.039232,0.011200,0.010016,0.010304,0.001248,1,4,48,4,1
3816,0.120700,0.147600,0.004900,0.027900,0.021500,0.062800,0.003200,0.037664,0.011200,0.009600,0.010368,0.001184,1,4,48,4,1
3817,0.126900,0.133900,0.004500,0.028000,0.032900,0.058100,0.003200,0.036832,0.011264,0.009568,0.010400,0.001248,1,4,48,4,1
3818,0.116200,0.139900,0.005000,0.027700,0.023100,0.057200,0.003100,0.036864,0.011232,0.009664,0.010368,0.001280,1,4,48,4,1
3819,0.116900,0.129300,0.004800,0.027600,0.023200,0.058000,0.003200,0.036736,0.011232,0.009472,0.010336,0.001280,1,4,48,4,1
3820,0.117000,0.129900,0.004700,0.027700,0.023500,0.057800,0.003100,0.036896,0.012288,0.009728,0.010432,0.001184,1,4,48,4,1
3821,0.117500,0.130400,0.004700,0.027800,0.023500,0.058200,0.003100,0.036640,0.011264,0.009568,0.010272,0.001152,1,4,48,4,1
3822,0.116800,0.130700,0.004700,0.027900,0.023100,0.057900,0.003100,0.037024,0.011232,0.009792,0.010368,0.001184,1,4,48,4,1
3823,0.116100,0.130000,0.004800,0.027800,0.023100,0.057100,0.003100,0.036832,0.011264,0.009568,0.010368,0.001216,1,4,48,4,1
3824,0.116500,0.129200,0.004600,0.027900,0.023100,0.057500,0.003100,0.037024,0.011168,0.009696,0.010464,0.001248,1,4,48,4,1
3825,0.117100,0.129600,0.005200,0.027800,0.023100,0.057500,0.003200,0.036864,0.012224,0.009696,0.010432,0.001248,1,4,48,4,1
3826,0.116400,0.130300,0.004700,0.027900,0.022900,0.057700,0.003200,0.038784,0.013760,0.009600,0.010304,0.001248,1,4,48,4,1
3827,0.116400,0.129700,0.004800,0.027700,0.022800,0.057900,0.003100,0.037088,0.011264,0.009760,0.010400,0.001248,1,4,48,4,1
3828,0.122900,0.129500,0.010000,0.028200,0.023300,0.058100,0.003100,0.038752,0.011232,0.009664,0.010464,0.001216,1,4,48,4,1
3829,0.116100,0.136200,0.004600,0.027700,0.022900,0.057600,0.003200,0.036832,0.011200,0.009504,0.010432,0.001280,1,4,48,4,1
3830,0.117500,0.129400,0.004800,0.028100,0.023200,0.058200,0.003100,0.037056,0.011360,0.009664,0.010368,0.001280,1,4,48,4,1
3831,0.115700,0.130700,0.004700,0.027600,0.023000,0.056900,0.003200,0.036864,0.011232,0.009632,0.010336,0.001248,1,4,48,4,1
3832,0.116800,0.128800,0.004700,0.027600,0.023200,0.058000,0.003200,0.039072,0.011264,0.009760,0.010496,0.001280,1,4,48,4,1
3833,0.116200,0.129900,0.004600,0.027500,0.022700,0.058100,0.003200,0.036768,0.011200,0.009568,0.010368,0.001248,1,4,48,4,1
3834,0.116300,0.129200,0.004900,0.027600,0.023100,0.057400,0.003100,0.037120,0.011136,0.009952,0.010368,0.001248,1,4,48,4,1
3835,0.117300,0.129400,0.004900,0.027800,0.023200,0.058300,0.003100,0.036864,0.011200,0.009632,0.010400,0.001248,1,4,48,4,1
3836,0.115700,0.130500,0.004800,0.027400,0.022800,0.057500,0.003000,0.037568,0.011264,0.009728,0.010336,0.001216,1,4,48,4,1
3837,0.116400,0.128900,0.005000,0.027700,0.023000,0.057500,0.003100,0.037184,0.011232,0.010016,0.010336,0.001248,1,4,48,4,1
3838,0.115400,0.129700,0.004800,0.027600,0.022800,0.056900,0.003000,0.039040,0.013664,0.009888,0.010400,0.001152,1,4,48,4,1
3839,0.116200,0.128400,0.004700,0.027300,0.023200,0.057800,0.003100,0.036704,0.011232,0.009568,0.010400,0.001280,1,4,48,4,1
3840,0.115700,0.129200,0.004400,0.027600,0.023000,0.057100,0.003100,0.039136,0.011232,0.009920,0.010400,0.001216,1,4,48,4,1
3841,0.115700,0.128900,0.004600,0.027600,0.022800,0.057500,0.003200,0.037056,0.011232,0.009760,0.010464,0.001184,1,4,48,4,1
3842,0.115600,0.128900,0.004800,0.027400,0.023000,0.057200,0.003000,0.036928,0.011328,0.009760,0.010272,0.001184,1,4,48,4,1
3843,0.122800,0.128700,0.004700,0.027600,0.023100,0.063900,0.003200,0.036576,0.011168,0.009568,0.010304,0.001248,1,4,48,4,1
3844,0.115900,0.136000,0.004900,0.027900,0.022800,0.057200,0.003100,0.036960,0.011264,0.009760,0.010368,0.001248,1,4,48,4,1
3845,0.116300,0.129100,0.004700,0.027400,0.023300,0.057600,0.003200,0.038720,0.013792,0.009632,0.010400,0.001216,1,4,48,4,1
3846,0.116100,0.129300,0.004800,0.027600,0.023300,0.057100,0.003200,0.036928,0.012384,0.009664,0.010464,0.001216,1,4,48,4,1
3847,0.115900,0.129300,0.004800,0.028000,0.022500,0.057200,0.003100,0.038368,0.011200,0.009632,0.010336,0.001216,1,4,48,4,1
3848,0.116700,0.129000,0.004700,0.027500,0.022800,0.058400,0.003100,0.036832,0.011232,0.009600,0.010304,0.001248,1,4,48,4,1
3849,0.116600,0.129800,0.005100,0.027700,0.022700,0.057700,0.003300,0.037024,0.011360,0.009632,0.010400,0.001248,1,4,48,4,1
3850,0.116300,0.129700,0.004700,0.027700,0.023500,0.057200,0.003200,0.037120,0.011200,0.010048,0.010336,0.001184,1,4,48,4,1
3851,0.116300,0.129500,0.004700,0.027700,0.023000,0.057700,0.003100,0.036896,0.011264,0.009728,0.010336,0.001184,1,4,48,4,1
3852,0.115800,0.129600,0.004600,0.027600,0.022900,0.057300,0.003200,0.038880,0.011200,0.009600,0.010528,0.001216,1,4,48,4,1
3853,0.115800,0.128900,0.004800,0.027700,0.022800,0.057200,0.003100,0.036960,0.011264,0.009600,0.010432,0.001280,1,4,48,4,1
3854,0.116800,0.128900,0.004600,0.027500,0.022900,0.058500,0.003100,0.036832,0.011264,0.009696,0.010272,0.001248,1,4,48,4,1
3855,0.116400,0.130100,0.004900,0.027700,0.023200,0.057300,0.003100,0.036736,0.011264,0.009536,0.010336,0.001184,1,4,48,4,1
3856,0.115400,0.129500,0.004900,0.027600,0.022900,0.057700,0.002100,0.036800,0.011296,0.009536,0.010368,0.001248,1,4,48,4,1
3857,0.122300,0.128600,0.004800,0.027600,0.025700,0.062100,0.001900,0.037312,0.011136,0.009568,0.010336,0.001184,1,4,48,4,1
3858,0.121400,0.135700,0.004700,0.027900,0.023500,0.062000,0.003200,0.037024,0.013856,0.009664,0.010496,0.001248,1,4,48,4,1
3859,0.121900,0.134600,0.004800,0.028200,0.030900,0.055900,0.001900,0.038560,0.011328,0.009632,0.010464,0.001216,1,4,48,4,1
3860,0.173700,0.139700,0.004600,0.032900,0.031700,0.057500,0.046800,0.037920,0.011136,0.009664,0.010304,0.001248,1,4,48,4,1
3861,0.133200,0.187400,0.005300,0.029900,0.022800,0.069800,0.005200,0.037760,0.012320,0.009568,0.010464,0.001216,1,4,48,4,1
3862,0.118900,0.146200,0.004700,0.027700,0.021400,0.061600,0.003200,0.037888,0.011232,0.009664,0.010400,0.001184,1,4,48,4,1
3863,0.128400,0.131900,0.004800,0.027600,0.034300,0.058300,0.003100,0.036864,0.011200,0.009760,0.010336,0.001184,1,4,48,4,1
3864,0.118200,0.141300,0.004800,0.027500,0.023700,0.058900,0.003100,0.036800,0.011232,0.009632,0.010336,0.001216,1,4,48,4,1
3865,0.116000,0.131500,0.004800,0.027500,0.023000,0.057500,0.003200,0.036896,0.011232,0.009728,0.010336,0.001184,1,4,48,4,1
3866,0.116400,0.129200,0.004900,0.027600,0.023300,0.057500,0.003100,0.036736,0.012160,0.009728,0.010432,0.001184,1,4,48,4,1
3867,0.116300,0.129600,0.004800,0.028000,0.022900,0.057400,0.003100,0.036960,0.011232,0.009696,0.010400,0.001216,1,4,48,4,1
3868,0.116600,0.129600,0.004600,0.027700,0.023400,0.057800,0.003100,0.039072,0.011264,0.009760,0.010496,0.001216,1,4,48,4,1
3869,0.116300,0.129800,0.004700,0.027700,0.023000,0.057800,0.003100,0.036960,0.011328,0.009696,0.010336,0.001184,1,4,48,4,1
3870,0.116500,0.129600,0.004800,0.027700,0.023000,0.057600,0.003100,0.036928,0.011200,0.009696,0.010368,0.001248,1,4,48,4,1
3871,0.115800,0.129800,0.004600,0.027700,0.023000,0.057300,0.003200,0.036928,0.011200,0.009760,0.010336,0.001248,1,4,48,4,1
3872,0.117300,0.128900,0.004700,0.027600,0.023500,0.058200,0.003100,0.036800,0.012256,0.009792,0.010368,0.001216,1,4,48,4,1
3873,0.117300,0.130600,0.004900,0.027800,0.023800,0.057500,0.003300,0.036896,0.012320,0.009696,0.010400,0.001248,1,4,48,4,1
3874,0.124400,0.130700,0.010300,0.028600,0.024000,0.058200,0.003100,0.036736,0.011168,0.009600,0.010368,0.001248,1,4,48,4,1
3875,0.116400,0.137700,0.004700,0.027800,0.022800,0.057800,0.003100,0.036896,0.011264,0.009600,0.010400,0.001248,1,4,48,4,1
3876,0.117400,0.129600,0.004900,0.027900,0.023600,0.057800,0.003100,0.037024,0.011168,0.009856,0.010400,0.001248,1,4,48,4,1
3877,0.117000,0.130700,0.004700,0.027900,0.023000,0.058100,0.003200,0.037088,0.012320,0.009824,0.010528,0.001248,1,4,48,4,1
3878,0.117000,0.130100,0.004900,0.027600,0.023000,0.058300,0.003100,0.036864,0.011200,0.009696,0.010336,0.001216,1,4,48,4,1
3879,0.116400,0.130400,0.005000,0.027900,0.023000,0.057300,0.003100,0.036896,0.011232,0.009760,0.010336,0.001216,1,4,48,4,1
3880,0.116200,0.129800,0.004800,0.027700,0.023200,0.057100,0.003200,0.037024,0.012384,0.009760,0.010464,0.001152,1,4,48,4,1
3881,0.117100,0.129200,0.004700,0.027800,0.023200,0.058100,0.003100,0.038848,0.013728,0.009568,0.010400,0.001248,1,4,48,4,1
3882,0.116800,0.130300,0.004800,0.027500,0.023300,0.057900,0.003100,0.036736,0.011200,0.009664,0.010336,0.001184,1,4,48,4,1
3883,0.114100,0.130000,0.004700,0.027300,0.022800,0.056700,0.002500,0.036928,0.011296,0.009696,0.010272,0.001216,1,4,48,4,1
3884,0.116500,0.127000,0.004800,0.027600,0.023000,0.057900,0.003100,0.038880,0.011328,0.009760,0.010432,0.001280,1,4,48,4,1
3885,0.116600,0.129700,0.004900,0.027600,0.023300,0.057600,0.003100,0.038784,0.011296,0.009664,0.010368,0.001248,1,4,48,4,1
3886,0.115800,0.129500,0.004800,0.027600,0.022900,0.057200,0.003000,0.037152,0.011264,0.009824,0.010432,0.001280,1,4,48,4,1
3887,0.116200,0.129000,0.004800,0.027500,0.022800,0.057900,0.003200,0.036928,0.012256,0.009664,0.010496,0.001216,1,4,48,4,1
3888,0.116000,0.129500,0.004700,0.027600,0.022700,0.057600,0.003000,0.036832,0.011200,0.009632,0.010368,0.001248,1,4,48,4,1
3889,0.121900,0.129100,0.004700,0.027700,0.023200,0.063000,0.003200,0.036896,0.012320,0.009664,0.010400,0.001248,1,4,48,4,1
3890,0.116500,0.135200,0.004900,0.028000,0.022800,0.057700,0.003000,0.036800,0.013728,0.009568,0.010528,0.001216,1,4,48,4,1
3891,0.122500,0.129800,0.004900,0.028100,0.028100,0.058100,0.003200,0.036832,0.011200,0.009600,0.010368,0.001248,1,4,48,4,1
3892,0.117200,0.135800,0.005100,0.028300,0.023100,0.057500,0.003100,0.036800,0.011200,0.009600,0.010336,0.001184,1,4,48,4,1
3893,0.116500,0.130500,0.004600,0.028000,0.022600,0.058000,0.003100,0.036800,0.011232,0.009632,0.010336,0.001248,1,4,48,4,1
3894,0.115700,0.129700,0.004600,0.027500,0.022900,0.057300,0.003100,0.039072,0.011296,0.009760,0.010496,0.001216,1,4,48,4,1
3895,0.115400,0.128800,0.004600,0.027600,0.022800,0.057200,0.003100,0.036992,0.011296,0.009728,0.010304,0.001248,1,4,48,4,1
3896,0.116800,0.128800,0.004800,0.028000,0.023100,0.057700,0.003000,0.039040,0.013664,0.009920,0.010400,0.001216,1,4,48,4,1
3897,0.116100,0.129900,0.004800,0.027900,0.022800,0.057300,0.003200,0.038048,0.010848,0.009824,0.010336,0.001248,1,4,48,4,1
3898,0.115500,0.129600,0.004600,0.027400,0.023000,0.057200,0.003000,0.036896,0.011168,0.009760,0.010336,0.001248,1,4,48,4,1
3899,0.216100,0.129000,0.004600,0.042900,0.034600,0.126200,0.007600,0.036832,0.011200,0.009632,0.010368,0.001216,1,4,48,4,1
3900,0.199100,0.235100,0.006900,0.061100,0.037000,0.083100,0.010800,0.037024,0.013856,0.009760,0.010432,0.001216,1,4,48,4,1
3901,0.147200,0.216000,0.006000,0.035400,0.029500,0.072300,0.004000,0.036832,0.013792,0.009632,0.010432,0.001216,1,4,48,4,1
3902,0.144400,0.163900,0.005700,0.034000,0.029700,0.072200,0.002500,0.036960,0.013824,0.009760,0.010400,0.001216,1,4,48,4,1
3903,0.139000,0.160800,0.005900,0.033700,0.025600,0.071200,0.002300,0.038112,0.010880,0.009728,0.010432,0.001248,1,4,48,4,1
3904,0.140600,0.155100,0.005800,0.033400,0.032000,0.066800,0.002400,0.037152,0.011200,0.009856,0.010272,0.001280,1,4,48,4,1
3905,0.151300,0.156400,0.005500,0.033300,0.025100,0.083000,0.004000,0.037312,0.011040,0.009600,0.010304,0.001248,1,4,48,4,1
3906,0.142400,0.167500,0.005600,0.033900,0.028000,0.070700,0.003800,0.037408,0.011136,0.009792,0.010336,0.001248,1,4,48,4,1
3907,0.141800,0.158600,0.006100,0.033700,0.027900,0.070200,0.003900,0.036992,0.011264,0.009824,0.010336,0.001184,1,4,48,4,1
3908,0.141900,0.158400,0.005900,0.033400,0.028100,0.070600,0.003700,0.037088,0.011264,0.009824,0.010400,0.001248,1,4,48,4,1
3909,0.141600,0.158200,0.006200,0.033500,0.028100,0.070000,0.003800,0.039136,0.011328,0.009792,0.010432,0.001216,1,4,48,4,1
3910,0.164700,0.158000,0.006100,0.057000,0.030400,0.067800,0.003300,0.036864,0.011200,0.009728,0.010336,0.001248,1,4,48,4,1
3911,0.121100,0.179300,0.004800,0.028700,0.023800,0.060600,0.003200,0.036608,0.011200,0.009408,0.010368,0.001248,1,4,48,4,1
3912,0.118200,0.134600,0.004600,0.028100,0.023400,0.059000,0.003100,0.037056,0.011200,0.009760,0.010464,0.001248,1,4,48,4,1
3913,0.117700,0.131800,0.004800,0.027700,0.023000,0.058900,0.003100,0.039072,0.011264,0.009856,0.010400,0.001248,1,4,48,4,1
3914,0.117400,0.131000,0.004800,0.027500,0.023200,0.058600,0.003000,0.038944,0.013728,0.009664,0.010368,0.001216,1,4,48,4,1
3915,0.116200,0.130600,0.004900,0.028000,0.022900,0.057200,0.003100,0.036704,0.012288,0.009600,0.010368,0.001216,1,4,48,4,1
3916,0.115700,0.129500,0.004700,0.027600,0.023200,0.056900,0.003100,0.038976,0.011200,0.009792,0.010432,0.001216,1,4,48,4,1
3917,0.116800,0.128800,0.004600,0.027800,0.023200,0.057800,0.003200,0.036640,0.012288,0.009536,0.010400,0.001248,1,4,48,4,1
3918,0.115800,0.130100,0.004500,0.027900,0.023200,0.056900,0.003100,0.036896,0.012320,0.009728,0.010400,0.001248,1,4,48,4,1
3919,0.116900,0.128800,0.004900,0.027600,0.023600,0.057500,0.003100,0.038944,0.011296,0.009696,0.010400,0.001216,1,4,48,4,1
3920,0.117300,0.130200,0.004700,0.028000,0.023400,0.057800,0.003200,0.036864,0.011232,0.009728,0.010336,0.001184,1,4,48,4,1
3921,0.117700,0.130700,0.004700,0.028000,0.023200,0.057600,0.004000,0.036672,0.011264,0.009536,0.010432,0.001248,1,4,48,4,1
3922,0.116700,0.130800,0.004700,0.028000,0.022900,0.057600,0.003000,0.036832,0.011264,0.009632,0.010336,0.001216,1,4,48,4,1
3923,0.122400,0.129800,0.004800,0.033500,0.023000,0.057800,0.003100,0.038688,0.011264,0.009632,0.010496,0.001216,1,4,48,4,1
3924,0.117200,0.135900,0.004700,0.027800,0.022900,0.058600,0.003000,0.036928,0.011200,0.009792,0.010304,0.001216,1,4,48,4,1
3925,0.115700,0.130400,0.004700,0.027700,0.022700,0.057400,0.003100,0.036768,0.011200,0.009664,0.010336,0.001152,1,4,48,4,1
3926,0.116300,0.128900,0.004800,0.027600,0.023200,0.057600,0.003000,0.037024,0.011232,0.009888,0.010368,0.001216,1,4,48,4,1
3927,0.116600,0.129600,0.004700,0.027600,0.023200,0.057800,0.003200,0.036896,0.011200,0.009696,0.010432,0.001248,1,4,48,4,1
3928,0.116600,0.129900,0.005000,0.027700,0.023100,0.057600,0.003000,0.036800,0.011232,0.009632,0.010336,0.001216,1,4,48,4,1
3929,0.118100,0.129800,0.004900,0.027800,0.023000,0.058000,0.004300,0.036960,0.011200,0.009760,0.010368,0.001216,1,4,48,4,1
3930,0.120700,0.131100,0.004800,0.027700,0.023100,0.061800,0.003200,0.036704,0.013696,0.009728,0.010336,0.001184,1,4,48,4,1
3931,0.115900,0.134100,0.004700,0.027600,0.023200,0.057200,0.003200,0.038688,0.011232,0.009536,0.010368,0.001216,1,4,48,4,1
3932,0.117700,0.128900,0.004800,0.028100,0.022900,0.058700,0.003100,0.037696,0.011136,0.009728,0.010304,0.001216,1,4,48,4,1
3933,0.116000,0.130900,0.004800,0.027500,0.023100,0.057200,0.003100,0.036704,0.013728,0.009632,0.010368,0.001248,1,4,48,4,1
3934,0.115900,0.129400,0.004700,0.027700,0.022800,0.057300,0.003100,0.036800,0.011232,0.009632,0.010368,0.001184,1,4,48,4,1
3935,0.116300,0.129000,0.004900,0.028000,0.022800,0.057400,0.003100,0.038848,0.011168,0.009600,0.010560,0.001184,1,4,48,4,1
3936,0.115600,0.129600,0.004600,0.027900,0.023000,0.056900,0.003100,0.036864,0.011968,0.009664,0.010464,0.001216,1,4,48,4,1
3937,0.115600,0.128900,0.004600,0.028000,0.022900,0.057000,0.003100,0.036864,0.011232,0.009728,0.010304,0.001248,1,4,48,4,1
3938,0.122100,0.128700,0.004700,0.027700,0.022800,0.063500,0.003100,0.039136,0.011200,0.009792,0.010560,0.001280,1,4,48,4,1
3939,0.116900,0.135600,0.005200,0.028400,0.023000,0.057000,0.003100,0.036864,0.011200,0.009696,0.010368,0.001248,1,4,48,4,1
3940,0.115800,0.130100,0.004700,0.027600,0.022900,0.057300,0.003200,0.036928,0.011232,0.009728,0.010336,0.001216,1,4,48,4,1
3941,0.116200,0.128900,0.005000,0.027500,0.022900,0.057400,0.003200,0.036864,0.011232,0.009728,0.010272,0.001216,1,4,48,4,1
3942,0.116700,0.129500,0.004800,0.027700,0.023400,0.057500,0.003200,0.038816,0.011328,0.009824,0.010400,0.001216,1,4,48,4,1
3943,0.120900,0.129800,0.004700,0.027800,0.022800,0.062400,0.003200,0.036736,0.011232,0.009600,0.010304,0.001216,1,4,48,4,1
3944,0.117400,0.134000,0.005000,0.027700,0.023200,0.058200,0.003100,0.036928,0.011264,0.009696,0.010368,0.001216,1,4,48,4,1
3945,0.116500,0.130500,0.004900,0.027800,0.022800,0.057700,0.003100,0.036928,0.011296,0.009760,0.010400,0.001248,1,4,48,4,1
3946,0.116300,0.129600,0.004800,0.027700,0.023000,0.057400,0.003000,0.037024,0.011200,0.009888,0.010336,0.001248,1,4,48,4,1
3947,0.149200,0.129600,0.004800,0.027300,0.022900,0.091800,0.002300,0.037600,0.011232,0.009536,0.010368,0.001248,1,4,48,4,1
3948,0.117200,0.162300,0.004800,0.029200,0.021300,0.059100,0.002700,0.038528,0.011232,0.009728,0.010336,0.001280,1,4,48,4,1
3949,0.125600,0.130400,0.004600,0.027800,0.029600,0.060200,0.003200,0.037600,0.011168,0.009280,0.010400,0.001248,1,4,48,4,1
3950,0.117300,0.138700,0.004900,0.027700,0.023300,0.058100,0.003100,0.036928,0.011264,0.009696,0.010400,0.001184,1,4,48,4,1
3951,0.116300,0.130500,0.004900,0.028000,0.022800,0.057200,0.003100,0.036832,0.013728,0.009728,0.010368,0.001216,1,4,48,4,1
3952,0.116200,0.129700,0.004700,0.027700,0.023200,0.057300,0.003100,0.036800,0.011200,0.009632,0.010336,0.001184,1,4,48,4,1
3953,0.122000,0.129300,0.005000,0.027600,0.022700,0.063500,0.003000,0.036800,0.011296,0.009664,0.010304,0.001184,1,4,48,4,1
3954,0.117300,0.135300,0.004800,0.028200,0.023300,0.057600,0.003300,0.036960,0.011136,0.009824,0.010336,0.001280,1,4,48,4,1
3955,0.115300,0.130500,0.004600,0.027700,0.022300,0.057400,0.003200,0.036704,0.011232,0.009600,0.010272,0.001216,1,4,48,4,1
3956,0.117400,0.128400,0.005000,0.027800,0.023400,0.058000,0.003100,0.039104,0.013600,0.009856,0.010464,0.001216,1,4,48,4,1
3957,0.116200,0.130400,0.005000,0.027800,0.023000,0.057200,0.003100,0.038848,0.013728,0.009600,0.010368,0.001248,1,4,48,4,1
3958,0.115300,0.129600,0.004600,0.027700,0.022700,0.057000,0.003100,0.038912,0.011328,0.009504,0.010528,0.001216,1,4,48,4,1
3959,0.115200,0.128500,0.004600,0.027400,0.022700,0.057400,0.003100,0.038784,0.013856,0.009376,0.010368,0.001216,1,4,48,4,1
3960,0.115300,0.128300,0.004700,0.027600,0.022800,0.056800,0.003200,0.039008,0.011200,0.009728,0.010464,0.001248,1,4,48,4,1
3961,0.115900,0.128400,0.004400,0.027800,0.023200,0.057300,0.003100,0.036832,0.011168,0.009632,0.010400,0.001248,1,4,48,4,1
3962,0.116500,0.129000,0.004800,0.027600,0.022800,0.058000,0.003100,0.038784,0.011168,0.009824,0.010464,0.001216,1,4,48,4,1
3963,0.116200,0.129800,0.004800,0.028000,0.023100,0.057900,0.002400,0.036800,0.011232,0.009536,0.010432,0.001216,1,4,48,4,1
3964,0.116500,0.129400,0.004700,0.027800,0.023300,0.057400,0.003100,0.036800,0.012288,0.009696,0.010400,0.001184,1,4,48,4,1
3965,0.116100,0.129600,0.004800,0.027700,0.022400,0.058000,0.003100,0.036736,0.012256,0.009632,0.010368,0.001216,1,4,48,4,1
3966,0.116400,0.129300,0.004800,0.027700,0.023300,0.057300,0.003100,0.036800,0.011232,0.009664,0.010336,0.001248,1,4,48,4,1
3967,0.115600,0.129600,0.004900,0.027600,0.022900,0.057000,0.003100,0.036992,0.011232,0.009664,0.010432,0.001280,1,4,48,4,1
3968,0.116100,0.128800,0.004800,0.027600,0.022800,0.057700,0.003200,0.036928,0.011232,0.009696,0.010368,0.001248,1,4,48,4,1
3969,0.122900,0.129300,0.004800,0.033100,0.023000,0.058600,0.003200,0.036864,0.011232,0.009696,0.010304,0.001216,1,4,48,4,1
3970,0.115700,0.136300,0.004800,0.027600,0.022700,0.057500,0.003100,0.036896,0.011168,0.009696,0.010368,0.001248,1,4,48,4,1
3971,0.115700,0.129100,0.004600,0.027800,0.022600,0.057500,0.003100,0.038976,0.011264,0.009568,0.010528,0.001216,1,4,48,4,1
3972,0.115600,0.128700,0.004700,0.027700,0.022900,0.056800,0.003100,0.037088,0.012352,0.009888,0.010464,0.001216,1,4,48,4,1
3973,0.163700,0.128600,0.004700,0.027700,0.023000,0.101200,0.007100,0.036928,0.013728,0.009696,0.010560,0.001184,1,4,48,4,1
3974,0.204900,0.182600,0.006900,0.044400,0.034400,0.114900,0.004300,0.036928,0.011200,0.009664,0.010400,0.001248,1,4,48,4,1
3975,0.196100,0.222500,0.006300,0.037300,0.031300,0.115900,0.005100,0.037024,0.013760,0.009728,0.010464,0.001312,1,4,48,4,1
3976,0.187500,0.213500,0.005800,0.037300,0.030000,0.109500,0.004800,0.037376,0.011232,0.009696,0.010368,0.001216,1,4,48,4,1
3977,0.171800,0.202400,0.005700,0.036200,0.029000,0.096300,0.004500,0.037088,0.013728,0.009888,0.010400,0.001280,1,4,48,4,1
3978,0.122600,0.185800,0.005100,0.030100,0.024800,0.059300,0.003200,0.036704,0.011104,0.009568,0.010400,0.001280,1,4,48,4,1
3979,0.116100,0.135800,0.004700,0.027800,0.023400,0.058000,0.001900,0.036800,0.011200,0.009632,0.010336,0.001184,1,4,48,4,1
3980,0.221200,0.129400,0.004700,0.027600,0.023600,0.163300,0.001900,0.036832,0.013760,0.009696,0.010368,0.001248,1,4,48,4,1
3981,0.118300,0.235400,0.005500,0.029600,0.022100,0.059200,0.001900,0.037024,0.011232,0.009760,0.010336,0.001248,1,4,48,4,1
3982,0.480200,0.131300,0.004900,0.027000,0.029600,0.081800,0.336600,0.038080,0.010976,0.009952,0.010208,0.001216,1,4,48,4,1
3983,0.250400,0.498500,0.006900,0.044600,0.079500,0.114000,0.005400,0.037568,0.011200,0.009792,0.010272,0.001216,1,4,48,4,1
3984,0.186300,0.267900,0.006200,0.037300,0.030400,0.108000,0.004300,0.036704,0.013760,0.009568,0.010432,0.001184,1,4,48,4,1
3985,0.305000,0.203500,0.006100,0.038700,0.138400,0.115500,0.006100,0.037024,0.011040,0.009600,0.010272,0.001248,1,4,48,4,1
3986,0.195800,0.327100,0.006400,0.037200,0.039700,0.107500,0.004900,0.037792,0.010944,0.009792,0.010304,0.001216,1,4,48,4,1
3987,0.216500,0.212900,0.006400,0.037900,0.030100,0.138300,0.003500,0.036768,0.011296,0.009632,0.010304,0.001184,1,4,48,4,1
3988,0.343700,0.235900,0.007300,0.045400,0.035200,0.251200,0.004500,0.037664,0.011232,0.009856,0.010272,0.001184,1,4,48,4,1
3989,0.155100,0.361400,0.006400,0.037500,0.031200,0.075700,0.004300,0.038816,0.011296,0.009568,0.010368,0.001248,1,4,48,4,1
3990,0.171500,0.172200,0.005800,0.034700,0.029100,0.088100,0.013700,0.036800,0.013760,0.009632,0.010432,0.001216,1,4,48,4,1
3991,0.183700,0.188600,0.005900,0.036500,0.033500,0.091900,0.015600,0.036800,0.013696,0.009632,0.010432,0.001280,1,4,48,4,1
3992,0.200400,0.202700,0.007100,0.045000,0.034800,0.106600,0.006800,0.037120,0.011072,0.009632,0.010240,0.001248,1,4,48,4,1
3993,0.181000,0.218700,0.007000,0.047400,0.037800,0.085100,0.003500,0.037440,0.011296,0.009760,0.010336,0.001248,1,4,48,4,1
3994,0.147500,0.197900,0.005900,0.035400,0.029400,0.072500,0.004200,0.037440,0.011168,0.009824,0.010240,0.001216,1,4,48,4,1
3995,0.144000,0.163800,0.005600,0.034200,0.028300,0.071700,0.003900,0.038688,0.013760,0.009760,0.010272,0.001216,1,4,48,4,1
3996,0.143900,0.160300,0.005500,0.034600,0.028400,0.071400,0.003900,0.038912,0.013792,0.009664,0.010272,0.001248,1,4,48,4,1
3997,0.142000,0.160200,0.005700,0.033700,0.028200,0.070400,0.003800,0.038848,0.011232,0.009504,0.010496,0.001248,1,4,48,4,1
3998,0.248900,0.158800,0.005700,0.044100,0.055300,0.140200,0.003300,0.038080,0.012320,0.009728,0.010464,0.001280,1,4,48,4,1
3999,0.209200,0.268500,0.006900,0.039600,0.039000,0.118700,0.004700,0.038624,0.011296,0.009664,0.010304,0.001248,1,4,48,4,1
4000,0.239000,0.227800,0.007100,0.047100,0.034000,0.143800,0.006800,0.036672,0.013664,0.009728,0.010336,0.001216,1,4,48,4,1
4001,0.648000,0.255300,0.005500,0.032100,0.026600,0.578400,0.005300,0.039072,0.011264,0.009696,0.010464,0.001280,1,4,48,4,1
4002,0.178400,0.662900,0.005800,0.036200,0.028400,0.086100,0.021600,0.036864,0.013728,0.009664,0.010432,0.001248,1,4,48,4,1
4003,0.209800,0.196600,0.006600,0.042500,0.033600,0.121000,0.005900,0.037280,0.011296,0.009472,0.010336,0.001216,1,4,48,4,1
4004,0.186900,0.227400,0.006500,0.037000,0.030600,0.108300,0.004300,0.037376,0.011200,0.009728,0.010304,0.001248,1,4,48,4,1
4005,0.202400,0.205400,0.007300,0.044700,0.034600,0.113200,0.002500,0.038560,0.011200,0.009696,0.010400,0.001248,1,4,48,4,1
4006,0.393300,0.219800,0.006300,0.037500,0.030700,0.313200,0.005500,0.036928,0.011232,0.009696,0.010304,0.001280,1,4,48,4,1
4007,0.197100,0.411900,0.007300,0.044500,0.034400,0.103500,0.007000,0.036768,0.011232,0.009664,0.010240,0.001248,1,4,48,4,1
4008,0.208400,0.211900,0.006100,0.037700,0.030700,0.129400,0.004300,0.036768,0.013728,0.009568,0.010464,0.001248,1,4,48,4,1
4009,0.371700,0.223100,0.005600,0.036100,0.027700,0.297100,0.004900,0.038848,0.011360,0.009728,0.010464,0.001248,1,4,48,4,1
4010,0.208200,0.391400,0.007200,0.045200,0.032100,0.118600,0.004800,0.049024,0.013024,0.011424,0.017024,0.001504,1,4,48,4,1
4011,0.861000,0.226800,0.007100,0.044300,0.036200,0.089600,0.683600,0.039008,0.011424,0.009696,0.010464,0.001248,1,4,48,4,1
4012,0.181900,0.877100,0.006600,0.038500,0.031500,0.101300,0.004000,0.038720,0.010976,0.009696,0.010432,0.001248,1,4,48,4,1
4013,0.163800,0.197100,0.005800,0.036500,0.026000,0.091000,0.004400,0.036832,0.011232,0.009664,0.010336,0.001216,1,4,48,4,1
4014,0.177200,0.179200,0.005900,0.037000,0.034400,0.097500,0.002200,0.037696,0.011136,0.009888,0.010368,0.001184,1,4,48,4,1
4015,0.206100,0.191600,0.005300,0.032100,0.026100,0.140500,0.001900,0.036960,0.013696,0.009792,0.010464,0.001216,1,4,48,4,1
4016,0.158600,0.220400,0.005200,0.030600,0.025500,0.079100,0.017900,0.037184,0.013728,0.010016,0.010464,0.001216,1,4,48,4,1
4017,0.166900,0.176900,0.006700,0.044300,0.034300,0.077400,0.004000,0.038752,0.013696,0.009568,0.010336,0.001216,1,4,48,4,1
4018,0.162800,0.183700,0.006400,0.035700,0.029200,0.085900,0.005400,0.037728,0.011104,0.009824,0.010432,0.001216,1,4,48,4,1
4019,0.171400,0.178500,0.005700,0.037100,0.029400,0.094000,0.005100,0.036768,0.013792,0.009536,0.010464,0.001216,1,4,48,4,1
4020,0.131400,0.190400,0.005300,0.032800,0.026200,0.063800,0.003300,0.036864,0.011232,0.009664,0.010368,0.001184,1,4,48,4,1
4021,0.174700,0.145300,0.005000,0.029300,0.024300,0.110700,0.005300,0.036768,0.011200,0.009600,0.010368,0.001216,1,4,48,4,1
4022,0.191000,0.190300,0.005600,0.037300,0.028800,0.115400,0.003700,0.036768,0.013760,0.009504,0.010496,0.001216,1,4,48,4,1
4023,0.156300,0.206900,0.006000,0.037300,0.029200,0.081400,0.002400,0.037472,0.011168,0.009568,0.010368,0.001248,1,4,48,4,1
4024,0.126900,0.171100,0.005200,0.031600,0.025400,0.061200,0.003300,0.037120,0.013888,0.009728,0.010496,0.001248,1,4,48,4,1
4025,0.165600,0.140600,0.004900,0.029300,0.023400,0.102700,0.005200,0.037024,0.013792,0.009728,0.010464,0.001184,1,4,48,4,1
4026,0.211800,0.180700,0.005800,0.036600,0.028000,0.134700,0.006500,0.036960,0.013824,0.009728,0.010368,0.001280,1,4,48,4,1
4027,0.331400,0.226600,0.005600,0.034000,0.027300,0.257200,0.007100,0.053728,0.030400,0.009664,0.010688,0.001216,1,4,48,4,1
4028,0.157000,0.346700,0.006200,0.038800,0.028400,0.079900,0.003600,0.036928,0.011296,0.009792,0.010272,0.001248,1,4,48,4,1
4029,0.170700,0.171100,0.005300,0.030500,0.023700,0.106700,0.004200,0.037376,0.011232,0.009504,0.010272,0.001216,1,4,48,4,1
4030,0.164100,0.186600,0.005800,0.036900,0.028800,0.084800,0.007500,0.037088,0.011200,0.009952,0.010304,0.001216,1,4,48,4,1
4031,0.168200,0.178900,0.005800,0.031000,0.025500,0.098700,0.007100,0.036832,0.011232,0.009536,0.010336,0.001280,1,4,48,4,1
4032,0.367800,0.182700,0.005600,0.034600,0.025200,0.296800,0.005300,0.036576,0.011168,0.009632,0.010144,0.001248,1,4,48,4,1
4033,0.161700,0.382700,0.005600,0.036100,0.028500,0.088600,0.002800,0.036608,0.011232,0.009504,0.010240,0.001248,1,4,48,4,1
4034,0.194500,0.175800,0.005200,0.030500,0.030200,0.124400,0.004200,0.038464,0.011168,0.009792,0.010368,0.001216,1,4,48,4,1
4035,0.197100,0.209400,0.005800,0.050700,0.029300,0.108200,0.002900,0.038848,0.011296,0.009632,0.010240,0.001248,1,4,48,4,1
4036,0.216800,0.212400,0.005700,0.038100,0.038500,0.130000,0.004400,0.037600,0.011200,0.009728,0.010272,0.001184,1,4,48,4,1
4037,0.193100,0.236400,0.006900,0.045300,0.031500,0.106100,0.003200,0.038752,0.011200,0.009536,0.010592,0.001184,1,4,48,4,1
4038,0.587600,0.207900,0.005900,0.036800,0.029100,0.084500,0.431100,0.056416,0.028992,0.010240,0.010400,0.001280,1,4,48,4,1
4039,0.209600,0.603100,0.006400,0.037400,0.028400,0.128700,0.008600,0.036960,0.011296,0.009952,0.010208,0.001184,1,4,48,4,1
4040,0.150900,0.224700,0.005900,0.037100,0.025300,0.079200,0.003200,0.036832,0.011296,0.009728,0.010304,0.001216,1,4,48,4,1
4041,0.235800,0.165800,0.027600,0.036700,0.025800,0.142100,0.003600,0.036480,0.011232,0.009376,0.010272,0.001216,1,4,48,4,1
4042,0.165400,0.251800,0.006200,0.037500,0.029400,0.089500,0.002700,0.037376,0.011232,0.009664,0.010304,0.001184,1,4,48,4,1
4043,0.165900,0.179800,0.005300,0.031700,0.027000,0.096900,0.004800,0.036704,0.012288,0.009536,0.010496,0.001216,1,4,48,4,1
4044,0.161900,0.180200,0.005200,0.030900,0.023700,0.094700,0.007300,0.037440,0.011200,0.009696,0.010336,0.001312,1,4,48,4,1
4045,0.196100,0.176600,0.008000,0.036400,0.028800,0.118500,0.004200,0.036608,0.011200,0.009600,0.010240,0.001216,1,4,48,4,1
4046,0.162100,0.210800,0.006200,0.035000,0.032900,0.080100,0.007800,0.037088,0.011168,0.009728,0.010208,0.001248,1,4,48,4,1
4047,0.290200,0.177400,0.006300,0.040400,0.029600,0.211500,0.002100,0.037600,0.011136,0.009792,0.010336,0.001280,1,4,48,4,1
4048,0.127700,0.304700,0.005600,0.031600,0.026700,0.060400,0.003300,0.036960,0.013760,0.009824,0.010432,0.001216,1,4,48,4,1
4049,0.121100,0.141200,0.005100,0.028900,0.023800,0.059900,0.003300,0.036640,0.013728,0.009472,0.010432,0.001216,1,4,48,4,1
4050,0.294700,0.134600,0.005000,0.028400,0.024200,0.231800,0.005100,0.037056,0.011296,0.009824,0.010368,0.001216,1,4,48,4,1
4051,0.145300,0.308900,0.005500,0.033000,0.026200,0.076600,0.003400,0.036576,0.011136,0.009600,0.010304,0.001248,1,4,48,4,1
4052,0.129900,0.159400,0.005300,0.029700,0.029600,0.061900,0.003100,0.038048,0.011264,0.009600,0.010304,0.001248,1,4,48,4,1
4053,0.120200,0.143600,0.005100,0.028400,0.023900,0.059600,0.003100,0.036704,0.011200,0.009664,0.010272,0.001184,1,4,48,4,1
4054,0.120600,0.133400,0.005200,0.028000,0.024000,0.060000,0.003200,0.038592,0.011200,0.009600,0.010432,0.001248,1,4,48,4,1
4055,0.118800,0.134000,0.005000,0.028100,0.023200,0.059300,0.003100,0.036864,0.011296,0.009664,0.010272,0.001216,1,4,48,4,1
4056,0.118800,0.132300,0.005200,0.028000,0.023600,0.058800,0.003100,0.038656,0.013792,0.009696,0.010336,0.001184,1,4,48,4,1
4057,0.118500,0.131800,0.005100,0.027900,0.022900,0.059200,0.003100,0.036736,0.011168,0.009600,0.010336,0.001248,1,4,48,4,1
4058,0.118400,0.131800,0.004900,0.028100,0.023100,0.059000,0.003100,0.036832,0.011232,0.009632,0.010368,0.001216,1,4,48,4,1
4059,0.116200,0.131600,0.005100,0.027600,0.022800,0.057400,0.003200,0.036608,0.011232,0.009664,0.010272,0.001216,1,4,48,4,1
4060,0.117400,0.129200,0.004600,0.027400,0.023000,0.059100,0.003000,0.036896,0.011200,0.009696,0.010336,0.001248,1,4,48,4,1
4061,0.116600,0.130700,0.005000,0.027500,0.023100,0.057800,0.003100,0.038944,0.011264,0.009600,0.010496,0.001248,1,4,48,4,1
4062,0.117600,0.129700,0.004900,0.027800,0.023100,0.058500,0.003100,0.037152,0.013760,0.009920,0.010464,0.001248,1,4,48,4,1
4063,0.117900,0.130900,0.005200,0.027500,0.022800,0.059100,0.003100,0.036864,0.011136,0.009664,0.010400,0.001248,1,4,48,4,1
4064,0.123400,0.131200,0.005000,0.027800,0.023200,0.058800,0.008500,0.037024,0.011264,0.009792,0.010368,0.001184,1,4,48,4,1
4065,0.119200,0.136700,0.005100,0.028400,0.024100,0.058400,0.003000,0.037120,0.011264,0.009792,0.010368,0.001280,1,4,48,4,1
4066,0.118300,0.132600,0.004800,0.027800,0.023500,0.059100,0.003000,0.036864,0.011232,0.009664,0.010368,0.001216,1,4,48,4,1
4067,0.117300,0.131600,0.005200,0.027800,0.023200,0.057800,0.003100,0.036640,0.011200,0.009632,0.010272,0.001216,1,4,48,4,1
4068,0.116300,0.130500,0.005000,0.027700,0.022900,0.057600,0.003000,0.036864,0.011232,0.009696,0.010432,0.001184,1,4,48,4,1
4069,0.118600,0.129300,0.004800,0.027900,0.023400,0.059300,0.003100,0.036800,0.011232,0.009600,0.010304,0.001216,1,4,48,4,1
4070,0.164000,0.131700,0.004800,0.027600,0.023100,0.101100,0.007200,0.037792,0.010880,0.009632,0.010272,0.001248,1,4,48,4,1
4071,0.159100,0.183200,0.007300,0.045200,0.030600,0.073300,0.002500,0.037568,0.011552,0.009664,0.010720,0.001184,1,4,48,4,1
4072,0.732000,0.175700,0.006000,0.034900,0.028700,0.067900,0.594200,0.039104,0.011296,0.009888,0.010432,0.001312,1,4,48,4,1
4073,0.142400,0.747000,0.006400,0.036500,0.026900,0.068800,0.003700,0.036640,0.010912,0.009728,0.010272,0.001248,1,4,48,4,1
4074,0.130100,0.155800,0.005300,0.028800,0.032900,0.060400,0.002500,0.037440,0.011168,0.009632,0.010368,0.001216,1,4,48,4,1
4075,0.119700,0.143500,0.005100,0.028700,0.024100,0.058800,0.003000,0.037696,0.011296,0.009632,0.010336,0.001248,1,4,48,4,1
4076,0.118100,0.133200,0.004900,0.028100,0.023600,0.058100,0.003300,0.036704,0.011200,0.009632,0.010272,0.001184,1,4,48,4,1
4077,0.117600,0.131600,0.005100,0.027900,0.023000,0.058500,0.003000,0.036352,0.011264,0.009408,0.010272,0.001216,1,4,48,4,1
4078,0.118400,0.130900,0.004700,0.027800,0.023300,0.059400,0.003200,0.038784,0.011200,0.009504,0.010496,0.001280,1,4,48,4,1
4079,0.117600,0.131500,0.004900,0.028000,0.023300,0.058100,0.003100,0.036768,0.012288,0.009600,0.010432,0.001280,1,4,48,4,1
4080,0.117400,0.130800,0.004700,0.027900,0.023600,0.058100,0.003000,0.036768,0.011264,0.009632,0.010368,0.001248,1,4,48,4,1
4081,0.116200,0.130400,0.004700,0.027700,0.023000,0.057500,0.003100,0.036960,0.011232,0.009760,0.010368,0.001248,1,4,48,4,1
4082,0.118400,0.129600,0.005300,0.027800,0.023200,0.058900,0.003000,0.036992,0.011200,0.009824,0.010336,0.001280,1,4,48,4,1
4083,0.117700,0.131400,0.005000,0.027800,0.023000,0.058600,0.003000,0.038848,0.013728,0.009792,0.010304,0.001216,1,4,48,4,1
4084,0.132000,0.130800,0.004900,0.027800,0.023500,0.069200,0.006300,0.036672,0.011136,0.009632,0.010240,0.001280,1,4,48,4,1
4085,0.244300,0.150100,0.006000,0.051400,0.052600,0.129400,0.004600,0.036864,0.013760,0.009664,0.010464,0.001216,1,4,48,4,1
4086,0.124700,0.258900,0.005600,0.030900,0.025100,0.059800,0.003200,0.036928,0.012384,0.009696,0.010400,0.001248,1,4,48,4,1
4087,0.119100,0.138100,0.005200,0.028400,0.023600,0.058700,0.003100,0.036800,0.011232,0.009600,0.010368,0.001184,1,4,48,4,1
4088,0.122100,0.132400,0.005300,0.028000,0.027100,0.058400,0.003000,0.036832,0.011232,0.009664,0.010368,0.001184,1,4,48,4,1
4089,0.119900,0.135400,0.005200,0.028400,0.023200,0.060300,0.002500,0.038656,0.013696,0.009632,0.010368,0.001184,1,4,48,4,1
4090,0.116500,0.133400,0.005200,0.027600,0.023500,0.057600,0.002400,0.036960,0.011200,0.009792,0.010336,0.001248,1,4,48,4,1
4091,0.115300,0.129700,0.004900,0.027800,0.023800,0.056700,0.001900,0.037600,0.011200,0.009664,0.010368,0.001184,1,4,48,4,1
4092,0.116200,0.128700,0.005000,0.027800,0.021600,0.058500,0.003200,0.037440,0.011136,0.009600,0.010400,0.001216,1,4,48,4,1
4093,0.126400,0.129400,0.005000,0.027700,0.026600,0.063500,0.003300,0.037024,0.011232,0.009696,0.010368,0.001312,1,4,48,4,1
4094,0.125300,0.139800,0.004900,0.028200,0.023600,0.066000,0.002400,0.036928,0.011232,0.009728,0.010368,0.001184,1,4,48,4,1
4095,0.124400,0.140100,0.005800,0.030300,0.024100,0.061400,0.002700,0.036928,0.011232,0.009760,0.010368,0.001216,1,4,48,4,1
4096,0.118700,0.137800,0.004900,0.028900,0.023400,0.059000,0.002300,0.036992,0.013760,0.009824,0.010400,0.001248,1,4,48,4,1
4097,0.117800,0.131900,0.004900,0.028100,0.024500,0.057800,0.002300,0.038336,0.011232,0.009664,0.010368,0.001248,1,4,48,4,1
4098,0.122400,0.131100,0.005000,0.028000,0.023300,0.063600,0.002300,0.036800,0.013760,0.009600,0.010464,0.001248,1,4,48,4,1
4099,0.117800,0.136100,0.005100,0.028100,0.024100,0.058200,0.002300,0.037664,0.011200,0.009568,0.010368,0.001248,1,4,48,4,1
4100,0.122200,0.130800,0.005000,0.027800,0.023300,0.063600,0.002300,0.037472,0.011168,0.009696,0.010336,0.001248,1,4,48,4,1
4101,0.117000,0.135500,0.005200,0.028000,0.023300,0.057900,0.002500,0.036672,0.013728,0.009504,0.010432,0.001216,1,4,48,4,1
4102,0.115800,0.130300,0.004900,0.027600,0.023200,0.057500,0.002300,0.036928,0.013728,0.009792,0.010432,0.001248,1,4,48,4,1
4103,0.116000,0.129200,0.005000,0.027800,0.023300,0.057400,0.002400,0.036960,0.013888,0.009632,0.010432,0.001216,1,4,48,4,1
4104,0.116100,0.129300,0.004900,0.028000,0.023200,0.057400,0.002300,0.039008,0.011360,0.009728,0.010400,0.001216,1,4,48,4,1
4105,0.116100,0.129100,0.005000,0.027700,0.023100,0.057600,0.002500,0.037312,0.011296,0.009664,0.010304,0.001312,1,4,48,4,1
4106,0.116200,0.129400,0.005100,0.027700,0.023300,0.057400,0.002500,0.037600,0.011136,0.009760,0.010368,0.001216,1,4,48,4,1
4107,0.116200,0.129400,0.005300,0.027700,0.023300,0.057600,0.002200,0.037152,0.013760,0.010016,0.010368,0.001184,1,4,48,4,1
4108,0.117500,0.129600,0.005400,0.027900,0.023000,0.057900,0.003200,0.036832,0.013664,0.009664,0.010464,0.001248,1,4,48,4,1
4109,0.124600,0.130800,0.004900,0.028100,0.022900,0.065500,0.003100,0.036960,0.011264,0.009536,0.010336,0.001280,1,4,48,4,1
4110,0.114600,0.137700,0.004900,0.028000,0.024400,0.055300,0.001800,0.038880,0.011232,0.009632,0.010336,0.001248,1,4,48,4,1
4111,0.242600,0.127800,0.004700,0.027400,0.022400,0.054200,0.133700,0.036512,0.010784,0.009632,0.010336,0.001216,1,4,48,4,1
4112,0.139300,0.256100,0.005300,0.029500,0.026900,0.073700,0.003500,0.036768,0.013728,0.009568,0.010432,0.001280,1,4,48,4,1
4113,0.123500,0.152600,0.005200,0.028300,0.025100,0.061500,0.003200,0.037984,0.011776,0.009696,0.010528,0.001280,1,4,48,4,1
4114,0.120600,0.136800,0.005600,0.028500,0.023600,0.059800,0.003100,0.036896,0.012256,0.009696,0.010464,0.001248,1,4,48,4,1
4115,0.123700,0.133900,0.005000,0.027800,0.023600,0.063900,0.003000,0.036800,0.011296,0.009536,0.010368,0.001248,1,4,48,4,1
4116,0.119500,0.137100,0.004900,0.028300,0.023600,0.058900,0.003500,0.037024,0.013824,0.009856,0.010336,0.001216,1,4,48,4,1
4117,0.124200,0.137100,0.005600,0.029600,0.024900,0.060900,0.003100,0.036992,0.011232,0.009760,0.010336,0.001248,1,4,48,4,1
4118,0.119600,0.137900,0.005100,0.028300,0.023400,0.059700,0.003000,0.036800,0.011200,0.009664,0.010336,0.001184,1,4,48,4,1
4119,0.152300,0.146300,0.006700,0.038100,0.031600,0.072400,0.003400,0.037504,0.011264,0.009760,0.010400,0.001184,1,4,48,4,1
4120,0.123600,0.167600,0.005300,0.029600,0.024100,0.061300,0.003100,0.037056,0.011232,0.009824,0.010336,0.001248,1,4,48,4,1
4121,0.120200,0.137500,0.005100,0.028600,0.023700,0.059500,0.003200,0.036992,0.011168,0.009600,0.010432,0.001280,1,4,48,4,1
4122,0.120400,0.133500,0.005000,0.028300,0.023600,0.060200,0.003000,0.036896,0.013664,0.009696,0.010496,0.001216,1,4,48,4,1
4123,0.119000,0.133700,0.004900,0.028000,0.023300,0.059600,0.003100,0.036704,0.012256,0.009632,0.010400,0.001248,1,4,48,4,1
4124,0.118700,0.132400,0.005000,0.027900,0.023500,0.059100,0.003100,0.038720,0.011200,0.009728,0.010400,0.001248,1,4,48,4,1
4125,0.119200,0.132000,0.005100,0.028000,0.023800,0.059200,0.003100,0.036960,0.012256,0.009760,0.010464,0.001248,1,4,48,4,1
4126,0.117900,0.132600,0.005100,0.027900,0.022900,0.058800,0.003100,0.036736,0.011168,0.009600,0.010304,0.001248,1,4,48,4,1
4127,0.117800,0.131200,0.004800,0.028100,0.023100,0.058600,0.003000,0.036832,0.012384,0.009536,0.010432,0.001248,1,4,48,4,1
4128,0.117600,0.131000,0.004900,0.027900,0.023000,0.058500,0.003100,0.037216,0.011264,0.009920,0.010400,0.001216,1,4,48,4,1
4129,0.118600,0.130800,0.004900,0.027900,0.023300,0.059300,0.003000,0.037120,0.011232,0.009824,0.010400,0.001248,1,4,48,4,1
4130,0.118400,0.131800,0.004900,0.028000,0.023300,0.058800,0.003200,0.036896,0.011264,0.009664,0.010368,0.001216,1,4,48,4,1
4131,0.123500,0.131700,0.005100,0.027700,0.022900,0.064600,0.003100,0.036832,0.011200,0.009696,0.010304,0.001216,1,4,48,4,1
4132,0.118900,0.137000,0.004900,0.028400,0.023300,0.059000,0.003100,0.039040,0.011328,0.009728,0.010400,0.001248,1,4,48,4,1
4133,0.117200,0.132000,0.005000,0.027700,0.023200,0.058100,0.003100,0.036832,0.011264,0.009568,0.010368,0.001216,1,4,48,4,1
4134,0.117000,0.130300,0.005000,0.027700,0.022700,0.058500,0.003100,0.036960,0.011264,0.009792,0.010272,0.001216,1,4,48,4,1
4135,0.117200,0.130100,0.004900,0.027600,0.022800,0.058500,0.003100,0.036928,0.011200,0.009760,0.010368,0.001184,1,4,48,4,1
4136,0.116700,0.130600,0.004900,0.027900,0.022700,0.058000,0.003000,0.036864,0.011200,0.009760,0.010272,0.001280,1,4,48,4,1
4137,0.117100,0.130000,0.005000,0.027900,0.022600,0.058400,0.003000,0.038752,0.011264,0.009536,0.010432,0.001216,1,4,48,4,1
4138,0.117500,0.130300,0.004900,0.027800,0.022800,0.058500,0.003100,0.036896,0.011200,0.009760,0.010336,0.001248,1,4,48,4,1
4139,0.117000,0.130500,0.005100,0.027700,0.022600,0.058400,0.003100,0.036800,0.011232,0.009664,0.010304,0.001184,1,4,48,4,1
4140,0.117600,0.130200,0.005000,0.027600,0.023100,0.058500,0.003000,0.036896,0.011168,0.009728,0.010368,0.001248,1,4,48,4,1
4141,0.118200,0.130900,0.004800,0.028100,0.023200,0.058800,0.003100,0.036864,0.012320,0.009696,0.010432,0.001184,1,4,48,4,1
4142,0.117000,0.131600,0.004900,0.028000,0.022800,0.058100,0.003000,0.039136,0.013696,0.009856,0.010464,0.001280,1,4,48,4,1
4143,0.117500,0.130300,0.005400,0.027900,0.022900,0.058200,0.003100,0.036832,0.012384,0.009600,0.010464,0.001248,1,4,48,4,1
4144,0.118000,0.130400,0.005100,0.027900,0.023200,0.058700,0.003100,0.036768,0.011200,0.009600,0.010336,0.001216,1,4,48,4,1
4145,0.116800,0.131100,0.005100,0.027700,0.022800,0.058000,0.003100,0.036704,0.011264,0.009440,0.010368,0.001248,1,4,48,4,1
4146,0.116500,0.130100,0.004800,0.027600,0.022600,0.058300,0.003100,0.037024,0.011168,0.009856,0.010336,0.001280,1,4,48,4,1
4147,0.125400,0.129400,0.005100,0.033500,0.023400,0.060100,0.003100,0.036704,0.011232,0.009600,0.010304,0.001216,1,4,48,4,1
4148,0.116900,0.139000,0.005000,0.027800,0.022900,0.058100,0.003100,0.036864,0.012192,0.009824,0.010400,0.001248,1,4,48,4,1
4149,0.117400,0.130200,0.005000,0.027700,0.023200,0.058300,0.003100,0.038624,0.011168,0.009568,0.010432,0.001184,1,4,48,4,1
4150,0.117800,0.130500,0.005100,0.027800,0.022800,0.059100,0.003000,0.036864,0.011200,0.009696,0.010368,0.001216,1,4,48,4,1
4151,0.116700,0.131000,0.004900,0.027500,0.022700,0.058400,0.003000,0.038720,0.011328,0.009664,0.010464,0.001216,1,4,48,4,1
4152,0.117500,0.130200,0.005000,0.027900,0.022900,0.058600,0.003100,0.036960,0.011232,0.009824,0.010240,0.001248,1,4,48,4,1
4153,0.117200,0.130700,0.004900,0.027500,0.023100,0.058600,0.003000,0.036768,0.011232,0.009536,0.010368,0.001248,1,4,48,4,1
4154,0.117700,0.130400,0.005100,0.028000,0.022900,0.058400,0.003100,0.038144,0.012320,0.009888,0.010496,0.001184,1,4,48,4,1
4155,0.123500,0.130700,0.005600,0.027500,0.020700,0.066300,0.003100,0.037120,0.013728,0.009888,0.010496,0.001216,1,4,48,4,1
4156,0.163800,0.136500,0.005300,0.028200,0.020900,0.105800,0.003500,0.038688,0.011136,0.009920,0.010336,0.001216,1,4,48,4,1
4157,0.141600,0.177800,0.005300,0.034800,0.025300,0.072700,0.003400,0.037696,0.011232,0.009696,0.010400,0.001184,1,4,48,4,1
4158,0.133400,0.157500,0.005100,0.031500,0.031300,0.062200,0.003200,0.037888,0.010944,0.009600,0.010368,0.001248,1,4,48,4,1
4159,0.125400,0.147300,0.005200,0.033100,0.024100,0.059800,0.003100,0.036864,0.013888,0.009504,0.010464,0.001248,1,4,48,4,1
4160,0.117900,0.139300,0.005000,0.028200,0.023400,0.058200,0.003000,0.036608,0.011232,0.009536,0.010336,0.001248,1,4,48,4,1
4161,0.125100,0.131300,0.005400,0.027800,0.023400,0.065300,0.003200,0.037024,0.011296,0.009696,0.010336,0.001280,1,4,48,4,1
4162,0.119700,0.138400,0.005100,0.028600,0.023400,0.059200,0.003000,0.038976,0.013856,0.009728,0.010336,0.001184,1,4,48,4,1
4163,0.117300,0.133300,0.005000,0.027700,0.022800,0.058700,0.003100,0.038848,0.011296,0.009472,0.010464,0.001216,1,4,48,4,1
4164,0.118400,0.130700,0.004900,0.027900,0.023600,0.058800,0.003100,0.036960,0.013696,0.009888,0.010368,0.001216,1,4,48,4,1
4165,0.117900,0.131700,0.004900,0.028200,0.023200,0.058400,0.003000,0.039008,0.011168,0.009856,0.010464,0.001216,1,4,48,4,1
4166,0.117300,0.130900,0.004900,0.027600,0.022800,0.058700,0.003100,0.036960,0.011232,0.009792,0.010336,0.001216,1,4,48,4,1
4167,0.117800,0.130400,0.005100,0.027600,0.023100,0.058600,0.003000,0.036832,0.012288,0.009632,0.010464,0.001280,1,4,48,4,1
4168,0.117300,0.130900,0.004900,0.027800,0.023000,0.058300,0.003100,0.036928,0.011328,0.009600,0.010368,0.001248,1,4,48,4,1
4169,0.117300,0.130700,0.005000,0.027700,0.023000,0.058300,0.003100,0.039264,0.011328,0.009888,0.010496,0.001248,1,4,48,4,1
4170,0.118300,0.130700,0.004800,0.027800,0.023300,0.059200,0.003100,0.036768,0.011264,0.009536,0.010336,0.001248,1,4,48,4,1
4171,0.117800,0.131400,0.005200,0.027900,0.023600,0.057900,0.003000,0.036736,0.011168,0.009600,0.010368,0.001248,1,4,48,4,1
4172,0.116300,0.130800,0.004800,0.027600,0.022800,0.057900,0.003000,0.037280,0.011360,0.009984,0.010336,0.001216,1,4,48,4,1
4173,0.118000,0.129600,0.005300,0.027900,0.023100,0.058600,0.003100,0.036736,0.012000,0.009568,0.010400,0.001216,1,4,48,4,1
4174,0.117000,0.131100,0.004700,0.027900,0.022900,0.058200,0.003100,0.039328,0.011328,0.009824,0.010560,0.001248,1,4,48,4,1
4175,0.117400,0.130100,0.004900,0.027900,0.023000,0.058400,0.003100,0.036640,0.011200,0.009440,0.010400,0.001248,1,4,48,4,1
4176,0.122800,0.130600,0.005000,0.027600,0.022900,0.064000,0.003200,0.038848,0.013792,0.009696,0.010304,0.001216,1,4,48,4,1
4177,0.118500,0.136100,0.005100,0.028300,0.023600,0.058300,0.003000,0.036992,0.012352,0.009824,0.010432,0.001248,1,4,48,4,1
4178,0.117500,0.131700,0.005200,0.027800,0.023300,0.058100,0.003100,0.036928,0.012288,0.009696,0.010400,0.001216,1,4,48,4,1
4179,0.117800,0.130700,0.005200,0.027700,0.023000,0.058500,0.003000,0.036704,0.011200,0.009568,0.010368,0.001216,1,4,48,4,1
4180,0.118000,0.130800,0.005100,0.028000,0.023200,0.058500,0.003100,0.036832,0.011200,0.009728,0.010336,0.001216,1,4,48,4,1
4181,0.116200,0.131200,0.004700,0.027700,0.022800,0.057900,0.003000,0.036896,0.011200,0.009664,0.010368,0.001248,1,4,48,4,1
4182,0.117800,0.129600,0.004800,0.028100,0.023100,0.058400,0.003100,0.036864,0.011200,0.009632,0.010400,0.001216,1,4,48,4,1
4183,0.117400,0.130900,0.004800,0.027900,0.023400,0.058100,0.003100,0.036800,0.011168,0.009600,0.010368,0.001248,1,4,48,4,1
4184,0.116800,0.130500,0.004900,0.027700,0.022800,0.058300,0.003000,0.038560,0.011264,0.009504,0.010496,0.001216,1,4,48,4,1
4185,0.117500,0.129900,0.005000,0.027800,0.022700,0.058700,0.003100,0.036800,0.011168,0.009664,0.010368,0.001248,1,4,48,4,1
4186,0.117300,0.130600,0.005000,0.027600,0.023100,0.058300,0.003100,0.039168,0.011264,0.009920,0.010368,0.001248,1,4,48,4,1
4187,0.117100,0.130500,0.005200,0.027700,0.023000,0.058000,0.003100,0.036800,0.012320,0.009600,0.010464,0.001248,1,4,48,4,1
4188,0.117100,0.130100,0.004600,0.028000,0.022800,0.058900,0.002700,0.037024,0.011232,0.009856,0.010272,0.001248,1,4,48,4,1
4189,0.117600,0.130200,0.004800,0.028000,0.023000,0.058600,0.003000,0.036896,0.013760,0.009728,0.010464,0.001216,1,4,48,4,1
4190,0.116500,0.130700,0.005300,0.027500,0.022500,0.058000,0.003000,0.037120,0.011264,0.009792,0.010368,0.001280,1,4,48,4,1
4191,0.117700,0.129600,0.005100,0.027700,0.023300,0.058500,0.003100,0.038944,0.011296,0.009696,0.010432,0.001184,1,4,48,4,1
4192,0.124400,0.130700,0.004900,0.033200,0.023900,0.059200,0.003000,0.037088,0.011232,0.009824,0.010400,0.001216,1,4,48,4,1
4193,0.117000,0.137800,0.005000,0.027800,0.023000,0.058100,0.003100,0.036928,0.012256,0.009600,0.010528,0.001280,1,4,48,4,1
4194,0.117500,0.130200,0.004800,0.027800,0.023000,0.058800,0.003100,0.036832,0.011168,0.009696,0.010368,0.001184,1,4,48,4,1
4195,0.116900,0.130600,0.004800,0.027400,0.023000,0.058200,0.003100,0.036928,0.011232,0.009696,0.010368,0.001280,1,4,48,4,1
4196,0.118100,0.130000,0.005000,0.027600,0.023600,0.058500,0.003100,0.039104,0.011232,0.009856,0.010464,0.001216,1,4,48,4,1
4197,0.118600,0.131200,0.005200,0.028100,0.023300,0.058800,0.003100,0.038912,0.011264,0.009536,0.010496,0.001216,1,4,48,4,1
4198,0.118100,0.132300,0.005200,0.027900,0.023200,0.058600,0.003000,0.036800,0.011264,0.009632,0.010336,0.001216,1,4,48,4,1
4199,0.151300,0.131500,0.005100,0.027800,0.021000,0.093500,0.003700,0.038720,0.010624,0.009696,0.010368,0.001248,1,4,48,4,1
4200,0.147700,0.168200,0.005900,0.036900,0.025900,0.075500,0.003300,0.038656,0.011264,0.009760,0.010304,0.001248,1,4,48,4,1
4201,0.121700,0.161700,0.005100,0.029100,0.024300,0.060000,0.003100,0.038720,0.011168,0.009568,0.010432,0.001216,1,4,48,4,1
4202,0.118900,0.134900,0.004900,0.028200,0.023300,0.059300,0.003100,0.036864,0.012224,0.009792,0.010432,0.001184,1,4,48,4,1
4203,0.119400,0.132200,0.005000,0.028000,0.023600,0.059600,0.003100,0.036896,0.011200,0.009728,0.010368,0.001216,1,4,48,4,1
4204,0.117900,0.132800,0.004800,0.027800,0.023600,0.058600,0.003100,0.036736,0.011200,0.009568,0.010368,0.001216,1,4,48,4,1
4205,0.117000,0.131100,0.004900,0.027700,0.023200,0.058000,0.003100,0.036864,0.011264,0.009632,0.010336,0.001248,1,4,48,4,1
4206,0.117000,0.130400,0.004900,0.027700,0.022900,0.058400,0.003100,0.039232,0.013760,0.009888,0.010432,0.001216,1,4,48,4,1
4207,0.117600,0.130200,0.005400,0.027800,0.023200,0.058100,0.003000,0.036896,0.011168,0.009824,0.010272,0.001248,1,4,48,4,1
4208,0.116600,0.130800,0.004700,0.027700,0.023000,0.058000,0.003000,0.038816,0.011328,0.009728,0.010432,0.001280,1,4,48,4,1
4209,0.117300,0.129700,0.004900,0.027900,0.023000,0.058400,0.003000,0.038688,0.013696,0.009568,0.010304,0.001216,1,4,48,4,1
4210,0.117600,0.130500,0.005000,0.027600,0.022900,0.058900,0.003000,0.036992,0.011232,0.009792,0.010304,0.001216,1,4,48,4,1
4211,0.119000,0.130800,0.004900,0.028500,0.023300,0.059100,0.003200,0.039104,0.011296,0.009824,0.010464,0.001216,1,4,48,4,1
4212,0.124200,0.132100,0.004800,0.027800,0.023200,0.065200,0.003000,0.036928,0.011232,0.009696,0.010400,0.001248,1,4,48,4,1
4213,0.118300,0.137800,0.004800,0.028600,0.023200,0.058400,0.003100,0.036928,0.012320,0.009632,0.010496,0.001248,1,4,48,4,1
4214,0.116400,0.131600,0.004900,0.027500,0.022600,0.058200,0.003100,0.036864,0.011232,0.009664,0.010400,0.001184,1,4,48,4,1
4215,0.117700,0.129600,0.005100,0.028200,0.022900,0.058300,0.003000,0.036864,0.011264,0.009600,0.010304,0.001280,1,4,48,4,1
4216,0.116500,0.130900,0.005100,0.027500,0.022600,0.058200,0.003000,0.036832,0.011904,0.009632,0.010464,0.001216,1,4,48,4,1
4217,0.116400,0.129800,0.004600,0.027600,0.023200,0.057900,0.003000,0.036992,0.011296,0.009632,0.010400,0.001280,1,4,48,4,1
4218,0.118100,0.129400,0.005200,0.027600,0.023300,0.058800,0.003100,0.038784,0.011264,0.009568,0.010432,0.001248,1,4,48,4,1
4219,0.116800,0.131100,0.004800,0.027600,0.023100,0.058000,0.003000,0.036672,0.011168,0.009504,0.010400,0.001216,1,4,48,4,1
4220,0.115900,0.130100,0.004900,0.027600,0.022600,0.057800,0.003000,0.036896,0.011200,0.009696,0.010400,0.001216,1,4,48,4,1
4221,0.116700,0.128900,0.004900,0.027600,0.022800,0.058100,0.003000,0.036832,0.011200,0.009664,0.010368,0.001248,1,4,48,4,1
4222,0.117000,0.129900,0.005000,0.027700,0.023000,0.058000,0.003100,0.036864,0.012256,0.009728,0.010400,0.001216,1,4,48,4,1
4223,0.116200,0.130200,0.004800,0.027600,0.022900,0.057800,0.003000,0.036960,0.011232,0.009696,0.010368,0.001216,1,4,48,4,1
4224,0.133400,0.129300,0.004700,0.041200,0.026100,0.058200,0.003000,0.036800,0.012224,0.009728,0.010432,0.001216,1,4,48,4,1
4225,0.117300,0.146800,0.004800,0.027700,0.023100,0.058400,0.003100,0.037088,0.011168,0.009760,0.010464,0.001312,1,4,48,4,1
4226,0.117000,0.130600,0.004900,0.027400,0.023200,0.058400,0.003000,0.037184,0.011200,0.009888,0.010432,0.001280,1,4,48,4,1
4227,0.121200,0.130000,0.005000,0.027500,0.022800,0.062700,0.003100,0.036800,0.011264,0.009632,0.010336,0.001280,1,4,48,4,1
4228,0.118000,0.134400,0.004900,0.027900,0.023600,0.058400,0.003000,0.036928,0.011232,0.009728,0.010336,0.001248,1,4,48,4,1
4229,0.116900,0.131100,0.004800,0.027600,0.023100,0.058200,0.003000,0.038880,0.011232,0.009536,0.010528,0.001248,1,4,48,4,1
4230,0.117200,0.130300,0.004800,0.027700,0.023100,0.058400,0.003000,0.038912,0.013664,0.009728,0.010368,0.001248,1,4,48,4,1
4231,0.116600,0.130400,0.004700,0.027600,0.023100,0.058000,0.003000,0.036832,0.011264,0.009568,0.010400,0.001248,1,4,48,4,1
4232,0.117100,0.129600,0.005000,0.027500,0.023000,0.058500,0.003000,0.038944,0.011296,0.009664,0.010432,0.001248,1,4,48,4,1
4233,0.117200,0.130300,0.004900,0.028000,0.022900,0.058300,0.003000,0.036768,0.011136,0.009568,0.010400,0.001280,1,4,48,4,1
4234,0.116900,0.130400,0.005000,0.027500,0.022900,0.058200,0.003100,0.036896,0.011232,0.009696,0.010368,0.001216,1,4,48,4,1
4235,0.116700,0.130200,0.004700,0.027600,0.023100,0.058200,0.003000,0.036704,0.012000,0.009504,0.010464,0.001248,1,4,48,4,1
4236,0.116900,0.129800,0.004900,0.027600,0.022700,0.058600,0.003000,0.038976,0.011328,0.009632,0.010432,0.001248,1,4,48,4,1
4237,0.115700,0.129900,0.004700,0.027800,0.022500,0.057500,0.003000,0.038816,0.011264,0.009536,0.010464,0.001216,1,4,48,4,1
4238,0.116700,0.129000,0.004800,0.027600,0.023000,0.058300,0.003000,0.036992,0.011200,0.009728,0.010400,0.001248,1,4,48,4,1
4239,0.118500,0.129900,0.005200,0.028100,0.023300,0.058700,0.003100,0.037792,0.011264,0.009728,0.010464,0.001248,1,4,48,4,1
4240,0.116400,0.131800,0.004800,0.027700,0.022800,0.057900,0.003100,0.036928,0.011232,0.009792,0.010336,0.001216,1,4,48,4,1
4241,0.117600,0.129600,0.005100,0.028000,0.023200,0.058200,0.003100,0.039104,0.011264,0.009728,0.010528,0.001280,1,4,48,4,1
4242,0.116800,0.131100,0.004600,0.027500,0.022900,0.058800,0.003000,0.036704,0.012256,0.009664,0.010432,0.001216,1,4,48,4,1
4243,0.123600,0.129900,0.004700,0.032800,0.023700,0.059300,0.003100,0.036800,0.011200,0.009536,0.010464,0.001216,1,4,48,4,1
4244,0.116200,0.136700,0.004900,0.027500,0.022900,0.057700,0.003000,0.038656,0.011168,0.009664,0.010432,0.001216,1,4,48,4,1
4245,0.119500,0.129600,0.005000,0.027600,0.024600,0.060400,0.001800,0.037312,0.011264,0.009696,0.010336,0.001216,1,4,48,4,1
4246,0.186700,0.132600,0.004800,0.027500,0.022200,0.064500,0.067300,0.038208,0.010976,0.009824,0.010304,0.001216,1,4,48,4,1
4247,0.133600,0.200200,0.005400,0.029600,0.022800,0.072200,0.003300,0.037984,0.010944,0.009376,0.010464,0.001248,1,4,48,4,1
4248,0.129300,0.147100,0.005000,0.027900,0.032300,0.060900,0.003100,0.037536,0.011168,0.009568,0.010400,0.001248,1,4,48,4,1
4249,0.118000,0.142400,0.004800,0.028000,0.023200,0.058800,0.003000,0.036800,0.011200,0.009472,0.010464,0.001248,1,4,48,4,1
4250,0.117100,0.131200,0.004900,0.027900,0.022900,0.058200,0.003000,0.037088,0.011264,0.009824,0.010368,0.001280,1,4,48,4,1
4251,0.117900,0.130300,0.005000,0.027900,0.023300,0.058600,0.003000,0.038688,0.011264,0.009472,0.010400,0.001248,1,4,48,4,1
4252,0.118100,0.131000,0.005100,0.028000,0.023400,0.058500,0.003000,0.038528,0.011200,0.009792,0.010304,0.001184,1,4,48,4,1
4253,0.117400,0.131400,0.004900,0.028200,0.022800,0.058400,0.002900,0.038976,0.013760,0.009696,0.010368,0.001248,1,4,48,4,1
4254,0.117100,0.130700,0.004600,0.027700,0.022900,0.058600,0.003100,0.038880,0.011264,0.009696,0.010368,0.001216,1,4,48,4,1
4255,0.117200,0.130100,0.005000,0.027800,0.023200,0.058100,0.003000,0.036992,0.011200,0.009760,0.010368,0.001248,1,4,48,4,1
4256,0.117700,0.130300,0.004800,0.027700,0.023200,0.058700,0.003100,0.036736,0.012224,0.009664,0.010432,0.001248,1,4,48,4,1
4257,0.117100,0.130800,0.004900,0.027500,0.023100,0.058300,0.003100,0.036864,0.011232,0.009728,0.010336,0.001216,1,4,48,4,1
4258,0.116900,0.130100,0.004700,0.028000,0.022700,0.058200,0.003000,0.036992,0.011264,0.009792,0.010368,0.001216,1,4,48,4,1
4259,0.116700,0.130100,0.005000,0.027900,0.022700,0.057800,0.003100,0.036864,0.011200,0.009696,0.010400,0.001184,1,4,48,4,1
4260,0.119500,0.135300,0.004800,0.028300,0.023500,0.059800,0.003000,0.036896,0.011232,0.009696,0.010368,0.001216,1,4,48,4,1
4261,0.117900,0.132900,0.005000,0.028200,0.023500,0.057900,0.003000,0.036992,0.011392,0.009632,0.010400,0.001216,1,4,48,4,1
4262,0.129500,0.131200,0.004700,0.027600,0.023200,0.071000,0.003000,0.038912,0.011328,0.009696,0.010464,0.001184,1,4,48,4,1
4263,0.117200,0.142500,0.005100,0.027700,0.022800,0.058400,0.003000,0.036960,0.012096,0.009728,0.010432,0.001248,1,4,48,4,1
4264,0.116600,0.142800,0.004800,0.027600,0.022800,0.058200,0.003000,0.038976,0.011296,0.009760,0.010496,0.001216,1,4,48,4,1
4265,0.117100,0.129800,0.005000,0.027900,0.023000,0.058100,0.003000,0.036800,0.011232,0.009632,0.010368,0.001184,1,4,48,4,1
4266,0.116700,0.130300,0.004700,0.027600,0.022800,0.058600,0.003000,0.036704,0.011232,0.009568,0.010336,0.001184,1,4,48,4,1
4267,0.115800,0.129800,0.005000,0.027600,0.023000,0.057100,0.003000,0.038560,0.011296,0.009536,0.010464,0.001248,1,4,48,4,1
4268,0.116700,0.128900,0.005200,0.027500,0.022700,0.058200,0.003100,0.036896,0.011168,0.009760,0.010432,0.001216,1,4,48,4,1
4269,0.117500,0.129700,0.005000,0.027900,0.022900,0.058700,0.003000,0.036864,0.011232,0.009696,0.010336,0.001216,1,4,48,4,1
4270,0.117100,0.130900,0.005000,0.027700,0.023300,0.057900,0.003000,0.036960,0.011200,0.009728,0.010368,0.001216,1,4,48,4,1
4271,0.116300,0.130400,0.004800,0.027700,0.023000,0.057700,0.003000,0.038752,0.013760,0.009408,0.010400,0.001248,1,4,48,4,1
4272,0.116500,0.129800,0.004800,0.027500,0.022700,0.058400,0.003000,0.037056,0.011200,0.009792,0.010368,0.001312,1,4,48,4,1
4273,0.269800,0.129700,0.004700,0.027700,0.023700,0.208800,0.004700,0.037696,0.010816,0.009600,0.010336,0.001248,1,4,48,4,1
4274,0.207800,0.293200,0.008200,0.061900,0.041100,0.092800,0.003600,0.036928,0.013728,0.009824,0.010400,0.001216,1,4,48,4,1
4275,0.178200,0.228100,0.007400,0.041700,0.029600,0.091600,0.007900,0.038048,0.011232,0.009440,0.010304,0.001248,1,4,48,4,1
4276,0.169800,0.196900,0.006800,0.045000,0.035300,0.078400,0.004100,0.037120,0.011200,0.009696,0.010272,0.001216,1,4,48,4,1
4277,0.145900,0.186800,0.006100,0.034800,0.029000,0.071800,0.003800,0.036928,0.013696,0.009728,0.010464,0.001248,1,4,48,4,1
4278,0.145900,0.162500,0.006000,0.034700,0.029000,0.072100,0.003800,0.037088,0.013792,0.009920,0.010432,0.001216,1,4,48,4,1
4279,0.144300,0.162400,0.005900,0.033900,0.028800,0.071800,0.003800,0.038560,0.011200,0.009664,0.010432,0.001248,1,4,48,4,1
4280,0.144300,0.161000,0.006000,0.033900,0.028500,0.072100,0.003800,0.036864,0.013760,0.009632,0.010464,0.001216,1,4,48,4,1
4281,0.125200,0.160400,0.006000,0.033900,0.023200,0.059600,0.002300,0.037440,0.011200,0.009632,0.010368,0.001216,1,4,48,4,1
4282,0.122200,0.138400,0.004900,0.028200,0.028200,0.057700,0.003100,0.037088,0.011168,0.009696,0.010336,0.001216,1,4,48,4,1
4283,0.118000,0.135600,0.005000,0.028100,0.023000,0.058600,0.003100,0.038848,0.013696,0.009664,0.010368,0.001216,1,4,48,4,1
4284,0.131900,0.130900,0.004700,0.027900,0.026700,0.069400,0.003000,0.036832,0.012256,0.009696,0.010400,0.001248,1,4,48,4,1
4285,0.262700,0.145200,0.004900,0.028200,0.023100,0.202800,0.003600,0.036864,0.012320,0.009568,0.010528,0.001184,1,4,48,4,1
4286,0.219600,0.282100,0.007200,0.045400,0.031500,0.132200,0.003200,0.038304,0.011232,0.009664,0.010400,0.001248,1,4,48,4,1
4287,0.212500,0.237200,0.006600,0.038200,0.031700,0.132100,0.003600,0.036832,0.011264,0.009632,0.010336,0.001216,1,4,48,4,1
4288,0.134000,0.227400,0.005900,0.032200,0.028500,0.064000,0.003200,0.037024,0.012256,0.009856,0.010432,0.001248,1,4,48,4,1
4289,0.123600,0.147600,0.005200,0.028600,0.023600,0.062800,0.003100,0.038688,0.013696,0.009632,0.010400,0.001216,1,4,48,4,1
4290,0.118900,0.137000,0.004900,0.027900,0.023500,0.059300,0.003100,0.036928,0.011200,0.009728,0.010400,0.001216,1,4,48,4,1
4291,0.118100,0.132400,0.005000,0.028200,0.023200,0.058500,0.003000,0.036832,0.011200,0.009696,0.010336,0.001216,1,4,48,4,1
4292,0.118200,0.131500,0.004900,0.027600,0.023500,0.059000,0.003100,0.037088,0.011232,0.009792,0.010400,0.001248,1,4,48,4,1
4293,0.118000,0.131400,0.004900,0.027700,0.023500,0.058700,0.003000,0.036928,0.011232,0.009696,0.010368,0.001248,1,4,48,4,1
4294,0.161700,0.131100,0.005100,0.028000,0.040800,0.077400,0.010000,0.037632,0.011232,0.009696,0.010368,0.001312,1,4,48,4,1
4295,0.124700,0.176100,0.005500,0.031000,0.024500,0.060400,0.003100,0.036832,0.011264,0.009600,0.010336,0.001248,1,4,48,4,1
4296,0.120000,0.138400,0.005000,0.028100,0.024100,0.059600,0.003100,0.036800,0.011200,0.009664,0.010304,0.001216,1,4,48,4,1
4297,0.119100,0.133400,0.005000,0.028300,0.023700,0.058800,0.003100,0.036992,0.011232,0.009728,0.010336,0.001248,1,4,48,4,1
4298,0.118200,0.132500,0.004800,0.028000,0.023500,0.058800,0.003100,0.036992,0.011200,0.009888,0.010336,0.001248,1,4,48,4,1
4299,0.118200,0.131500,0.005000,0.027800,0.023100,0.059000,0.003100,0.036768,0.012320,0.009664,0.010432,0.001184,1,4,48,4,1
4300,0.122400,0.131200,0.005000,0.027700,0.023700,0.062900,0.003100,0.038880,0.011232,0.009664,0.010368,0.001248,1,4,48,4,1
4301,0.120100,0.135900,0.004800,0.029100,0.023600,0.059500,0.003000,0.038496,0.011232,0.009568,0.010432,0.001248,1,4,48,4,1
4302,0.118700,0.133500,0.004800,0.028300,0.023400,0.059000,0.003100,0.037088,0.011968,0.009856,0.010464,0.001248,1,4,48,4,1
4303,0.117900,0.131900,0.004800,0.028100,0.022800,0.058800,0.003100,0.037056,0.011296,0.009856,0.010368,0.001216,1,4,48,4,1
4304,0.117900,0.130900,0.004800,0.027700,0.023600,0.058500,0.003100,0.037024,0.011264,0.009824,0.010272,0.001184,1,4,48,4,1
4305,0.118300,0.131000,0.005200,0.027600,0.023200,0.058900,0.003100,0.036672,0.011328,0.009312,0.010368,0.001248,1,4,48,4,1
4306,0.118000,0.131600,0.005100,0.028100,0.023900,0.057700,0.003100,0.036800,0.013760,0.009504,0.010528,0.001280,1,4,48,4,1
4307,0.124700,0.131200,0.005200,0.034100,0.023600,0.058700,0.003000,0.038720,0.011232,0.009536,0.010464,0.001216,1,4,48,4,1
4308,0.118800,0.138200,0.004900,0.027900,0.023800,0.059100,0.003100,0.037152,0.011264,0.009856,0.010368,0.001248,1,4,48,4,1
4309,0.117700,0.132100,0.005100,0.028100,0.023100,0.058300,0.003100,0.038592,0.013696,0.009472,0.010432,0.001248,1,4,48,4,1
4310,0.117600,0.131100,0.005100,0.027700,0.022600,0.058900,0.003100,0.036704,0.011264,0.009536,0.010432,0.001184,1,4,48,4,1
4311,0.126100,0.130700,0.005200,0.027900,0.031000,0.058900,0.003000,0.037536,0.010944,0.009696,0.010432,0.001216,1,4,48,4,1
4312,0.117800,0.139400,0.004900,0.027900,0.023400,0.058500,0.003100,0.036960,0.012320,0.009792,0.010368,0.001248,1,4,48,4,1
4313,0.117400,0.131000,0.005100,0.027700,0.023000,0.058500,0.003100,0.036832,0.011232,0.009632,0.010304,0.001280,1,4,48,4,1
4314,0.118200,0.130600,0.004900,0.027600,0.023400,0.059000,0.003000,0.039072,0.011392,0.009728,0.010432,0.001216,1,4,48,4,1
4315,0.117500,0.131400,0.004700,0.027700,0.023300,0.058500,0.003000,0.036832,0.011200,0.009632,0.010304,0.001312,1,4,48,4,1
4316,0.116900,0.130600,0.004800,0.027700,0.023100,0.058100,0.003000,0.036928,0.011232,0.009824,0.010304,0.001216,1,4,48,4,1
4317,0.118000,0.130300,0.005300,0.027900,0.023000,0.058500,0.003100,0.036704,0.011232,0.009536,0.010336,0.001184,1,4,48,4,1
4318,0.117100,0.131200,0.004900,0.027700,0.023000,0.058300,0.003100,0.039040,0.011200,0.009760,0.010432,0.001216,1,4,48,4,1
4319,0.116900,0.130200,0.004800,0.027900,0.023000,0.058200,0.003000,0.036960,0.011264,0.009664,0.010368,0.001248,1,4,48,4,1
4320,0.118300,0.129900,0.005200,0.028100,0.023600,0.058200,0.003100,0.039040,0.011264,0.009824,0.010432,0.001216,1,4,48,4,1
4321,0.117300,0.131300,0.004800,0.028100,0.023200,0.058100,0.003100,0.036928,0.011232,0.009728,0.010368,0.001248,1,4,48,4,1
4322,0.124300,0.130500,0.004900,0.027700,0.029200,0.059200,0.003100,0.036736,0.013760,0.009536,0.010432,0.001248,1,4,48,4,1
4323,0.119200,0.137700,0.005100,0.028300,0.023700,0.059100,0.003000,0.037088,0.011328,0.009792,0.010336,0.001248,1,4,48,4,1
4324,0.117700,0.132600,0.005200,0.027700,0.023100,0.058400,0.003100,0.038688,0.011232,0.009792,0.010400,0.001184,1,4,48,4,1
4325,0.117400,0.130800,0.004800,0.027700,0.023300,0.058300,0.003100,0.037216,0.011264,0.009920,0.010400,0.001216,1,4,48,4,1
4326,0.117000,0.130600,0.004800,0.027600,0.023100,0.058200,0.003000,0.036928,0.011232,0.009696,0.010368,0.001248,1,4,48,4,1
4327,0.118400,0.130300,0.005300,0.028100,0.023100,0.058700,0.003100,0.036864,0.011232,0.009600,0.010336,0.001280,1,4,48,4,1
4328,0.117700,0.131300,0.005000,0.028000,0.022900,0.058600,0.003000,0.036960,0.012288,0.009792,0.010432,0.001216,1,4,48,4,1
4329,0.128300,0.130900,0.005100,0.028000,0.031800,0.061300,0.001800,0.037984,0.010912,0.009696,0.010304,0.001312,1,4,48,4,1
4330,0.180100,0.141300,0.004900,0.027400,0.022600,0.062700,0.062400,0.038336,0.011136,0.009728,0.010368,0.001216,1,4,48,4,1
4331,0.144200,0.195100,0.005900,0.036600,0.027200,0.070400,0.003700,0.038048,0.011040,0.009728,0.010304,0.001216,1,4,48,4,1
4332,0.144000,0.159200,0.016200,0.028900,0.035000,0.060500,0.003100,0.039040,0.011232,0.009760,0.010464,0.001248,1,4,48,4,1
4333,0.118500,0.157200,0.004700,0.027900,0.023400,0.059200,0.003100,0.038976,0.011328,0.009664,0.010464,0.001216,1,4,48,4,1
4334,0.118600,0.131800,0.005300,0.028100,0.023400,0.058600,0.003100,0.037088,0.011296,0.009856,0.010336,0.001248,1,4,48,4,1
4335,0.118600,0.131800,0.005300,0.028000,0.023400,0.058600,0.003100,0.038496,0.011360,0.009408,0.010464,0.001216,1,4,48,4,1
4336,0.116400,0.131600,0.004900,0.027600,0.022900,0.058000,0.003000,0.037056,0.011264,0.009824,0.010336,0.001280,1,4,48,4,1
4337,0.117300,0.129500,0.004800,0.027800,0.023100,0.058400,0.003100,0.036768,0.011232,0.009568,0.010400,0.001216,1,4,48,4,1
4338,0.117200,0.130600,0.005000,0.027700,0.023100,0.058100,0.003100,0.038880,0.013664,0.009792,0.010368,0.001248,1,4,48,4,1
4339,0.117800,0.130600,0.005000,0.027600,0.022900,0.058800,0.003100,0.036768,0.011360,0.009504,0.010368,0.001216,1,4,48,4,1
4340,0.117000,0.131000,0.005000,0.027600,0.023100,0.058100,0.003100,0.036704,0.011232,0.009440,0.010432,0.001216,1,4,48,4,1
4341,0.117800,0.130400,0.005000,0.028200,0.023000,0.058500,0.003000,0.038848,0.011232,0.009536,0.010528,0.001280,1,4,48,4,1
4342,0.117700,0.131000,0.005100,0.027700,0.023700,0.058000,0.003000,0.038848,0.013728,0.009632,0.010336,0.001216,1,4,48,4,1
4343,0.122900,0.130900,0.004900,0.028000,0.022700,0.064000,0.003200,0.036832,0.011232,0.009536,0.010368,0.001248,1,4,48,4,1
4344,0.117700,0.136300,0.004700,0.028000,0.023400,0.058400,0.003000,0.037056,0.011264,0.009856,0.010336,0.001184,1,4,48,4,1
4345,0.116400,0.130800,0.004900,0.027600,0.022800,0.057900,0.003000,0.036864,0.011264,0.009632,0.010304,0.001216,1,4,48,4,1
4346,0.116200,0.129600,0.004800,0.027700,0.022800,0.057700,0.003000,0.036832,0.011168,0.009696,0.010304,0.001248,1,4,48,4,1
4347,0.118400,0.129200,0.005600,0.028100,0.023100,0.058500,0.003100,0.036896,0.011200,0.009728,0.010400,0.001216,1,4,48,4,1
4348,0.116500,0.131800,0.004900,0.027600,0.023300,0.057700,0.003000,0.036736,0.011200,0.009536,0.010336,0.001248,1,4,48,4,1
4349,0.116600,0.129700,0.004900,0.027800,0.022800,0.058000,0.003000,0.038880,0.011264,0.009728,0.010528,0.001248,1,4,48,4,1
4350,0.116800,0.129600,0.004800,0.027600,0.022900,0.058300,0.003000,0.036832,0.011136,0.009824,0.010272,0.001216,1,4,48,4,1
4351,0.115800,0.129900,0.005000,0.027700,0.022600,0.057400,0.003100,0.036928,0.011168,0.009728,0.010368,0.001248,1,4,48,4,1
4352,0.116300,0.128800,0.004800,0.027600,0.022600,0.058100,0.003100,0.037088,0.012288,0.009856,0.010496,0.001248,1,4,48,4,1
4353,0.132100,0.129300,0.016300,0.028700,0.024300,0.059500,0.003000,0.036864,0.012256,0.009728,0.010464,0.001248,1,4,48,4,1
4354,0.117200,0.145500,0.005100,0.028100,0.022500,0.058200,0.003100,0.038880,0.011264,0.009632,0.010464,0.001184,1,4,48,4,1
4355,0.116300,0.130500,0.004600,0.027700,0.023000,0.057600,0.003000,0.037408,0.011264,0.009696,0.010368,0.001216,1,4,48,4,1
4356,0.117500,0.129500,0.005100,0.027600,0.023000,0.058400,0.003000,0.036832,0.011200,0.009664,0.010368,0.001184,1,4,48,4,1
4357,0.117300,0.130500,0.004700,0.028000,0.023200,0.058200,0.003100,0.036640,0.011200,0.009440,0.010368,0.001248,1,4,48,4,1
4358,0.116300,0.130400,0.004700,0.027600,0.022800,0.057900,0.003000,0.036928,0.012288,0.009728,0.010400,0.001248,1,4,48,4,1
4359,0.119800,0.134100,0.005000,0.028400,0.023900,0.059100,0.003000,0.036960,0.011392,0.009568,0.010368,0.001280,1,4,48,4,1
4360,0.116400,0.133100,0.004900,0.027600,0.022900,0.057900,0.003000,0.036832,0.012160,0.009760,0.010400,0.001216,1,4,48,4,1
4361,0.116700,0.129800,0.004800,0.027900,0.023100,0.057700,0.003000,0.037024,0.011264,0.009824,0.010304,0.001248,1,4,48,4,1
4362,0.116700,0.129800,0.004500,0.027500,0.022800,0.058600,0.003000,0.038912,0.011264,0.009664,0.010400,0.001280,1,4,48,4,1
4363,0.116000,0.129800,0.004600,0.027600,0.022600,0.057900,0.003000,0.038816,0.011136,0.009664,0.010400,0.001248,1,4,48,4,1
4364,0.115800,0.129000,0.004700,0.027400,0.022500,0.058000,0.003000,0.037088,0.011264,0.009824,0.010368,0.001248,1,4,48,4,1
4365,0.117100,0.128800,0.004900,0.027700,0.023100,0.058300,0.003000,0.036768,0.011200,0.009536,0.010368,0.001280,1,4,48,4,1
4366,0.116700,0.130400,0.004700,0.027900,0.023000,0.058000,0.003000,0.037184,0.011264,0.009920,0.010368,0.001248,1,4,48,4,1
4367,0.115800,0.129700,0.004800,0.027700,0.022900,0.057400,0.003000,0.037056,0.012448,0.009696,0.010496,0.001216,1,4,48,4,1
4368,0.127700,0.128800,0.004500,0.027700,0.022500,0.070900,0.002000,0.036928,0.011232,0.009728,0.010368,0.001216,1,4,48,4,1
4369,0.132000,0.143200,0.005200,0.031000,0.030600,0.061900,0.003100,0.037344,0.011232,0.009632,0.010368,0.001216,1,4,48,4,1
4370,0.118500,0.145600,0.004800,0.028100,0.023600,0.058800,0.003100,0.036832,0.011168,0.009728,0.010336,0.001216,1,4,48,4,1
4371,0.118200,0.131800,0.004800,0.028100,0.023400,0.058800,0.003100,0.036992,0.011200,0.009824,0.010336,0.001248,1,4,48,4,1
4372,0.116700,0.131500,0.004700,0.027800,0.023000,0.058000,0.003000,0.038752,0.011296,0.009568,0.010432,0.001184,1,4,48,4,1
4373,0.117400,0.129900,0.004600,0.027900,0.023200,0.058600,0.003100,0.036896,0.011232,0.009664,0.010400,0.001184,1,4,48,4,1
4374,0.164800,0.130400,0.004700,0.027800,0.036700,0.092300,0.003200,0.038112,0.011264,0.009568,0.010272,0.001216,1,4,48,4,1
4375,0.119800,0.178300,0.005100,0.028600,0.021700,0.062000,0.002200,0.038688,0.011232,0.009632,0.010272,0.001184,1,4,48,4,1
4376,0.116800,0.133200,0.004900,0.028000,0.020900,0.059800,0.003200,0.038592,0.010784,0.009696,0.010304,0.001216,1,4,48,4,1
4377,0.128400,0.130200,0.005000,0.027900,0.032900,0.059300,0.003100,0.036736,0.011232,0.009536,0.010368,0.001216,1,4,48,4,1
4378,0.117600,0.141400,0.004900,0.028000,0.022900,0.058400,0.003100,0.036832,0.011232,0.009728,0.010272,0.001184,1,4,48,4,1
4379,0.117300,0.130900,0.004600,0.028000,0.022900,0.058600,0.003100,0.036960,0.011168,0.009792,0.010368,0.001248,1,4,48,4,1
4380,0.116900,0.130600,0.004800,0.027400,0.023500,0.058000,0.003100,0.039040,0.011264,0.009696,0.010528,0.001216,1,4,48,4,1
4381,0.182700,0.130300,0.004600,0.027400,0.029300,0.114600,0.006700,0.037024,0.011232,0.009760,0.010400,0.001216,1,4,48,4,1
4382,0.203300,0.212000,0.009300,0.073100,0.036000,0.080700,0.004100,0.036832,0.013728,0.009600,0.010464,0.001248,1,4,48,4,1
4383,0.150200,0.221300,0.006200,0.036300,0.030200,0.073400,0.003900,0.036928,0.011200,0.009792,0.010336,0.001248,1,4,48,4,1
4384,0.145500,0.167300,0.006000,0.034300,0.028900,0.072300,0.003800,0.036832,0.011232,0.009568,0.010368,0.001248,1,4,48,4,1
4385,0.144100,0.162300,0.005900,0.034300,0.028400,0.071500,0.003700,0.036864,0.011232,0.009664,0.010304,0.001184,1,4,48,4,1
4386,0.161200,0.160600,0.005900,0.034000,0.028600,0.088300,0.004300,0.037152,0.011296,0.009888,0.010336,0.001248,1,4,48,4,1
4387,0.143900,0.177900,0.005800,0.033800,0.028600,0.071700,0.003800,0.038912,0.011168,0.009728,0.010432,0.001216,1,4,48,4,1
4388,0.143500,0.160100,0.005800,0.033400,0.029000,0.071300,0.003800,0.039040,0.013728,0.009792,0.010272,0.001280,1,4,48,4,1
4389,0.143800,0.159600,0.005900,0.033700,0.028100,0.072000,0.003900,0.036928,0.011264,0.009600,0.010368,0.001280,1,4,48,4,1
4390,0.142800,0.159900,0.005600,0.033800,0.028700,0.070600,0.003800,0.039136,0.011232,0.009920,0.010400,0.001248,1,4,48,4,1
4391,0.141200,0.159000,0.006000,0.033400,0.027900,0.069900,0.003700,0.036960,0.011296,0.009760,0.010336,0.001216,1,4,48,4,1
4392,0.162000,0.172600,0.006200,0.038000,0.029800,0.076500,0.011100,0.036864,0.012288,0.009728,0.010464,0.001184,1,4,48,4,1
4393,0.121800,0.177200,0.004800,0.029000,0.024600,0.060200,0.003200,0.036864,0.011264,0.009664,0.010400,0.001216,1,4,48,4,1
4394,0.134700,0.135500,0.004700,0.028100,0.026600,0.071400,0.003700,0.038560,0.011232,0.009792,0.010336,0.001184,1,4,48,4,1
4395,0.163300,0.151000,0.005900,0.033700,0.028300,0.091600,0.003400,0.037056,0.011232,0.009792,0.010400,0.001248,1,4,48,4,1
4396,0.137700,0.179400,0.005800,0.036400,0.028500,0.063600,0.003300,0.036928,0.013792,0.009696,0.010432,0.001248,1,4,48,4,1
4397,0.120800,0.151400,0.004800,0.028900,0.024700,0.059200,0.003100,0.037600,0.011168,0.009856,0.010304,0.001248,1,4,48,4,1
4398,0.117700,0.134400,0.004700,0.028100,0.023500,0.058200,0.003100,0.036768,0.011232,0.009760,0.010272,0.001248,1,4,48,4,1
4399,0.123100,0.131200,0.004700,0.027900,0.023400,0.063800,0.003200,0.036864,0.011296,0.009600,0.010400,0.001216,1,4,48,4,1
4400,0.120600,0.136600,0.004800,0.027700,0.023400,0.061500,0.003100,0.038976,0.013760,0.009792,0.010400,0.001216,1,4,48,4,1
4401,0.119800,0.133700,0.005000,0.028300,0.023700,0.059400,0.003100,0.036864,0.011232,0.009696,0.010304,0.001248,1,4,48,4,1
4402,0.117600,0.132900,0.004800,0.028000,0.023300,0.058500,0.003000,0.036832,0.011264,0.009600,0.010368,0.001216,1,4,48,4,1
4403,0.117600,0.130700,0.004900,0.027900,0.022900,0.058800,0.003000,0.036704,0.011232,0.009536,0.010368,0.001216,1,4,48,4,1
4404,0.117500,0.130700,0.004800,0.027900,0.022900,0.058800,0.003000,0.036992,0.011264,0.009728,0.010400,0.001216,1,4,48,4,1
4405,0.116600,0.130700,0.004600,0.027600,0.023000,0.058100,0.003000,0.038752,0.011264,0.009696,0.010464,0.001312,1,4,48,4,1
4406,0.117400,0.129700,0.004600,0.028200,0.022900,0.058500,0.003100,0.036992,0.011328,0.009696,0.010368,0.001248,1,4,48,4,1
4407,0.118000,0.130500,0.004900,0.028000,0.023000,0.058800,0.003000,0.037088,0.011264,0.009792,0.010368,0.001248,1,4,48,4,1
4408,0.123000,0.131100,0.004700,0.028400,0.023000,0.063600,0.003100,0.036960,0.011168,0.009824,0.010336,0.001280,1,4,48,4,1
4409,0.118100,0.136400,0.004700,0.028300,0.023100,0.058600,0.003100,0.036768,0.011168,0.009664,0.010304,0.001216,1,4,48,4,1
4410,0.117200,0.131500,0.004600,0.027700,0.023200,0.058300,0.003000,0.038784,0.013760,0.009696,0.010432,0.001248,1,4,48,4,1
4411,0.117100,0.130200,0.004900,0.028000,0.023000,0.058000,0.003100,0.038848,0.011232,0.009568,0.010528,0.001216,1,4,48,4,1
4412,0.117100,0.130400,0.004800,0.027800,0.023300,0.058000,0.003000,0.036736,0.011200,0.009568,0.010368,0.001184,1,4,48,4,1
4413,0.117900,0.130300,0.005200,0.028000,0.023000,0.058400,0.003100,0.036768,0.011232,0.009536,0.010400,0.001248,1,4,48,4,1
4414,0.117100,0.131100,0.004900,0.028100,0.023100,0.057900,0.003000,0.036864,0.011200,0.009696,0.010400,0.001216,1,4,48,4,1
4415,0.137600,0.130200,0.004800,0.027800,0.024300,0.077700,0.002800,0.038912,0.011168,0.009696,0.010368,0.001216,1,4,48,4,1
4416,0.169200,0.153700,0.005600,0.036100,0.042100,0.059000,0.026300,0.037568,0.011200,0.009664,0.010304,0.001248,1,4,48,4,1
4417,0.134600,0.182900,0.005000,0.030100,0.023200,0.072500,0.003600,0.038304,0.011232,0.009536,0.010336,0.001216,1,4,48,4,1
4418,0.128100,0.147900,0.004800,0.028100,0.031100,0.060600,0.003100,0.037856,0.010848,0.009792,0.010336,0.001248,1,4,48,4,1
4419,0.119400,0.141400,0.004900,0.028200,0.023700,0.059400,0.003100,0.036992,0.011296,0.009632,0.010432,0.001248,1,4,48,4,1
4420,0.117200,0.132700,0.004600,0.027600,0.023400,0.058300,0.003000,0.036992,0.011264,0.009696,0.010432,0.001216,1,4,48,4,1
4421,0.119300,0.130400,0.004700,0.028700,0.023600,0.059100,0.003100,0.036864,0.011232,0.009696,0.010304,0.001216,1,4,48,4,1
4422,0.118400,0.132500,0.004900,0.028100,0.023300,0.059000,0.003000,0.036736,0.011136,0.009696,0.010336,0.001280,1,4,48,4,1
4423,0.118700,0.131600,0.005000,0.028000,0.023200,0.059300,0.003100,0.036864,0.011200,0.009696,0.010368,0.001248,1,4,48,4,1
4424,0.119300,0.131900,0.005100,0.028000,0.023800,0.059300,0.003000,0.036960,0.011264,0.009760,0.010336,0.001216,1,4,48,4,1
4425,0.118300,0.132400,0.004800,0.027900,0.023100,0.059200,0.003100,0.039008,0.011296,0.009856,0.010400,0.001184,1,4,48,4,1
4426,0.117700,0.131600,0.004700,0.027700,0.023500,0.058500,0.003000,0.038816,0.011232,0.009536,0.010432,0.001216,1,4,48,4,1
4427,0.118000,0.131000,0.004900,0.028100,0.023300,0.058600,0.003100,0.036608,0.012224,0.009536,0.010464,0.001248,1,4,48,4,1
4428,0.118200,0.131300,0.004800,0.027600,0.023500,0.059200,0.003100,0.036864,0.011264,0.009568,0.010400,0.001184,1,4,48,4,1
4429,0.122800,0.131300,0.004600,0.028000,0.023200,0.058800,0.008100,0.036896,0.011200,0.009792,0.010304,0.001216,1,4,48,4,1
4430,0.120700,0.136100,0.005000,0.028800,0.024400,0.059200,0.003000,0.037024,0.011200,0.009888,0.010336,0.001248,1,4,48,4,1
4431,0.132200,0.133800,0.005200,0.041200,0.023400,0.059100,0.003100,0.036928,0.011264,0.009728,0.010272,0.001216,1,4,48,4,1
4432,0.118100,0.145400,0.005100,0.028100,0.023200,0.058500,0.003000,0.036832,0.011232,0.009664,0.010336,0.001216,1,4,48,4,1
4433,0.118400,0.131600,0.004900,0.028000,0.023500,0.058900,0.003100,0.038688,0.011296,0.009696,0.010368,0.001216,1,4,48,4,1
4434,0.118000,0.131500,0.004800,0.027800,0.023300,0.058900,0.003100,0.036608,0.011168,0.009504,0.010336,0.001216,1,4,48,4,1
4435,0.118000,0.131100,0.004800,0.027800,0.023400,0.058800,0.003000,0.036896,0.011232,0.009632,0.010400,0.001216,1,4,48,4,1
4436,0.116700,0.131200,0.004700,0.027800,0.023300,0.057800,0.003000,0.038912,0.013728,0.009600,0.010432,0.001216,1,4,48,4,1
4437,0.122800,0.130000,0.004800,0.027500,0.028000,0.059200,0.003000,0.036768,0.012352,0.009664,0.010432,0.001184,1,4,48,4,1
4438,0.117800,0.136000,0.004900,0.028100,0.023200,0.058600,0.003000,0.036896,0.011360,0.009632,0.010336,0.001152,1,4,48,4,1
4439,0.116900,0.131200,0.004700,0.027700,0.023300,0.058100,0.003100,0.036800,0.011232,0.009600,0.010400,0.001216,1,4,48,4,1
4440,0.118100,0.130100,0.004800,0.027500,0.023400,0.059300,0.003100,0.037056,0.011296,0.009792,0.010336,0.001280,1,4,48,4,1
4441,0.117900,0.131400,0.004700,0.027900,0.023600,0.058600,0.003000,0.036896,0.012288,0.009536,0.010560,0.001248,1,4,48,4,1
4442,0.117600,0.131100,0.004900,0.027700,0.023300,0.058400,0.003000,0.036928,0.011200,0.009664,0.010304,0.001312,1,4,48,4,1
4443,0.118000,0.130900,0.004900,0.027800,0.023300,0.058900,0.003100,0.038560,0.011104,0.009728,0.010368,0.001216,1,4,48,4,1
4444,0.117800,0.131200,0.005100,0.027800,0.023600,0.058200,0.003000,0.037024,0.012320,0.009792,0.010432,0.001216,1,4,48,4,1
4445,0.119200,0.135700,0.005000,0.028500,0.023900,0.058600,0.003000,0.038400,0.011232,0.009312,0.010528,0.001216,1,4,48,4,1
4446,0.127700,0.132600,0.004800,0.027800,0.020800,0.071000,0.003100,0.037632,0.011232,0.009664,0.010304,0.001216,1,4,48,4,1
4447,0.120400,0.140900,0.005100,0.027700,0.025900,0.058300,0.003000,0.038880,0.011232,0.009600,0.010432,0.001248,1,4,48,4,1
4448,0.117600,0.133500,0.004800,0.028000,0.023300,0.058300,0.003000,0.037024,0.011168,0.009824,0.010336,0.001280,1,4,48,4,1
4449,0.118200,0.130700,0.004900,0.027800,0.023300,0.058900,0.003000,0.036896,0.011264,0.009568,0.010432,0.001248,1,4,48,4,1
4450,0.117500,0.131400,0.004700,0.028000,0.023300,0.058300,0.003100,0.036928,0.011200,0.009792,0.010368,0.001216,1,4,48,4,1
4451,0.116000,0.130900,0.004900,0.027900,0.023100,0.057700,0.002400,0.036736,0.011264,0.009440,0.010400,0.001216,1,4,48,4,1
4452,0.122000,0.129300,0.005000,0.027800,0.023300,0.062800,0.003000,0.038944,0.011232,0.009792,0.010560,0.001216,1,4,48,4,1
4453,0.116700,0.135000,0.004600,0.027700,0.023100,0.057900,0.003100,0.036800,0.011232,0.009536,0.010400,0.001216,1,4,48,4,1
4454,0.122000,0.130000,0.004700,0.027800,0.027500,0.058800,0.003100,0.036896,0.011168,0.009824,0.010304,0.001184,1,4,48,4,1
4455,0.118000,0.135300,0.005000,0.028000,0.023100,0.058800,0.003100,0.036672,0.011264,0.009440,0.010368,0.001184,1,4,48,4,1
4456,0.116700,0.131100,0.004700,0.027700,0.023300,0.057900,0.003000,0.036992,0.011264,0.009728,0.010368,0.001248,1,4,48,4,1
4457,0.117200,0.129900,0.004500,0.028000,0.023100,0.058600,0.003000,0.036544,0.011264,0.009344,0.010464,0.001248,1,4,48,4,1
4458,0.118100,0.130500,0.004800,0.027900,0.023400,0.058800,0.003100,0.036864,0.011200,0.009600,0.010400,0.001280,1,4,48,4,1
4459,0.116500,0.131400,0.004800,0.027600,0.023000,0.058000,0.003100,0.036736,0.011200,0.009504,0.010432,0.001248,1,4,48,4,1
4460,0.135100,0.129800,0.004900,0.033200,0.032300,0.061600,0.003100,0.039040,0.011296,0.009728,0.010464,0.001248,1,4,48,4,1
4461,0.139200,0.149200,0.008800,0.027700,0.024200,0.075200,0.003200,0.036832,0.012000,0.009568,0.010528,0.001216,1,4,48,4,1
4462,0.117400,0.152500,0.004800,0.027800,0.023500,0.058100,0.003000,0.037152,0.011296,0.009984,0.010304,0.001216,1,4,48,4,1
4463,0.117600,0.130500,0.004700,0.027600,0.023000,0.058900,0.003100,0.038912,0.011360,0.009760,0.010496,0.001184,1,4,48,4,1
4464,0.117900,0.130700,0.004800,0.028000,0.023300,0.058700,0.003000,0.036832,0.011328,0.009472,0.010400,0.001280,1,4,48,4,1
4465,0.117700,0.131300,0.005000,0.027700,0.023400,0.058400,0.003100,0.036928,0.012288,0.009728,0.010464,0.001184,1,4,48,4,1
4466,0.118900,0.131100,0.004700,0.027400,0.023300,0.060200,0.003100,0.038816,0.013760,0.009728,0.010368,0.001248,1,4,48,4,1
4467,0.117600,0.132300,0.004900,0.028000,0.023100,0.058500,0.003000,0.038912,0.011200,0.009568,0.010432,0.001216,1,4,48,4,1
4468,0.117400,0.130600,0.004900,0.027800,0.023300,0.058200,0.003000,0.036992,0.011232,0.009696,0.010464,0.001248,1,4,48,4,1
4469,0.117000,0.130300,0.004600,0.027900,0.023000,0.058300,0.003000,0.036800,0.011264,0.009600,0.010304,0.001248,1,4,48,4,1
4470,0.118000,0.130200,0.004600,0.027400,0.023400,0.059300,0.003100,0.036800,0.011264,0.009568,0.010368,0.001248,1,4,48,4,1
4471,0.117100,0.131300,0.004700,0.027800,0.023100,0.058400,0.003100,0.037024,0.012288,0.009728,0.010496,0.001248,1,4,48,4,1
4472,0.116800,0.130600,0.004600,0.027800,0.023100,0.058100,0.003000,0.037056,0.011232,0.009856,0.010400,0.001248,1,4,48,4,1
4473,0.117900,0.130000,0.004800,0.027700,0.023200,0.059000,0.003100,0.036960,0.011232,0.009728,0.010336,0.001248,1,4,48,4,1
4474,0.117000,0.130900,0.004700,0.027700,0.023200,0.058100,0.003100,0.038976,0.013696,0.009760,0.010368,0.001248,1,4,48,4,1
4475,0.123800,0.130400,0.004700,0.033100,0.023800,0.059100,0.003000,0.037056,0.011200,0.009856,0.010368,0.001184,1,4,48,4,1
4476,0.117600,0.137600,0.004700,0.028000,0.023800,0.057900,0.003200,0.036960,0.011328,0.009696,0.010304,0.001184,1,4,48,4,1
4477,0.116900,0.130800,0.004600,0.028100,0.023200,0.057700,0.003100,0.036800,0.011232,0.009568,0.010368,0.001248,1,4,48,4,1
4478,0.117000,0.130100,0.005200,0.027700,0.023100,0.057800,0.003100,0.036928,0.011200,0.009632,0.010464,0.001216,1,4,48,4,1
4479,0.116700,0.130300,0.004800,0.027700,0.023200,0.057900,0.003100,0.036672,0.012320,0.009472,0.010432,0.001216,1,4,48,4,1
4480,0.116500,0.129800,0.004800,0.027500,0.023200,0.057900,0.003100,0.036832,0.011232,0.009632,0.010336,0.001184,1,4,48,4,1
4481,0.115800,0.129700,0.004700,0.027600,0.023000,0.057300,0.003100,0.036928,0.011200,0.009760,0.010336,0.001216,1,4,48,4,1
4482,0.116700,0.129000,0.004700,0.028000,0.023100,0.057700,0.003100,0.037088,0.011200,0.009888,0.010368,0.001248,1,4,48,4,1
4483,0.116900,0.129900,0.004700,0.027700,0.023700,0.057500,0.003200,0.038720,0.013792,0.009728,0.010304,0.001248,1,4,48,4,1
4484,0.116600,0.130300,0.004800,0.027800,0.023200,0.057600,0.003200,0.037248,0.011200,0.010080,0.010368,0.001216,1,4,48,4,1
4485,0.117800,0.129800,0.004800,0.028100,0.023200,0.058400,0.003200,0.036640,0.011232,0.009376,0.010368,0.001248,1,4,48,4,1
4486,0.117000,0.131000,0.004900,0.027800,0.023300,0.057400,0.003300,0.037024,0.011232,0.009856,0.010336,0.001248,1,4,48,4,1
4487,0.117300,0.130400,0.005000,0.028000,0.023300,0.057800,0.003200,0.039072,0.011264,0.009856,0.010400,0.001216,1,4,48,4,1
4488,0.117000,0.130800,0.004500,0.027800,0.023200,0.058300,0.003100,0.036928,0.011168,0.009728,0.010400,0.001248,1,4,48,4,1
4489,0.117100,0.130200,0.005100,0.028000,0.023100,0.057700,0.003200,0.036992,0.011264,0.009728,0.010336,0.001216,1,4,48,4,1
4490,0.121700,0.130300,0.004800,0.027800,0.023300,0.062600,0.003100,0.037056,0.011264,0.009824,0.010368,0.001248,1,4,48,4,1
4491,0.118200,0.135000,0.005200,0.028100,0.023300,0.058300,0.003300,0.039072,0.011296,0.009760,0.010464,0.001216,1,4,48,4,1
4492,0.116600,0.131300,0.004700,0.027900,0.023000,0.057700,0.003200,0.037088,0.011232,0.009952,0.010400,0.001248,1,4,48,4,1
4493,0.117200,0.130000,0.004700,0.028000,0.023500,0.057700,0.003100,0.037024,0.011264,0.009728,0.010368,0.001280,1,4,48,4,1
4494,0.116800,0.130500,0.004900,0.027800,0.023100,0.057700,0.003100,0.036864,0.011296,0.009664,0.010336,0.001216,1,4,48,4,1
4495,0.203700,0.130000,0.004700,0.027600,0.023400,0.142100,0.005800,0.038784,0.011296,0.009728,0.010464,0.001216,1,4,48,4,1
4496,0.224100,0.238400,0.008100,0.077400,0.041200,0.093100,0.004100,0.037056,0.011168,0.009664,0.010336,0.001216,1,4,48,4,1
4497,0.155700,0.244800,0.007400,0.041100,0.029500,0.073400,0.004300,0.037056,0.011264,0.009760,0.010432,0.001216,1,4,48,4,1
4498,0.145600,0.172600,0.005800,0.034000,0.029100,0.072700,0.003800,0.039104,0.013856,0.009728,0.010368,0.001248,1,4,48,4,1
4499,0.177400,0.162500,0.005700,0.034100,0.028800,0.104400,0.004400,0.036896,0.011232,0.009664,0.010368,0.001216,1,4,48,4,1
4500,0.165700,0.194300,0.006000,0.034600,0.038200,0.076400,0.010400,0.038592,0.011136,0.009600,0.010304,0.001216,1,4,48,4,1
4501,0.143600,0.182300,0.005700,0.034200,0.028400,0.071200,0.003800,0.036864,0.011200,0.009632,0.010368,0.001216,1,4,48,4,1
4502,0.143300,0.159800,0.006000,0.033700,0.028400,0.071300,0.003800,0.038976,0.013760,0.009824,0.010272,0.001248,1,4,48,4,1
4503,0.146700,0.159500,0.006000,0.034300,0.028200,0.074300,0.003800,0.036768,0.013792,0.009664,0.010432,0.001216,1,4,48,4,1
4504,0.141400,0.163000,0.005800,0.033600,0.027900,0.070200,0.003700,0.036960,0.013760,0.009824,0.010400,0.001248,1,4,48,4,1
4505,0.159400,0.157700,0.005700,0.052700,0.029400,0.068200,0.003200,0.036928,0.011200,0.009696,0.010336,0.001280,1,4,48,4,1
4506,0.135600,0.174600,0.005300,0.042000,0.024800,0.060300,0.003200,0.037056,0.011264,0.009824,0.010336,0.001216,1,4,48,4,1
4507,0.119800,0.149300,0.004900,0.028700,0.024100,0.058900,0.003100,0.036800,0.011232,0.009600,0.010304,0.001280,1,4,48,4,1
4508,0.119100,0.133000,0.004800,0.027900,0.023800,0.059200,0.003200,0.037088,0.011264,0.009824,0.010400,0.001216,1,4,48,4,1
4509,0.118500,0.132400,0.004900,0.028000,0.023600,0.058900,0.003100,0.037056,0.011136,0.009920,0.010400,0.001184,1,4,48,4,1
4510,0.116900,0.131700,0.004800,0.027600,0.023300,0.057900,0.003100,0.038720,0.011264,0.009728,0.010432,0.001184,1,4,48,4,1
4511,0.117500,0.130100,0.004700,0.028000,0.023000,0.058500,0.003100,0.037088,0.011424,0.009664,0.010400,0.001248,1,4,48,4,1
4512,0.116700,0.130800,0.004600,0.027900,0.023000,0.057900,0.003200,0.036896,0.011264,0.009664,0.010336,0.001248,1,4,48,4,1
4513,0.117200,0.129900,0.004800,0.027800,0.023500,0.057800,0.003200,0.036768,0.011232,0.009568,0.010368,0.001248,1,4,48,4,1
4514,0.117700,0.130300,0.004700,0.028000,0.023300,0.058600,0.003100,0.039040,0.011200,0.009760,0.010496,0.001248,1,4,48,4,1
4515,0.118400,0.131000,0.004900,0.028000,0.023300,0.059400,0.002700,0.036832,0.011264,0.009632,0.010304,0.001248,1,4,48,4,1
4516,0.117300,0.131600,0.004700,0.027900,0.023300,0.057900,0.003100,0.038560,0.013696,0.009600,0.010336,0.001248,1,4,48,4,1
4517,0.117200,0.130400,0.004600,0.027800,0.023300,0.058200,0.003100,0.036864,0.011232,0.009664,0.010336,0.001184,1,4,48,4,1
4518,0.124200,0.130400,0.004900,0.033400,0.024100,0.058500,0.003200,0.038944,0.013760,0.009632,0.010400,0.001248,1,4,48,4,1
4519,0.116300,0.137900,0.004700,0.027800,0.023300,0.057300,0.003200,0.036928,0.011264,0.009632,0.010368,0.001248,1,4,48,4,1
4520,0.117900,0.129400,0.004700,0.027800,0.023300,0.058900,0.003100,0.036960,0.012256,0.009792,0.010400,0.001248,1,4,48,4,1
4521,0.117300,0.131100,0.004900,0.028000,0.023600,0.057600,0.003100,0.038528,0.013792,0.009440,0.010432,0.001248,1,4,48,4,1
4522,0.115900,0.130700,0.004600,0.027900,0.023100,0.057200,0.003000,0.038496,0.011200,0.009664,0.010368,0.001248,1,4,48,4,1
4523,0.115700,0.129100,0.005100,0.027400,0.023000,0.058200,0.001900,0.038784,0.011392,0.009344,0.010432,0.001216,1,4,48,4,1
4524,0.122400,0.129200,0.005000,0.027900,0.023000,0.063100,0.003300,0.037600,0.011232,0.009728,0.010432,0.001216,1,4,48,4,1
4525,0.116600,0.135900,0.004800,0.028100,0.023400,0.057000,0.003100,0.037024,0.011232,0.009856,0.010336,0.001280,1,4,48,4,1
4526,0.117500,0.129700,0.004800,0.027800,0.023400,0.058300,0.003200,0.039136,0.011264,0.009888,0.010432,0.001216,1,4,48,4,1
4527,0.118500,0.130700,0.004800,0.027800,0.023300,0.059300,0.003100,0.036832,0.012320,0.009632,0.010432,0.001248,1,4,48,4,1
4528,0.116900,0.131900,0.004800,0.027800,0.023600,0.057500,0.003100,0.036896,0.012288,0.009728,0.010400,0.001248,1,4,48,4,1
4529,0.117000,0.130100,0.004800,0.027700,0.023100,0.058200,0.003200,0.036768,0.011200,0.009472,0.010432,0.001280,1,4,48,4,1
4530,0.117000,0.130200,0.004800,0.028000,0.022900,0.058000,0.003200,0.036960,0.011200,0.009792,0.010432,0.001184,1,4,48,4,1
4531,0.115600,0.130300,0.004600,0.027400,0.023000,0.057200,0.003200,0.036736,0.011200,0.009536,0.010336,0.001216,1,4,48,4,1
4532,0.116900,0.128900,0.004700,0.027600,0.023500,0.058000,0.003100,0.037024,0.011296,0.009760,0.010336,0.001216,1,4,48,4,1
4533,0.123300,0.130200,0.004900,0.027900,0.023100,0.064000,0.003200,0.036928,0.011232,0.009760,0.010368,0.001216,1,4,48,4,1
4534,0.117400,0.136700,0.004500,0.028300,0.023000,0.058100,0.003200,0.036768,0.011232,0.009632,0.010272,0.001216,1,4,48,4,1
4535,0.117200,0.130700,0.005000,0.027700,0.023400,0.057800,0.003200,0.039008,0.013760,0.009632,0.010400,0.001280,1,4,48,4,1
4536,0.116600,0.130600,0.004900,0.027800,0.022900,0.057800,0.003100,0.036896,0.011168,0.009824,0.010336,0.001184,1,4,48,4,1
4537,0.115800,0.129700,0.004700,0.027500,0.023000,0.057200,0.003100,0.036992,0.011264,0.009632,0.010464,0.001248,1,4,48,4,1
4538,0.117400,0.128900,0.004800,0.027700,0.023500,0.058200,0.003100,0.039168,0.011296,0.009888,0.010368,0.001216,1,4,48,4,1
4539,0.115900,0.130700,0.004900,0.027600,0.022900,0.057100,0.003100,0.037632,0.011040,0.009600,0.010304,0.001248,1,4,48,4,1
4540,0.116700,0.129100,0.005000,0.027400,0.023100,0.058000,0.003100,0.036896,0.011296,0.009632,0.010368,0.001248,1,4,48,4,1
4541,0.133600,0.129900,0.005000,0.027800,0.023500,0.074000,0.003100,0.038912,0.011232,0.009632,0.010496,0.001216,1,4,48,4,1
4542,0.115700,0.146800,0.004600,0.027500,0.023100,0.057100,0.003000,0.036992,0.011264,0.009792,0.010368,0.001184,1,4,48,4,1
4543,0.115700,0.128700,0.004600,0.027600,0.023000,0.057200,0.003000,0.038624,0.013792,0.009504,0.010432,0.001184,1,4,48,4,1
4544,0.116200,0.128900,0.004500,0.027500,0.023100,0.057800,0.003100,0.036928,0.012352,0.009728,0.010368,0.001216,1,4,48,4,1
4545,0.115900,0.129700,0.004900,0.027500,0.022700,0.057600,0.003100,0.036928,0.011264,0.009632,0.010400,0.001248,1,4,48,4,1
4546,0.115500,0.129200,0.004700,0.027700,0.022700,0.057200,0.003200,0.036864,0.012320,0.009632,0.010496,0.001184,1,4,48,4,1
4547,0.118200,0.128600,0.004900,0.027400,0.023200,0.059500,0.003200,0.036672,0.011200,0.009504,0.010368,0.001184,1,4,48,4,1
4548,0.134200,0.131500,0.004800,0.027600,0.031800,0.067900,0.001900,0.037376,0.011232,0.009760,0.010336,0.001312,1,4,48,4,1
4549,0.147900,0.147500,0.004800,0.033300,0.026600,0.054100,0.028900,0.038336,0.011232,0.009568,0.010400,0.001248,1,4,48,4,1
4550,0.153700,0.161600,0.004800,0.029600,0.022400,0.088700,0.008000,0.037088,0.011104,0.009472,0.010368,0.001184,1,4,48,4,1
4551,0.248700,0.172600,0.007100,0.089800,0.034300,0.112800,0.004600,0.036960,0.013856,0.009728,0.010336,0.001280,1,4,48,4,1
4552,0.186600,0.266100,0.006200,0.036900,0.030700,0.108400,0.004300,0.039072,0.011296,0.009696,0.010496,0.001280,1,4,48,4,1
4553,0.183600,0.203700,0.005900,0.036900,0.030000,0.106400,0.004300,0.036704,0.011168,0.009472,0.010400,0.001280,1,4,48,4,1
4554,0.184900,0.200600,0.006200,0.036800,0.029900,0.107700,0.004200,0.036832,0.011200,0.009728,0.010336,0.001184,1,4,48,4,1
4555,0.183000,0.202000,0.005800,0.037200,0.029500,0.106200,0.004100,0.039040,0.013792,0.009728,0.010336,0.001248,1,4,48,4,1
4556,0.182900,0.199800,0.006000,0.036600,0.029300,0.106800,0.004100,0.036800,0.011232,0.009632,0.010304,0.001216,1,4,48,4,1
4557,0.184100,0.199900,0.006200,0.036700,0.029800,0.107300,0.004000,0.036704,0.011200,0.009536,0.010400,0.001216,1,4,48,4,1
4558,0.181600,0.200800,0.006200,0.036300,0.029900,0.104900,0.004100,0.037440,0.010848,0.009472,0.010368,0.001280,1,4,48,4,1
4559,0.148200,0.198500,0.006000,0.053100,0.024800,0.060900,0.003300,0.037696,0.011136,0.009760,0.010368,0.001248,1,4,48,4,1
4560,0.119200,0.162600,0.005200,0.028400,0.024200,0.058000,0.003100,0.036992,0.011200,0.009888,0.010304,0.001216,1,4,48,4,1
4561,0.117700,0.132600,0.005100,0.028300,0.022900,0.058100,0.003100,0.036800,0.012288,0.009696,0.010400,0.001184,1,4,48,4,1
4562,0.117500,0.131200,0.004800,0.027800,0.023400,0.058300,0.003100,0.037216,0.011232,0.009984,0.010336,0.001248,1,4,48,4,1
4563,0.117500,0.130600,0.004800,0.027900,0.023200,0.058100,0.003200,0.038784,0.013696,0.009600,0.010368,0.001184,1,4,48,4,1
4564,0.116700,0.130800,0.004800,0.027600,0.023100,0.057900,0.003100,0.036768,0.011296,0.009632,0.010336,0.001248,1,4,48,4,1
4565,0.129200,0.130000,0.004800,0.027900,0.023400,0.069300,0.003800,0.036992,0.012288,0.009792,0.010432,0.001280,1,4,48,4,1
4566,0.141300,0.145600,0.005900,0.033100,0.028100,0.070200,0.003800,0.036864,0.011264,0.009696,0.010304,0.001216,1,4,48,4,1
4567,0.149700,0.157500,0.005800,0.033700,0.027700,0.071000,0.011300,0.036864,0.011264,0.009664,0.010272,0.001248,1,4,48,4,1
4568,0.141200,0.165800,0.005500,0.033500,0.027700,0.070600,0.003800,0.036768,0.011264,0.009664,0.010272,0.001184,1,4,48,4,1
4569,0.141200,0.157400,0.005700,0.033500,0.028100,0.069900,0.003800,0.036992,0.012224,0.009856,0.010464,0.001184,1,4,48,4,1
4570,0.140900,0.157300,0.005500,0.033400,0.027800,0.070200,0.003700,0.036960,0.012288,0.009760,0.010432,0.001280,1,4,48,4,1
4571,0.142400,0.157000,0.005600,0.040100,0.028200,0.065000,0.003100,0.036800,0.011168,0.009728,0.010240,0.001248,1,4,48,4,1
4572,0.116500,0.155800,0.004600,0.027900,0.023300,0.057500,0.003200,0.039072,0.013792,0.009856,0.010368,0.001184,1,4,48,4,1
4573,0.116400,0.129700,0.004800,0.027700,0.023100,0.057400,0.003100,0.037024,0.012384,0.009696,0.010496,0.001248,1,4,48,4,1
4574,0.116900,0.129700,0.004900,0.027700,0.023200,0.057800,0.003100,0.036960,0.012320,0.009856,0.010400,0.001216,1,4,48,4,1
4575,0.116300,0.130000,0.005000,0.027600,0.023200,0.057400,0.003000,0.036768,0.011264,0.009536,0.010272,0.001280,1,4,48,4,1
4576,0.116500,0.129500,0.004800,0.027700,0.023000,0.057500,0.003100,0.039136,0.011296,0.009824,0.010432,0.001312,1,4,48,4,1
4577,0.117200,0.129800,0.004900,0.027900,0.023100,0.058100,0.003200,0.036640,0.012256,0.009600,0.010432,0.001280,1,4,48,4,1
4578,0.116500,0.130300,0.004800,0.027700,0.023200,0.057400,0.003100,0.036704,0.011232,0.009568,0.010240,0.001216,1,4,48,4,1
4579,0.115400,0.129600,0.004600,0.027600,0.022900,0.057100,0.003200,0.036896,0.012288,0.009760,0.010432,0.001216,1,4,48,4,1
4580,0.116700,0.128400,0.004600,0.027400,0.023400,0.058100,0.003100,0.036896,0.011200,0.009664,0.010400,0.001248,1,4,48,4,1
4581,0.191600,0.129900,0.004900,0.027600,0.050600,0.103900,0.004500,0.036960,0.013728,0.009760,0.010432,0.001248,1,4,48,4,1
4582,0.153300,0.210500,0.006700,0.038500,0.029800,0.073900,0.004100,0.038912,0.011328,0.009632,0.010432,0.001184,1,4,48,4,1
4583,0.144800,0.170000,0.005700,0.034700,0.028400,0.072000,0.003800,0.036864,0.011232,0.009760,0.010240,0.001216,1,4,48,4,1
4584,0.181500,0.161400,0.023400,0.036200,0.030600,0.087500,0.003700,0.036704,0.011264,0.009568,0.010304,0.001184,1,4,48,4,1
4585,0.144300,0.198800,0.005700,0.034700,0.028500,0.072100,0.003200,0.038784,0.011200,0.009632,0.010240,0.001248,1,4,48,4,1
4586,0.144400,0.160700,0.005800,0.033800,0.024900,0.075900,0.003900,0.037792,0.010784,0.009600,0.010272,0.001184,1,4,48,4,1
4587,0.142700,0.160500,0.005900,0.034400,0.028200,0.070200,0.003700,0.036896,0.012224,0.009760,0.010400,0.001216,1,4,48,4,1
4588,0.141700,0.158800,0.005400,0.033700,0.028200,0.070400,0.003600,0.036704,0.011232,0.009568,0.010368,0.001184,1,4,48,4,1
4589,0.141100,0.158100,0.005800,0.034000,0.027700,0.069600,0.003800,0.036864,0.011136,0.009792,0.010304,0.001248,1,4,48,4,1
4590,0.143200,0.157200,0.005400,0.033900,0.027700,0.072100,0.003700,0.036800,0.013728,0.009696,0.010496,0.001216,1,4,48,4,1
4591,0.142900,0.159500,0.005900,0.033700,0.027900,0.072200,0.003200,0.036640,0.011264,0.009504,0.010272,0.001248,1,4,48,4,1
4592,0.117800,0.156200,0.004800,0.028300,0.023300,0.058100,0.003000,0.038464,0.013728,0.009824,0.010304,0.001216,1,4,48,4,1
4593,0.117700,0.131200,0.005100,0.028200,0.023100,0.058100,0.003000,0.036864,0.012288,0.009696,0.010464,0.001184,1,4,48,4,1
4594,0.117700,0.131000,0.004800,0.027600,0.023400,0.058600,0.003100,0.036768,0.011136,0.009760,0.010304,0.001184,1,4,48,4,1
4595,0.117900,0.130800,0.004700,0.027700,0.023300,0.059100,0.003000,0.036896,0.012320,0.009664,0.010464,0.001216,1,4,48,4,1
4596,0.117300,0.131000,0.004800,0.027500,0.023400,0.058200,0.003000,0.036960,0.012352,0.009856,0.010336,0.001216,1,4,48,4,1
4597,0.117000,0.130400,0.004700,0.027700,0.022900,0.058300,0.003100,0.036832,0.011200,0.009664,0.010368,0.001248,1,4,48,4,1
4598,0.116600,0.130300,0.004700,0.027600,0.023300,0.057900,0.002900,0.036992,0.011136,0.009952,0.010304,0.001216,1,4,48,4,1
4599,0.117300,0.129600,0.004800,0.027900,0.023200,0.058200,0.003100,0.038688,0.011328,0.009344,0.010496,0.001216,1,4,48,4,1
4600,0.120000,0.130800,0.004700,0.028000,0.022800,0.061300,0.003000,0.036960,0.011264,0.009760,0.010272,0.001280,1,4,48,4,1
4601,0.117500,0.133200,0.004700,0.028100,0.023200,0.058400,0.003000,0.038688,0.013728,0.009696,0.010272,0.001216,1,4,48,4,1
4602,0.116500,0.130800,0.004600,0.027500,0.023200,0.058000,0.003000,0.038976,0.011296,0.009664,0.010432,0.001312,1,4,48,4,1
4603,0.180600,0.129700,0.004600,0.027500,0.036300,0.106300,0.005500,0.037408,0.010528,0.009568,0.010272,0.001216,1,4,48,4,1
4604,0.143900,0.207600,0.010500,0.036400,0.029300,0.064200,0.003200,0.037344,0.011136,0.009600,0.010240,0.001216,1,4,48,4,1
4605,0.129200,0.157400,0.005100,0.028300,0.023800,0.068800,0.003100,0.037056,0.011264,0.009824,0.010304,0.001280,1,4,48,4,1
4606,0.117700,0.142600,0.004800,0.027700,0.023400,0.058800,0.003000,0.036992,0.012320,0.009824,0.010432,0.001248,1,4,48,4,1
4607,0.118100,0.131100,0.004900,0.027600,0.023700,0.058700,0.003100,0.036768,0.011296,0.009632,0.010272,0.001184,1,4,48,4,1
4608,0.117700,0.131500,0.004600,0.027900,0.023500,0.058600,0.003100,0.038592,0.013696,0.009536,0.010368,0.001280,1,4,48,4,1
4609,0.117400,0.130800,0.004700,0.027600,0.023000,0.058900,0.003100,0.036800,0.011200,0.009696,0.010304,0.001216,1,4,48,4,1
4610,0.127200,0.130700,0.004700,0.037600,0.023200,0.058600,0.003100,0.037088,0.012352,0.009856,0.010432,0.001216,1,4,48,4,1
4611,0.117000,0.140500,0.004900,0.027800,0.022700,0.058300,0.003100,0.036640,0.011264,0.009536,0.010240,0.001184,1,4,48,4,1
4612,0.117200,0.130300,0.005000,0.027600,0.022800,0.058800,0.003000,0.036992,0.011232,0.009888,0.010272,0.001248,1,4,48,4,1
4613,0.117600,0.130300,0.004700,0.027500,0.023100,0.058700,0.003100,0.036768,0.011264,0.009600,0.010304,0.001184,1,4,48,4,1
4614,0.116400,0.130700,0.004600,0.027800,0.023100,0.057700,0.003000,0.037152,0.012352,0.009856,0.010432,0.001280,1,4,48,4,1
4615,0.117600,0.129500,0.004700,0.027900,0.023000,0.058800,0.003000,0.037024,0.011296,0.009792,0.010304,0.001280,1,4,48,4,1
4616,0.123500,0.130800,0.004800,0.027800,0.023100,0.064500,0.003100,0.038912,0.013888,0.009600,0.010336,0.001248,1,4,48,4,1
4617,0.117400,0.136800,0.004900,0.028100,0.023000,0.058100,0.003100,0.039040,0.011200,0.009856,0.010400,0.001248,1,4,48,4,1
4618,0.117100,0.130500,0.004800,0.027900,0.023000,0.058200,0.003000,0.038720,0.011328,0.009504,0.010432,0.001184,1,4,48,4,1
4619,0.116500,0.130400,0.004800,0.027800,0.023100,0.057600,0.003000,0.036576,0.011136,0.009504,0.010336,0.001216,1,4,48,4,1
4620,0.116200,0.129700,0.004700,0.027600,0.023000,0.057700,0.003100,0.037216,0.011424,0.009888,0.010336,0.001248,1,4,48,4,1
4621,0.116400,0.129300,0.004600,0.027800,0.022700,0.058100,0.003100,0.038560,0.011200,0.009664,0.010432,0.001216,1,4,48,4,1
4622,0.117200,0.129500,0.004700,0.027700,0.023200,0.058400,0.003100,0.036640,0.012320,0.009568,0.010400,0.001184,1,4,48,4,1
4623,0.117100,0.130500,0.004900,0.027700,0.023400,0.057900,0.003100,0.037024,0.011264,0.009856,0.010304,0.001216,1,4,48,4,1
4624,0.116200,0.130300,0.004600,0.027500,0.022800,0.058100,0.003000,0.036864,0.011296,0.009664,0.010304,0.001216,1,4,48,4,1
4625,0.117500,0.129300,0.004700,0.027900,0.023400,0.058400,0.003100,0.038848,0.011264,0.009600,0.010432,0.001216,1,4,48,4,1
4626,0.116400,0.130600,0.004500,0.027800,0.022800,0.058100,0.003100,0.036992,0.012352,0.009824,0.010400,0.001216,1,4,48,4,1
4627,0.116600,0.129800,0.004800,0.027900,0.022700,0.058100,0.003100,0.036800,0.011232,0.009600,0.010336,0.001216,1,4,48,4,1
4628,0.116100,0.129900,0.004600,0.027700,0.022800,0.057900,0.003100,0.038688,0.011232,0.009664,0.010432,0.001248,1,4,48,4,1
4629,0.116800,0.129300,0.005000,0.028000,0.023100,0.058500,0.002000,0.036736,0.011264,0.009632,0.010272,0.001184,1,4,48,4,1
4630,0.112900,0.130000,0.004700,0.028000,0.022900,0.055100,0.001900,0.038176,0.010976,0.009632,0.010240,0.001248,1,4,48,4,1
4631,0.113600,0.126100,0.004500,0.027500,0.020000,0.059300,0.002200,0.037952,0.010848,0.009760,0.010304,0.001216,1,4,48,4,1
4632,0.126200,0.131900,0.004900,0.028100,0.021300,0.068400,0.003300,0.036640,0.010848,0.009568,0.010336,0.001216,1,4,48,4,1
4633,0.128600,0.139500,0.004700,0.028100,0.031500,0.061000,0.003100,0.037792,0.010816,0.009568,0.010336,0.001248,1,4,48,4,1
4634,0.117200,0.142000,0.004600,0.027600,0.023200,0.058600,0.003000,0.036960,0.011264,0.009760,0.010336,0.001216,1,4,48,4,1
4635,0.117100,0.130100,0.004900,0.027800,0.022900,0.058300,0.003100,0.036896,0.012352,0.009760,0.010432,0.001216,1,4,48,4,1
4636,0.117200,0.130400,0.004500,0.027900,0.023000,0.058400,0.003000,0.039104,0.011328,0.009728,0.010464,0.001216,1,4,48,4,1
4637,0.116200,0.130200,0.004600,0.027700,0.022700,0.057900,0.003000,0.036864,0.012224,0.009760,0.010432,0.001216,1,4,48,4,1
4638,0.115900,0.129300,0.004700,0.027500,0.022600,0.057800,0.003000,0.038688,0.011264,0.009728,0.010400,0.001216,1,4,48,4,1
4639,0.116200,0.129000,0.004700,0.027400,0.022800,0.058100,0.003000,0.036960,0.012352,0.009696,0.010464,0.001248,1,4,48,4,1
4640,0.116700,0.129600,0.004700,0.027600,0.023400,0.057800,0.003000,0.036864,0.011168,0.009792,0.010272,0.001216,1,4,48,4,1
4641,0.116800,0.129700,0.004900,0.027500,0.022900,0.058400,0.003000,0.036736,0.011200,0.009600,0.010240,0.001280,1,4,48,4,1
4642,0.116800,0.129900,0.004700,0.027700,0.022700,0.058400,0.003100,0.038880,0.013760,0.009760,0.010336,0.001216,1,4,48,4,1
4643,0.115700,0.129800,0.004400,0.027500,0.022900,0.057800,0.003100,0.036800,0.011232,0.009536,0.010304,0.001216,1,4,48,4,1
4644,0.115300,0.128700,0.004700,0.027800,0.022800,0.056700,0.003100,0.036928,0.011200,0.009792,0.010272,0.001248,1,4,48,4,1
4645,0.115300,0.128300,0.004700,0.027900,0.022500,0.056800,0.003100,0.039072,0.011296,0.009664,0.010592,0.001216,1,4,48,4,1
4646,0.116000,0.128400,0.004700,0.027900,0.022800,0.057400,0.003200,0.036704,0.011168,0.009632,0.010272,0.001312,1,4,48,4,1
4647,0.122200,0.129000,0.005000,0.032400,0.023300,0.058200,0.003100,0.036768,0.011264,0.009504,0.010304,0.001280,1,4,48,4,1
4648,0.116300,0.135500,0.005100,0.027500,0.023200,0.057300,0.003100,0.038720,0.013760,0.009792,0.010304,0.001216,1,4,48,4,1
4649,0.116000,0.129500,0.004700,0.027700,0.022800,0.057500,0.003100,0.036768,0.011200,0.009568,0.010336,0.001216,1,4,48,4,1
4650,0.115600,0.129000,0.004600,0.027500,0.022600,0.057500,0.003200,0.036736,0.011168,0.009632,0.010336,0.001184,1,4,48,4,1
4651,0.115400,0.128800,0.004700,0.027400,0.022700,0.057400,0.003100,0.036960,0.011264,0.009728,0.010336,0.001216,1,4,48,4,1
4652,0.116000,0.128700,0.004800,0.027500,0.023100,0.057300,0.003100,0.039040,0.011296,0.010016,0.010464,0.001184,1,4,48,4,1
4653,0.115800,0.129100,0.005000,0.027700,0.022700,0.057100,0.003100,0.037024,0.012320,0.009792,0.010464,0.001216,1,4,48,4,1
4654,0.115900,0.128900,0.004700,0.027600,0.022900,0.057500,0.003200,0.037088,0.011296,0.009920,0.010240,0.001248,1,4,48,4,1
4655,0.115200,0.129100,0.004700,0.027400,0.022700,0.057000,0.003100,0.036672,0.011200,0.009632,0.010240,0.001184,1,4,48,4,1
4656,0.115600,0.128500,0.004800,0.027500,0.022900,0.057200,0.003100,0.038656,0.011264,0.009600,0.010496,0.001248,1,4,48,4,1
