frame_id,frame_ms,frame_interval_ms,prepare_cpu_ms,record_cpu_ms,submit_cpu_ms,present_cpu_ms,sync_cpu_ms,gpu_ms,mesh_gpu_ms,lighting_gpu_ms,sky_gpu_ms,ui_gpu_ms,mesh_draw_calls,primitive_instances,triangles,point_lights,queue_submissions
1346,0.144600,0.144700,0.005100,0.028100,0.020700,0.087400,0.003200,0.035680,0.010880,0.008608,0.010272,0.001280,1,4,48,0,1
1347,0.122600,0.157700,0.005000,0.028100,0.021000,0.065400,0.003100,0.036416,0.011136,0.008576,0.010176,0.001312,1,4,48,0,1
1348,0.141500,0.135800,0.005100,0.028100,0.045600,0.059400,0.003000,0.035648,0.013792,0.008480,0.010400,0.001216,1,4,48,0,1
1349,0.118900,0.155000,0.005300,0.028700,0.023100,0.058600,0.003200,0.035552,0.011264,0.008448,0.010240,0.001248,1,4,48,0,1
1350,0.117600,0.132100,0.005200,0.028400,0.023000,0.057900,0.003100,0.037664,0.011136,0.008416,0.010432,0.001312,1,4,48,0,1
1351,0.117200,0.130500,0.005000,0.027900,0.022500,0.058600,0.003000,0.035392,0.011200,0.008256,0.010272,0.001280,1,4,48,0,1
1352,0.120100,0.130400,0.005000,0.027700,0.023300,0.061100,0.003000,0.035328,0.012192,0.008384,0.010400,0.001248,1,4,48,0,1
1353,0.117100,0.133200,0.004900,0.028000,0.022700,0.058300,0.003100,0.035488,0.011232,0.008288,0.010304,0.001312,1,4,48,0,1
1354,0.117200,0.130400,0.005200,0.027700,0.022700,0.058400,0.003000,0.035744,0.011200,0.008576,0.010208,0.001376,1,4,48,0,1
1355,0.117500,0.130500,0.004900,0.028100,0.022900,0.058500,0.003000,0.035456,0.011168,0.008288,0.010240,0.001344,1,4,48,0,1
1356,0.157700,0.130400,0.005200,0.028000,0.023000,0.098200,0.003200,0.035584,0.011200,0.008416,0.010272,0.001344,1,4,48,0,1
1357,0.126200,0.171500,0.005500,0.034400,0.023800,0.059300,0.003000,0.035584,0.011232,0.008352,0.010240,0.001376,1,4,48,0,1
1358,0.116600,0.139400,0.004900,0.027900,0.022900,0.057600,0.003100,0.035712,0.012288,0.008576,0.010400,0.001184,1,4,48,0,1
1359,0.116700,0.129600,0.004900,0.028000,0.022600,0.058000,0.003200,0.037728,0.013824,0.008544,0.010208,0.001216,1,4,48,0,1
1360,0.120700,0.129700,0.004800,0.030900,0.024500,0.057000,0.003000,0.035392,0.011168,0.008288,0.010240,0.001312,1,4,48,0,1
1361,0.117900,0.133600,0.005100,0.028200,0.022800,0.058600,0.003000,0.035552,0.012128,0.008416,0.010464,0.001312,1,4,48,0,1
1362,0.117800,0.131200,0.005300,0.028200,0.023100,0.058200,0.003000,0.035840,0.011872,0.008672,0.010432,0.001280,1,4,48,0,1
1363,0.176200,0.131100,0.004700,0.051600,0.031200,0.084200,0.004200,0.035456,0.012256,0.008224,0.010464,0.001280,1,4,48,0,1
1364,0.146900,0.192300,0.006200,0.039200,0.031800,0.067000,0.002600,0.036064,0.011232,0.008320,0.010240,0.001344,1,4,48,0,1
1365,0.123800,0.161100,0.005500,0.030000,0.024800,0.060800,0.002600,0.035552,0.013696,0.008512,0.010336,0.001216,1,4,48,0,1
1366,0.121300,0.137400,0.005000,0.028500,0.024600,0.060000,0.003000,0.035552,0.011200,0.008352,0.010272,0.001312,1,4,48,0,1
1367,0.356800,0.137200,0.004900,0.044200,0.031200,0.272700,0.003700,0.035840,0.011136,0.008512,0.010208,0.001280,1,4,48,0,1
1368,0.178800,0.375400,0.007500,0.044200,0.034000,0.089600,0.003300,0.035584,0.013664,0.008512,0.010304,0.001312,1,4,48,0,1
1369,0.145100,0.195200,0.005900,0.034600,0.028500,0.071900,0.003900,0.035552,0.011168,0.008544,0.010240,0.001376,1,4,48,0,1
1370,0.148600,0.161200,0.006100,0.033800,0.028200,0.071500,0.008900,0.035424,0.011168,0.008256,0.010272,0.001376,1,4,48,0,1
1371,0.149700,0.164800,0.005900,0.033900,0.027500,0.070300,0.011900,0.035712,0.011200,0.008576,0.010272,0.001248,1,4,48,0,1
1372,0.148200,0.165700,0.005800,0.033600,0.027700,0.070200,0.010600,0.035680,0.011200,0.008544,0.010208,0.001344,1,4,48,0,1
1373,0.141300,0.164300,0.006100,0.033700,0.027800,0.069900,0.003700,0.035552,0.012256,0.008416,0.010336,0.001280,1,4,48,0,1
1374,0.149000,0.157500,0.006100,0.033500,0.027700,0.070400,0.011300,0.035552,0.011168,0.008448,0.010240,0.001248,1,4,48,0,1
1375,0.127700,0.165000,0.005700,0.033300,0.026800,0.058600,0.003000,0.035520,0.011168,0.008448,0.010176,0.001312,1,4,48,0,1
1376,0.117800,0.141000,0.005100,0.027900,0.023200,0.058400,0.003100,0.035648,0.011104,0.008480,0.010272,0.001344,1,4,48,0,1
1377,0.117400,0.130800,0.004900,0.027500,0.023500,0.058300,0.003000,0.037632,0.011232,0.008448,0.010336,0.001312,1,4,48,0,1
1378,0.131100,0.130700,0.004800,0.027800,0.032800,0.062600,0.003100,0.035744,0.011232,0.008512,0.010272,0.001312,1,4,48,0,1
1379,0.117700,0.144500,0.004900,0.028300,0.023100,0.058400,0.003000,0.035424,0.011104,0.008288,0.010272,0.001344,1,4,48,0,1
1380,0.117600,0.130800,0.005000,0.027900,0.023200,0.058400,0.003000,0.035424,0.011136,0.008384,0.010208,0.001312,1,4,48,0,1
1381,0.117700,0.130600,0.005000,0.027800,0.023200,0.058500,0.003000,0.035520,0.011104,0.008512,0.010272,0.001344,1,4,48,0,1
1382,0.117700,0.130700,0.004800,0.027900,0.022900,0.058900,0.003100,0.035424,0.011136,0.008448,0.010176,0.001280,1,4,48,0,1
1383,0.116500,0.130900,0.004900,0.027700,0.022700,0.058100,0.003000,0.035552,0.012256,0.008416,0.010368,0.001312,1,4,48,0,1
1384,0.117500,0.129600,0.004800,0.027500,0.023200,0.058900,0.003000,0.035648,0.011232,0.008640,0.010208,0.001344,1,4,48,0,1
1385,0.117900,0.130600,0.005000,0.027900,0.023000,0.059000,0.003000,0.035680,0.011200,0.008512,0.010272,0.001312,1,4,48,0,1
1386,0.117700,0.131200,0.005500,0.027800,0.023000,0.058300,0.003100,0.037632,0.011104,0.008448,0.010432,0.001312,1,4,48,0,1
1387,0.120600,0.130700,0.004800,0.027600,0.023000,0.062100,0.003000,0.036256,0.010816,0.008416,0.010240,0.001312,1,4,48,0,1
1388,0.118700,0.134000,0.005200,0.027900,0.022500,0.059900,0.003000,0.036064,0.011168,0.008512,0.010176,0.001312,1,4,48,0,1
1389,0.115700,0.131900,0.004900,0.027700,0.022800,0.057300,0.002900,0.035456,0.011136,0.008384,0.010240,0.001312,1,4,48,0,1
1390,0.116800,0.128800,0.004800,0.027700,0.023000,0.058000,0.003000,0.035520,0.011104,0.008544,0.010240,0.001248,1,4,48,0,1
1391,0.117500,0.129900,0.005200,0.028100,0.022900,0.058200,0.003000,0.037664,0.011232,0.008352,0.010432,0.001280,1,4,48,0,1
1392,0.124100,0.130600,0.004900,0.033300,0.023400,0.059200,0.003000,0.035744,0.012224,0.008576,0.010368,0.001344,1,4,48,0,1
1393,0.116400,0.137700,0.004900,0.027800,0.022700,0.057900,0.003100,0.035552,0.011200,0.008416,0.010208,0.001312,1,4,48,0,1
1394,0.116400,0.129600,0.004800,0.027500,0.022600,0.058200,0.003000,0.035584,0.011168,0.008512,0.010176,0.001312,1,4,48,0,1
1395,0.116200,0.129300,0.005000,0.027700,0.022600,0.057800,0.003000,0.037472,0.011168,0.008320,0.010400,0.001312,1,4,48,0,1
1396,0.116600,0.129300,0.004900,0.027800,0.022900,0.058000,0.003000,0.035616,0.011168,0.008512,0.010208,0.001280,1,4,48,0,1
1397,0.117000,0.129700,0.004900,0.027900,0.022700,0.058400,0.003000,0.037792,0.011232,0.008416,0.010432,0.001344,1,4,48,0,1
1398,0.115700,0.130200,0.004900,0.027800,0.022700,0.057200,0.003100,0.037696,0.011168,0.008512,0.010368,0.001312,1,4,48,0,1
1399,0.116600,0.129100,0.005000,0.027700,0.023000,0.057600,0.003200,0.035456,0.011104,0.008352,0.010240,0.001344,1,4,48,0,1
1400,0.120500,0.129700,0.004900,0.027900,0.022900,0.061600,0.003100,0.037696,0.011200,0.008384,0.010432,0.001344,1,4,48,0,1
1401,0.117800,0.133900,0.005200,0.027800,0.023400,0.057900,0.003400,0.037536,0.011264,0.008384,0.010368,0.001312,1,4,48,0,1
1402,0.116500,0.130700,0.005000,0.028200,0.022900,0.057200,0.003100,0.035648,0.011200,0.008512,0.010240,0.001280,1,4,48,0,1
1403,0.115700,0.129800,0.004900,0.027800,0.022500,0.057100,0.003200,0.035584,0.012160,0.008480,0.010400,0.001248,1,4,48,0,1
1404,0.116200,0.128400,0.005200,0.027300,0.022700,0.057500,0.003300,0.035520,0.011200,0.008416,0.010240,0.001248,1,4,48,0,1
1405,0.116000,0.129300,0.004900,0.027900,0.022900,0.056900,0.003300,0.037568,0.011232,0.008256,0.010432,0.001344,1,4,48,0,1
1406,0.115800,0.129100,0.005200,0.027800,0.022800,0.056700,0.003000,0.035712,0.013760,0.008512,0.010336,0.001312,1,4,48,0,1
1407,0.121200,0.128700,0.004900,0.027700,0.022300,0.063000,0.003200,0.035552,0.011136,0.008320,0.010304,0.001344,1,4,48,0,1
1408,0.115900,0.134400,0.004900,0.028100,0.023200,0.057300,0.002300,0.035488,0.011136,0.008448,0.010304,0.001184,1,4,48,0,1
1409,0.116500,0.140800,0.004800,0.027500,0.023200,0.057700,0.003000,0.035520,0.011136,0.008416,0.010240,0.001312,1,4,48,0,1
1410,0.116800,0.129500,0.005000,0.027800,0.022900,0.057800,0.003200,0.035552,0.012160,0.008352,0.010432,0.001376,1,4,48,0,1
1411,0.115900,0.129700,0.004800,0.027500,0.022800,0.057400,0.003000,0.035584,0.011104,0.008512,0.010240,0.001312,1,4,48,0,1
1412,0.117100,0.129000,0.005000,0.027900,0.023400,0.057700,0.003100,0.035456,0.011232,0.008352,0.010208,0.001312,1,4,48,0,1
1413,0.115600,0.130300,0.004800,0.027600,0.023000,0.056900,0.003100,0.035488,0.011232,0.008416,0.010240,0.001248,1,4,48,0,1
1414,0.115500,0.128900,0.004800,0.027700,0.022600,0.057300,0.003100,0.035616,0.012352,0.008416,0.010400,0.001248,1,4,48,0,1
1415,0.115900,0.128400,0.005000,0.027600,0.022600,0.057400,0.003100,0.035328,0.011168,0.008352,0.010176,0.001248,1,4,48,0,1
1416,0.117000,0.129100,0.005100,0.027900,0.023300,0.057600,0.003100,0.036960,0.013728,0.008256,0.010240,0.001344,1,4,48,0,1
1417,0.115300,0.130000,0.005000,0.027600,0.022400,0.056800,0.003200,0.035648,0.011232,0.008448,0.010272,0.001312,1,4,48,0,1
1418,0.115300,0.128500,0.004600,0.027900,0.022700,0.056800,0.003100,0.037216,0.011200,0.008480,0.010272,0.001344,1,4,48,0,1
1419,0.115900,0.128100,0.004900,0.027600,0.022800,0.057500,0.003000,0.035680,0.011232,0.008512,0.010240,0.001312,1,4,48,0,1
1420,0.138700,0.128900,0.004800,0.027700,0.023300,0.080500,0.002400,0.037664,0.013760,0.008416,0.010272,0.001312,1,4,48,0,1
1421,0.132800,0.151800,0.005100,0.028100,0.023400,0.074100,0.002100,0.036256,0.011136,0.008480,0.010240,0.001312,1,4,48,0,1
1422,0.121400,0.146600,0.005500,0.029800,0.024000,0.058400,0.003600,0.035808,0.013632,0.008672,0.010336,0.001376,1,4,48,0,1
1423,0.116800,0.134500,0.004800,0.028100,0.022900,0.057700,0.003200,0.035392,0.011168,0.008288,0.010240,0.001248,1,4,48,0,1
1424,0.115900,0.129800,0.005000,0.027900,0.022600,0.057200,0.003100,0.035456,0.012160,0.008320,0.010368,0.001280,1,4,48,0,1
1425,0.115800,0.128900,0.004800,0.027600,0.022700,0.057400,0.003300,0.037312,0.011232,0.008288,0.010432,0.001344,1,4,48,0,1
1426,0.116600,0.128800,0.005000,0.027800,0.022900,0.057600,0.003200,0.035680,0.011168,0.008480,0.010208,0.001408,1,4,48,0,1
1427,0.116100,0.129400,0.004800,0.027800,0.022800,0.057400,0.003200,0.035520,0.011168,0.008384,0.010240,0.001344,1,4,48,0,1
1428,0.116800,0.129000,0.005300,0.028000,0.022900,0.057300,0.003100,0.037600,0.011200,0.008384,0.010464,0.001216,1,4,48,0,1
1429,0.115600,0.129600,0.005200,0.027700,0.022900,0.057300,0.002300,0.035680,0.011232,0.008448,0.010208,0.001376,1,4,48,0,1
1430,0.116400,0.128800,0.004800,0.027600,0.022600,0.058000,0.003200,0.035552,0.011200,0.008384,0.010304,0.001280,1,4,48,0,1
1431,0.114700,0.129300,0.004900,0.027600,0.023000,0.057300,0.001800,0.037568,0.011232,0.008544,0.010336,0.001312,1,4,48,0,1
1432,0.120800,0.127700,0.005000,0.027600,0.023400,0.062500,0.002100,0.035648,0.013792,0.008352,0.010464,0.001248,1,4,48,0,1
1433,0.130800,0.133900,0.004900,0.027700,0.036100,0.058600,0.003200,0.035776,0.012224,0.008512,0.010464,0.001312,1,4,48,0,1
1434,0.124400,0.143800,0.005000,0.027700,0.021500,0.066300,0.003600,0.036320,0.011168,0.008640,0.010176,0.001280,1,4,48,0,1
1435,0.121000,0.143100,0.005100,0.028200,0.022300,0.061700,0.003500,0.037088,0.011168,0.008416,0.010272,0.001312,1,4,48,0,1
1436,0.116500,0.134500,0.004900,0.027700,0.023100,0.057600,0.003100,0.035424,0.011232,0.008384,0.010240,0.001248,1,4,48,0,1
1437,0.116500,0.129500,0.004800,0.027800,0.023000,0.057300,0.003200,0.035776,0.012288,0.008480,0.010432,0.001344,1,4,48,0,1
1438,0.117200,0.129400,0.004900,0.027700,0.023000,0.058400,0.003100,0.037760,0.011328,0.008480,0.010336,0.001280,1,4,48,0,1
1439,0.115400,0.130300,0.005100,0.027600,0.023000,0.057200,0.002400,0.035456,0.011168,0.008320,0.010144,0.001376,1,4,48,0,1
1440,0.117300,0.128500,0.005200,0.028200,0.022800,0.057500,0.003300,0.035680,0.011200,0.008544,0.010304,0.001280,1,4,48,0,1
1441,0.116300,0.130500,0.005100,0.027800,0.022700,0.057400,0.003100,0.035520,0.011200,0.008352,0.010240,0.001312,1,4,48,0,1
1442,0.116000,0.129600,0.005100,0.027500,0.022800,0.057300,0.003200,0.035840,0.011232,0.008544,0.010304,0.001344,1,4,48,0,1
1443,0.115400,0.128800,0.004600,0.027700,0.022800,0.057100,0.003100,0.035712,0.011200,0.008576,0.010240,0.001312,1,4,48,0,1
1444,0.117800,0.128400,0.005000,0.027700,0.022900,0.059000,0.003000,0.035648,0.011168,0.008544,0.010208,0.001312,1,4,48,0,1
1445,0.120400,0.130600,0.005100,0.027800,0.023200,0.061200,0.003000,0.037664,0.011232,0.008480,0.010368,0.001280,1,4,48,0,1
1446,0.117100,0.133500,0.005000,0.027700,0.022700,0.058500,0.003000,0.035488,0.012192,0.008416,0.010464,0.001216,1,4,48,0,1
1447,0.116300,0.130100,0.004900,0.027600,0.022700,0.058000,0.002900,0.035456,0.011200,0.008384,0.010176,0.001280,1,4,48,0,1
1448,0.116700,0.129100,0.004800,0.027700,0.022900,0.058200,0.003000,0.035776,0.012224,0.008480,0.010464,0.001376,1,4,48,0,1
1449,0.116600,0.129800,0.004800,0.027500,0.022600,0.058400,0.003000,0.037504,0.011232,0.008576,0.010304,0.001344,1,4,48,0,1
1450,0.122100,0.129800,0.004600,0.027400,0.027500,0.059400,0.003000,0.035488,0.011168,0.008448,0.010240,0.001248,1,4,48,0,1
1451,0.117900,0.135600,0.004900,0.028400,0.023000,0.058300,0.003200,0.035456,0.011232,0.008224,0.010272,0.001344,1,4,48,0,1
1452,0.116300,0.131000,0.004900,0.027900,0.023200,0.057200,0.003100,0.037728,0.011264,0.008480,0.010368,0.001312,1,4,48,0,1
1453,0.114400,0.129300,0.005000,0.027700,0.022700,0.056500,0.002400,0.035200,0.011200,0.008288,0.010272,0.001216,1,4,48,0,1
1454,0.116300,0.127600,0.004600,0.027500,0.023000,0.057800,0.003200,0.035488,0.012224,0.008288,0.010432,0.001312,1,4,48,0,1
1455,0.116400,0.129500,0.005200,0.027500,0.022400,0.057800,0.003300,0.035680,0.012256,0.008384,0.010432,0.001344,1,4,48,0,1
1456,0.116000,0.129300,0.004600,0.027600,0.023100,0.057500,0.003100,0.037760,0.011296,0.008512,0.010368,0.001280,1,4,48,0,1
1457,0.117000,0.129000,0.005100,0.028000,0.022800,0.058000,0.003100,0.035584,0.012096,0.008608,0.010432,0.001152,1,4,48,0,1
1458,0.115300,0.130100,0.005200,0.027600,0.022700,0.057400,0.002400,0.035424,0.013664,0.008416,0.010400,0.001184,1,4,48,0,1
1459,0.116200,0.128200,0.004800,0.027700,0.022700,0.057800,0.003100,0.035456,0.011168,0.008384,0.010176,0.001344,1,4,48,0,1
1460,0.117000,0.129300,0.005300,0.027900,0.023100,0.057500,0.003000,0.035584,0.011232,0.008480,0.010112,0.001344,1,4,48,0,1
1461,0.115700,0.129900,0.005400,0.027600,0.023000,0.057200,0.002300,0.037408,0.013664,0.008320,0.010208,0.001248,1,4,48,0,1
1462,0.116100,0.128800,0.004900,0.027600,0.022500,0.057700,0.003200,0.035680,0.013728,0.008416,0.010400,0.001344,1,4,48,0,1
1463,0.132000,0.129200,0.004800,0.027500,0.023100,0.073400,0.003100,0.037344,0.013792,0.008384,0.010272,0.001216,1,4,48,0,1
1464,0.117200,0.145100,0.005100,0.027800,0.023300,0.057500,0.003100,0.035456,0.011232,0.008352,0.010208,0.001312,1,4,48,0,1
1465,0.145700,0.130300,0.004800,0.028000,0.022800,0.077900,0.012000,0.035552,0.011168,0.008416,0.010272,0.001280,1,4,48,0,1
1466,0.120800,0.159400,0.005100,0.029100,0.023900,0.059400,0.003200,0.035776,0.011232,0.008608,0.010208,0.001312,1,4,48,0,1
1467,0.116100,0.134000,0.004800,0.027400,0.022700,0.057900,0.003100,0.035520,0.011200,0.008448,0.010240,0.001216,1,4,48,0,1
1468,0.124400,0.128900,0.013100,0.027700,0.022800,0.057400,0.003100,0.035680,0.011232,0.008608,0.010240,0.001248,1,4,48,0,1
1469,0.116600,0.137400,0.004800,0.027800,0.022900,0.057700,0.003200,0.035584,0.011200,0.008480,0.010176,0.001280,1,4,48,0,1
1470,0.116800,0.129700,0.005000,0.028200,0.022800,0.057700,0.003000,0.037728,0.013792,0.008384,0.010304,0.001376,1,4,48,0,1
1471,0.115900,0.129900,0.004800,0.028000,0.023100,0.056800,0.003100,0.037728,0.011232,0.008480,0.010368,0.001344,1,4,48,0,1
1472,0.116900,0.128800,0.004900,0.028000,0.022600,0.058300,0.003100,0.035456,0.011232,0.008448,0.010144,0.001184,1,4,48,0,1
1473,0.118100,0.129900,0.004900,0.027800,0.022800,0.058500,0.004000,0.037376,0.011168,0.008288,0.010272,0.001280,1,4,48,0,1
1474,0.115100,0.131200,0.005000,0.028100,0.022500,0.057100,0.002300,0.035744,0.011200,0.008320,0.010208,0.001280,1,4,48,0,1
1475,0.117300,0.128000,0.004900,0.027900,0.023100,0.058000,0.003200,0.035744,0.013728,0.008448,0.010432,0.001344,1,4,48,0,1
1476,0.115200,0.130400,0.005100,0.027700,0.023100,0.056900,0.002400,0.035680,0.011168,0.008480,0.010304,0.001344,1,4,48,0,1
1477,0.115400,0.128300,0.004700,0.027700,0.022500,0.057100,0.003200,0.035456,0.011168,0.008512,0.010208,0.001216,1,4,48,0,1
1478,0.115900,0.128500,0.005000,0.027900,0.022700,0.057100,0.003100,0.035808,0.011200,0.008576,0.010272,0.001376,1,4,48,0,1
1479,0.127700,0.128800,0.004900,0.027500,0.033800,0.058000,0.003400,0.035712,0.011200,0.008608,0.010240,0.001312,1,4,48,0,1
1480,0.126800,0.140800,0.004900,0.027400,0.020900,0.071000,0.002500,0.037120,0.011136,0.008576,0.010240,0.001344,1,4,48,0,1
1481,0.271400,0.147100,0.007400,0.103200,0.036100,0.119600,0.005000,0.035424,0.013632,0.008256,0.010400,0.001344,1,4,48,0,1
1482,0.161000,0.286600,0.006000,0.035500,0.028400,0.085300,0.005500,0.036576,0.010784,0.008480,0.010208,0.001312,1,4,48,0,1
1483,0.167900,0.179800,0.007200,0.044900,0.034300,0.077100,0.004100,0.035776,0.011200,0.008224,0.010240,0.001248,1,4,48,0,1
1484,0.147300,0.184900,0.006200,0.035100,0.029500,0.072700,0.003800,0.036000,0.010976,0.008416,0.010240,0.001312,1,4,48,0,1
1485,0.143500,0.163500,0.006400,0.033600,0.028200,0.071300,0.003700,0.037600,0.011232,0.008416,0.010368,0.001280,1,4,48,0,1
1486,0.142500,0.159500,0.005900,0.033600,0.028000,0.071300,0.003600,0.035584,0.011200,0.008576,0.010176,0.001248,1,4,48,0,1
1487,0.142100,0.158400,0.006000,0.033900,0.027800,0.070400,0.003700,0.037664,0.011168,0.008544,0.010400,0.001216,1,4,48,0,1
1488,0.141900,0.158300,0.005900,0.033400,0.027800,0.070900,0.003700,0.037664,0.013728,0.008384,0.010304,0.001312,1,4,48,0,1
1489,0.150600,0.158000,0.006000,0.033500,0.027700,0.071600,0.011700,0.035328,0.011072,0.008288,0.010208,0.001312,1,4,48,0,1
1490,0.142700,0.166900,0.006000,0.034100,0.027700,0.071100,0.003700,0.035200,0.012224,0.008256,0.010368,0.001280,1,4,48,0,1
1491,0.142000,0.158800,0.006000,0.033800,0.027700,0.070500,0.003600,0.035552,0.011200,0.008352,0.010240,0.001376,1,4,48,0,1
1492,0.142400,0.158400,0.006000,0.033800,0.028000,0.070700,0.003700,0.035520,0.011136,0.008320,0.010240,0.001344,1,4,48,0,1
1493,0.175200,0.158400,0.006100,0.033400,0.026000,0.105300,0.004100,0.035584,0.011200,0.008448,0.010176,0.001344,1,4,48,0,1
1494,0.125200,0.189700,0.005800,0.030600,0.024600,0.061000,0.003100,0.037440,0.013664,0.008512,0.010336,0.001216,1,4,48,0,1
1495,0.119700,0.138500,0.004900,0.028600,0.023500,0.059600,0.003000,0.035808,0.012288,0.008576,0.010368,0.001344,1,4,48,0,1
1496,0.118900,0.132900,0.005200,0.028100,0.023400,0.059000,0.002900,0.035712,0.011168,0.008608,0.010240,0.001312,1,4,48,0,1
1497,0.118100,0.132000,0.004900,0.028000,0.023000,0.058900,0.003000,0.035648,0.011200,0.008512,0.010208,0.001344,1,4,48,0,1
1498,0.117100,0.131400,0.004800,0.027900,0.022900,0.058400,0.003000,0.035712,0.011200,0.008576,0.010208,0.001344,1,4,48,0,1
1499,0.133600,0.130200,0.004900,0.027800,0.022900,0.074600,0.003200,0.035712,0.012256,0.008416,0.010496,0.001312,1,4,48,0,1
1500,0.120900,0.147000,0.005200,0.028500,0.023300,0.060500,0.003100,0.035392,0.011168,0.008288,0.010240,0.001280,1,4,48,0,1
1501,0.119600,0.134200,0.005100,0.029500,0.023200,0.058400,0.003100,0.035424,0.011200,0.008320,0.010208,0.001344,1,4,48,0,1
1502,0.117400,0.132700,0.004900,0.027900,0.022700,0.058400,0.003300,0.035584,0.011168,0.008480,0.010240,0.001248,1,4,48,0,1
1503,0.116700,0.130400,0.004800,0.027900,0.022600,0.058100,0.003200,0.035328,0.013664,0.008256,0.010336,0.001280,1,4,48,0,1
1504,0.116400,0.129900,0.004800,0.027700,0.022800,0.057700,0.003200,0.035744,0.012256,0.008576,0.010432,0.001280,1,4,48,0,1
1505,0.117000,0.129400,0.004900,0.027900,0.022900,0.057900,0.003300,0.035520,0.011136,0.008352,0.010304,0.001344,1,4,48,0,1
1506,0.124900,0.130000,0.004900,0.033500,0.024000,0.059300,0.003100,0.035520,0.011200,0.008352,0.010272,0.001344,1,4,48,0,1
1507,0.117000,0.138400,0.004900,0.027900,0.023100,0.057700,0.003100,0.035456,0.011136,0.008384,0.010240,0.001312,1,4,48,0,1
1508,0.117200,0.130100,0.005200,0.028000,0.022800,0.058000,0.003000,0.035680,0.011232,0.008640,0.010208,0.001184,1,4,48,0,1
1509,0.116900,0.130400,0.004900,0.027700,0.022900,0.058300,0.003100,0.035616,0.011168,0.008512,0.010240,0.001312,1,4,48,0,1
1510,0.116300,0.130000,0.005000,0.027700,0.022900,0.057400,0.003000,0.035520,0.011136,0.008448,0.010272,0.001344,1,4,48,0,1
1511,0.116200,0.129300,0.004800,0.027300,0.022800,0.058000,0.003200,0.035616,0.011168,0.008480,0.010240,0.001280,1,4,48,0,1
1512,0.116000,0.129200,0.005000,0.027500,0.023000,0.057500,0.003000,0.035648,0.011136,0.008544,0.010176,0.001344,1,4,48,0,1
1513,0.117000,0.129000,0.005500,0.027600,0.022700,0.057900,0.003200,0.035648,0.011136,0.008544,0.010176,0.001344,1,4,48,0,1
1514,0.117100,0.130000,0.005300,0.027600,0.022800,0.058000,0.003000,0.037568,0.011200,0.008544,0.010208,0.001216,1,4,48,0,1
1515,0.118100,0.130200,0.004900,0.027700,0.023300,0.058800,0.003200,0.036416,0.011200,0.008384,0.010272,0.001344,1,4,48,0,1
1516,0.116800,0.131600,0.004700,0.027900,0.023000,0.057900,0.003100,0.035392,0.012192,0.008352,0.010400,0.001344,1,4,48,0,1
1517,0.116300,0.129900,0.004800,0.027800,0.022700,0.057600,0.003100,0.035648,0.011200,0.008480,0.010208,0.001344,1,4,48,0,1
1518,0.116200,0.129400,0.004800,0.027800,0.022700,0.057500,0.003100,0.035648,0.011168,0.008576,0.010208,0.001344,1,4,48,0,1
1519,0.116000,0.129200,0.004900,0.027800,0.022800,0.057400,0.003000,0.035680,0.012256,0.008448,0.010368,0.001376,1,4,48,0,1
1520,0.115700,0.128800,0.004700,0.027700,0.022800,0.057800,0.002500,0.037440,0.011264,0.008384,0.010432,0.001280,1,4,48,0,1
1521,0.120000,0.128500,0.005100,0.027600,0.023400,0.062000,0.001800,0.035872,0.011136,0.008352,0.010240,0.001312,1,4,48,0,1
1522,0.147700,0.133100,0.005100,0.028100,0.020100,0.089900,0.004300,0.036160,0.011168,0.008480,0.010208,0.001216,1,4,48,0,1
1523,0.135400,0.161500,0.005100,0.029700,0.032600,0.064500,0.003100,0.037472,0.011232,0.008480,0.010368,0.001344,1,4,48,0,1
1524,0.117400,0.148500,0.005000,0.028100,0.023200,0.057900,0.003200,0.035648,0.011232,0.008480,0.010176,0.001376,1,4,48,0,1
1525,0.115600,0.130300,0.004900,0.027600,0.022700,0.057100,0.003100,0.037664,0.011168,0.008384,0.010400,0.001376,1,4,48,0,1
1526,0.115700,0.128500,0.004700,0.027900,0.022500,0.057200,0.003000,0.035648,0.011200,0.008512,0.010208,0.001312,1,4,48,0,1
1527,0.117000,0.128900,0.004700,0.027900,0.023200,0.057700,0.003100,0.037568,0.011168,0.008352,0.010368,0.001344,1,4,48,0,1
1528,0.116500,0.129800,0.005000,0.027800,0.022600,0.058000,0.003100,0.035680,0.011168,0.008448,0.010208,0.001408,1,4,48,0,1
1529,0.129200,0.129600,0.005000,0.030600,0.032300,0.059000,0.002200,0.035648,0.013696,0.008416,0.010400,0.001344,1,4,48,0,1
1530,0.121200,0.142400,0.004800,0.028000,0.023400,0.062900,0.002100,0.036288,0.011168,0.008640,0.010272,0.001184,1,4,48,0,1
1531,0.115700,0.134300,0.004700,0.027900,0.023100,0.056800,0.003100,0.035424,0.013696,0.008288,0.010432,0.001248,1,4,48,0,1
1532,0.116100,0.128800,0.005100,0.027900,0.022700,0.057200,0.003100,0.036352,0.011200,0.008416,0.010176,0.001344,1,4,48,0,1
1533,0.121200,0.129100,0.005000,0.027800,0.027000,0.057900,0.003200,0.035648,0.011232,0.008448,0.010272,0.001312,1,4,48,0,1
1534,0.115700,0.134400,0.004800,0.027800,0.022900,0.057100,0.003100,0.037664,0.013760,0.008448,0.010176,0.001344,1,4,48,0,1
1535,0.122000,0.128700,0.004700,0.027600,0.022900,0.063400,0.003100,0.035552,0.011200,0.008416,0.010208,0.001312,1,4,48,0,1
1536,0.118400,0.135000,0.005300,0.028700,0.023100,0.058200,0.003000,0.037856,0.011296,0.008416,0.010432,0.001376,1,4,48,0,1
1537,0.116100,0.131400,0.004800,0.027800,0.022500,0.057700,0.003100,0.037696,0.013696,0.008544,0.010208,0.001376,1,4,48,0,1
1538,0.117200,0.129000,0.005000,0.028000,0.022700,0.058200,0.003100,0.035392,0.011200,0.008320,0.010240,0.001280,1,4,48,0,1
1539,0.116100,0.130400,0.004900,0.027700,0.022900,0.057400,0.003000,0.035680,0.011072,0.008544,0.010272,0.001344,1,4,48,0,1
1540,0.116800,0.128900,0.004800,0.027900,0.023100,0.057700,0.003200,0.035488,0.011168,0.008416,0.010240,0.001280,1,4,48,0,1
1541,0.116100,0.129900,0.005100,0.027700,0.022800,0.057200,0.003100,0.035584,0.011200,0.008352,0.010240,0.001376,1,4,48,0,1
1542,0.116800,0.129200,0.005100,0.027900,0.022900,0.057800,0.003100,0.035648,0.011232,0.008480,0.010240,0.001344,1,4,48,0,1
1543,0.116300,0.130100,0.004900,0.028000,0.022800,0.057500,0.003000,0.035744,0.011200,0.008544,0.010272,0.001344,1,4,48,0,1
1544,0.117400,0.129300,0.005100,0.028100,0.023000,0.057800,0.003100,0.035584,0.011232,0.008352,0.010272,0.001344,1,4,48,0,1
1545,0.116900,0.130400,0.004900,0.027900,0.022800,0.058000,0.003000,0.035616,0.012256,0.008512,0.010368,0.001248,1,4,48,0,1
1546,0.116600,0.129900,0.005200,0.027800,0.022900,0.057500,0.003100,0.037632,0.013728,0.008480,0.010208,0.001280,1,4,48,0,1
1547,0.115800,0.129500,0.004900,0.027700,0.022700,0.057200,0.003100,0.037728,0.011296,0.008384,0.010432,0.001312,1,4,48,0,1
1548,0.116500,0.128600,0.005100,0.027900,0.022600,0.057400,0.003100,0.037408,0.011168,0.008384,0.010240,0.001376,1,4,48,0,1
1549,0.116300,0.129800,0.004900,0.027700,0.022800,0.057600,0.003100,0.035392,0.011104,0.008416,0.010176,0.001312,1,4,48,0,1
1550,0.116500,0.129200,0.005000,0.027900,0.023100,0.057200,0.003200,0.035840,0.012288,0.008544,0.010432,0.001408,1,4,48,0,1
1551,0.122200,0.129500,0.004900,0.032600,0.023200,0.058300,0.003100,0.037504,0.011104,0.008448,0.010336,0.001248,1,4,48,0,1
1552,0.116500,0.135500,0.004800,0.028300,0.022700,0.057500,0.003000,0.035488,0.011168,0.008480,0.010176,0.001280,1,4,48,0,1
1553,0.116600,0.129700,0.004900,0.028000,0.023000,0.057400,0.003100,0.035616,0.011232,0.008352,0.010240,0.001344,1,4,48,0,1
1554,0.116700,0.129800,0.005000,0.028000,0.022600,0.057800,0.003100,0.035488,0.012224,0.008288,0.010368,0.001344,1,4,48,0,1
1555,0.116300,0.129600,0.005000,0.027800,0.022700,0.057700,0.003100,0.035392,0.011168,0.008384,0.010208,0.001248,1,4,48,0,1
1556,0.117600,0.129100,0.005200,0.028100,0.022500,0.058700,0.003100,0.035744,0.012288,0.008384,0.010496,0.001344,1,4,48,0,1
1557,0.117000,0.130700,0.005000,0.027800,0.022900,0.058000,0.003200,0.035616,0.011136,0.008576,0.010176,0.001344,1,4,48,0,1
1558,0.116700,0.129900,0.005000,0.027900,0.022800,0.057600,0.003200,0.035584,0.011136,0.008448,0.010240,0.001344,1,4,48,0,1
1559,0.116500,0.129600,0.005200,0.027800,0.023000,0.057200,0.003100,0.035456,0.012160,0.008352,0.010336,0.001376,1,4,48,0,1
1560,0.115900,0.129600,0.005000,0.027700,0.022600,0.057300,0.003200,0.035744,0.012256,0.008448,0.010464,0.001312,1,4,48,0,1
1561,0.116100,0.128900,0.005000,0.027800,0.022600,0.057600,0.003000,0.036768,0.013664,0.008256,0.010208,0.001280,1,4,48,0,1
1562,0.115100,0.129100,0.004800,0.027500,0.022600,0.057000,0.003100,0.035680,0.011200,0.008512,0.010272,0.001376,1,4,48,0,1
1563,0.115600,0.128300,0.004900,0.027600,0.022500,0.057400,0.003100,0.035616,0.012192,0.008480,0.010432,0.001280,1,4,48,0,1
1564,0.116100,0.128800,0.004800,0.027900,0.022900,0.057300,0.003100,0.037536,0.011168,0.008288,0.010432,0.001312,1,4,48,0,1
1565,0.116200,0.129100,0.004800,0.027600,0.022900,0.057700,0.003100,0.035488,0.011200,0.008288,0.010240,0.001376,1,4,48,0,1
1566,0.121800,0.129400,0.004900,0.027800,0.022500,0.063200,0.003100,0.035520,0.011136,0.008416,0.010208,0.001408,1,4,48,0,1
1567,0.117900,0.135100,0.005100,0.028000,0.023500,0.058000,0.003200,0.036128,0.011072,0.008448,0.010240,0.001344,1,4,48,0,1
1568,0.117900,0.131000,0.005100,0.027900,0.024700,0.057800,0.002300,0.036320,0.011136,0.008512,0.010272,0.001312,1,4,48,0,1
1569,0.117300,0.131000,0.005000,0.028100,0.022800,0.058100,0.003000,0.035648,0.012288,0.008352,0.010464,0.001344,1,4,48,0,1
1570,0.115700,0.130700,0.004800,0.027600,0.022800,0.057200,0.003000,0.035680,0.011136,0.008608,0.010240,0.001312,1,4,48,0,1
1571,0.115800,0.128700,0.004800,0.027400,0.023100,0.057300,0.003200,0.035520,0.011136,0.008448,0.010272,0.001280,1,4,48,0,1
1572,0.122300,0.128800,0.004900,0.027700,0.022900,0.063600,0.003200,0.035584,0.011296,0.008384,0.010240,0.001312,1,4,48,0,1
1573,0.116900,0.135700,0.005000,0.028100,0.023000,0.057700,0.003100,0.035488,0.011232,0.008352,0.010208,0.001280,1,4,48,0,1
1574,0.116900,0.129900,0.004800,0.028100,0.022500,0.058300,0.003000,0.035744,0.012128,0.008544,0.010464,0.001248,1,4,48,0,1
1575,0.116800,0.130200,0.005000,0.027700,0.023100,0.057800,0.003200,0.035776,0.012224,0.008576,0.010400,0.001344,1,4,48,0,1
1576,0.116100,0.130100,0.004900,0.027600,0.022800,0.057600,0.003100,0.035744,0.011232,0.008576,0.010176,0.001344,1,4,48,0,1
1577,0.116400,0.129200,0.004900,0.027900,0.022600,0.057800,0.003100,0.037664,0.011232,0.008416,0.010464,0.001248,1,4,48,0,1
1578,0.117800,0.129400,0.005000,0.027900,0.022900,0.058800,0.003100,0.035360,0.011136,0.008384,0.010208,0.001312,1,4,48,0,1
1579,0.118300,0.131100,0.004900,0.027700,0.022700,0.059800,0.003000,0.035520,0.011264,0.008384,0.010176,0.001344,1,4,48,0,1
1580,0.116400,0.131200,0.005000,0.027600,0.022700,0.059100,0.001800,0.035680,0.011200,0.008576,0.010208,0.001312,1,4,48,0,1
1581,0.119000,0.129600,0.005300,0.027500,0.022500,0.061200,0.002400,0.035840,0.013728,0.008480,0.010464,0.001376,1,4,48,0,1
1582,0.117000,0.136900,0.004900,0.028300,0.023200,0.057200,0.003200,0.037696,0.011296,0.008608,0.010432,0.001344,1,4,48,0,1
1583,0.140400,0.130700,0.004900,0.028500,0.027200,0.076100,0.003500,0.036032,0.011104,0.008256,0.010240,0.001312,1,4,48,0,1
1584,0.121800,0.154200,0.005400,0.029900,0.024800,0.058500,0.003200,0.036576,0.011136,0.008448,0.010240,0.001344,1,4,48,0,1
1585,0.115900,0.134900,0.005000,0.028000,0.023300,0.056700,0.002500,0.035648,0.012288,0.008416,0.010400,0.001312,1,4,48,0,1
1586,0.116900,0.129200,0.005100,0.027800,0.023300,0.057400,0.003200,0.035520,0.011168,0.008320,0.010304,0.001312,1,4,48,0,1
1587,0.115500,0.130000,0.005000,0.027600,0.022900,0.056900,0.003100,0.035616,0.011200,0.008384,0.010272,0.001344,1,4,48,0,1
1588,0.116200,0.128700,0.004800,0.028000,0.022800,0.057400,0.003000,0.035584,0.011168,0.008384,0.010272,0.001344,1,4,48,0,1
1589,0.115600,0.129100,0.004700,0.027700,0.022400,0.057400,0.003100,0.037536,0.013696,0.008352,0.010208,0.001344,1,4,48,0,1
1590,0.115100,0.128500,0.004900,0.027700,0.022400,0.056900,0.003100,0.035616,0.011104,0.008640,0.010208,0.001216,1,4,48,0,1
1591,0.117000,0.128000,0.004900,0.027900,0.022900,0.058100,0.003200,0.035616,0.011200,0.008416,0.010208,0.001376,1,4,48,0,1
1592,0.201100,0.130500,0.005000,0.027800,0.022600,0.139800,0.005700,0.035424,0.011232,0.008416,0.010176,0.001344,1,4,48,0,1
1593,0.236500,0.230500,0.009700,0.055200,0.053900,0.110600,0.006700,0.036096,0.011200,0.008576,0.010272,0.001312,1,4,48,0,1
1594,0.177500,0.254900,0.007500,0.044200,0.036100,0.077100,0.012400,0.036288,0.013792,0.008640,0.010304,0.001632,1,4,48,0,1
1595,0.145100,0.194100,0.006100,0.034400,0.028700,0.071900,0.003800,0.035552,0.011168,0.008448,0.010336,0.001312,1,4,48,0,1
1596,0.143500,0.161400,0.006500,0.033700,0.028100,0.071200,0.003800,0.035680,0.011200,0.008416,0.010304,0.001376,1,4,48,0,1
1597,0.167500,0.159900,0.006100,0.033600,0.038000,0.085400,0.004400,0.035328,0.011168,0.008320,0.010176,0.001280,1,4,48,0,1
1598,0.144400,0.183900,0.005900,0.034500,0.027900,0.072300,0.003800,0.035584,0.011936,0.008416,0.010400,0.001248,1,4,48,0,1
1599,0.141400,0.160700,0.006100,0.033900,0.027300,0.070300,0.003800,0.037824,0.011232,0.008480,0.010400,0.001344,1,4,48,0,1
1600,0.153100,0.157500,0.005800,0.033300,0.027700,0.076700,0.009400,0.035456,0.011200,0.008256,0.010240,0.001376,1,4,48,0,1
1601,0.142900,0.169300,0.006400,0.033900,0.027500,0.071100,0.003800,0.035456,0.011104,0.008384,0.010304,0.001280,1,4,48,0,1
1602,0.142200,0.159000,0.006300,0.034000,0.027700,0.070200,0.003600,0.035520,0.011200,0.008448,0.010176,0.001312,1,4,48,0,1
1603,0.141400,0.158100,0.006000,0.033500,0.027600,0.070400,0.003700,0.037696,0.011232,0.008416,0.010400,0.001312,1,4,48,0,1
1604,0.164500,0.157400,0.006100,0.057100,0.029600,0.068200,0.003300,0.037696,0.011232,0.008480,0.010336,0.001312,1,4,48,0,1
1605,0.124200,0.179600,0.005600,0.030100,0.024100,0.061000,0.003100,0.035552,0.011264,0.008384,0.010144,0.001376,1,4,48,0,1
1606,0.118900,0.137500,0.005100,0.028100,0.023400,0.059100,0.003000,0.035328,0.011200,0.008320,0.010176,0.001280,1,4,48,0,1
1607,0.118700,0.132300,0.004900,0.028100,0.023200,0.059200,0.003000,0.035744,0.011872,0.008480,0.010400,0.001376,1,4,48,0,1
1608,0.132800,0.131700,0.005100,0.028500,0.035800,0.059900,0.003000,0.037664,0.011232,0.008544,0.010272,0.001312,1,4,48,0,1
1609,0.121400,0.145900,0.005100,0.028200,0.021800,0.063200,0.003100,0.036384,0.011168,0.008544,0.010240,0.001280,1,4,48,0,1
1610,0.120700,0.134500,0.004800,0.027900,0.026200,0.059400,0.002300,0.036320,0.011168,0.008416,0.010240,0.001280,1,4,48,0,1
1611,0.117100,0.133900,0.005000,0.027900,0.023400,0.057700,0.003100,0.035616,0.011168,0.008480,0.010208,0.001376,1,4,48,0,1
1612,0.115900,0.130300,0.004700,0.027500,0.023200,0.057300,0.003100,0.035712,0.011360,0.008512,0.010208,0.001280,1,4,48,0,1
1613,0.116300,0.128900,0.005000,0.027700,0.022700,0.057600,0.003100,0.037728,0.013760,0.008448,0.010240,0.001312,1,4,48,0,1
1614,0.116800,0.129400,0.005000,0.028000,0.023100,0.057300,0.003300,0.035456,0.011104,0.008544,0.010176,0.001248,1,4,48,0,1
1615,0.115600,0.129900,0.005000,0.027600,0.022900,0.056700,0.003200,0.035680,0.011168,0.008512,0.010208,0.001376,1,4,48,0,1
1616,0.116800,0.128700,0.004600,0.027900,0.022900,0.057900,0.003100,0.037760,0.011200,0.008544,0.010400,0.001312,1,4,48,0,1
1617,0.123800,0.130000,0.005300,0.033300,0.023400,0.058400,0.003100,0.037760,0.011232,0.008448,0.010400,0.001344,1,4,48,0,1
1618,0.117600,0.137400,0.005100,0.027900,0.023200,0.058000,0.003100,0.035712,0.011168,0.008608,0.010240,0.001280,1,4,48,0,1
1619,0.117300,0.130700,0.004900,0.027900,0.023100,0.058100,0.003200,0.035392,0.011168,0.008480,0.010240,0.001280,1,4,48,0,1
1620,0.116600,0.130700,0.005000,0.027900,0.023000,0.057400,0.003100,0.035616,0.011168,0.008448,0.010208,0.001376,1,4,48,0,1
1621,0.116000,0.129700,0.004900,0.027900,0.022600,0.057300,0.003000,0.035488,0.011136,0.008384,0.010176,0.001376,1,4,48,0,1
1622,0.115600,0.129000,0.005000,0.027700,0.022300,0.057400,0.003100,0.035520,0.011264,0.008416,0.010144,0.001312,1,4,48,0,1
1623,0.116500,0.128600,0.004800,0.027800,0.023000,0.057700,0.003200,0.035616,0.011168,0.008512,0.010272,0.001312,1,4,48,0,1
1624,0.116200,0.129700,0.004800,0.028000,0.022700,0.057600,0.003100,0.037632,0.011168,0.008448,0.010368,0.001280,1,4,48,0,1
1625,0.117800,0.129200,0.005400,0.028100,0.023000,0.058100,0.003200,0.035456,0.011168,0.008448,0.010240,0.001216,1,4,48,0,1
1626,0.116500,0.130800,0.005200,0.027800,0.023100,0.057400,0.003000,0.035744,0.011264,0.008544,0.010272,0.001376,1,4,48,0,1
1627,0.116300,0.129500,0.004800,0.027400,0.023300,0.057400,0.003100,0.035520,0.011136,0.008416,0.010208,0.001344,1,4,48,0,1
1628,0.115900,0.129200,0.004800,0.027900,0.022500,0.057200,0.003000,0.035712,0.011264,0.008512,0.010208,0.001344,1,4,48,0,1
1629,0.116400,0.129100,0.004800,0.027800,0.022800,0.057400,0.003400,0.035424,0.011104,0.008416,0.010208,0.001312,1,4,48,0,1
1630,0.115700,0.129700,0.004800,0.027800,0.022800,0.057000,0.003100,0.035488,0.011168,0.008320,0.010240,0.001376,1,4,48,0,1
1631,0.115500,0.128500,0.004900,0.027700,0.022600,0.056800,0.003300,0.035584,0.012288,0.008352,0.010432,0.001312,1,4,48,0,1
1632,0.122700,0.128500,0.005100,0.027900,0.023000,0.063400,0.003100,0.035552,0.011168,0.008544,0.010304,0.001280,1,4,48,0,1
1633,0.117300,0.136200,0.004900,0.028000,0.023200,0.057600,0.003500,0.037504,0.011104,0.008352,0.010368,0.001280,1,4,48,0,1
1634,0.118000,0.130200,0.005000,0.027800,0.022600,0.059300,0.003100,0.035616,0.011168,0.008512,0.010272,0.001280,1,4,48,0,1
1635,0.116700,0.131300,0.004900,0.027900,0.023100,0.057600,0.003100,0.037696,0.011264,0.008480,0.010400,0.001216,1,4,48,0,1
1636,0.116500,0.129900,0.005100,0.028100,0.023000,0.057100,0.003200,0.037792,0.011232,0.008512,0.010400,0.001280,1,4,48,0,1
1637,0.116800,0.129700,0.004700,0.028100,0.023000,0.057800,0.003100,0.035776,0.011200,0.008608,0.010304,0.001248,1,4,48,0,1
1638,0.116700,0.129900,0.005000,0.027700,0.023100,0.057500,0.003100,0.035456,0.011136,0.008416,0.010240,0.001280,1,4,48,0,1
1639,0.173900,0.129600,0.004900,0.027900,0.025000,0.114100,0.001900,0.035648,0.012192,0.008512,0.010400,0.001248,1,4,48,0,1
1640,0.124000,0.187800,0.005500,0.030800,0.024600,0.059500,0.003500,0.035328,0.011168,0.008416,0.010176,0.001216,1,4,48,0,1
1641,0.116000,0.137200,0.005000,0.028100,0.022700,0.057100,0.003100,0.035744,0.011168,0.008512,0.010240,0.001376,1,4,48,0,1
1642,0.116700,0.129000,0.005000,0.028000,0.022400,0.058100,0.003200,0.035552,0.011168,0.008384,0.010240,0.001344,1,4,48,0,1
1643,0.115700,0.129700,0.005100,0.027700,0.022600,0.057100,0.003100,0.035392,0.012288,0.008288,0.010240,0.001312,1,4,48,0,1
1644,0.124200,0.128500,0.012000,0.028000,0.023200,0.057600,0.003300,0.035712,0.011232,0.008480,0.010272,0.001312,1,4,48,0,1
1645,0.138300,0.137500,0.004800,0.041500,0.023700,0.065100,0.003200,0.035552,0.011840,0.008512,0.010368,0.001248,1,4,48,0,1
1646,0.117800,0.151700,0.005000,0.028200,0.023300,0.058100,0.003200,0.035648,0.011264,0.008480,0.010240,0.001280,1,4,48,0,1
1647,0.116500,0.130900,0.004800,0.027700,0.022800,0.057700,0.003100,0.037056,0.011104,0.008320,0.010176,0.001376,1,4,48,0,1
1648,0.116100,0.129300,0.005000,0.027500,0.023000,0.057300,0.003100,0.035712,0.011232,0.008608,0.010272,0.001248,1,4,48,0,1
1649,0.116800,0.129200,0.005100,0.027900,0.022800,0.057800,0.003100,0.037600,0.011232,0.008288,0.010496,0.001312,1,4,48,0,1
1650,0.116700,0.130000,0.005000,0.027700,0.022800,0.057900,0.003200,0.035456,0.011200,0.008320,0.010240,0.001312,1,4,48,0,1
1651,0.115800,0.129800,0.004700,0.027800,0.022900,0.057100,0.003100,0.037440,0.011168,0.008256,0.010368,0.001312,1,4,48,0,1
1652,0.115200,0.128800,0.004800,0.027900,0.022900,0.057700,0.001800,0.035744,0.011200,0.008320,0.010272,0.001216,1,4,48,0,1
1653,0.119300,0.133600,0.005300,0.028500,0.023700,0.058500,0.003100,0.035552,0.012352,0.008384,0.010240,0.001344,1,4,48,0,1
1654,0.116900,0.132700,0.005300,0.027900,0.022700,0.058800,0.002100,0.035616,0.011232,0.008352,0.010272,0.001312,1,4,48,0,1
1655,0.116300,0.129900,0.004700,0.028300,0.023200,0.057700,0.002200,0.035712,0.012224,0.008544,0.010368,0.001280,1,4,48,0,1
1656,0.116900,0.129600,0.004900,0.027800,0.023000,0.057800,0.003200,0.037344,0.011200,0.008352,0.010400,0.001312,1,4,48,0,1
1657,0.116300,0.130100,0.004800,0.027700,0.023200,0.057400,0.003100,0.035840,0.012352,0.008608,0.010400,0.001280,1,4,48,0,1
1658,0.116000,0.129300,0.004900,0.027900,0.022600,0.057300,0.003100,0.037376,0.013664,0.008288,0.010208,0.001312,1,4,48,0,1
1659,0.116900,0.129200,0.005100,0.027900,0.022600,0.058100,0.003100,0.035584,0.011200,0.008416,0.010240,0.001312,1,4,48,0,1
1660,0.117200,0.130000,0.004900,0.027900,0.023100,0.058000,0.003000,0.035520,0.011264,0.008448,0.010208,0.001376,1,4,48,0,1
1661,0.117500,0.130200,0.005000,0.028100,0.023100,0.058100,0.003200,0.035520,0.012288,0.008320,0.010368,0.001312,1,4,48,0,1
1662,0.115600,0.130400,0.005100,0.027900,0.022200,0.057100,0.003100,0.035520,0.011168,0.008352,0.010240,0.001376,1,4,48,0,1
1663,0.116900,0.128500,0.005100,0.027900,0.023000,0.057800,0.002900,0.037664,0.013728,0.008416,0.010208,0.001408,1,4,48,0,1
1664,0.116400,0.129900,0.004900,0.027400,0.022900,0.058000,0.003000,0.035648,0.012320,0.008448,0.010336,0.001312,1,4,48,0,1
1665,0.116100,0.129300,0.004800,0.027800,0.022500,0.057900,0.002900,0.037696,0.011168,0.008416,0.010400,0.001376,1,4,48,0,1
1666,0.117000,0.129000,0.004600,0.028100,0.022600,0.058300,0.003100,0.035424,0.011168,0.008320,0.010240,0.001312,1,4,48,0,1
1667,0.116600,0.130400,0.004800,0.027500,0.023100,0.058100,0.002900,0.035328,0.011200,0.008384,0.010144,0.001344,1,4,48,0,1
1668,0.122700,0.129800,0.004900,0.027600,0.027800,0.059300,0.003000,0.035584,0.011168,0.008512,0.010208,0.001312,1,4,48,0,1
1669,0.117300,0.135900,0.005000,0.027700,0.023400,0.058000,0.003000,0.035488,0.011168,0.008416,0.010208,0.001312,1,4,48,0,1
1670,0.117000,0.130400,0.004900,0.027600,0.022900,0.058200,0.003100,0.035648,0.011200,0.008512,0.010240,0.001312,1,4,48,0,1
1671,0.115600,0.130000,0.004800,0.027600,0.022800,0.056900,0.003300,0.037824,0.011264,0.008544,0.010400,0.001312,1,4,48,0,1
1672,0.115600,0.128600,0.004800,0.027700,0.022600,0.057200,0.003100,0.035520,0.011232,0.008480,0.010176,0.001248,1,4,48,0,1
1673,0.116600,0.128400,0.004800,0.027900,0.022700,0.057600,0.003200,0.035232,0.011168,0.008192,0.010304,0.001344,1,4,48,0,1
1674,0.116300,0.129600,0.005000,0.027700,0.022900,0.057500,0.003000,0.037568,0.011264,0.008544,0.010432,0.001280,1,4,48,0,1
1675,0.115900,0.129500,0.004800,0.027400,0.023100,0.057500,0.003000,0.035744,0.012288,0.008448,0.010432,0.001376,1,4,48,0,1
1676,0.117900,0.128900,0.005400,0.027800,0.023100,0.058200,0.003300,0.035744,0.012256,0.008576,0.010368,0.001344,1,4,48,0,1
1677,0.116400,0.131000,0.004900,0.028000,0.023100,0.057200,0.003200,0.035648,0.011232,0.008448,0.010176,0.001344,1,4,48,0,1
1678,0.116900,0.139600,0.005000,0.027800,0.023000,0.057700,0.003200,0.035712,0.011168,0.008576,0.010240,0.001344,1,4,48,0,1
1679,0.115000,0.130100,0.004600,0.027800,0.022300,0.057100,0.003100,0.035584,0.011200,0.008288,0.010272,0.001408,1,4,48,0,1
1680,0.116500,0.127900,0.004900,0.027600,0.023000,0.057700,0.003100,0.035712,0.011200,0.008576,0.010208,0.001312,1,4,48,0,1
1681,0.122200,0.129600,0.005000,0.027700,0.022900,0.063300,0.003200,0.035520,0.011232,0.008384,0.010176,0.001312,1,4,48,0,1
1682,0.118100,0.135600,0.004900,0.028200,0.023000,0.058700,0.003100,0.035488,0.012256,0.008320,0.010432,0.001280,1,4,48,0,1
1683,0.134800,0.131200,0.004900,0.028000,0.039000,0.059500,0.003200,0.035552,0.011232,0.008320,0.010240,0.001312,1,4,48,0,1
1684,0.117600,0.148400,0.005200,0.028600,0.023000,0.057600,0.003100,0.035488,0.011200,0.008384,0.010272,0.001216,1,4,48,0,1
1685,0.116200,0.130800,0.004900,0.027900,0.023000,0.057100,0.003200,0.035584,0.011200,0.008448,0.010240,0.001344,1,4,48,0,1
1686,0.116700,0.129100,0.004900,0.027700,0.022800,0.057700,0.003100,0.035680,0.011200,0.008576,0.010208,0.001344,1,4,48,0,1
1687,0.115700,0.129500,0.004800,0.027700,0.022800,0.057200,0.003100,0.035584,0.011136,0.008544,0.010240,0.001280,1,4,48,0,1
1688,0.116400,0.128800,0.004700,0.028100,0.023000,0.057400,0.003100,0.035456,0.012192,0.008352,0.010400,0.001280,1,4,48,0,1
1689,0.115400,0.129300,0.005000,0.027400,0.022800,0.056900,0.003000,0.035360,0.011168,0.008288,0.010208,0.001312,1,4,48,0,1
1690,0.115400,0.128400,0.004700,0.027500,0.023000,0.057600,0.002600,0.035840,0.011232,0.008608,0.010336,0.001248,1,4,48,0,1
1691,0.116000,0.128400,0.004700,0.027500,0.022800,0.057800,0.003100,0.035936,0.011168,0.008416,0.010208,0.001248,1,4,48,0,1
1692,0.148600,0.129200,0.005000,0.027800,0.025800,0.086000,0.003800,0.036096,0.011200,0.008352,0.010208,0.001344,1,4,48,0,1
1693,0.122000,0.162500,0.005100,0.030500,0.023200,0.059400,0.003500,0.035584,0.013664,0.008352,0.010432,0.001344,1,4,48,0,1
1694,0.115000,0.135300,0.005100,0.027900,0.022700,0.057200,0.002000,0.035584,0.012192,0.008512,0.010368,0.001312,1,4,48,0,1
1695,0.116400,0.128000,0.005100,0.027600,0.023300,0.057200,0.003200,0.035424,0.011168,0.008320,0.010208,0.001280,1,4,48,0,1
1696,0.115800,0.129400,0.004700,0.027500,0.022800,0.057400,0.003100,0.035520,0.011168,0.008544,0.010176,0.001248,1,4,48,0,1
1697,0.115700,0.128900,0.004700,0.027600,0.022800,0.057200,0.003100,0.035616,0.011200,0.008416,0.010272,0.001312,1,4,48,0,1
1698,0.116200,0.129000,0.005100,0.027600,0.022500,0.057600,0.003100,0.035648,0.011136,0.008608,0.010208,0.001312,1,4,48,0,1
1699,0.116200,0.129400,0.004900,0.027600,0.022900,0.057500,0.003200,0.035744,0.011232,0.008544,0.010240,0.001312,1,4,48,0,1
1700,0.131500,0.129200,0.004700,0.027500,0.029800,0.065800,0.003400,0.035584,0.011168,0.008480,0.010176,0.001344,1,4,48,0,1
1701,0.122800,0.145000,0.005300,0.027900,0.020800,0.066500,0.002200,0.036192,0.011136,0.008320,0.010208,0.001312,1,4,48,0,1
1702,0.120000,0.135800,0.004800,0.027800,0.026700,0.057300,0.003200,0.035648,0.013632,0.008512,0.010368,0.001376,1,4,48,0,1
1703,0.117600,0.133100,0.004800,0.027900,0.023000,0.058300,0.003200,0.035552,0.012256,0.008352,0.010400,0.001312,1,4,48,0,1
1704,0.116900,0.130700,0.005300,0.027900,0.022700,0.057900,0.003100,0.035520,0.011168,0.008288,0.010304,0.001376,1,4,48,0,1
1705,0.114700,0.130100,0.004800,0.027900,0.022300,0.057300,0.002400,0.035616,0.011200,0.008576,0.010176,0.001312,1,4,48,0,1
1706,0.197400,0.133700,0.006300,0.069500,0.032900,0.085900,0.002800,0.035616,0.013664,0.008512,0.010432,0.001248,1,4,48,0,1
1707,0.176800,0.212100,0.005800,0.033400,0.039400,0.093300,0.004800,0.035616,0.011232,0.008416,0.010208,0.001376,1,4,48,0,1
1708,0.147100,0.191000,0.005400,0.030700,0.024800,0.080600,0.005300,0.036864,0.011168,0.008512,0.010240,0.001280,1,4,48,0,1
1709,0.179200,0.166000,0.007600,0.044700,0.034100,0.078200,0.014600,0.035648,0.013760,0.008512,0.010336,0.001280,1,4,48,0,1
1710,0.148000,0.195900,0.006500,0.035000,0.028900,0.073600,0.003800,0.035488,0.011200,0.008384,0.010272,0.001312,1,4,48,0,1
1711,0.146400,0.164400,0.006000,0.034200,0.028500,0.073800,0.003700,0.035616,0.011168,0.008576,0.010272,0.001216,1,4,48,0,1
1712,0.151600,0.162900,0.014400,0.034100,0.028000,0.070700,0.003900,0.035456,0.011136,0.008608,0.010176,0.001248,1,4,48,0,1
1713,0.142700,0.167800,0.006000,0.034000,0.028100,0.070800,0.003700,0.035488,0.011136,0.008384,0.010304,0.001248,1,4,48,0,1
1714,0.141500,0.159000,0.005900,0.033500,0.027500,0.070800,0.003700,0.035584,0.011136,0.008512,0.010208,0.001344,1,4,48,0,1
1715,0.140700,0.157500,0.005800,0.033400,0.027400,0.070400,0.003700,0.037024,0.013696,0.008256,0.010272,0.001216,1,4,48,0,1
1716,0.141500,0.157000,0.006000,0.033400,0.027900,0.070300,0.003600,0.035552,0.011232,0.008512,0.010144,0.001280,1,4,48,0,1
1717,0.141100,0.157600,0.005900,0.033800,0.027300,0.070200,0.003600,0.035648,0.011200,0.008448,0.010240,0.001280,1,4,48,0,1
1718,0.140900,0.157200,0.005800,0.033600,0.027600,0.070100,0.003600,0.035552,0.011168,0.008416,0.010240,0.001344,1,4,48,0,1
1719,0.171400,0.157000,0.005800,0.033400,0.046900,0.074800,0.010400,0.035648,0.011232,0.008448,0.010240,0.001344,1,4,48,0,1
1720,0.122800,0.185800,0.005400,0.030600,0.024400,0.059000,0.003200,0.037792,0.011200,0.008480,0.010464,0.001312,1,4,48,0,1
1721,0.118800,0.135800,0.005100,0.028500,0.023400,0.058500,0.003100,0.035584,0.011168,0.008544,0.010208,0.001248,1,4,48,0,1
1722,0.117500,0.131900,0.005300,0.028000,0.023200,0.057500,0.003200,0.037696,0.011200,0.008448,0.010432,0.001344,1,4,48,0,1
1723,0.116700,0.130400,0.004900,0.027800,0.023100,0.057400,0.003200,0.035488,0.011168,0.008448,0.010240,0.001248,1,4,48,0,1
1724,0.129500,0.129700,0.004900,0.027700,0.025900,0.068900,0.001900,0.035552,0.013696,0.008480,0.010400,0.001216,1,4,48,0,1
1725,0.115700,0.142700,0.005100,0.028000,0.022800,0.057100,0.002400,0.035552,0.013696,0.008448,0.010368,0.001280,1,4,48,0,1
1726,0.115900,0.128800,0.005100,0.027700,0.021900,0.057900,0.003200,0.035616,0.013728,0.008448,0.010400,0.001280,1,4,48,0,1
1727,0.116800,0.128800,0.004800,0.027900,0.022900,0.058000,0.003100,0.037440,0.013760,0.008448,0.010176,0.001216,1,4,48,0,1
1728,0.116600,0.129700,0.004900,0.027600,0.023000,0.057500,0.003200,0.035904,0.011328,0.008608,0.010208,0.001376,1,4,48,0,1
1729,0.115200,0.129800,0.004800,0.027500,0.022700,0.057000,0.003100,0.037728,0.011296,0.008448,0.010368,0.001248,1,4,48,0,1
1730,0.116100,0.128400,0.005000,0.027600,0.022900,0.057100,0.003200,0.035616,0.012320,0.008352,0.010368,0.001344,1,4,48,0,1
1731,0.117100,0.129100,0.004700,0.027800,0.023400,0.057800,0.003200,0.035424,0.012160,0.008352,0.010400,0.001248,1,4,48,0,1
1732,0.123900,0.130300,0.004800,0.027500,0.029200,0.059000,0.003300,0.035360,0.011232,0.008352,0.010208,0.001344,1,4,48,0,1
1733,0.117500,0.137300,0.005000,0.028000,0.023500,0.057800,0.003100,0.035360,0.011200,0.008256,0.010304,0.001248,1,4,48,0,1
1734,0.117800,0.130400,0.005100,0.027900,0.022900,0.058700,0.003100,0.035456,0.011200,0.008416,0.010176,0.001280,1,4,48,0,1
1735,0.116200,0.130900,0.005000,0.027700,0.022600,0.057400,0.003100,0.037792,0.013696,0.008608,0.010208,0.001344,1,4,48,0,1
1736,0.116700,0.129000,0.005000,0.027500,0.023000,0.057600,0.003200,0.037568,0.013728,0.008512,0.010208,0.001344,1,4,48,0,1
1737,0.116300,0.129700,0.005200,0.027700,0.023100,0.057200,0.003100,0.035360,0.011232,0.008288,0.010208,0.001216,1,4,48,0,1
1738,0.116000,0.129300,0.004900,0.027600,0.022600,0.057700,0.003100,0.035552,0.011200,0.008352,0.010208,0.001344,1,4,48,0,1
1739,0.116000,0.129000,0.004700,0.027600,0.023200,0.057100,0.003200,0.035520,0.011232,0.008416,0.010272,0.001216,1,4,48,0,1
1740,0.115900,0.129100,0.005000,0.027500,0.022700,0.057200,0.003100,0.035744,0.011168,0.008672,0.010208,0.001248,1,4,48,0,1
1741,0.116300,0.128900,0.005100,0.027900,0.022900,0.057200,0.003100,0.035392,0.011168,0.008352,0.010208,0.001312,1,4,48,0,1
1742,0.116800,0.129200,0.004700,0.027900,0.021900,0.058800,0.003200,0.035616,0.011040,0.008448,0.010272,0.001344,1,4,48,0,1
1743,0.115600,0.129700,0.005100,0.027700,0.021000,0.058400,0.003300,0.037312,0.010816,0.008512,0.010208,0.001344,1,4,48,0,1
1744,0.124800,0.128800,0.005100,0.027600,0.029600,0.060000,0.002400,0.036288,0.011200,0.008416,0.010272,0.001248,1,4,48,0,1
1745,0.117600,0.138000,0.004700,0.028100,0.023000,0.058500,0.003200,0.035456,0.011104,0.008544,0.010144,0.001248,1,4,48,0,1
1746,0.116900,0.130800,0.005100,0.027600,0.022900,0.058100,0.003200,0.037728,0.011232,0.008352,0.010368,0.001344,1,4,48,0,1
1747,0.121600,0.130000,0.004900,0.027700,0.022900,0.062800,0.003200,0.037600,0.011168,0.008384,0.010368,0.001376,1,4,48,0,1
1748,0.121000,0.134700,0.005100,0.028100,0.022900,0.061500,0.003200,0.035680,0.011264,0.008512,0.010208,0.001312,1,4,48,0,1
1749,0.130400,0.134100,0.005100,0.027800,0.025500,0.068500,0.003300,0.035648,0.011168,0.008416,0.010240,0.001248,1,4,48,0,1
1750,0.117100,0.143600,0.004900,0.028600,0.023300,0.057700,0.002400,0.036192,0.011168,0.008416,0.010272,0.001312,1,4,48,0,1
1751,0.116400,0.130100,0.004700,0.027800,0.023000,0.057600,0.003100,0.035648,0.012160,0.008480,0.010432,0.001312,1,4,48,0,1
1752,0.117600,0.129400,0.005000,0.027900,0.023200,0.057900,0.003200,0.037696,0.011168,0.008416,0.010496,0.001248,1,4,48,0,1
1753,0.116700,0.130600,0.005300,0.027700,0.023200,0.057300,0.003200,0.035680,0.011200,0.008512,0.010176,0.001376,1,4,48,0,1
1754,0.116100,0.129600,0.005000,0.027800,0.022700,0.057500,0.003100,0.035552,0.011264,0.008384,0.010240,0.001280,1,4,48,0,1
1755,0.116100,0.128900,0.004900,0.027600,0.023000,0.057300,0.003100,0.037696,0.013664,0.008544,0.010176,0.001376,1,4,48,0,1
1756,0.116200,0.129300,0.004700,0.028000,0.022700,0.057500,0.003100,0.035552,0.011232,0.008512,0.010176,0.001248,1,4,48,0,1
1757,0.116100,0.129800,0.004800,0.027700,0.022800,0.057600,0.003100,0.037824,0.011296,0.008416,0.010432,0.001344,1,4,48,0,1
1758,0.114200,0.129300,0.004900,0.027700,0.022400,0.056900,0.002300,0.035584,0.011168,0.008512,0.010240,0.001248,1,4,48,0,1
1759,0.116000,0.127200,0.004800,0.027900,0.022700,0.057200,0.003100,0.035488,0.011168,0.008448,0.010208,0.001280,1,4,48,0,1
1760,0.115500,0.129000,0.004700,0.027700,0.022700,0.057100,0.003100,0.035424,0.011104,0.008352,0.010240,0.001344,1,4,48,0,1
1761,0.117700,0.128600,0.005100,0.027700,0.023300,0.058300,0.003000,0.035552,0.011168,0.008384,0.010208,0.001376,1,4,48,0,1
1762,0.117600,0.130800,0.005000,0.027800,0.022900,0.058500,0.003100,0.035520,0.011104,0.008384,0.010336,0.001312,1,4,48,0,1
1763,0.118900,0.135500,0.004900,0.028500,0.023600,0.058500,0.003300,0.035456,0.011168,0.008352,0.010208,0.001312,1,4,48,0,1
1764,0.116100,0.132700,0.004900,0.027800,0.022600,0.057300,0.003100,0.035648,0.011168,0.008480,0.010272,0.001376,1,4,48,0,1
1765,0.116700,0.129200,0.005100,0.028100,0.022700,0.057700,0.003100,0.035648,0.011200,0.008480,0.010208,0.001344,1,4,48,0,1
1766,0.117400,0.129800,0.005100,0.027700,0.022800,0.058200,0.003200,0.035424,0.011104,0.008448,0.010208,0.001312,1,4,48,0,1
1767,0.115500,0.130300,0.004700,0.027800,0.022800,0.056900,0.003100,0.035520,0.011168,0.008512,0.010208,0.001216,1,4,48,0,1
1768,0.116200,0.128300,0.004900,0.027400,0.023300,0.057200,0.003100,0.035392,0.013632,0.008448,0.010368,0.001312,1,4,48,0,1
1769,0.116400,0.129300,0.004800,0.027800,0.022700,0.057900,0.003100,0.035456,0.011136,0.008448,0.010208,0.001312,1,4,48,0,1
1770,0.115900,0.129300,0.004900,0.027700,0.023000,0.057000,0.003100,0.035808,0.011264,0.008576,0.010208,0.001376,1,4,48,0,1
1771,0.115600,0.129200,0.004800,0.027600,0.022900,0.056700,0.003200,0.035584,0.011232,0.008448,0.010304,0.001248,1,4,48,0,1
1772,0.115500,0.128700,0.004700,0.027600,0.022700,0.057300,0.003100,0.035584,0.011232,0.008416,0.010272,0.001344,1,4,48,0,1
1773,0.116000,0.128500,0.004800,0.027600,0.023200,0.057200,0.003200,0.035232,0.011168,0.008320,0.010176,0.001280,1,4,48,0,1
1774,0.115700,0.129100,0.004900,0.027700,0.022700,0.057100,0.003000,0.037664,0.011136,0.008512,0.010368,0.001280,1,4,48,0,1
1775,0.116000,0.128800,0.004900,0.027700,0.023000,0.057200,0.003200,0.035680,0.012224,0.008480,0.010400,0.001344,1,4,48,0,1
1776,0.116300,0.128900,0.005000,0.027700,0.023000,0.057300,0.003100,0.037824,0.011296,0.008480,0.010368,0.001312,1,4,48,0,1
1777,0.116500,0.129300,0.004800,0.027900,0.023100,0.057400,0.003200,0.035360,0.011168,0.008288,0.010144,0.001344,1,4,48,0,1
1778,0.122700,0.129500,0.005200,0.027700,0.022500,0.064100,0.003000,0.035712,0.011200,0.008576,0.010208,0.001344,1,4,48,0,1
1779,0.116900,0.136300,0.005000,0.028100,0.023000,0.057500,0.003200,0.035680,0.011200,0.008544,0.010208,0.001344,1,4,48,0,1
1780,0.116700,0.130000,0.005000,0.028000,0.022900,0.057400,0.003300,0.037760,0.011200,0.008480,0.010368,0.001408,1,4,48,0,1
1781,0.116100,0.129900,0.005100,0.027800,0.022600,0.057500,0.003100,0.035584,0.011168,0.008384,0.010368,0.001280,1,4,48,0,1
1782,0.116800,0.129300,0.004900,0.027600,0.023000,0.057900,0.003000,0.035488,0.011104,0.008416,0.010240,0.001312,1,4,48,0,1
1783,0.116100,0.129600,0.004800,0.027600,0.023000,0.057200,0.003200,0.035488,0.011168,0.008416,0.010176,0.001280,1,4,48,0,1
1784,0.117000,0.129200,0.005300,0.027700,0.023000,0.057500,0.003100,0.037568,0.011168,0.008512,0.010368,0.001216,1,4,48,0,1
1785,0.116400,0.130000,0.005000,0.027900,0.023000,0.057200,0.003100,0.035840,0.012288,0.008544,0.010400,0.001344,1,4,48,0,1
1786,0.115700,0.129500,0.004900,0.028000,0.022600,0.057000,0.003000,0.035520,0.011136,0.008448,0.010304,0.001376,1,4,48,0,1
1787,0.116800,0.128600,0.005000,0.027700,0.022500,0.058200,0.003100,0.035584,0.011200,0.008448,0.010144,0.001376,1,4,48,0,1
1788,0.145200,0.129800,0.005100,0.027900,0.023100,0.075900,0.013100,0.036576,0.011200,0.008704,0.010176,0.001312,1,4,48,0,1
1789,0.117100,0.158200,0.005000,0.027400,0.020500,0.061900,0.002100,0.035456,0.010880,0.008256,0.010272,0.001344,1,4,48,0,1
1790,0.123100,0.130400,0.004900,0.027900,0.028000,0.059000,0.003200,0.037248,0.011200,0.008480,0.010336,0.001280,1,4,48,0,1
1791,0.124200,0.136200,0.004800,0.033600,0.024200,0.058300,0.003100,0.035488,0.011136,0.008416,0.010176,0.001312,1,4,48,0,1
1792,0.116000,0.137600,0.005000,0.027500,0.022800,0.057500,0.003100,0.037600,0.011232,0.008320,0.010432,0.001280,1,4,48,0,1
1793,0.123000,0.129100,0.005000,0.027800,0.022700,0.064000,0.003300,0.036480,0.011168,0.008480,0.010240,0.001376,1,4,48,0,1
1794,0.117600,0.136200,0.005000,0.028500,0.023100,0.057700,0.003100,0.035648,0.011168,0.008608,0.010240,0.001312,1,4,48,0,1
1795,0.128800,0.130700,0.004900,0.027700,0.023300,0.069700,0.003100,0.037376,0.013664,0.008416,0.010240,0.001248,1,4,48,0,1
1796,0.115200,0.142000,0.004700,0.027800,0.022600,0.057000,0.003100,0.037824,0.011328,0.008736,0.010432,0.001248,1,4,48,0,1
1797,0.116000,0.128300,0.004800,0.027800,0.022900,0.057300,0.003200,0.035552,0.011168,0.008480,0.010240,0.001344,1,4,48,0,1
1798,0.116000,0.129400,0.004700,0.027800,0.022800,0.057500,0.003000,0.037696,0.013632,0.008480,0.010304,0.001344,1,4,48,0,1
1799,0.115600,0.128900,0.004900,0.027500,0.023200,0.058000,0.001900,0.035424,0.011200,0.008288,0.010240,0.001280,1,4,48,0,1
1800,0.131600,0.128700,0.004900,0.027800,0.022900,0.072800,0.003100,0.035264,0.013632,0.008352,0.010464,0.001216,1,4,48,0,1
1801,0.115800,0.144700,0.005000,0.027600,0.022900,0.058000,0.002100,0.035424,0.011264,0.008288,0.010240,0.001248,1,4,48,0,1
1802,0.138700,0.129000,0.007000,0.027900,0.023200,0.075000,0.005400,0.036320,0.011200,0.008480,0.010240,0.001344,1,4,48,0,1
1803,0.188800,0.159900,0.007300,0.048700,0.036700,0.091000,0.004900,0.036096,0.011168,0.008576,0.010208,0.001248,1,4,48,0,1
1804,0.155100,0.206300,0.006100,0.035900,0.029800,0.073400,0.009700,0.035648,0.011168,0.008512,0.010208,0.001344,1,4,48,0,1
1805,0.144000,0.171500,0.006100,0.034300,0.028500,0.071200,0.003800,0.037696,0.011264,0.008480,0.010368,0.001216,1,4,48,0,1
1806,0.152100,0.160200,0.006100,0.034100,0.028200,0.071800,0.011700,0.035808,0.012256,0.008608,0.010496,0.001216,1,4,48,0,1
1807,0.150100,0.168400,0.005700,0.033700,0.028100,0.070000,0.012300,0.035680,0.011168,0.008512,0.010240,0.001344,1,4,48,0,1
1808,0.150800,0.166100,0.005800,0.033700,0.028200,0.070600,0.012200,0.035584,0.011264,0.008480,0.010176,0.001248,1,4,48,0,1
1809,0.123800,0.166900,0.006000,0.032100,0.023500,0.059000,0.003000,0.035712,0.011232,0.008512,0.010208,0.001344,1,4,48,0,1
1810,0.117600,0.137000,0.005100,0.027700,0.023200,0.058600,0.003000,0.035680,0.011168,0.008512,0.010176,0.001344,1,4,48,0,1
1811,0.117900,0.131000,0.004800,0.027600,0.023700,0.058500,0.003000,0.035552,0.011136,0.008448,0.010208,0.001376,1,4,48,0,1
1812,0.117800,0.131000,0.005100,0.027700,0.022900,0.059000,0.003100,0.035712,0.011232,0.008544,0.010240,0.001344,1,4,48,0,1
1813,0.118100,0.130900,0.005100,0.027800,0.022800,0.059100,0.003000,0.035456,0.011136,0.008384,0.010176,0.001376,1,4,48,0,1
1814,0.120200,0.137400,0.005100,0.028600,0.023500,0.059700,0.003100,0.035520,0.011200,0.008448,0.010208,0.001280,1,4,48,0,1
1815,0.118400,0.133700,0.004900,0.028100,0.023300,0.059000,0.003100,0.035392,0.011168,0.008352,0.010304,0.001248,1,4,48,0,1
1816,0.126900,0.131400,0.004900,0.036800,0.023200,0.058900,0.003100,0.035456,0.011104,0.008256,0.010304,0.001344,1,4,48,0,1
1817,0.117400,0.139900,0.005000,0.027600,0.022900,0.058700,0.003100,0.035616,0.011232,0.008352,0.010304,0.001344,1,4,48,0,1
1818,0.117200,0.130500,0.004900,0.027600,0.023000,0.058300,0.003000,0.035584,0.011168,0.008448,0.010272,0.001312,1,4,48,0,1
1819,0.116900,0.130200,0.004900,0.027500,0.023300,0.058200,0.003000,0.037248,0.013696,0.008416,0.010272,0.001216,1,4,48,0,1
1820,0.215500,0.130000,0.005200,0.038900,0.050100,0.118900,0.002300,0.036736,0.011200,0.008448,0.010304,0.001344,1,4,48,0,1
1821,0.176100,0.229900,0.005600,0.034200,0.027600,0.104600,0.003800,0.035968,0.011168,0.008480,0.010240,0.001376,1,4,48,0,1
1822,0.136900,0.191100,0.005900,0.036500,0.028400,0.062900,0.003100,0.035584,0.013696,0.008384,0.010400,0.001344,1,4,48,0,1
1823,0.119500,0.150600,0.005000,0.028500,0.023900,0.059000,0.003000,0.035488,0.012320,0.008256,0.010400,0.001312,1,4,48,0,1
1824,0.118700,0.133000,0.005100,0.028200,0.023300,0.058900,0.003100,0.035584,0.011136,0.008448,0.010240,0.001344,1,4,48,0,1
1825,0.116800,0.131800,0.004800,0.027600,0.022800,0.058500,0.003000,0.035648,0.011168,0.008480,0.010272,0.001344,1,4,48,0,1
1826,0.117300,0.129900,0.004900,0.027800,0.022800,0.058600,0.003000,0.035488,0.012320,0.008288,0.010432,0.001344,1,4,48,0,1
1827,0.117300,0.130600,0.004800,0.028100,0.022700,0.058300,0.003000,0.035456,0.011200,0.008416,0.010208,0.001280,1,4,48,0,1
1828,0.116900,0.130700,0.004800,0.027800,0.023300,0.057900,0.003000,0.037696,0.013856,0.008480,0.010176,0.001248,1,4,48,0,1
1829,0.155700,0.129900,0.004800,0.027600,0.027500,0.081900,0.013800,0.036320,0.011168,0.008416,0.010240,0.001280,1,4,48,0,1
1830,0.116700,0.169100,0.005100,0.028700,0.023100,0.057200,0.002500,0.035584,0.013632,0.008384,0.010464,0.001344,1,4,48,0,1
1831,0.120900,0.129600,0.004800,0.027500,0.024000,0.062400,0.001900,0.035520,0.011072,0.008480,0.010208,0.001344,1,4,48,0,1
1832,0.114400,0.134000,0.004900,0.027600,0.023000,0.056700,0.002100,0.035392,0.013760,0.008224,0.010464,0.001248,1,4,48,0,1
1833,0.115700,0.127700,0.004800,0.028000,0.023100,0.057600,0.002200,0.035584,0.011168,0.008416,0.010272,0.001312,1,4,48,0,1
1834,0.121900,0.128800,0.004600,0.027600,0.022400,0.064000,0.003200,0.037824,0.011232,0.008544,0.010400,0.001280,1,4,48,0,1
1835,0.118800,0.135300,0.005100,0.028300,0.023400,0.058900,0.003000,0.035392,0.011200,0.008448,0.010240,0.001216,1,4,48,0,1
1836,0.117300,0.132100,0.005000,0.027600,0.023100,0.058300,0.003000,0.035584,0.011200,0.008544,0.010176,0.001216,1,4,48,0,1
1837,0.117000,0.130500,0.004600,0.027700,0.022800,0.058600,0.003100,0.035424,0.011168,0.008384,0.010240,0.001248,1,4,48,0,1
1838,0.117300,0.130300,0.005000,0.027700,0.022900,0.058400,0.003000,0.035712,0.011232,0.008608,0.010272,0.001344,1,4,48,0,1
1839,0.116300,0.130200,0.005000,0.027400,0.022600,0.058000,0.003100,0.035392,0.011136,0.008384,0.010208,0.001312,1,4,48,0,1
1840,0.116700,0.129300,0.004700,0.027700,0.023000,0.058200,0.003000,0.035424,0.011136,0.008384,0.010240,0.001280,1,4,48,0,1
1841,0.117600,0.129800,0.005100,0.027800,0.023100,0.058400,0.003000,0.037408,0.013728,0.008480,0.010240,0.001248,1,4,48,0,1
1842,0.117200,0.130700,0.004900,0.027900,0.022700,0.058400,0.003000,0.035584,0.011168,0.008448,0.010272,0.001344,1,4,48,0,1
1843,0.116700,0.130000,0.004800,0.027400,0.023000,0.058300,0.003000,0.037632,0.011200,0.008416,0.010400,0.001216,1,4,48,0,1
1844,0.116500,0.129600,0.004800,0.027800,0.022700,0.058200,0.003000,0.035520,0.011232,0.008352,0.010240,0.001280,1,4,48,0,1
1845,0.125200,0.129600,0.007000,0.031800,0.022400,0.060500,0.003100,0.035392,0.011072,0.008416,0.010272,0.001248,1,4,48,0,1
1846,0.115900,0.138600,0.004900,0.027700,0.022800,0.057300,0.003000,0.035616,0.011168,0.008448,0.010240,0.001312,1,4,48,0,1
1847,0.115600,0.128900,0.004800,0.027600,0.022800,0.057100,0.003200,0.037696,0.013696,0.008448,0.010272,0.001344,1,4,48,0,1
1848,0.116700,0.128700,0.004900,0.027800,0.022700,0.057800,0.003200,0.035744,0.011200,0.008544,0.010272,0.001344,1,4,48,0,1
1849,0.116600,0.129700,0.005100,0.028000,0.023100,0.057000,0.003200,0.037760,0.013664,0.008576,0.010240,0.001344,1,4,48,0,1
1850,0.118900,0.135000,0.005000,0.028400,0.023600,0.058600,0.003100,0.035680,0.011168,0.008512,0.010240,0.001344,1,4,48,0,1
1851,0.116400,0.132100,0.004800,0.027900,0.022800,0.057400,0.003100,0.035776,0.011232,0.008544,0.010240,0.001376,1,4,48,0,1
1852,0.124700,0.129400,0.005000,0.027900,0.023100,0.065400,0.003200,0.035776,0.011264,0.008448,0.010272,0.001344,1,4,48,0,1
1853,0.116000,0.137600,0.004800,0.027800,0.023100,0.057600,0.002500,0.035488,0.011136,0.008448,0.010176,0.001280,1,4,48,0,1
1854,0.116300,0.129300,0.005000,0.027600,0.022700,0.057700,0.003100,0.035552,0.011168,0.008416,0.010240,0.001376,1,4,48,0,1
1855,0.115800,0.129300,0.004900,0.027600,0.022800,0.058000,0.002400,0.035264,0.011168,0.008288,0.010176,0.001312,1,4,48,0,1
1856,0.117100,0.128800,0.004900,0.027700,0.023100,0.057900,0.003400,0.035552,0.011200,0.008416,0.010208,0.001312,1,4,48,0,1
1857,0.116300,0.130000,0.004900,0.027800,0.023000,0.057100,0.003200,0.035424,0.011168,0.008288,0.010208,0.001344,1,4,48,0,1
1858,0.118000,0.138000,0.006300,0.027600,0.022700,0.057500,0.003800,0.035424,0.011136,0.008480,0.010176,0.001216,1,4,48,0,1
1859,0.140400,0.131000,0.006000,0.027900,0.022800,0.077800,0.005500,0.035552,0.011168,0.008448,0.010208,0.001344,1,4,48,0,1
1860,0.171100,0.158500,0.007200,0.044200,0.033200,0.075800,0.010500,0.035648,0.011232,0.008416,0.010272,0.001280,1,4,48,0,1
1861,0.145100,0.187500,0.006100,0.034500,0.028800,0.071600,0.003900,0.035424,0.011200,0.008480,0.010272,0.001216,1,4,48,0,1
1862,0.141800,0.161100,0.005900,0.033900,0.027700,0.070400,0.003700,0.037760,0.011264,0.008448,0.010432,0.001312,1,4,48,0,1
1863,0.142400,0.157700,0.005900,0.033700,0.027600,0.071300,0.003700,0.035584,0.011136,0.008384,0.010272,0.001376,1,4,48,0,1
1864,0.142300,0.158600,0.005900,0.033700,0.027700,0.071200,0.003700,0.035488,0.011136,0.008512,0.010176,0.001344,1,4,48,0,1
1865,0.151400,0.158100,0.005600,0.033800,0.027500,0.071300,0.013000,0.035584,0.012224,0.008352,0.010400,0.001408,1,4,48,0,1
1866,0.136100,0.167400,0.006000,0.033700,0.028300,0.064900,0.003100,0.035872,0.012320,0.008576,0.010432,0.001312,1,4,48,0,1
1867,0.118400,0.149100,0.004900,0.028200,0.023400,0.058700,0.003100,0.035488,0.011136,0.008448,0.010208,0.001280,1,4,48,0,1
1868,0.117700,0.131700,0.004900,0.028100,0.022900,0.058400,0.003000,0.035936,0.011296,0.008704,0.010272,0.001312,1,4,48,0,1
1869,0.117700,0.130900,0.004900,0.028000,0.022900,0.058700,0.003000,0.035648,0.012224,0.008544,0.010368,0.001280,1,4,48,0,1
1870,0.117700,0.130700,0.005000,0.027800,0.022700,0.058900,0.003000,0.035616,0.011168,0.008544,0.010176,0.001312,1,4,48,0,1
1871,0.125100,0.130700,0.004900,0.034100,0.023300,0.060700,0.001900,0.035616,0.013728,0.008416,0.010432,0.001280,1,4,48,0,1
1872,0.128600,0.138500,0.005000,0.028200,0.033400,0.058700,0.003000,0.035520,0.013632,0.008384,0.010400,0.001344,1,4,48,0,1
1873,0.118000,0.141700,0.004700,0.028200,0.023200,0.058600,0.003000,0.037472,0.011232,0.008256,0.010432,0.001280,1,4,48,0,1
1874,0.140700,0.131000,0.005200,0.028300,0.023400,0.082000,0.001700,0.036288,0.010848,0.008384,0.010240,0.001312,1,4,48,0,1
1875,0.124800,0.153800,0.004800,0.027800,0.021400,0.066300,0.004200,0.035904,0.011168,0.008352,0.010304,0.001280,1,4,48,0,1
1876,0.128400,0.137900,0.005200,0.028200,0.031900,0.059900,0.003100,0.036352,0.011264,0.008608,0.010208,0.001344,1,4,48,0,1
1877,0.118200,0.141500,0.005400,0.027700,0.023400,0.058500,0.003100,0.037472,0.013696,0.008320,0.010240,0.001280,1,4,48,0,1
1878,0.117600,0.131300,0.005000,0.028100,0.023100,0.058300,0.002900,0.035584,0.011168,0.008448,0.010272,0.001312,1,4,48,0,1
1879,0.117100,0.130800,0.004600,0.027800,0.023000,0.058600,0.003000,0.035360,0.011200,0.008224,0.010208,0.001344,1,4,48,0,1
1880,0.117500,0.130300,0.004900,0.027700,0.022900,0.058900,0.003000,0.037632,0.011232,0.008544,0.010400,0.001312,1,4,48,0,1
1881,0.117600,0.130400,0.005500,0.028000,0.022800,0.058300,0.003000,0.035680,0.011264,0.008512,0.010240,0.001280,1,4,48,0,1
1882,0.116700,0.130900,0.004900,0.027400,0.023000,0.058200,0.003000,0.035456,0.011168,0.008480,0.010208,0.001216,1,4,48,0,1
1883,0.116800,0.129900,0.004900,0.028000,0.022600,0.058300,0.003000,0.037344,0.013728,0.008320,0.010240,0.001312,1,4,48,0,1
1884,0.117900,0.130100,0.005100,0.027900,0.023200,0.058600,0.003000,0.035584,0.011232,0.008352,0.010304,0.001344,1,4,48,0,1
1885,0.118400,0.130900,0.005100,0.028100,0.023600,0.058400,0.003000,0.035616,0.011136,0.008480,0.010208,0.001344,1,4,48,0,1
1886,0.123700,0.131400,0.004800,0.033400,0.023300,0.059100,0.003000,0.035648,0.011232,0.008480,0.010272,0.001312,1,4,48,0,1
1887,0.117400,0.136900,0.005000,0.028100,0.023100,0.058100,0.003000,0.037728,0.011296,0.008416,0.010368,0.001312,1,4,48,0,1
1888,0.117200,0.130400,0.004900,0.027700,0.022900,0.058700,0.002900,0.035712,0.011200,0.008576,0.010176,0.001344,1,4,48,0,1
1889,0.117500,0.130100,0.004700,0.028100,0.022800,0.058700,0.003100,0.037696,0.011104,0.008512,0.010432,0.001344,1,4,48,0,1
1890,0.117600,0.130500,0.004900,0.028100,0.022900,0.058400,0.003000,0.035584,0.011168,0.008480,0.010208,0.001344,1,4,48,0,1
1891,0.117100,0.130600,0.005000,0.027800,0.023000,0.058100,0.003100,0.035552,0.011168,0.008384,0.010240,0.001376,1,4,48,0,1
1892,0.117600,0.130100,0.005100,0.027900,0.022800,0.058800,0.003000,0.037984,0.011360,0.008576,0.010432,0.001344,1,4,48,0,1
1893,0.117200,0.130800,0.005000,0.028000,0.022800,0.058200,0.002900,0.035552,0.011168,0.008416,0.010240,0.001344,1,4,48,0,1
1894,0.117000,0.130400,0.004900,0.027900,0.022900,0.058200,0.003000,0.037376,0.011200,0.008416,0.010368,0.001344,1,4,48,0,1
1895,0.118300,0.130100,0.005200,0.028100,0.023100,0.058800,0.003000,0.035680,0.012224,0.008416,0.010432,0.001344,1,4,48,0,1
1896,0.117200,0.131400,0.005000,0.027900,0.022900,0.058300,0.003000,0.035488,0.011104,0.008512,0.010176,0.001280,1,4,48,0,1
1897,0.117800,0.130600,0.004900,0.028000,0.022900,0.058900,0.003000,0.035584,0.011232,0.008384,0.010208,0.001344,1,4,48,0,1
1898,0.117200,0.131300,0.005100,0.027800,0.023000,0.058400,0.002900,0.035680,0.011168,0.008608,0.010176,0.001312,1,4,48,0,1
1899,0.117300,0.130300,0.004900,0.027900,0.023000,0.058300,0.003000,0.035552,0.011232,0.008448,0.010240,0.001248,1,4,48,0,1
1900,0.120200,0.130100,0.004900,0.027600,0.022600,0.061900,0.003100,0.037984,0.011328,0.008544,0.010432,0.001376,1,4,48,0,1
1901,0.142900,0.133300,0.005100,0.049200,0.024500,0.060800,0.003100,0.035424,0.011168,0.008224,0.010272,0.001344,1,4,48,0,1
1902,0.118200,0.156500,0.005100,0.028300,0.023000,0.058500,0.003000,0.035584,0.011136,0.008480,0.010240,0.001344,1,4,48,0,1
1903,0.116400,0.131400,0.004800,0.027700,0.022900,0.057900,0.003000,0.035552,0.011104,0.008480,0.010208,0.001312,1,4,48,0,1
1904,0.118400,0.129500,0.005100,0.028100,0.022800,0.059300,0.003000,0.035520,0.011232,0.008320,0.010240,0.001344,1,4,48,0,1
1905,0.117800,0.131400,0.005200,0.028000,0.023300,0.058100,0.003100,0.037472,0.013728,0.008352,0.010208,0.001280,1,4,48,0,1
1906,0.117100,0.130600,0.004900,0.028000,0.022800,0.058200,0.003100,0.037536,0.013760,0.008384,0.010144,0.001312,1,4,48,0,1
1907,0.122000,0.130200,0.004800,0.027900,0.027100,0.059000,0.003100,0.035456,0.011168,0.008416,0.010208,0.001312,1,4,48,0,1
1908,0.117600,0.135100,0.005100,0.027800,0.023100,0.058500,0.003100,0.035552,0.011264,0.008512,0.010208,0.001216,1,4,48,0,1
1909,0.117500,0.130700,0.005100,0.028100,0.022700,0.058500,0.003000,0.037632,0.011232,0.008448,0.010400,0.001248,1,4,48,0,1
1910,0.117800,0.130400,0.005000,0.027900,0.022800,0.058900,0.003000,0.035488,0.011200,0.008384,0.010208,0.001312,1,4,48,0,1
1911,0.117600,0.130900,0.005000,0.027900,0.022900,0.058700,0.003000,0.035680,0.011168,0.008544,0.010208,0.001344,1,4,48,0,1
1912,0.117700,0.130600,0.004800,0.028000,0.023200,0.058700,0.003000,0.035520,0.011072,0.008576,0.010176,0.001248,1,4,48,0,1
1913,0.117300,0.130700,0.005000,0.027900,0.022900,0.058500,0.002900,0.035520,0.011232,0.008448,0.010208,0.001216,1,4,48,0,1
1914,0.123500,0.130300,0.005000,0.027900,0.028100,0.059200,0.003000,0.035392,0.011200,0.008256,0.010208,0.001280,1,4,48,0,1
1915,0.117700,0.136900,0.004900,0.027800,0.023500,0.058500,0.003000,0.035584,0.011136,0.008576,0.010208,0.001248,1,4,48,0,1
1916,0.123300,0.130800,0.004800,0.028000,0.027500,0.059700,0.003000,0.037760,0.011328,0.008384,0.010464,0.001248,1,4,48,0,1
1917,0.117300,0.136600,0.005000,0.028000,0.022900,0.058400,0.003000,0.035584,0.011136,0.008480,0.010176,0.001312,1,4,48,0,1
1918,0.117400,0.130700,0.004900,0.028000,0.023100,0.058300,0.003000,0.037632,0.011232,0.008416,0.010432,0.001344,1,4,48,0,1
1919,0.116700,0.130800,0.005000,0.027800,0.022700,0.058000,0.003000,0.035552,0.011168,0.008416,0.010144,0.001344,1,4,48,0,1
1920,0.128100,0.129800,0.005100,0.027700,0.032200,0.059700,0.003100,0.035776,0.011072,0.008576,0.010272,0.001344,1,4,48,0,1
1921,0.129400,0.141300,0.005100,0.027700,0.020700,0.072800,0.003000,0.035808,0.011072,0.008576,0.010208,0.001312,1,4,48,0,1
1922,0.137800,0.142600,0.004800,0.027800,0.034800,0.067100,0.003100,0.036608,0.010848,0.008480,0.010176,0.001344,1,4,48,0,1
1923,0.117400,0.150900,0.004800,0.027700,0.023300,0.058500,0.003000,0.035520,0.011200,0.008480,0.010208,0.001248,1,4,48,0,1
1924,0.117900,0.130500,0.005100,0.027900,0.023000,0.058700,0.002900,0.035584,0.011264,0.008416,0.010240,0.001280,1,4,48,0,1
1925,0.117600,0.131200,0.004800,0.028100,0.022700,0.058800,0.003100,0.035680,0.011168,0.008608,0.010176,0.001312,1,4,48,0,1
1926,0.117500,0.130700,0.004900,0.027900,0.022900,0.058700,0.003000,0.037824,0.011296,0.008480,0.010368,0.001376,1,4,48,0,1
1927,0.116800,0.130800,0.004800,0.027800,0.022900,0.058200,0.003000,0.035360,0.011200,0.008288,0.010176,0.001312,1,4,48,0,1
1928,0.118200,0.130000,0.005300,0.028000,0.022900,0.058800,0.003000,0.035488,0.011168,0.008416,0.010272,0.001216,1,4,48,0,1
1929,0.115500,0.131200,0.004800,0.028000,0.022800,0.057400,0.002400,0.037024,0.011264,0.008384,0.010176,0.001312,1,4,48,0,1
1930,0.115100,0.128600,0.004700,0.027800,0.022500,0.057500,0.002400,0.035776,0.012288,0.008544,0.010432,0.001280,1,4,48,0,1
1931,0.206000,0.128100,0.005100,0.052300,0.035600,0.108800,0.004000,0.036544,0.010784,0.008448,0.010208,0.001280,1,4,48,0,1
1932,0.169800,0.236700,0.006700,0.035300,0.029800,0.094200,0.003700,0.037856,0.011296,0.008416,0.010432,0.001344,1,4,48,0,1
1933,0.180000,0.188800,0.007500,0.044900,0.034600,0.078000,0.014800,0.036096,0.011200,0.008544,0.010144,0.001280,1,4,48,0,1
1934,0.145300,0.196800,0.006000,0.034800,0.028700,0.071800,0.003700,0.035648,0.011168,0.008480,0.010240,0.001376,1,4,48,0,1
1935,0.143800,0.161600,0.005700,0.034100,0.028400,0.071500,0.003800,0.035424,0.011232,0.008352,0.010240,0.001216,1,4,48,0,1
1936,0.142100,0.160500,0.005600,0.033700,0.028700,0.070200,0.003600,0.037600,0.011296,0.008224,0.010400,0.001312,1,4,48,0,1
1937,0.142200,0.158300,0.006100,0.033400,0.028000,0.071000,0.003700,0.035648,0.011168,0.008512,0.010240,0.001280,1,4,48,0,1
1938,0.141700,0.158400,0.006000,0.033600,0.027900,0.070400,0.003600,0.037632,0.013664,0.008480,0.010272,0.001344,1,4,48,0,1
1939,0.141100,0.158100,0.005900,0.033300,0.027900,0.070200,0.003600,0.037760,0.011200,0.008544,0.010368,0.001344,1,4,48,0,1
1940,0.142200,0.157400,0.005800,0.033500,0.027900,0.071000,0.003700,0.037760,0.011328,0.008480,0.010432,0.001184,1,4,48,0,1
1941,0.142800,0.158100,0.006600,0.033900,0.027300,0.071000,0.003700,0.035680,0.011168,0.008480,0.010240,0.001376,1,4,48,0,1
1942,0.141300,0.158800,0.005800,0.033500,0.027300,0.070600,0.003700,0.037600,0.011136,0.008480,0.010368,0.001248,1,4,48,0,1
1943,0.152900,0.157300,0.005900,0.033600,0.036200,0.073300,0.003800,0.035456,0.011072,0.008480,0.010176,0.001312,1,4,48,0,1
1944,0.141900,0.169200,0.006100,0.033900,0.028100,0.070000,0.003600,0.037728,0.011232,0.008448,0.010336,0.001312,1,4,48,0,1
1945,0.131200,0.157800,0.006000,0.033500,0.027800,0.060700,0.003000,0.035488,0.011232,0.008384,0.010208,0.001376,1,4,48,0,1
1946,0.117600,0.144300,0.005100,0.028200,0.023200,0.058000,0.003100,0.035584,0.011136,0.008416,0.010272,0.001344,1,4,48,0,1
1947,0.117200,0.130600,0.004900,0.027800,0.023100,0.058400,0.003000,0.035808,0.012256,0.008640,0.010336,0.001344,1,4,48,0,1
1948,0.116800,0.130200,0.004800,0.027600,0.023400,0.058000,0.003000,0.035744,0.011264,0.008480,0.010272,0.001344,1,4,48,0,1
1949,0.129000,0.129800,0.005000,0.027800,0.022500,0.070500,0.002900,0.035680,0.011168,0.008480,0.010272,0.001312,1,4,48,0,1
1950,0.116700,0.142300,0.004900,0.027900,0.023000,0.057800,0.003000,0.035904,0.012224,0.008768,0.010400,0.001280,1,4,48,0,1
1951,0.117500,0.129800,0.004900,0.027600,0.023500,0.058500,0.003000,0.035680,0.011168,0.008512,0.010272,0.001312,1,4,48,0,1
1952,0.117200,0.130500,0.005000,0.027900,0.022700,0.058500,0.003100,0.037536,0.011136,0.008320,0.010432,0.001344,1,4,48,0,1
1953,0.117300,0.130200,0.004800,0.027900,0.023100,0.058300,0.003000,0.037568,0.011072,0.008512,0.010368,0.001280,1,4,48,0,1
1954,0.117800,0.130300,0.005100,0.028200,0.022800,0.058600,0.003100,0.035808,0.011264,0.008576,0.010240,0.001344,1,4,48,0,1
1955,0.116700,0.130800,0.004800,0.028000,0.023100,0.057700,0.003000,0.037632,0.013632,0.008576,0.010240,0.001216,1,4,48,0,1
1956,0.123200,0.129800,0.010400,0.028000,0.023100,0.058600,0.003100,0.035552,0.011200,0.008480,0.010272,0.001216,1,4,48,0,1
1957,0.117400,0.136300,0.004900,0.027800,0.023200,0.058300,0.003000,0.037472,0.013600,0.008352,0.010240,0.001344,1,4,48,0,1
1958,0.191000,0.130300,0.005000,0.060100,0.036500,0.085100,0.004200,0.035776,0.011168,0.008608,0.010240,0.001376,1,4,48,0,1
1959,0.156300,0.210100,0.006500,0.035400,0.029100,0.072900,0.012200,0.035712,0.011104,0.008672,0.010208,0.001344,1,4,48,0,1
1960,0.145400,0.173000,0.006100,0.034700,0.028900,0.071700,0.003800,0.037760,0.011264,0.008320,0.010464,0.001344,1,4,48,0,1
1961,0.147300,0.161800,0.006100,0.034000,0.027800,0.075500,0.003600,0.036224,0.010976,0.008448,0.010240,0.001312,1,4,48,0,1
1962,0.141800,0.163500,0.005900,0.034000,0.028100,0.069900,0.003800,0.035584,0.013696,0.008416,0.010400,0.001312,1,4,48,0,1
1963,0.152300,0.157800,0.006000,0.033800,0.039500,0.069200,0.003500,0.035456,0.011200,0.008320,0.010176,0.001312,1,4,48,0,1
1964,0.164200,0.168400,0.006200,0.033700,0.029600,0.079000,0.015400,0.036160,0.011296,0.008480,0.010304,0.001376,1,4,48,0,1
1965,0.144100,0.180600,0.005900,0.034800,0.028700,0.070900,0.003700,0.036032,0.011136,0.008480,0.010240,0.001248,1,4,48,0,1
1966,0.140000,0.160500,0.005700,0.033400,0.027500,0.069400,0.003700,0.035584,0.011136,0.008480,0.010272,0.001312,1,4,48,0,1
1967,0.140200,0.156000,0.005700,0.033400,0.027600,0.069700,0.003600,0.037664,0.011296,0.008256,0.010400,0.001376,1,4,48,0,1
1968,0.157500,0.156000,0.005900,0.033200,0.027600,0.086400,0.004400,0.035648,0.011200,0.008544,0.010176,0.001312,1,4,48,0,1
1969,0.141700,0.174100,0.005700,0.034300,0.027700,0.070100,0.003800,0.037632,0.013696,0.008416,0.010240,0.001344,1,4,48,0,1
1970,0.140000,0.158100,0.005600,0.033500,0.027200,0.069800,0.003700,0.035552,0.011200,0.008640,0.010176,0.001312,1,4,48,0,1
1971,0.141300,0.156100,0.005800,0.033600,0.027800,0.070100,0.003700,0.035456,0.011136,0.008224,0.010304,0.001344,1,4,48,0,1
1972,0.120100,0.157300,0.005900,0.029700,0.023100,0.058200,0.003100,0.035904,0.011264,0.008608,0.010304,0.001312,1,4,48,0,1
1973,0.117300,0.133200,0.004900,0.027800,0.023100,0.058400,0.003000,0.035616,0.012224,0.008384,0.010400,0.001376,1,4,48,0,1
1974,0.117600,0.130200,0.004800,0.027900,0.022600,0.059000,0.003000,0.035616,0.011200,0.008448,0.010240,0.001344,1,4,48,0,1
1975,0.116700,0.130700,0.004900,0.028100,0.022800,0.057800,0.003000,0.035264,0.011104,0.008224,0.010176,0.001344,1,4,48,0,1
1976,0.116600,0.129700,0.004700,0.027700,0.022600,0.058200,0.002900,0.037408,0.013664,0.008320,0.010240,0.001376,1,4,48,0,1
1977,0.116600,0.129600,0.004900,0.027700,0.022700,0.058300,0.003000,0.035456,0.011200,0.008256,0.010304,0.001312,1,4,48,0,1
1978,0.116900,0.129800,0.005000,0.027900,0.022700,0.058000,0.003100,0.035680,0.011168,0.008512,0.010272,0.001312,1,4,48,0,1
1979,0.119600,0.129900,0.004900,0.027900,0.022600,0.061100,0.003000,0.035296,0.011168,0.008224,0.010176,0.001280,1,4,48,0,1
1980,0.117200,0.132600,0.005100,0.027900,0.023000,0.058100,0.003100,0.035712,0.011264,0.008448,0.010176,0.001408,1,4,48,0,1
1981,0.116700,0.130400,0.005300,0.027800,0.022500,0.058000,0.003000,0.035712,0.011296,0.008512,0.010144,0.001376,1,4,48,0,1
1982,0.117000,0.129600,0.005000,0.027800,0.022600,0.058300,0.003100,0.035520,0.011168,0.008448,0.010272,0.001216,1,4,48,0,1
1983,0.118900,0.134700,0.005100,0.028300,0.023500,0.058700,0.003100,0.035616,0.011136,0.008576,0.010176,0.001280,1,4,48,0,1
1984,0.116100,0.132300,0.004700,0.027700,0.022700,0.057900,0.003100,0.035648,0.011200,0.008544,0.010240,0.001248,1,4,48,0,1
1985,0.117500,0.129000,0.005000,0.027600,0.022600,0.059100,0.003100,0.037632,0.011168,0.008480,0.010432,0.001248,1,4,48,0,1
1986,0.117500,0.130800,0.005100,0.027900,0.022900,0.058400,0.003000,0.035424,0.011232,0.008416,0.010176,0.001216,1,4,48,0,1
1987,0.116500,0.130600,0.005000,0.027900,0.023100,0.057200,0.003200,0.037344,0.011232,0.008416,0.010336,0.001312,1,4,48,0,1
1988,0.115900,0.129400,0.004700,0.027800,0.022500,0.057500,0.003200,0.035776,0.011232,0.008608,0.010240,0.001312,1,4,48,0,1
1989,0.115900,0.128800,0.005000,0.027800,0.022700,0.057100,0.003200,0.037632,0.011200,0.008352,0.010432,0.001344,1,4,48,0,1
1990,0.116000,0.128900,0.004800,0.027600,0.022700,0.057700,0.003200,0.037600,0.013664,0.008384,0.010304,0.001376,1,4,48,0,1
1991,0.116200,0.129000,0.005000,0.027500,0.022900,0.057500,0.003100,0.035552,0.011168,0.008416,0.010176,0.001344,1,4,48,0,1
1992,0.116300,0.129300,0.004900,0.027700,0.023100,0.057200,0.003000,0.037664,0.011264,0.008576,0.010368,0.001216,1,4,48,0,1
1993,0.115500,0.129400,0.004900,0.027500,0.022600,0.057200,0.003100,0.035520,0.011072,0.008480,0.010240,0.001376,1,4,48,0,1
1994,0.115600,0.128500,0.004700,0.027600,0.022900,0.057200,0.003000,0.035552,0.011200,0.008384,0.010208,0.001376,1,4,48,0,1
1995,0.116100,0.128500,0.004800,0.027500,0.022800,0.057700,0.002900,0.035456,0.011136,0.008448,0.010176,0.001248,1,4,48,0,1
1996,0.116600,0.129100,0.004900,0.027700,0.022600,0.058100,0.003000,0.037760,0.013824,0.008480,0.010208,0.001312,1,4,48,0,1
1997,0.116000,0.129700,0.005000,0.027500,0.022700,0.057600,0.003100,0.035648,0.011200,0.008512,0.010272,0.001216,1,4,48,0,1
1998,0.123500,0.129500,0.005100,0.027700,0.028400,0.059100,0.003000,0.035552,0.011168,0.008480,0.010208,0.001344,1,4,48,0,1
1999,0.134000,0.137000,0.005300,0.027600,0.022900,0.075100,0.003000,0.035360,0.011168,0.008320,0.010208,0.001312,1,4,48,0,1
2000,0.120600,0.147400,0.005000,0.028100,0.022800,0.061500,0.003000,0.035264,0.011168,0.008320,0.010176,0.001216,1,4,48,0,1
2001,0.118400,0.133700,0.005300,0.028200,0.023100,0.058600,0.003000,0.035520,0.011104,0.008448,0.010240,0.001344,1,4,48,0,1
2002,0.117500,0.131300,0.004900,0.027600,0.023400,0.058300,0.003300,0.035616,0.012224,0.008544,0.010432,0.001312,1,4,48,0,1
2003,0.115400,0.130600,0.004900,0.027700,0.022800,0.057400,0.002500,0.035712,0.011200,0.008544,0.010208,0.001376,1,4,48,0,1
2004,0.150100,0.128600,0.005100,0.028100,0.055900,0.057800,0.003200,0.036768,0.011232,0.008320,0.010304,0.001216,1,4,48,0,1
2005,0.120300,0.163200,0.004900,0.027800,0.023300,0.062400,0.001900,0.035552,0.011232,0.008480,0.010208,0.001216,1,4,48,0,1
2006,0.116100,0.133500,0.004800,0.028000,0.023100,0.056700,0.003300,0.035424,0.013696,0.008256,0.010464,0.001312,1,4,48,0,1
2007,0.122500,0.129100,0.005000,0.027600,0.027700,0.058700,0.003300,0.035584,0.011136,0.008576,0.010176,0.001312,1,4,48,0,1
2008,0.117500,0.135600,0.005300,0.028300,0.023000,0.057700,0.003000,0.035616,0.011232,0.008544,0.010176,0.001248,1,4,48,0,1
2009,0.115200,0.130700,0.004900,0.027700,0.022400,0.057700,0.002500,0.035488,0.011232,0.008416,0.010272,0.001248,1,4,48,0,1
2010,0.116600,0.128500,0.005100,0.027900,0.022800,0.057500,0.003300,0.035712,0.011168,0.008608,0.010240,0.001344,1,4,48,0,1
2011,0.115000,0.129800,0.004800,0.027700,0.023000,0.057300,0.002100,0.036096,0.011072,0.008384,0.010208,0.001344,1,4,48,0,1
2012,0.127900,0.131000,0.005000,0.027700,0.022500,0.069300,0.003300,0.035648,0.012224,0.008640,0.010368,0.001344,1,4,48,0,1
2013,0.122600,0.141200,0.004700,0.033500,0.023700,0.058200,0.002400,0.035680,0.011168,0.008480,0.010240,0.001376,1,4,48,0,1
2014,0.117200,0.135900,0.005200,0.028300,0.022700,0.057900,0.003000,0.037568,0.011168,0.008352,0.010432,0.001280,1,4,48,0,1
2015,0.116900,0.130400,0.005100,0.027900,0.023000,0.057600,0.003300,0.035392,0.011168,0.008416,0.010208,0.001216,1,4,48,0,1
2016,0.116300,0.129900,0.005000,0.027700,0.022600,0.057800,0.003200,0.037632,0.013696,0.008480,0.010176,0.001344,1,4,48,0,1
2017,0.122000,0.129600,0.009900,0.027900,0.023200,0.057700,0.003200,0.035584,0.011168,0.008544,0.010208,0.001280,1,4,48,0,1
2018,0.116500,0.135200,0.005000,0.028000,0.022900,0.057300,0.003100,0.035552,0.012224,0.008352,0.010432,0.001312,1,4,48,0,1
2019,0.117400,0.129500,0.005100,0.028000,0.023200,0.057800,0.003200,0.035648,0.011136,0.008448,0.010272,0.001344,1,4,48,0,1
2020,0.116500,0.130600,0.004900,0.027800,0.022700,0.057700,0.003300,0.035584,0.011200,0.008384,0.010240,0.001376,1,4,48,0,1
2021,0.117300,0.129600,0.005000,0.028000,0.022900,0.057900,0.003300,0.035360,0.011136,0.008352,0.010240,0.001248,1,4,48,0,1
2022,0.117100,0.130400,0.005200,0.028100,0.022600,0.057700,0.003300,0.035616,0.011232,0.008416,0.010240,0.001344,1,4,48,0,1
2023,0.116400,0.130100,0.004900,0.027700,0.023000,0.057500,0.003100,0.035744,0.011168,0.008576,0.010240,0.001344,1,4,48,0,1
2024,0.115700,0.129700,0.004800,0.027700,0.022700,0.057100,0.003100,0.035648,0.011200,0.008544,0.010272,0.001216,1,4,48,0,1
2025,0.115900,0.128800,0.004900,0.027400,0.023000,0.057300,0.003200,0.037408,0.013600,0.008576,0.010208,0.001280,1,4,48,0,1
2026,0.116100,0.128800,0.004700,0.027700,0.022900,0.057500,0.003100,0.037664,0.011104,0.008512,0.010400,0.001312,1,4,48,0,1
2027,0.115800,0.129100,0.005000,0.027700,0.022900,0.056900,0.003100,0.035552,0.011136,0.008416,0.010208,0.001312,1,4,48,0,1
2028,0.120800,0.128700,0.004800,0.027800,0.022700,0.062900,0.002400,0.035712,0.011232,0.008480,0.010272,0.001312,1,4,48,0,1
2029,0.117000,0.134000,0.005000,0.028100,0.023000,0.057600,0.003200,0.035488,0.011200,0.008448,0.010208,0.001248,1,4,48,0,1
2030,0.114800,0.130100,0.004600,0.027700,0.022500,0.056500,0.003100,0.035552,0.011168,0.008480,0.010240,0.001312,1,4,48,0,1
2031,0.116800,0.127800,0.004800,0.027700,0.022500,0.058500,0.003200,0.035616,0.011200,0.008512,0.010240,0.001216,1,4,48,0,1
2032,0.116900,0.129800,0.004800,0.027700,0.022400,0.058800,0.003100,0.037504,0.013728,0.008416,0.010272,0.001312,1,4,48,0,1
2033,0.116200,0.130000,0.004800,0.027500,0.022800,0.057900,0.003100,0.035808,0.012288,0.008576,0.010432,0.001312,1,4,48,0,1
2034,0.116300,0.129200,0.005000,0.027500,0.022900,0.057600,0.003100,0.035648,0.011200,0.008544,0.010272,0.001248,1,4,48,0,1
2035,0.116000,0.129500,0.005000,0.027600,0.022900,0.057200,0.003200,0.037696,0.011232,0.008416,0.010432,0.001280,1,4,48,0,1
2036,0.116600,0.128700,0.005100,0.028000,0.022500,0.057700,0.003100,0.037920,0.011296,0.008544,0.010400,0.001280,1,4,48,0,1
2037,0.116300,0.129700,0.005100,0.027600,0.022700,0.057500,0.003100,0.035424,0.011168,0.008288,0.010208,0.001344,1,4,48,0,1
2038,0.116100,0.129000,0.005100,0.027700,0.022400,0.057600,0.003100,0.035648,0.011136,0.008672,0.010208,0.001248,1,4,48,0,1
2039,0.115100,0.129200,0.004800,0.027600,0.022600,0.057500,0.002300,0.035488,0.011232,0.008224,0.010304,0.001312,1,4,48,0,1
2040,0.116500,0.128200,0.005300,0.027700,0.022600,0.057600,0.003100,0.037856,0.011264,0.008608,0.010368,0.001248,1,4,48,0,1
2041,0.146100,0.129500,0.005000,0.027900,0.022800,0.072200,0.018200,0.035552,0.011232,0.008384,0.010208,0.001312,1,4,48,0,1
2042,0.208600,0.164400,0.007100,0.043800,0.047700,0.105200,0.004600,0.036160,0.011072,0.008512,0.010144,0.001312,1,4,48,0,1
2043,0.169700,0.227500,0.007300,0.044900,0.034400,0.079000,0.003900,0.035520,0.013696,0.008448,0.010336,0.001280,1,4,48,0,1
2044,0.156500,0.186600,0.006100,0.035000,0.029700,0.073400,0.012100,0.035776,0.011264,0.008608,0.010176,0.001344,1,4,48,0,1
2045,0.145900,0.172800,0.006200,0.034700,0.028800,0.072300,0.003700,0.037600,0.011168,0.008384,0.010400,0.001312,1,4,48,0,1
2046,0.152600,0.162100,0.006000,0.034300,0.028400,0.071700,0.012100,0.035520,0.011264,0.008320,0.010240,0.001312,1,4,48,0,1
2047,0.143000,0.168700,0.005900,0.034200,0.028000,0.070900,0.003700,0.037632,0.011264,0.008480,0.010304,0.001216,1,4,48,0,1
2048,0.140800,0.159300,0.005700,0.034100,0.025000,0.073500,0.002300,0.037024,0.011104,0.008512,0.010240,0.001216,1,4,48,0,1
2049,0.150200,0.156900,0.005700,0.033400,0.024500,0.080600,0.005900,0.036576,0.010784,0.008416,0.010272,0.001312,1,4,48,0,1
2050,0.145100,0.166200,0.005600,0.034000,0.029000,0.072600,0.003600,0.036576,0.010880,0.008384,0.010272,0.001248,1,4,48,0,1
2051,0.142000,0.161300,0.005800,0.033600,0.027900,0.070700,0.003700,0.035616,0.011168,0.008480,0.010240,0.001248,1,4,48,0,1
2052,0.138600,0.158100,0.006200,0.033900,0.027600,0.067700,0.003100,0.035616,0.011264,0.008416,0.010240,0.001312,1,4,48,0,1
2053,0.125000,0.151600,0.004900,0.028200,0.028700,0.060000,0.003100,0.035552,0.011136,0.008416,0.010240,0.001344,1,4,48,0,1
2054,0.119300,0.138300,0.005200,0.028100,0.023200,0.059600,0.003000,0.037824,0.011232,0.008544,0.010400,0.001376,1,4,48,0,1
2055,0.147000,0.132400,0.004900,0.028200,0.023000,0.086500,0.004300,0.037440,0.011136,0.008320,0.010432,0.001248,1,4,48,0,1
2056,0.117400,0.160300,0.004600,0.027500,0.023300,0.058700,0.003100,0.035648,0.012224,0.008544,0.010464,0.001216,1,4,48,0,1
2057,0.116900,0.130400,0.004800,0.027900,0.022800,0.058200,0.003100,0.035360,0.011200,0.008320,0.010208,0.001216,1,4,48,0,1
2058,0.117100,0.130000,0.005400,0.027600,0.022800,0.058100,0.003000,0.035616,0.011200,0.008416,0.010272,0.001344,1,4,48,0,1
2059,0.117200,0.130200,0.004800,0.027900,0.023000,0.058500,0.003000,0.035424,0.011168,0.008288,0.010272,0.001280,1,4,48,0,1
2060,0.116300,0.130200,0.004700,0.027600,0.022600,0.058500,0.002700,0.037696,0.011264,0.008320,0.010400,0.001344,1,4,48,0,1
2061,0.118600,0.129300,0.005200,0.027900,0.023400,0.058700,0.003000,0.035584,0.011104,0.008512,0.010272,0.001312,1,4,48,0,1
2062,0.116900,0.131600,0.004700,0.027700,0.022900,0.058300,0.003000,0.035648,0.011200,0.008544,0.010240,0.001248,1,4,48,0,1
2063,0.117400,0.129800,0.005100,0.028000,0.023000,0.058000,0.003000,0.035552,0.012160,0.008512,0.010400,0.001216,1,4,48,0,1
2064,0.116900,0.130300,0.005200,0.027800,0.022800,0.058000,0.003000,0.035520,0.011200,0.008416,0.010240,0.001280,1,4,48,0,1
2065,0.116200,0.129700,0.004800,0.027700,0.022900,0.057700,0.002900,0.035392,0.011168,0.008320,0.010176,0.001312,1,4,48,0,1
2066,0.116300,0.129200,0.004700,0.027800,0.022700,0.057900,0.003000,0.035424,0.012256,0.008480,0.010400,0.001280,1,4,48,0,1
2067,0.118200,0.129400,0.004900,0.027800,0.023000,0.059200,0.003100,0.035648,0.011264,0.008448,0.010176,0.001344,1,4,48,0,1
2068,0.123500,0.131200,0.004900,0.027600,0.022800,0.065000,0.003000,0.035712,0.011232,0.008544,0.010240,0.001248,1,4,48,0,1
2069,0.117900,0.136900,0.004900,0.027900,0.023000,0.059000,0.003000,0.035328,0.011168,0.008224,0.010304,0.001216,1,4,48,0,1
2070,0.117400,0.130900,0.005100,0.027900,0.022800,0.058500,0.003000,0.035520,0.011168,0.008352,0.010240,0.001344,1,4,48,0,1
2071,0.116000,0.130600,0.004800,0.027700,0.022700,0.057800,0.003000,0.035552,0.011136,0.008416,0.010304,0.001280,1,4,48,0,1
2072,0.117000,0.129000,0.005200,0.028000,0.023100,0.057600,0.003000,0.035648,0.011168,0.008576,0.010176,0.001280,1,4,48,0,1
2073,0.117600,0.130100,0.005300,0.027800,0.023000,0.058400,0.003000,0.035328,0.011104,0.008384,0.010176,0.001216,1,4,48,0,1
2074,0.116500,0.130700,0.004800,0.027700,0.022800,0.057900,0.003000,0.035712,0.011136,0.008768,0.010208,0.001248,1,4,48,0,1
2075,0.117400,0.129400,0.004700,0.027500,0.023300,0.058500,0.003000,0.035456,0.011104,0.008384,0.010272,0.001248,1,4,48,0,1
2076,0.117100,0.130700,0.004900,0.028100,0.022700,0.058300,0.003000,0.035776,0.011200,0.008608,0.010240,0.001312,1,4,48,0,1
2077,0.117000,0.130100,0.004900,0.027800,0.023200,0.058000,0.002900,0.035616,0.011200,0.008480,0.010208,0.001344,1,4,48,0,1
2078,0.116500,0.130300,0.004800,0.028300,0.022800,0.057500,0.003000,0.035584,0.012160,0.008480,0.010336,0.001312,1,4,48,0,1
2079,0.116700,0.129400,0.005000,0.028000,0.022700,0.057800,0.003100,0.035616,0.011104,0.008416,0.010304,0.001376,1,4,48,0,1
2080,0.116200,0.130100,0.004700,0.027600,0.022500,0.058100,0.003000,0.035456,0.011136,0.008416,0.010176,0.001312,1,4,48,0,1
2081,0.117300,0.129700,0.005200,0.027700,0.023100,0.058200,0.003000,0.037344,0.013664,0.008416,0.010176,0.001344,1,4,48,0,1
2082,0.117900,0.130300,0.005200,0.028200,0.023100,0.058000,0.003000,0.035744,0.011264,0.008544,0.010208,0.001312,1,4,48,0,1
2083,0.122200,0.130800,0.004900,0.027700,0.022600,0.063900,0.003100,0.035520,0.011136,0.008480,0.010208,0.001280,1,4,48,0,1
2084,0.117300,0.135600,0.005000,0.028400,0.023400,0.057800,0.002400,0.035744,0.012224,0.008608,0.010368,0.001248,1,4,48,0,1
2085,0.115400,0.134400,0.004900,0.027700,0.021200,0.058500,0.003000,0.035776,0.013696,0.008672,0.010336,0.001312,1,4,48,0,1
2086,0.116800,0.128400,0.004800,0.027600,0.023000,0.058300,0.003000,0.035520,0.011200,0.008416,0.010208,0.001248,1,4,48,0,1
2087,0.116300,0.129800,0.004800,0.027600,0.022300,0.058500,0.003000,0.035648,0.012256,0.008320,0.010496,0.001312,1,4,48,0,1
2088,0.116800,0.129300,0.005200,0.027900,0.023000,0.057700,0.003000,0.035488,0.011136,0.008384,0.010240,0.001376,1,4,48,0,1
2089,0.115900,0.130200,0.004900,0.027500,0.022600,0.057800,0.003000,0.036032,0.011232,0.008416,0.010272,0.001344,1,4,48,0,1
2090,0.117100,0.128800,0.005000,0.027700,0.022800,0.058500,0.003000,0.035456,0.011200,0.008320,0.010208,0.001312,1,4,48,0,1
2091,0.129000,0.130100,0.004900,0.027500,0.022800,0.070600,0.003000,0.035584,0.011168,0.008416,0.010240,0.001376,1,4,48,0,1
2092,0.116300,0.142100,0.004900,0.027900,0.022500,0.057900,0.003000,0.035712,0.011264,0.008608,0.010176,0.001248,1,4,48,0,1
2093,0.124000,0.129200,0.005000,0.027500,0.028600,0.059900,0.002900,0.035424,0.011104,0.008480,0.010176,0.001216,1,4,48,0,1
2094,0.119600,0.137100,0.004900,0.027600,0.020300,0.063500,0.003000,0.037248,0.011200,0.008576,0.010240,0.001312,1,4,48,0,1
2095,0.144100,0.132700,0.004900,0.037800,0.027000,0.071200,0.003000,0.037248,0.011296,0.008288,0.010368,0.001248,1,4,48,0,1
2096,0.127100,0.157400,0.004900,0.035500,0.023800,0.059700,0.003000,0.035552,0.011200,0.008416,0.010176,0.001344,1,4,48,0,1
2097,0.116300,0.140400,0.004900,0.027500,0.022800,0.058100,0.002900,0.035328,0.011136,0.008384,0.010208,0.001344,1,4,48,0,1
2098,0.123600,0.129700,0.005200,0.027500,0.022700,0.064900,0.003000,0.035648,0.011232,0.008448,0.010208,0.001344,1,4,48,0,1
2099,0.119100,0.136900,0.005100,0.028400,0.023000,0.059500,0.002900,0.035360,0.011168,0.008320,0.010144,0.001312,1,4,48,0,1
2100,0.119800,0.132000,0.005100,0.027900,0.022500,0.061200,0.002900,0.035648,0.011200,0.008416,0.010272,0.001312,1,4,48,0,1
2101,0.117600,0.132900,0.005300,0.028000,0.022900,0.058300,0.003000,0.035552,0.011200,0.008416,0.010208,0.001344,1,4,48,0,1
2102,0.116300,0.130700,0.004900,0.027600,0.022500,0.058000,0.003100,0.035648,0.011168,0.008384,0.010272,0.001344,1,4,48,0,1
2103,0.117600,0.129000,0.004800,0.027800,0.022900,0.058900,0.003000,0.037248,0.013760,0.008512,0.010240,0.001376,1,4,48,0,1
2104,0.116500,0.130500,0.004800,0.027700,0.022900,0.058000,0.003000,0.035552,0.011232,0.008480,0.010240,0.001248,1,4,48,0,1
2105,0.116800,0.129300,0.005100,0.027700,0.022200,0.058500,0.003100,0.037856,0.011296,0.008576,0.010368,0.001280,1,4,48,0,1
2106,0.117500,0.129800,0.005300,0.027900,0.022900,0.058300,0.003000,0.035552,0.011104,0.008608,0.010176,0.001184,1,4,48,0,1
2107,0.116800,0.130500,0.004800,0.028000,0.022800,0.058100,0.002900,0.035648,0.011200,0.008512,0.010208,0.001344,1,4,48,0,1
2108,0.117000,0.129700,0.005300,0.027900,0.022800,0.058000,0.003000,0.035712,0.011232,0.008480,0.010272,0.001344,1,4,48,0,1
2109,0.116700,0.130400,0.004800,0.028000,0.022600,0.058200,0.003000,0.035392,0.011136,0.008352,0.010208,0.001280,1,4,48,0,1
2110,0.116300,0.129800,0.004800,0.027700,0.022800,0.057700,0.003000,0.035808,0.012192,0.008608,0.010432,0.001344,1,4,48,0,1
2111,0.118900,0.129300,0.004900,0.027700,0.022500,0.060600,0.003000,0.035424,0.011136,0.008416,0.010208,0.001280,1,4,48,0,1
2112,0.116700,0.132100,0.005000,0.027900,0.022800,0.058000,0.002900,0.035520,0.011136,0.008544,0.010144,0.001312,1,4,48,0,1
2113,0.115900,0.129800,0.004900,0.027600,0.022300,0.057800,0.003100,0.035456,0.011200,0.008320,0.010208,0.001376,1,4,48,0,1
2114,0.118600,0.133800,0.005100,0.028300,0.023100,0.059000,0.003100,0.035584,0.011264,0.008448,0.010272,0.001216,1,4,48,0,1
2115,0.116700,0.131800,0.004800,0.027900,0.022800,0.058200,0.003000,0.035584,0.011136,0.008416,0.010240,0.001344,1,4,48,0,1
2116,0.116800,0.129500,0.004900,0.027900,0.022900,0.058000,0.003000,0.035552,0.011200,0.008416,0.010176,0.001312,1,4,48,0,1
2117,0.117600,0.129800,0.004900,0.027800,0.022600,0.059100,0.003000,0.035552,0.011168,0.008480,0.010208,0.001280,1,4,48,0,1
2118,0.124500,0.130800,0.005000,0.033600,0.023700,0.059100,0.003100,0.035648,0.011168,0.008448,0.010304,0.001344,1,4,48,0,1
2119,0.117300,0.137800,0.004900,0.027900,0.023200,0.058100,0.003000,0.035424,0.011168,0.008320,0.010176,0.001344,1,4,48,0,1
2120,0.117800,0.130400,0.004800,0.027800,0.023200,0.058900,0.003100,0.035552,0.011200,0.008352,0.010240,0.001312,1,4,48,0,1
2121,0.117500,0.130700,0.005100,0.028000,0.022700,0.058500,0.003100,0.035680,0.011104,0.008512,0.010304,0.001376,1,4,48,0,1
2122,0.116500,0.130300,0.005000,0.027500,0.022900,0.058100,0.003000,0.035776,0.012256,0.008608,0.010368,0.001344,1,4,48,0,1
2123,0.116600,0.129500,0.004800,0.027800,0.022700,0.058200,0.003000,0.035680,0.011232,0.008480,0.010304,0.001280,1,4,48,0,1
2124,0.116600,0.129800,0.005000,0.027600,0.022500,0.058500,0.003000,0.037792,0.011232,0.008608,0.010368,0.001280,1,4,48,0,1
2125,0.117600,0.129700,0.005100,0.028200,0.022900,0.058400,0.003000,0.035712,0.011136,0.008640,0.010176,0.001312,1,4,48,0,1
2126,0.118000,0.130500,0.005100,0.027900,0.023100,0.058700,0.003100,0.037632,0.011136,0.008480,0.010400,0.001248,1,4,48,0,1
2127,0.117400,0.131000,0.005100,0.027800,0.023200,0.058200,0.003100,0.035616,0.011200,0.008352,0.010304,0.001344,1,4,48,0,1
2128,0.116200,0.130400,0.004700,0.027400,0.022600,0.058400,0.002900,0.035584,0.011168,0.008512,0.010176,0.001344,1,4,48,0,1
2129,0.123100,0.129100,0.005100,0.027600,0.027500,0.059700,0.003100,0.035552,0.011232,0.008352,0.010240,0.001344,1,4,48,0,1
2130,0.117800,0.136300,0.005000,0.028000,0.023300,0.058500,0.003000,0.035680,0.011232,0.008480,0.010176,0.001344,1,4,48,0,1
2131,0.118300,0.130800,0.004800,0.028400,0.023100,0.058800,0.003100,0.035360,0.011168,0.008320,0.010176,0.001280,1,4,48,0,1
2132,0.117000,0.131400,0.004700,0.027800,0.022900,0.058200,0.003000,0.037632,0.011264,0.008416,0.010400,0.001280,1,4,48,0,1
2133,0.117700,0.130100,0.004900,0.028000,0.023000,0.058700,0.003100,0.035424,0.011232,0.008288,0.010240,0.001280,1,4,48,0,1
2134,0.117100,0.130700,0.004700,0.027600,0.023000,0.058700,0.003000,0.037472,0.013696,0.008416,0.010240,0.001312,1,4,48,0,1
2135,0.117600,0.130100,0.004900,0.028100,0.022700,0.058700,0.003000,0.035456,0.011168,0.008352,0.010240,0.001312,1,4,48,0,1
2136,0.116900,0.130500,0.004900,0.027700,0.022600,0.058500,0.002900,0.037856,0.011264,0.008544,0.010368,0.001344,1,4,48,0,1
2137,0.117300,0.129900,0.004800,0.027700,0.023100,0.058600,0.003000,0.037472,0.011264,0.008448,0.010336,0.001280,1,4,48,0,1
2138,0.118200,0.130400,0.004700,0.028200,0.022900,0.059300,0.003000,0.035552,0.011232,0.008416,0.010176,0.001312,1,4,48,0,1
2139,0.114400,0.131100,0.004900,0.027700,0.020400,0.059500,0.001800,0.035872,0.011168,0.008320,0.010176,0.001376,1,4,48,0,1
2140,0.124000,0.127200,0.004800,0.027500,0.025000,0.054100,0.012300,0.036448,0.011200,0.008544,0.010240,0.001376,1,4,48,0,1
2141,0.126500,0.136900,0.005000,0.027400,0.020300,0.070300,0.003300,0.036096,0.011104,0.008384,0.010240,0.001280,1,4,48,0,1
2142,0.127400,0.139700,0.004900,0.028000,0.031000,0.060300,0.003000,0.036256,0.010752,0.008480,0.010240,0.001216,1,4,48,0,1
2143,0.117700,0.140500,0.005100,0.028000,0.023100,0.058500,0.003000,0.035520,0.011168,0.008320,0.010272,0.001408,1,4,48,0,1
2144,0.123800,0.130700,0.005000,0.027800,0.028100,0.059600,0.003000,0.035520,0.011168,0.008384,0.010176,0.001312,1,4,48,0,1
2145,0.117000,0.137300,0.004800,0.028100,0.022800,0.058300,0.003000,0.035456,0.011200,0.008544,0.010176,0.001312,1,4,48,0,1
2146,0.117000,0.129900,0.005200,0.027600,0.023100,0.058000,0.003000,0.035488,0.011136,0.008512,0.010240,0.001184,1,4,48,0,1
2147,0.117600,0.130000,0.004900,0.027600,0.023400,0.058600,0.003000,0.035424,0.011168,0.008224,0.010304,0.001344,1,4,48,0,1
2148,0.116200,0.130500,0.005000,0.027800,0.022500,0.057800,0.002900,0.037408,0.011168,0.008384,0.010368,0.001344,1,4,48,0,1
2149,0.116900,0.129100,0.004900,0.027700,0.022800,0.058100,0.003000,0.035616,0.012320,0.008512,0.010336,0.001216,1,4,48,0,1
2150,0.117700,0.130200,0.004900,0.027900,0.023100,0.058500,0.003100,0.035680,0.011168,0.008512,0.010272,0.001344,1,4,48,0,1
2151,0.116500,0.130800,0.004900,0.027400,0.023000,0.058100,0.003100,0.035392,0.011136,0.008384,0.010176,0.001344,1,4,48,0,1
2152,0.116600,0.129500,0.004900,0.027700,0.022400,0.058500,0.002900,0.035712,0.012256,0.008480,0.010432,0.001344,1,4,48,0,1
2153,0.116900,0.129500,0.005000,0.027600,0.022900,0.058300,0.003000,0.035456,0.011168,0.008384,0.010240,0.001248,1,4,48,0,1
2154,0.116900,0.130200,0.005000,0.027400,0.023000,0.058400,0.003000,0.035520,0.011200,0.008384,0.010208,0.001280,1,4,48,0,1
2155,0.116600,0.130000,0.005000,0.027800,0.022500,0.058200,0.002900,0.035616,0.011168,0.008672,0.010272,0.001280,1,4,48,0,1
2156,0.250500,0.129600,0.004900,0.028100,0.079100,0.131400,0.006900,0.035744,0.011328,0.008544,0.010304,0.001344,1,4,48,0,1
2157,0.158700,0.265100,0.006100,0.041000,0.028600,0.079700,0.003300,0.035648,0.013792,0.008352,0.010400,0.001344,1,4,48,0,1
2158,0.120000,0.172900,0.005000,0.029000,0.023700,0.059700,0.002500,0.035616,0.011232,0.008416,0.010240,0.001344,1,4,48,0,1
2159,0.120600,0.133100,0.004900,0.028000,0.024900,0.059500,0.003100,0.036032,0.011168,0.008576,0.010240,0.001248,1,4,48,0,1
2160,0.116700,0.133800,0.005200,0.028200,0.023500,0.057400,0.002300,0.035584,0.011104,0.008608,0.010176,0.001312,1,4,48,0,1
2161,0.117600,0.129600,0.005300,0.028400,0.022900,0.057700,0.003100,0.035424,0.011136,0.008352,0.010272,0.001312,1,4,48,0,1
2162,0.118300,0.130900,0.004900,0.028100,0.023600,0.058600,0.003100,0.035648,0.011232,0.008384,0.010240,0.001376,1,4,48,0,1
2163,0.118300,0.131300,0.005300,0.029200,0.022700,0.057800,0.003200,0.035712,0.013792,0.008512,0.010400,0.001248,1,4,48,0,1
2164,0.118000,0.131700,0.004900,0.028000,0.023200,0.058700,0.003000,0.035392,0.013696,0.008288,0.010432,0.001312,1,4,48,0,1
2165,0.118200,0.131000,0.004800,0.027700,0.023000,0.060400,0.002200,0.035616,0.013664,0.008480,0.010400,0.001312,1,4,48,0,1
2166,0.120400,0.132300,0.005000,0.030000,0.023500,0.058700,0.003000,0.035392,0.011200,0.008320,0.010240,0.001216,1,4,48,0,1
2167,0.118500,0.133600,0.005000,0.028100,0.023100,0.059200,0.003000,0.035680,0.011264,0.008384,0.010272,0.001344,1,4,48,0,1
2168,0.116800,0.131700,0.004900,0.027900,0.023100,0.057500,0.003200,0.035584,0.011264,0.008480,0.010240,0.001248,1,4,48,0,1
2169,0.124600,0.129900,0.005000,0.028300,0.023100,0.065100,0.003100,0.035392,0.011136,0.008448,0.010144,0.001248,1,4,48,0,1
2170,0.119000,0.137900,0.004900,0.028200,0.023800,0.058900,0.003000,0.035616,0.011168,0.008544,0.010208,0.001344,1,4,48,0,1
2171,0.118700,0.132400,0.005200,0.028300,0.023300,0.058900,0.003000,0.035520,0.011808,0.008544,0.010336,0.001216,1,4,48,0,1
2172,0.117600,0.131600,0.005000,0.027900,0.023100,0.058500,0.003000,0.037792,0.011200,0.008544,0.010368,0.001312,1,4,48,0,1
2173,0.117400,0.130700,0.005000,0.028000,0.022700,0.058600,0.003000,0.035552,0.011168,0.008480,0.010176,0.001344,1,4,48,0,1
2174,0.116900,0.130700,0.004800,0.027700,0.023000,0.058300,0.003100,0.035552,0.011136,0.008512,0.010240,0.001280,1,4,48,0,1
2175,0.117700,0.129900,0.005000,0.028000,0.022900,0.058600,0.003000,0.035776,0.012352,0.008544,0.010464,0.001248,1,4,48,0,1
2176,0.116700,0.130600,0.004800,0.027700,0.022900,0.058200,0.003000,0.037696,0.011168,0.008448,0.010368,0.001344,1,4,48,0,1
2177,0.117800,0.129800,0.005100,0.027600,0.022700,0.059300,0.003000,0.035520,0.011200,0.008352,0.010208,0.001344,1,4,48,0,1
2178,0.117200,0.130800,0.005100,0.027900,0.022800,0.058300,0.002900,0.035200,0.011136,0.008224,0.010208,0.001344,1,4,48,0,1
2179,0.116600,0.130200,0.004900,0.027700,0.022400,0.058400,0.003000,0.035584,0.011168,0.008480,0.010272,0.001248,1,4,48,0,1
2180,0.117100,0.129600,0.005000,0.027600,0.022800,0.058600,0.003000,0.035616,0.011200,0.008544,0.010208,0.001248,1,4,48,0,1
2181,0.117800,0.130300,0.005100,0.027500,0.023000,0.059000,0.003000,0.035488,0.011168,0.008448,0.010176,0.001312,1,4,48,0,1
2182,0.117400,0.130900,0.004900,0.027900,0.023100,0.058400,0.003100,0.035520,0.011136,0.008416,0.010240,0.001344,1,4,48,0,1
2183,0.117800,0.130900,0.005300,0.027800,0.023000,0.059500,0.002200,0.035616,0.011168,0.008512,0.010208,0.001376,1,4,48,0,1
2184,0.133700,0.131000,0.005000,0.027900,0.025800,0.062800,0.012000,0.035968,0.011232,0.008480,0.010272,0.001280,1,4,48,0,1
2185,0.120100,0.146900,0.005100,0.028300,0.021000,0.062200,0.003400,0.036064,0.011232,0.008224,0.010240,0.001376,1,4,48,0,1
2186,0.122700,0.133400,0.004800,0.028000,0.026800,0.059800,0.003100,0.036160,0.011168,0.008448,0.010208,0.001248,1,4,48,0,1
2187,0.116700,0.135700,0.004900,0.027500,0.022900,0.058200,0.003000,0.035616,0.011136,0.008512,0.010240,0.001312,1,4,48,0,1
2188,0.116800,0.129700,0.004900,0.027400,0.022700,0.058800,0.003000,0.035776,0.011200,0.008640,0.010208,0.001344,1,4,48,0,1
2189,0.117400,0.129900,0.004800,0.028000,0.022700,0.058700,0.003000,0.037760,0.011232,0.008416,0.010400,0.001376,1,4,48,0,1
2190,0.117000,0.130600,0.005100,0.027800,0.022800,0.058200,0.003000,0.035648,0.011200,0.008576,0.010208,0.001280,1,4,48,0,1
2191,0.117300,0.130100,0.004900,0.027700,0.022900,0.058500,0.003000,0.035584,0.011136,0.008512,0.010208,0.001344,1,4,48,0,1
2192,0.146500,0.130400,0.004800,0.028300,0.023000,0.088200,0.002100,0.035616,0.011168,0.008576,0.010208,0.001248,1,4,48,0,1
2193,0.117500,0.159400,0.005000,0.027800,0.022700,0.058800,0.003000,0.035296,0.011232,0.008192,0.010208,0.001248,1,4,48,0,1
2194,0.116900,0.130500,0.004800,0.027800,0.022800,0.058500,0.003000,0.035680,0.011872,0.008544,0.010400,0.001280,1,4,48,0,1
2195,0.117100,0.129900,0.004700,0.028000,0.022600,0.058500,0.002900,0.035616,0.012256,0.008384,0.010496,0.001280,1,4,48,0,1
2196,0.117700,0.130200,0.005200,0.028100,0.023000,0.058400,0.003000,0.035616,0.011200,0.008384,0.010272,0.001344,1,4,48,0,1
2197,0.117900,0.130900,0.004700,0.027800,0.023300,0.058800,0.003100,0.037696,0.011232,0.008608,0.010400,0.001376,1,4,48,0,1
2198,0.117100,0.131000,0.005000,0.027900,0.022600,0.058400,0.003000,0.035808,0.011200,0.008576,0.010272,0.001344,1,4,48,0,1
2199,0.121700,0.130200,0.004900,0.027900,0.022900,0.062800,0.003100,0.035456,0.011168,0.008352,0.010176,0.001344,1,4,48,0,1
2200,0.128200,0.134800,0.011500,0.028600,0.023100,0.061800,0.003000,0.035232,0.011104,0.008288,0.010272,0.001248,1,4,48,0,1
2201,0.118700,0.141300,0.005300,0.027900,0.022800,0.059700,0.003000,0.035584,0.011168,0.008480,0.010240,0.001248,1,4,48,0,1
2202,0.117300,0.131900,0.005000,0.027900,0.022700,0.058600,0.003000,0.037760,0.011264,0.008448,0.010432,0.001344,1,4,48,0,1
2203,0.116700,0.130200,0.004800,0.027600,0.022700,0.058500,0.003000,0.035616,0.011200,0.008576,0.010272,0.001216,1,4,48,0,1
2204,0.116700,0.129700,0.004700,0.027700,0.022900,0.058000,0.003100,0.035488,0.012256,0.008416,0.010368,0.001312,1,4,48,0,1
2205,0.117200,0.129700,0.004900,0.027800,0.022800,0.058600,0.002900,0.035744,0.011200,0.008640,0.010176,0.001312,1,4,48,0,1
2206,0.117200,0.130100,0.004900,0.027800,0.023100,0.058200,0.002900,0.035680,0.011168,0.008544,0.010240,0.001344,1,4,48,0,1
2207,0.116200,0.130200,0.004800,0.027700,0.022700,0.058000,0.003000,0.035616,0.011136,0.008640,0.010144,0.001280,1,4,48,0,1
2208,0.116700,0.129400,0.005100,0.027700,0.022800,0.058100,0.002900,0.035584,0.011200,0.008512,0.010208,0.001280,1,4,48,0,1
2209,0.117000,0.129700,0.005000,0.028000,0.022700,0.058100,0.003000,0.037728,0.011200,0.008384,0.010400,0.001344,1,4,48,0,1
2210,0.116800,0.130100,0.004700,0.027900,0.022900,0.058100,0.003100,0.035552,0.012256,0.008320,0.010400,0.001376,1,4,48,0,1
2211,0.116800,0.129900,0.004700,0.027600,0.023100,0.058300,0.003000,0.037312,0.013664,0.008320,0.010208,0.001312,1,4,48,0,1
2212,0.116400,0.129800,0.004800,0.027800,0.022800,0.057900,0.002900,0.035840,0.011232,0.008544,0.010304,0.001312,1,4,48,0,1
2213,0.118000,0.129200,0.005200,0.028100,0.022800,0.058600,0.003000,0.035648,0.011200,0.008480,0.010240,0.001312,1,4,48,0,1
2214,0.116900,0.131100,0.004900,0.028000,0.022700,0.058100,0.003000,0.035328,0.012288,0.008320,0.010432,0.001184,1,4,48,0,1
2215,0.124100,0.130000,0.005000,0.033100,0.023200,0.059500,0.003000,0.035520,0.011168,0.008416,0.010208,0.001312,1,4,48,0,1
2216,0.116800,0.137400,0.005100,0.027900,0.022600,0.058000,0.003000,0.037664,0.011232,0.008480,0.010336,0.001312,1,4,48,0,1
2217,0.117100,0.129700,0.004900,0.027700,0.022800,0.058600,0.003000,0.037824,0.011168,0.008608,0.010400,0.001248,1,4,48,0,1
2218,0.115900,0.130000,0.004700,0.027500,0.022900,0.057700,0.003000,0.035520,0.012224,0.008352,0.010400,0.001344,1,4,48,0,1
2219,0.116000,0.128700,0.004900,0.027700,0.023000,0.057300,0.003100,0.035744,0.011200,0.008544,0.010240,0.001216,1,4,48,0,1
2220,0.117200,0.128900,0.004900,0.028100,0.022700,0.058400,0.003000,0.037760,0.011296,0.008448,0.010432,0.001280,1,4,48,0,1
2221,0.117700,0.130500,0.004900,0.028100,0.022800,0.058800,0.003000,0.035584,0.011200,0.008416,0.010176,0.001344,1,4,48,0,1
2222,0.117800,0.130700,0.004700,0.027800,0.022900,0.059100,0.003000,0.035552,0.011136,0.008384,0.010304,0.001312,1,4,48,0,1
2223,0.116200,0.130900,0.004700,0.027800,0.022600,0.058000,0.002900,0.035488,0.011136,0.008416,0.010208,0.001312,1,4,48,0,1
2224,0.116800,0.129200,0.004900,0.027800,0.023100,0.057800,0.003000,0.035584,0.011168,0.008448,0.010176,0.001376,1,4,48,0,1
2225,0.117800,0.129800,0.004900,0.027800,0.022800,0.059000,0.003000,0.035616,0.012256,0.008480,0.010368,0.001376,1,4,48,0,1
2226,0.116200,0.131100,0.004800,0.027700,0.022800,0.057900,0.003000,0.035584,0.011168,0.008448,0.010272,0.001280,1,4,48,0,1
2227,0.116900,0.129300,0.005000,0.027600,0.022800,0.058400,0.003100,0.035520,0.011104,0.008544,0.010176,0.001248,1,4,48,0,1
2228,0.117600,0.130100,0.004800,0.028100,0.022900,0.058600,0.003000,0.035584,0.011200,0.008416,0.010176,0.001312,1,4,48,0,1
2229,0.116700,0.130700,0.004800,0.028200,0.022800,0.058300,0.002500,0.035584,0.012224,0.008448,0.010400,0.001280,1,4,48,0,1
2230,0.134400,0.129800,0.004800,0.027800,0.028500,0.069800,0.003300,0.036544,0.010880,0.008352,0.010240,0.001280,1,4,48,0,1
2231,0.127100,0.152700,0.005000,0.028500,0.029300,0.061100,0.003000,0.036224,0.011136,0.008512,0.010240,0.001248,1,4,48,0,1
2232,0.122100,0.140400,0.005100,0.027800,0.027100,0.059000,0.003100,0.035680,0.011168,0.008512,0.010208,0.001376,1,4,48,0,1
2233,0.116900,0.135100,0.004900,0.027600,0.022900,0.058400,0.003000,0.035584,0.011136,0.008448,0.010208,0.001408,1,4,48,0,1
2234,0.116400,0.129900,0.005200,0.028000,0.022800,0.057700,0.002500,0.037632,0.011168,0.008576,0.010304,0.001216,1,4,48,0,1
2235,0.121000,0.129800,0.004800,0.027600,0.027200,0.058400,0.003000,0.036448,0.010592,0.008352,0.010240,0.001312,1,4,48,0,1
2236,0.117000,0.134200,0.004800,0.027700,0.023100,0.058400,0.003000,0.037568,0.013760,0.008576,0.010208,0.001216,1,4,48,0,1
2237,0.116800,0.130000,0.005000,0.028300,0.022600,0.057800,0.003000,0.035616,0.011104,0.008480,0.010272,0.001344,1,4,48,0,1
2238,0.116200,0.129900,0.005000,0.027600,0.022900,0.057600,0.003000,0.035488,0.011232,0.008384,0.010144,0.001312,1,4,48,0,1
2239,0.116300,0.129200,0.004800,0.027400,0.022700,0.058200,0.003000,0.035424,0.011136,0.008416,0.010240,0.001248,1,4,48,0,1
2240,0.116800,0.129400,0.004800,0.027800,0.023000,0.058100,0.003100,0.035872,0.012288,0.008512,0.010464,0.001344,1,4,48,0,1
2241,0.117800,0.129900,0.005600,0.027800,0.022900,0.058300,0.003100,0.035296,0.011200,0.008192,0.010240,0.001312,1,4,48,0,1
2242,0.116800,0.130900,0.004800,0.027700,0.023000,0.058100,0.003000,0.035808,0.011136,0.008736,0.010240,0.001280,1,4,48,0,1
2243,0.117500,0.129900,0.004900,0.027900,0.023100,0.058600,0.002900,0.035424,0.011168,0.008416,0.010272,0.001280,1,4,48,0,1
2244,0.116900,0.130700,0.005300,0.027600,0.023000,0.057800,0.002900,0.035520,0.011200,0.008448,0.010176,0.001280,1,4,48,0,1
2245,0.125300,0.129800,0.004900,0.028000,0.022500,0.066600,0.003000,0.035584,0.011168,0.008416,0.010208,0.001376,1,4,48,0,1
2246,0.121400,0.145800,0.008500,0.027900,0.022900,0.058900,0.003000,0.036576,0.011232,0.008672,0.010176,0.001344,1,4,48,0,1
2247,0.116300,0.134600,0.005000,0.027600,0.022800,0.057900,0.002900,0.035616,0.011200,0.008576,0.010208,0.001344,1,4,48,0,1
2248,0.117200,0.129500,0.004900,0.027700,0.023100,0.058400,0.002900,0.035744,0.011232,0.008544,0.010272,0.001216,1,4,48,0,1
2249,0.117500,0.130000,0.004900,0.027600,0.022900,0.058900,0.003000,0.037344,0.011264,0.008384,0.010400,0.001280,1,4,48,0,1
2250,0.117400,0.130700,0.005100,0.028000,0.022900,0.058300,0.003000,0.035520,0.011104,0.008480,0.010208,0.001344,1,4,48,0,1
2251,0.117100,0.130500,0.004900,0.027800,0.022700,0.058500,0.003000,0.035584,0.011232,0.008448,0.010208,0.001280,1,4,48,0,1
2252,0.116800,0.130100,0.004900,0.028000,0.022800,0.057900,0.003000,0.037568,0.011232,0.008576,0.010304,0.001376,1,4,48,0,1
2253,0.116900,0.129800,0.004800,0.027800,0.022600,0.058500,0.003000,0.035584,0.011136,0.008416,0.010336,0.001312,1,4,48,0,1
2254,0.115800,0.129900,0.004700,0.027600,0.022900,0.057500,0.003000,0.035424,0.012224,0.008352,0.010400,0.001248,1,4,48,0,1
2255,0.116500,0.128700,0.004900,0.027700,0.022900,0.057800,0.002900,0.037600,0.011264,0.008352,0.010400,0.001216,1,4,48,0,1
2256,0.116900,0.129500,0.004900,0.027700,0.022600,0.058500,0.002900,0.037504,0.011136,0.008480,0.010496,0.001280,1,4,48,0,1
2257,0.117000,0.130000,0.004900,0.027600,0.023000,0.058500,0.003000,0.035680,0.011168,0.008576,0.010208,0.001344,1,4,48,0,1
2258,0.116400,0.130200,0.004800,0.027800,0.022700,0.058000,0.003000,0.035648,0.011232,0.008448,0.010240,0.001312,1,4,48,0,1
2259,0.116900,0.129400,0.004800,0.027600,0.023100,0.058200,0.003000,0.037344,0.011264,0.008320,0.010336,0.001376,1,4,48,0,1
2260,0.121700,0.130000,0.005300,0.027900,0.022900,0.062500,0.003000,0.035712,0.011200,0.008512,0.010272,0.001344,1,4,48,0,1
2261,0.119000,0.135100,0.005100,0.028400,0.023200,0.059200,0.003100,0.035680,0.012320,0.008384,0.010400,0.001376,1,4,48,0,1
2262,0.117100,0.131900,0.005000,0.027800,0.022600,0.058600,0.003000,0.035552,0.011136,0.008448,0.010240,0.001344,1,4,48,0,1
2263,0.117400,0.130100,0.004800,0.027900,0.022800,0.058500,0.003000,0.035456,0.011168,0.008448,0.010208,0.001248,1,4,48,0,1
2264,0.118600,0.130400,0.004600,0.028200,0.022800,0.059700,0.003000,0.037600,0.013728,0.008608,0.010176,0.001216,1,4,48,0,1
2265,0.117400,0.131700,0.005100,0.028000,0.022800,0.058500,0.002900,0.035648,0.012192,0.008512,0.010304,0.001312,1,4,48,0,1
2266,0.117300,0.130500,0.004800,0.027900,0.023000,0.058400,0.003000,0.035744,0.011264,0.008640,0.010208,0.001280,1,4,48,0,1
2267,0.115400,0.130300,0.005200,0.027500,0.020300,0.059800,0.002300,0.036576,0.011232,0.008544,0.010240,0.001376,1,4,48,0,1
2268,0.124400,0.128300,0.005000,0.027600,0.028300,0.060000,0.003000,0.037056,0.011744,0.008480,0.010368,0.001312,1,4,48,0,1
2269,0.117300,0.137700,0.005000,0.027900,0.023200,0.058100,0.003100,0.035616,0.011200,0.008512,0.010272,0.001248,1,4,48,0,1
2270,0.117200,0.130200,0.005200,0.027900,0.022900,0.058100,0.003100,0.035584,0.011200,0.008448,0.010208,0.001344,1,4,48,0,1
2271,0.116900,0.130300,0.004800,0.027800,0.022700,0.058500,0.003000,0.035392,0.011200,0.008352,0.010176,0.001248,1,4,48,0,1
2272,0.117700,0.129800,0.005100,0.027600,0.022600,0.059700,0.002500,0.037632,0.013632,0.008512,0.010208,0.001344,1,4,48,0,1
2273,0.195100,0.137000,0.007400,0.046300,0.034600,0.104600,0.002100,0.036256,0.011168,0.008352,0.010240,0.001216,1,4,48,0,1
2274,0.127900,0.209500,0.005500,0.031700,0.024900,0.062500,0.003000,0.035680,0.011168,0.008512,0.010272,0.001344,1,4,48,0,1
2275,0.121600,0.141300,0.004800,0.028200,0.025000,0.060300,0.003100,0.035680,0.011072,0.008544,0.010240,0.001344,1,4,48,0,1
2276,0.117900,0.134900,0.004700,0.027800,0.021400,0.060700,0.003100,0.036928,0.010912,0.008416,0.010176,0.001216,1,4,48,0,1
2277,0.126000,0.131300,0.004800,0.027400,0.030700,0.059900,0.003000,0.035872,0.010944,0.008480,0.010240,0.001216,1,4,48,0,1
2278,0.117700,0.139100,0.004900,0.027800,0.023400,0.058600,0.003000,0.037408,0.011200,0.008448,0.010464,0.001216,1,4,48,0,1
2279,0.126500,0.130600,0.004900,0.027700,0.022500,0.068100,0.003000,0.037728,0.011200,0.008448,0.010464,0.001344,1,4,48,0,1
2280,0.116600,0.139500,0.005100,0.027600,0.022500,0.058200,0.003000,0.035520,0.011168,0.008384,0.010272,0.001312,1,4,48,0,1
2281,0.116900,0.129600,0.005300,0.027900,0.022800,0.057800,0.003000,0.037568,0.011136,0.008384,0.010400,0.001344,1,4,48,0,1
2282,0.117100,0.130400,0.004800,0.028000,0.023000,0.058200,0.003000,0.035552,0.011200,0.008416,0.010208,0.001312,1,4,48,0,1
2283,0.116500,0.130100,0.005100,0.027900,0.022500,0.057800,0.002900,0.035488,0.011264,0.008448,0.010176,0.001248,1,4,48,0,1
2284,0.117000,0.129500,0.004800,0.027700,0.023100,0.058200,0.002900,0.035392,0.011168,0.008352,0.010144,0.001344,1,4,48,0,1
2285,0.116300,0.129900,0.005000,0.027700,0.022600,0.058000,0.003000,0.035488,0.011168,0.008384,0.010272,0.001248,1,4,48,0,1
2286,0.121700,0.129500,0.005000,0.027500,0.022800,0.063000,0.003100,0.035424,0.011168,0.008288,0.010304,0.001280,1,4,48,0,1
2287,0.118400,0.134900,0.005300,0.028400,0.023100,0.058500,0.003000,0.035680,0.011232,0.008480,0.010240,0.001344,1,4,48,0,1
2288,0.116400,0.131600,0.005000,0.027500,0.022800,0.058000,0.002900,0.035328,0.012224,0.008320,0.010304,0.001248,1,4,48,0,1
2289,0.116800,0.129600,0.004900,0.028000,0.022800,0.057900,0.003000,0.035328,0.012224,0.008256,0.010368,0.001216,1,4,48,0,1
2290,0.117200,0.129700,0.004900,0.027700,0.022700,0.058700,0.003000,0.035648,0.011200,0.008512,0.010240,0.001344,1,4,48,0,1
2291,0.117000,0.130200,0.004800,0.027800,0.023000,0.058200,0.003100,0.035520,0.011136,0.008384,0.010208,0.001312,1,4,48,0,1
2292,0.117700,0.130000,0.005300,0.027900,0.023100,0.058400,0.003000,0.037824,0.011296,0.008448,0.010368,0.001376,1,4,48,0,1
2293,0.116100,0.130700,0.004800,0.027300,0.022500,0.058000,0.002900,0.035520,0.011104,0.008384,0.010272,0.001312,1,4,48,0,1
2294,0.116100,0.129100,0.004700,0.027500,0.022300,0.057900,0.003200,0.035680,0.011200,0.008512,0.010240,0.001376,1,4,48,0,1
2295,0.117100,0.129000,0.004900,0.027700,0.023300,0.058000,0.003000,0.037760,0.011200,0.008448,0.010400,0.001376,1,4,48,0,1
2296,0.117000,0.130000,0.005000,0.027500,0.022700,0.058600,0.003000,0.035520,0.012256,0.008352,0.010400,0.001312,1,4,48,0,1
2297,0.116900,0.130300,0.005200,0.027600,0.022600,0.058300,0.002900,0.035392,0.011200,0.008224,0.010208,0.001312,1,4,48,0,1
2298,0.117200,0.130400,0.005200,0.027600,0.022900,0.058500,0.002900,0.035776,0.011264,0.008672,0.010144,0.001312,1,4,48,0,1
2299,0.117100,0.130300,0.005200,0.027400,0.022900,0.058200,0.003000,0.037536,0.011136,0.008320,0.010432,0.001280,1,4,48,0,1
2300,0.119600,0.130200,0.004900,0.027700,0.022700,0.061300,0.003000,0.035648,0.011168,0.008512,0.010240,0.001312,1,4,48,0,1
2301,0.117500,0.132600,0.005200,0.027800,0.023200,0.058100,0.003100,0.035552,0.011136,0.008448,0.010240,0.001312,1,4,48,0,1
2302,0.123300,0.130300,0.005000,0.032900,0.023400,0.058900,0.003100,0.037760,0.013760,0.008544,0.010240,0.001312,1,4,48,0,1
2303,0.116900,0.136600,0.005000,0.027800,0.022500,0.058300,0.003000,0.035680,0.011264,0.008512,0.010208,0.001280,1,4,48,0,1
2304,0.116900,0.130000,0.005100,0.028000,0.022900,0.057800,0.003000,0.035680,0.011232,0.008544,0.010208,0.001344,1,4,48,0,1
2305,0.116200,0.129900,0.004900,0.027600,0.022600,0.058000,0.003000,0.035552,0.011232,0.008384,0.010176,0.001344,1,4,48,0,1
2306,0.117800,0.129200,0.005200,0.027400,0.023800,0.058400,0.003000,0.036448,0.010816,0.008384,0.010208,0.001280,1,4,48,0,1
2307,0.117400,0.131000,0.005000,0.027800,0.022700,0.058600,0.003000,0.037408,0.011200,0.008480,0.010304,0.001344,1,4,48,0,1
2308,0.116800,0.130600,0.004800,0.028000,0.023100,0.057900,0.003000,0.035456,0.011168,0.008352,0.010208,0.001312,1,4,48,0,1
2309,0.116700,0.129800,0.004900,0.027700,0.022500,0.058400,0.003100,0.035552,0.012256,0.008384,0.010368,0.001280,1,4,48,0,1
2310,0.125400,0.129600,0.005000,0.037900,0.022900,0.056600,0.003000,0.035584,0.013728,0.008512,0.010400,0.001216,1,4,48,0,1
2311,0.116000,0.138500,0.005000,0.027800,0.022700,0.057500,0.003000,0.037696,0.011232,0.008320,0.010400,0.001312,1,4,48,0,1
2312,0.116300,0.129200,0.004800,0.027800,0.022600,0.057800,0.002900,0.037696,0.011104,0.008448,0.010464,0.001376,1,4,48,0,1
2313,0.116900,0.129300,0.004800,0.027700,0.022900,0.058400,0.003000,0.035424,0.011104,0.008576,0.010176,0.001248,1,4,48,0,1
2314,0.117300,0.129900,0.004800,0.027800,0.023000,0.058500,0.003000,0.035616,0.011136,0.008480,0.010272,0.001312,1,4,48,0,1
2315,0.116100,0.130200,0.004900,0.027500,0.022500,0.058100,0.003100,0.035680,0.011200,0.008448,0.010304,0.001344,1,4,48,0,1
2316,0.116200,0.129200,0.005100,0.027500,0.022900,0.057600,0.003000,0.035488,0.011168,0.008352,0.010208,0.001312,1,4,48,0,1
2317,0.123000,0.129200,0.004900,0.027700,0.027400,0.059800,0.003000,0.035488,0.011136,0.008352,0.010208,0.001344,1,4,48,0,1
2318,0.117000,0.136200,0.004900,0.028100,0.022600,0.058200,0.003000,0.037888,0.011232,0.008512,0.010400,0.001408,1,4,48,0,1
2319,0.117800,0.129900,0.005400,0.028000,0.022600,0.058700,0.003100,0.037152,0.011264,0.008288,0.010272,0.001280,1,4,48,0,1
2320,0.117100,0.130700,0.004800,0.027800,0.022800,0.058500,0.003000,0.035584,0.011200,0.008448,0.010304,0.001248,1,4,48,0,1
2321,0.154800,0.130100,0.005100,0.027700,0.020000,0.095400,0.006600,0.037472,0.011168,0.008480,0.010240,0.001312,1,4,48,0,1
2322,0.153600,0.170600,0.006300,0.040500,0.027800,0.075500,0.003300,0.036704,0.011872,0.008576,0.010272,0.001344,1,4,48,0,1
2323,0.123000,0.167600,0.005100,0.029600,0.024200,0.060900,0.003100,0.035264,0.011168,0.008224,0.010208,0.001280,1,4,48,0,1
2324,0.121700,0.136400,0.005200,0.028300,0.024200,0.060600,0.003100,0.035520,0.011168,0.008416,0.010176,0.001312,1,4,48,0,1
2325,0.119000,0.135000,0.005300,0.028200,0.023100,0.059300,0.003000,0.035392,0.011136,0.008256,0.010272,0.001312,1,4,48,0,1
2326,0.117800,0.132100,0.004800,0.027900,0.023200,0.058700,0.002900,0.035488,0.012192,0.008320,0.010432,0.001312,1,4,48,0,1
2327,0.117800,0.131000,0.004900,0.028000,0.023300,0.058600,0.003000,0.035616,0.012256,0.008512,0.010464,0.001248,1,4,48,0,1
2328,0.117300,0.130800,0.005200,0.027600,0.022800,0.058500,0.003000,0.035552,0.011136,0.008448,0.010208,0.001344,1,4,48,0,1
2329,0.117300,0.130600,0.004700,0.028100,0.022900,0.058500,0.002900,0.037632,0.011136,0.008416,0.010432,0.001312,1,4,48,0,1
2330,0.117900,0.130500,0.004900,0.028000,0.022900,0.058900,0.003100,0.035328,0.011232,0.008288,0.010272,0.001216,1,4,48,0,1
2331,0.116900,0.131000,0.004900,0.027600,0.022800,0.058400,0.003000,0.035456,0.012192,0.008416,0.010400,0.001248,1,4,48,0,1
2332,0.116800,0.129900,0.004900,0.027300,0.023100,0.058500,0.003000,0.035584,0.011136,0.008512,0.010208,0.001344,1,4,48,0,1
2333,0.117500,0.129800,0.004900,0.027700,0.022400,0.059200,0.003000,0.035360,0.011200,0.008480,0.010208,0.001312,1,4,48,0,1
2334,0.124000,0.130600,0.005000,0.027700,0.023300,0.064800,0.003100,0.035584,0.012224,0.008448,0.010368,0.001312,1,4,48,0,1
2335,0.117400,0.137500,0.005100,0.028200,0.022700,0.058100,0.003000,0.035520,0.012224,0.008448,0.010368,0.001312,1,4,48,0,1
2336,0.116400,0.130600,0.004900,0.027600,0.022500,0.058200,0.002900,0.035584,0.011168,0.008416,0.010240,0.001344,1,4,48,0,1
2337,0.117400,0.129300,0.005200,0.027800,0.023100,0.058300,0.003000,0.035712,0.011200,0.008512,0.010272,0.001312,1,4,48,0,1
2338,0.117200,0.130400,0.004800,0.027800,0.022800,0.058600,0.003000,0.035520,0.011200,0.008352,0.010240,0.001344,1,4,48,0,1
2339,0.117300,0.130700,0.004900,0.027900,0.022700,0.058600,0.003100,0.035552,0.011168,0.008544,0.010208,0.001248,1,4,48,0,1
2340,0.135500,0.130300,0.005100,0.043000,0.023700,0.060400,0.003200,0.035680,0.011264,0.008416,0.010240,0.001344,1,4,48,0,1
2341,0.118900,0.149100,0.005300,0.028200,0.023200,0.059100,0.002900,0.037824,0.011264,0.008416,0.010368,0.001376,1,4,48,0,1
2342,0.117600,0.132300,0.005100,0.028000,0.023100,0.058100,0.003000,0.035744,0.011200,0.008608,0.010176,0.001344,1,4,48,0,1
2343,0.129500,0.130700,0.004900,0.028000,0.022700,0.070800,0.003000,0.037696,0.011264,0.008352,0.010432,0.001248,1,4,48,0,1
2344,0.117600,0.142500,0.004900,0.027800,0.023300,0.058500,0.002900,0.035552,0.011168,0.008480,0.010176,0.001344,1,4,48,0,1
2345,0.116800,0.130700,0.004900,0.027900,0.022700,0.058300,0.003000,0.037600,0.013696,0.008480,0.010208,0.001312,1,4,48,0,1
2346,0.116800,0.129900,0.005100,0.027500,0.022600,0.058400,0.003000,0.035712,0.011232,0.008640,0.010208,0.001248,1,4,48,0,1
2347,0.115800,0.129800,0.004900,0.027400,0.022500,0.057900,0.003000,0.035584,0.011200,0.008448,0.010240,0.001312,1,4,48,0,1
2348,0.116400,0.128800,0.004800,0.027700,0.022900,0.057800,0.003000,0.037696,0.011168,0.008384,0.010400,0.001312,1,4,48,0,1
2349,0.122600,0.129600,0.005200,0.027500,0.022700,0.064100,0.003000,0.037440,0.011232,0.008448,0.010368,0.001312,1,4,48,0,1
2350,0.116800,0.135800,0.005000,0.028000,0.022700,0.058100,0.003000,0.035488,0.011168,0.008352,0.010240,0.001344,1,4,48,0,1
2351,0.117100,0.130000,0.005200,0.027600,0.022700,0.058600,0.002900,0.035584,0.011168,0.008320,0.010304,0.001376,1,4,48,0,1
2352,0.117500,0.130200,0.005200,0.027700,0.023300,0.058100,0.003100,0.035552,0.011136,0.008480,0.010176,0.001312,1,4,48,0,1
2353,0.117300,0.130200,0.005100,0.027700,0.023000,0.058200,0.003000,0.035680,0.012192,0.008416,0.010464,0.001376,1,4,48,0,1
2354,0.116800,0.130300,0.004800,0.027900,0.022700,0.058200,0.003000,0.035520,0.012288,0.008352,0.010400,0.001312,1,4,48,0,1
2355,0.116500,0.129800,0.004900,0.027700,0.022400,0.058400,0.003100,0.035424,0.011200,0.008320,0.010176,0.001344,1,4,48,0,1
2356,0.117400,0.129700,0.004800,0.027600,0.023100,0.058600,0.003000,0.035744,0.011232,0.008544,0.010240,0.001344,1,4,48,0,1
2357,0.118200,0.130500,0.004900,0.028700,0.022700,0.058600,0.002900,0.035616,0.011200,0.008448,0.010240,0.001344,1,4,48,0,1
2358,0.118200,0.131000,0.005100,0.027900,0.023000,0.059200,0.002900,0.037536,0.013696,0.008416,0.010240,0.001376,1,4,48,0,1
2359,0.116600,0.131200,0.005200,0.027600,0.022400,0.058300,0.002900,0.035616,0.011200,0.008448,0.010304,0.001280,1,4,48,0,1
2360,0.115400,0.129600,0.004900,0.027500,0.022900,0.058000,0.002100,0.037408,0.011136,0.008192,0.010400,0.001344,1,4,48,0,1
2361,0.117400,0.128500,0.005000,0.027600,0.023300,0.058300,0.003000,0.037408,0.013696,0.008384,0.010240,0.001376,1,4,48,0,1
2362,0.117100,0.130500,0.004800,0.028000,0.022700,0.058300,0.002900,0.035392,0.011136,0.008448,0.010176,0.001248,1,4,48,0,1
2363,0.117200,0.130000,0.004900,0.027800,0.022800,0.058500,0.002900,0.035520,0.011264,0.008320,0.010208,0.001312,1,4,48,0,1
2364,0.117500,0.130200,0.005100,0.027700,0.023000,0.058400,0.003000,0.035392,0.011168,0.008352,0.010176,0.001312,1,4,48,0,1
2365,0.119100,0.135300,0.005100,0.028300,0.023800,0.058800,0.003000,0.035552,0.012224,0.008288,0.010432,0.001344,1,4,48,0,1
2366,0.115600,0.132500,0.004700,0.027300,0.022800,0.058500,0.001900,0.035680,0.011200,0.008576,0.010240,0.001248,1,4,48,0,1
2367,0.125000,0.128400,0.005200,0.027900,0.021700,0.066500,0.003500,0.035904,0.011232,0.008608,0.010176,0.001248,1,4,48,0,1
2368,0.128200,0.137900,0.004900,0.028100,0.030600,0.061500,0.003000,0.037216,0.011168,0.008512,0.010304,0.001344,1,4,48,0,1
2369,0.117700,0.141100,0.004700,0.027900,0.023300,0.058600,0.003000,0.035584,0.011168,0.008416,0.010240,0.001344,1,4,48,0,1
2370,0.117400,0.130700,0.005300,0.028000,0.022700,0.058200,0.003000,0.035744,0.012192,0.008512,0.010464,0.001344,1,4,48,0,1
2371,0.116500,0.130600,0.004900,0.027700,0.022500,0.058300,0.002900,0.035328,0.011168,0.008192,0.010240,0.001312,1,4,48,0,1
2372,0.117100,0.129500,0.004800,0.027800,0.022900,0.058500,0.003000,0.035712,0.011200,0.008544,0.010240,0.001344,1,4,48,0,1
2373,0.116800,0.130100,0.005000,0.027700,0.022900,0.058200,0.003000,0.035456,0.011168,0.008448,0.010208,0.001216,1,4,48,0,1
2374,0.116400,0.129700,0.005100,0.027700,0.022400,0.058100,0.003000,0.037664,0.013792,0.008480,0.010208,0.001344,1,4,48,0,1
2375,0.117200,0.129600,0.004800,0.027500,0.022900,0.058900,0.003000,0.037760,0.011232,0.008448,0.010400,0.001344,1,4,48,0,1
2376,0.117000,0.130300,0.005100,0.027500,0.022900,0.058100,0.002900,0.036608,0.010784,0.008480,0.010208,0.001312,1,4,48,0,1
2377,0.117100,0.130100,0.005100,0.028000,0.022600,0.058100,0.002900,0.036448,0.011808,0.008288,0.010368,0.001344,1,4,48,0,1
2378,0.117100,0.130500,0.005000,0.027800,0.022600,0.058600,0.003000,0.036512,0.011168,0.008384,0.010272,0.001280,1,4,48,0,1
2379,0.119300,0.130000,0.005300,0.027800,0.022800,0.060200,0.003100,0.037760,0.011168,0.008480,0.010432,0.001344,1,4,48,0,1
2380,0.123900,0.132300,0.004800,0.033100,0.023700,0.058900,0.003200,0.035744,0.012288,0.008608,0.010368,0.001248,1,4,48,0,1
2381,0.117400,0.137100,0.005300,0.027700,0.022700,0.058500,0.003000,0.035424,0.011104,0.008480,0.010240,0.001280,1,4,48,0,1
2382,0.117300,0.130300,0.004900,0.027800,0.022800,0.058600,0.003100,0.036384,0.011136,0.008384,0.010272,0.001248,1,4,48,0,1
2383,0.116900,0.130500,0.004900,0.027600,0.022800,0.058500,0.003000,0.035808,0.012288,0.008512,0.010432,0.001344,1,4,48,0,1
2384,0.116800,0.130100,0.004800,0.027700,0.023100,0.058000,0.003000,0.037760,0.011232,0.008448,0.010336,0.001376,1,4,48,0,1
2385,0.117200,0.129800,0.004900,0.027900,0.023300,0.057900,0.002900,0.035360,0.011104,0.008352,0.010176,0.001312,1,4,48,0,1
2386,0.115700,0.130100,0.004800,0.027900,0.023000,0.058100,0.001800,0.037664,0.011232,0.008384,0.010432,0.001344,1,4,48,0,1
2387,0.121900,0.128800,0.004800,0.027900,0.023400,0.062600,0.003100,0.036192,0.011168,0.008384,0.010272,0.001344,1,4,48,0,1
2388,0.117200,0.134800,0.005200,0.027700,0.023000,0.058100,0.003100,0.035616,0.011264,0.008352,0.010304,0.001344,1,4,48,0,1
2389,0.116900,0.130200,0.004800,0.027600,0.023000,0.058400,0.003000,0.035488,0.011168,0.008416,0.010272,0.001216,1,4,48,0,1
2390,0.229500,0.129800,0.015200,0.028800,0.023700,0.157200,0.004500,0.037728,0.011232,0.008576,0.010432,0.001248,1,4,48,0,1
2391,0.219800,0.252800,0.008900,0.061900,0.039100,0.104800,0.005000,0.036736,0.010880,0.008544,0.010304,0.001248,1,4,48,0,1
2392,0.146800,0.234800,0.006100,0.038800,0.028800,0.069600,0.003500,0.037568,0.011168,0.008416,0.010432,0.001280,1,4,48,0,1
2393,0.131000,0.160800,0.005100,0.031900,0.024800,0.065400,0.003500,0.035520,0.013792,0.008320,0.010464,0.001280,1,4,48,0,1
2394,0.129200,0.144800,0.005600,0.032900,0.024800,0.062100,0.003600,0.035680,0.013696,0.008608,0.010432,0.001184,1,4,48,0,1
2395,0.120800,0.143400,0.005000,0.029000,0.024200,0.059300,0.003200,0.035456,0.011168,0.008352,0.010272,0.001312,1,4,48,0,1
2396,0.129100,0.134000,0.005200,0.039600,0.023400,0.057600,0.003100,0.035328,0.011168,0.008416,0.010240,0.001280,1,4,48,0,1
2397,0.116800,0.142200,0.004900,0.028000,0.023000,0.057600,0.003200,0.035296,0.011136,0.008256,0.010240,0.001312,1,4,48,0,1
2398,0.116900,0.130100,0.005200,0.027900,0.023000,0.057600,0.003100,0.035456,0.011104,0.008416,0.010208,0.001344,1,4,48,0,1
2399,0.116300,0.130300,0.005000,0.027900,0.022900,0.057300,0.003200,0.035328,0.011232,0.008256,0.010304,0.001248,1,4,48,0,1
2400,0.120400,0.129600,0.005200,0.027700,0.023000,0.061000,0.003300,0.035552,0.011168,0.008448,0.010208,0.001344,1,4,48,0,1
2401,0.117200,0.133400,0.005100,0.028000,0.023100,0.057600,0.003200,0.035680,0.011200,0.008544,0.010208,0.001312,1,4,48,0,1
2402,0.117000,0.130100,0.005200,0.027800,0.022900,0.057600,0.003500,0.037824,0.011168,0.008448,0.010464,0.001376,1,4,48,0,1
2403,0.116400,0.129900,0.005000,0.027800,0.022700,0.057600,0.003200,0.035456,0.011168,0.008384,0.010208,0.001280,1,4,48,0,1
2404,0.123200,0.129500,0.005100,0.027700,0.023000,0.064100,0.003200,0.035584,0.011200,0.008416,0.010272,0.001280,1,4,48,0,1
2405,0.117500,0.136600,0.004700,0.028100,0.023300,0.057900,0.003200,0.035456,0.011200,0.008256,0.010208,0.001344,1,4,48,0,1
2406,0.116000,0.130500,0.005200,0.027600,0.023200,0.057600,0.002400,0.037696,0.011232,0.008416,0.010496,0.001216,1,4,48,0,1
2407,0.116600,0.129200,0.004900,0.028100,0.023200,0.057200,0.003200,0.035328,0.011104,0.008320,0.010208,0.001312,1,4,48,0,1
2408,0.116700,0.129700,0.005000,0.027800,0.022700,0.057800,0.003200,0.035648,0.011200,0.008512,0.010208,0.001344,1,4,48,0,1
2409,0.115500,0.129800,0.005200,0.027600,0.022600,0.056900,0.003100,0.035584,0.011232,0.008416,0.010144,0.001344,1,4,48,0,1
2410,0.115800,0.128600,0.004800,0.027600,0.022900,0.057700,0.002500,0.035616,0.011232,0.008384,0.010336,0.001280,1,4,48,0,1
2411,0.121300,0.128900,0.004800,0.027800,0.031300,0.055400,0.001900,0.037248,0.011104,0.008544,0.010240,0.001344,1,4,48,0,1
2412,0.131000,0.134400,0.005000,0.027800,0.020100,0.052600,0.025200,0.036544,0.011232,0.008512,0.010176,0.001280,1,4,48,0,1
2413,0.120500,0.144700,0.005400,0.029400,0.022400,0.061200,0.002000,0.036448,0.010752,0.008416,0.010208,0.001184,1,4,48,0,1
2414,0.127100,0.133400,0.005000,0.027300,0.020300,0.070800,0.003500,0.035776,0.011232,0.008416,0.010272,0.001280,1,4,48,0,1
2415,0.127700,0.140500,0.004900,0.028100,0.031800,0.059500,0.003200,0.036768,0.010752,0.008608,0.010272,0.001344,1,4,48,0,1
2416,0.117100,0.140800,0.005000,0.027900,0.023400,0.057600,0.003200,0.035456,0.012224,0.008320,0.010400,0.001280,1,4,48,0,1
2417,0.116000,0.130200,0.005000,0.027900,0.022600,0.057000,0.003200,0.037632,0.013664,0.008512,0.010208,0.001312,1,4,48,0,1
2418,0.140500,0.129200,0.005600,0.028000,0.026100,0.078300,0.002500,0.036128,0.011168,0.008384,0.010176,0.001216,1,4,48,0,1
2419,0.115100,0.153500,0.005000,0.027600,0.023300,0.056600,0.002400,0.037728,0.013664,0.008544,0.010272,0.001312,1,4,48,0,1
2420,0.115800,0.128400,0.005000,0.028000,0.023300,0.056800,0.002500,0.036672,0.011232,0.008576,0.010208,0.001312,1,4,48,0,1
2421,0.116100,0.128800,0.005000,0.027800,0.023100,0.057700,0.002500,0.035776,0.011200,0.008608,0.010240,0.001280,1,4,48,0,1
2422,0.116400,0.129100,0.005100,0.028200,0.022900,0.057800,0.002400,0.035584,0.011200,0.008480,0.010240,0.001312,1,4,48,0,1
2423,0.115000,0.129600,0.004600,0.027800,0.022700,0.057300,0.002500,0.035584,0.011200,0.008448,0.010240,0.001344,1,4,48,0,1
2424,0.117800,0.128100,0.005100,0.027800,0.023600,0.057500,0.003400,0.037472,0.011264,0.008512,0.010336,0.001280,1,4,48,0,1
2425,0.115500,0.131100,0.004800,0.027900,0.022400,0.057100,0.003200,0.035520,0.011168,0.008288,0.010336,0.001312,1,4,48,0,1
2426,0.118600,0.133800,0.004800,0.028200,0.024000,0.058000,0.003200,0.035616,0.011232,0.008480,0.010272,0.001280,1,4,48,0,1
2427,0.116100,0.131800,0.004700,0.027800,0.023000,0.058100,0.002300,0.035776,0.013728,0.008544,0.010400,0.001344,1,4,48,0,1
2428,0.116400,0.129400,0.004900,0.027900,0.023000,0.056900,0.003600,0.037504,0.011200,0.008384,0.010144,0.001312,1,4,48,0,1
2429,0.127000,0.135800,0.005200,0.029700,0.023400,0.066100,0.002500,0.036896,0.011264,0.008480,0.010272,0.001344,1,4,48,0,1
2430,0.116300,0.140500,0.005100,0.027800,0.023300,0.057500,0.002400,0.035552,0.011136,0.008384,0.010336,0.001312,1,4,48,0,1
2431,0.116600,0.129100,0.005100,0.028000,0.023300,0.057000,0.003200,0.035584,0.011232,0.008416,0.010208,0.001344,1,4,48,0,1
2432,0.116700,0.129600,0.005200,0.027900,0.023200,0.057100,0.003100,0.035712,0.011168,0.008608,0.010176,0.001344,1,4,48,0,1
2433,0.115100,0.129600,0.004700,0.027300,0.022600,0.057000,0.003300,0.035424,0.011232,0.008224,0.010272,0.001312,1,4,48,0,1
2434,0.114600,0.128000,0.004800,0.027400,0.023200,0.056800,0.002400,0.036064,0.011168,0.008448,0.010208,0.001344,1,4,48,0,1
2435,0.115500,0.127600,0.004700,0.027600,0.022800,0.057000,0.003200,0.035584,0.011168,0.008448,0.010208,0.001312,1,4,48,0,1
2436,0.116700,0.128700,0.004900,0.027900,0.022900,0.057900,0.003000,0.035552,0.011200,0.008480,0.010208,0.001248,1,4,48,0,1
2437,0.116100,0.130000,0.005300,0.027800,0.022500,0.057500,0.003000,0.035392,0.011104,0.008352,0.010304,0.001216,1,4,48,0,1
2438,0.116300,0.129500,0.005000,0.027700,0.022900,0.057600,0.003100,0.035840,0.012224,0.008576,0.010432,0.001408,1,4,48,0,1
2439,0.116200,0.129200,0.005000,0.027500,0.022600,0.058100,0.003000,0.035392,0.011200,0.008288,0.010240,0.001248,1,4,48,0,1
2440,0.116800,0.129400,0.004800,0.027700,0.022900,0.058300,0.003000,0.035712,0.011232,0.008384,0.010304,0.001408,1,4,48,0,1
2441,0.124700,0.130000,0.005500,0.032800,0.023100,0.060100,0.003100,0.037600,0.013696,0.008480,0.010176,0.001280,1,4,48,0,1
2442,0.117400,0.138300,0.005000,0.027700,0.023500,0.057800,0.003000,0.035616,0.011200,0.008416,0.010304,0.001280,1,4,48,0,1
2443,0.115300,0.130500,0.005000,0.027500,0.023100,0.056500,0.003200,0.035296,0.011200,0.008256,0.010176,0.001280,1,4,48,0,1
2444,0.124500,0.128600,0.013900,0.027800,0.022600,0.056800,0.003200,0.035552,0.011200,0.008384,0.010240,0.001344,1,4,48,0,1
2445,0.116400,0.137400,0.005200,0.027700,0.022900,0.057100,0.003200,0.035584,0.011200,0.008416,0.010176,0.001344,1,4,48,0,1
2446,0.115300,0.129500,0.005100,0.027500,0.022500,0.056800,0.003100,0.035328,0.011136,0.008288,0.010272,0.001312,1,4,48,0,1
2447,0.115900,0.128200,0.005100,0.027600,0.022600,0.057300,0.003100,0.035584,0.012320,0.008448,0.010400,0.001248,1,4,48,0,1
2448,0.115000,0.129200,0.005000,0.027500,0.023000,0.056700,0.002500,0.035424,0.011136,0.008384,0.010208,0.001312,1,4,48,0,1
2449,0.115800,0.127800,0.004800,0.027700,0.023100,0.056900,0.003200,0.035360,0.011136,0.008448,0.010208,0.001184,1,4,48,0,1
2450,0.117300,0.128800,0.005000,0.028100,0.022800,0.057800,0.003400,0.035808,0.011232,0.008640,0.010208,0.001312,1,4,48,0,1
2451,0.115200,0.130100,0.005200,0.027700,0.022700,0.056900,0.002500,0.037728,0.011264,0.008352,0.010432,0.001376,1,4,48,0,1
2452,0.114500,0.128400,0.004900,0.027800,0.022700,0.056700,0.002300,0.037728,0.011232,0.008480,0.010432,0.001248,1,4,48,0,1
2453,0.116000,0.127400,0.004900,0.027600,0.022700,0.057400,0.003100,0.035552,0.011168,0.008480,0.010240,0.001280,1,4,48,0,1
2454,0.116300,0.129200,0.004900,0.027600,0.023100,0.057500,0.003100,0.035488,0.012288,0.008384,0.010400,0.001280,1,4,48,0,1
2455,0.125900,0.129100,0.005000,0.027800,0.031200,0.058400,0.003100,0.035776,0.011232,0.008544,0.010272,0.001312,1,4,48,0,1
2456,0.122500,0.139200,0.004900,0.027800,0.023300,0.063800,0.002400,0.035520,0.011232,0.008352,0.010208,0.001344,1,4,48,0,1
2457,0.111100,0.135700,0.004900,0.028200,0.021100,0.054800,0.001900,0.037152,0.011264,0.008352,0.010368,0.001280,1,4,48,0,1
2458,0.155600,0.124000,0.004900,0.027900,0.036600,0.051300,0.034900,0.036800,0.011008,0.008352,0.010336,0.001312,1,4,48,0,1
2459,0.128700,0.169200,0.005200,0.029900,0.022500,0.068600,0.002500,0.036736,0.010816,0.008576,0.010208,0.001312,1,4,48,0,1
2460,0.129900,0.141800,0.005200,0.031900,0.020400,0.070400,0.002000,0.035904,0.011264,0.008480,0.010208,0.001344,1,4,48,0,1
2461,0.123000,0.143000,0.005000,0.027400,0.020100,0.067100,0.003200,0.035392,0.012160,0.008416,0.010176,0.001248,1,4,48,0,1
2462,0.122900,0.136200,0.004900,0.027800,0.027700,0.059100,0.003200,0.036704,0.010912,0.008608,0.010240,0.001280,1,4,48,0,1
2463,0.316700,0.136000,0.005200,0.027200,0.023100,0.253300,0.007600,0.037696,0.011200,0.008448,0.010368,0.001344,1,4,48,0,1
2464,0.170100,0.336000,0.007100,0.045000,0.035000,0.078400,0.004100,0.036320,0.011136,0.008640,0.010208,0.001248,1,4,48,0,1
2465,0.162000,0.193200,0.007000,0.036800,0.038300,0.075600,0.004100,0.036064,0.011104,0.008384,0.010240,0.001248,1,4,48,0,1
2466,0.149600,0.178900,0.006300,0.035200,0.028700,0.075400,0.003900,0.035488,0.013664,0.008320,0.010400,0.001344,1,4,48,0,1
2467,0.806700,0.165800,0.005800,0.034300,0.027900,0.735600,0.002800,0.036288,0.011200,0.008608,0.010208,0.001280,1,4,48,0,1
2468,0.771000,0.821100,0.006000,0.036300,0.027900,0.698500,0.002100,0.036160,0.011264,0.008544,0.010272,0.001344,1,4,48,0,1
2469,0.158700,0.785400,0.005800,0.032800,0.026500,0.079600,0.013800,0.035808,0.011168,0.008512,0.010176,0.001344,1,4,48,0,1
2470,0.150700,0.172800,0.005500,0.030100,0.025000,0.087900,0.002000,0.035520,0.012256,0.008320,0.010464,0.001280,1,4,48,0,1
2471,0.159100,0.165000,0.004900,0.029700,0.025500,0.094100,0.004700,0.035712,0.011168,0.008448,0.010272,0.001344,1,4,48,0,1
2472,0.123500,0.172700,0.005300,0.030000,0.024600,0.060300,0.003100,0.035744,0.011200,0.008576,0.010240,0.001312,1,4,48,0,1
2473,0.118600,0.136500,0.004900,0.028000,0.023400,0.059100,0.003000,0.037280,0.011200,0.008384,0.010368,0.001312,1,4,48,0,1
2474,0.116500,0.131700,0.004900,0.028000,0.023300,0.057100,0.003200,0.035712,0.011136,0.008192,0.010240,0.001248,1,4,48,0,1
2475,0.115800,0.129700,0.005000,0.027700,0.023100,0.056900,0.003100,0.035488,0.013664,0.008352,0.010400,0.001312,1,4,48,0,1
2476,0.115800,0.128900,0.004800,0.027600,0.023200,0.056900,0.003200,0.035488,0.011168,0.008288,0.010304,0.001344,1,4,48,0,1
2477,0.116300,0.128900,0.004900,0.027600,0.023400,0.057200,0.003100,0.035552,0.012256,0.008288,0.010432,0.001344,1,4,48,0,1
2478,0.116500,0.129600,0.005500,0.028000,0.022800,0.056700,0.003100,0.037728,0.011200,0.008480,0.010432,0.001312,1,4,48,0,1
2479,0.116200,0.129600,0.004900,0.027500,0.022800,0.057600,0.003200,0.035360,0.011136,0.008288,0.010176,0.001344,1,4,48,0,1
2480,0.115500,0.129300,0.004900,0.028000,0.022700,0.057100,0.002300,0.035488,0.011136,0.008448,0.010208,0.001312,1,4,48,0,1
2481,0.116500,0.128400,0.005300,0.027700,0.022900,0.057100,0.003300,0.035616,0.011200,0.008416,0.010304,0.001344,1,4,48,0,1
2482,0.115500,0.130000,0.004900,0.027700,0.022900,0.056700,0.003200,0.035680,0.011168,0.008576,0.010304,0.001248,1,4,48,0,1
2483,0.116900,0.128400,0.004900,0.027500,0.023000,0.058300,0.003100,0.035616,0.011232,0.008512,0.010272,0.001216,1,4,48,0,1
2484,0.116600,0.129900,0.005200,0.027400,0.022900,0.058000,0.003000,0.035488,0.011136,0.008512,0.010240,0.001312,1,4,48,0,1
2485,0.124500,0.129800,0.005300,0.033800,0.023600,0.058600,0.003100,0.035552,0.011200,0.008448,0.010208,0.001344,1,4,48,0,1
2486,0.117500,0.138400,0.005000,0.027800,0.023300,0.058300,0.003100,0.037792,0.011264,0.008448,0.010400,0.001312,1,4,48,0,1
2487,0.117700,0.130600,0.004800,0.028200,0.023000,0.058500,0.003100,0.035744,0.011168,0.008608,0.010208,0.001344,1,4,48,0,1
2488,0.118100,0.130600,0.004800,0.027700,0.023100,0.059200,0.003100,0.035840,0.011232,0.008608,0.010208,0.001408,1,4,48,0,1
2489,0.127000,0.131000,0.005000,0.027800,0.030800,0.061400,0.001900,0.035488,0.011200,0.008480,0.010240,0.001248,1,4,48,0,1
2490,1.104400,0.139900,0.005100,0.027300,0.034900,0.167800,0.869000,0.035296,0.011168,0.008352,0.010240,0.001280,1,4,48,0,1
2491,0.172300,1.119600,0.006300,0.037700,0.028200,0.094700,0.005300,0.036000,0.011200,0.008416,0.010272,0.001312,1,4,48,0,1
2492,0.241100,0.191500,0.042400,0.046200,0.034700,0.113000,0.004700,0.036992,0.011168,0.008544,0.010208,0.001312,1,4,48,0,1
2493,0.189100,0.258900,0.007000,0.038200,0.031500,0.108500,0.003800,0.035744,0.013664,0.008544,0.010400,0.001376,1,4,48,0,1
2494,0.187300,0.206100,0.006200,0.036800,0.030500,0.110000,0.003700,0.035488,0.011200,0.008480,0.010176,0.001280,1,4,48,0,1
2495,0.171000,0.204200,0.006200,0.037000,0.048300,0.075900,0.003300,0.035648,0.011232,0.008416,0.010240,0.001216,1,4,48,0,1
2496,0.123400,0.185500,0.005800,0.030600,0.024600,0.059300,0.003100,0.035584,0.011168,0.008416,0.010240,0.001312,1,4,48,0,1
2497,0.120000,0.137100,0.005100,0.028300,0.023800,0.059500,0.003000,0.035680,0.011232,0.008448,0.010176,0.001344,1,4,48,0,1
2498,0.119300,0.133400,0.004800,0.028000,0.023700,0.059400,0.003000,0.035648,0.011200,0.008416,0.010240,0.001344,1,4,48,0,1
2499,0.143700,0.132700,0.005100,0.027800,0.023600,0.075600,0.011500,0.035552,0.012192,0.008480,0.010400,0.001248,1,4,48,0,1
2500,0.124300,0.157300,0.005000,0.028400,0.023600,0.064200,0.003000,0.038112,0.011296,0.008640,0.010464,0.001344,1,4,48,0,1
2501,0.119500,0.137500,0.005300,0.028200,0.023200,0.059400,0.003100,0.035520,0.011200,0.008352,0.010240,0.001376,1,4,48,0,1
2502,0.117900,0.132600,0.005000,0.027700,0.022900,0.059100,0.003000,0.037728,0.011232,0.008512,0.010368,0.001312,1,4,48,0,1
2503,0.118100,0.130900,0.005100,0.028000,0.023100,0.058700,0.003100,0.035584,0.012224,0.008384,0.010400,0.001344,1,4,48,0,1
2504,0.116900,0.131400,0.005100,0.027700,0.023000,0.057800,0.003200,0.035584,0.011200,0.008416,0.010272,0.001312,1,4,48,0,1
2505,0.116400,0.130000,0.005100,0.027800,0.022700,0.057600,0.003000,0.035680,0.011232,0.008448,0.010272,0.001312,1,4,48,0,1
2506,0.115900,0.129700,0.004800,0.027800,0.022800,0.057400,0.003000,0.035616,0.013664,0.008448,0.010368,0.001344,1,4,48,0,1
2507,0.116400,0.128900,0.004900,0.027700,0.022700,0.058000,0.003000,0.037568,0.013696,0.008448,0.010176,0.001280,1,4,48,0,1
2508,0.125700,0.129700,0.005000,0.034000,0.023800,0.059600,0.003000,0.035552,0.012288,0.008416,0.010400,0.001248,1,4,48,0,1
2509,0.116900,0.139000,0.005200,0.027900,0.022800,0.057800,0.003100,0.037216,0.013696,0.008192,0.010240,0.001312,1,4,48,0,1
2510,0.116400,0.130200,0.005200,0.027900,0.023000,0.057900,0.002400,0.035968,0.011136,0.008288,0.010208,0.001312,1,4,48,0,1
2511,0.116600,0.129400,0.004900,0.027600,0.023100,0.057700,0.003100,0.035456,0.011200,0.008352,0.010240,0.001216,1,4,48,0,1
2512,0.117900,0.129600,0.005000,0.027800,0.023200,0.058600,0.003100,0.037664,0.011200,0.008384,0.010464,0.001344,1,4,48,0,1
2513,0.127100,0.131200,0.005000,0.027800,0.022700,0.068400,0.003000,0.035584,0.012320,0.008320,0.010400,0.001376,1,4,48,0,1
2514,0.117900,0.140600,0.005300,0.027700,0.023500,0.058200,0.003100,0.035488,0.011200,0.008384,0.010240,0.001216,1,4,48,0,1
2515,0.115700,0.130700,0.005000,0.027600,0.022900,0.057000,0.003100,0.035648,0.013664,0.008448,0.010368,0.001376,1,4,48,0,1
2516,0.116900,0.128800,0.004900,0.027700,0.022600,0.058400,0.003100,0.035520,0.011168,0.008416,0.010176,0.001344,1,4,48,0,1
2517,0.117200,0.129900,0.005000,0.027600,0.022700,0.058700,0.003000,0.035520,0.011136,0.008320,0.010272,0.001344,1,4,48,0,1
2518,0.117000,0.130500,0.004900,0.027700,0.022700,0.058500,0.003100,0.035648,0.012224,0.008416,0.010432,0.001312,1,4,48,0,1
2519,0.115900,0.130200,0.005200,0.027500,0.022500,0.057200,0.003100,0.037504,0.011168,0.008320,0.010496,0.001248,1,4,48,0,1
2520,0.118000,0.128800,0.006100,0.028000,0.023000,0.057700,0.003000,0.035680,0.011168,0.008576,0.010208,0.001344,1,4,48,0,1
2521,0.116700,0.131200,0.005200,0.027700,0.022700,0.057900,0.003100,0.035648,0.012288,0.008448,0.010432,0.001248,1,4,48,0,1
2522,0.117800,0.129800,0.005100,0.027800,0.023100,0.058500,0.003100,0.037696,0.011136,0.008512,0.010368,0.001344,1,4,48,0,1
2523,0.123300,0.130900,0.004900,0.027600,0.028300,0.059300,0.003100,0.037408,0.011200,0.008224,0.010272,0.001344,1,4,48,0,1
2524,0.125600,0.136800,0.004900,0.028100,0.029400,0.060100,0.003100,0.035488,0.011168,0.008448,0.010240,0.001312,1,4,48,0,1
2525,0.145600,0.138700,0.005100,0.027600,0.020100,0.055300,0.037300,0.035552,0.011136,0.008544,0.010272,0.001280,1,4,48,0,1
2526,0.457500,0.159100,0.005300,0.029300,0.025800,0.057000,0.339900,0.036128,0.010880,0.008384,0.010240,0.001280,1,4,48,0,1
2527,0.153200,0.471800,0.005700,0.030900,0.023900,0.089300,0.003300,0.035648,0.013728,0.008448,0.010400,0.001312,1,4,48,0,1
2528,0.129800,0.166900,0.005400,0.029500,0.029800,0.062000,0.003100,0.037344,0.011200,0.008576,0.010272,0.001152,1,4,48,0,1
2529,0.128500,0.143100,0.005100,0.027900,0.023200,0.069900,0.002400,0.035552,0.011200,0.008448,0.010240,0.001312,1,4,48,0,1
2530,0.115900,0.141500,0.005200,0.027500,0.023200,0.057400,0.002400,0.035680,0.012224,0.008480,0.010400,0.001280,1,4,48,0,1
2531,0.116100,0.128800,0.004900,0.027900,0.023300,0.057400,0.002300,0.036064,0.011104,0.008352,0.010240,0.001312,1,4,48,0,1
2532,0.115100,0.129200,0.005100,0.027700,0.023100,0.057000,0.002100,0.035648,0.012192,0.008480,0.010400,0.001280,1,4,48,0,1
2533,0.115000,0.128300,0.004900,0.027600,0.022600,0.057300,0.002500,0.035744,0.011136,0.008576,0.010272,0.001312,1,4,48,0,1
2534,0.138300,0.128000,0.004800,0.041800,0.023700,0.065600,0.002400,0.035776,0.013728,0.008576,0.010368,0.001312,1,4,48,0,1
2535,0.128000,0.151600,0.005300,0.028300,0.023300,0.068900,0.002100,0.035616,0.011264,0.008448,0.010176,0.001312,1,4,48,0,1
2536,0.115100,0.140900,0.004800,0.027800,0.022900,0.057300,0.002100,0.035616,0.011136,0.008448,0.010272,0.001344,1,4,48,0,1
2537,0.114600,0.128000,0.004900,0.027700,0.022300,0.057100,0.002300,0.035648,0.013632,0.008608,0.010368,0.001344,1,4,48,0,1
2538,0.115100,0.127300,0.005100,0.027500,0.022700,0.057300,0.002500,0.035584,0.011232,0.008384,0.010272,0.001248,1,4,48,0,1
2539,0.114600,0.128100,0.005100,0.027600,0.022800,0.056700,0.002300,0.035872,0.011264,0.008704,0.010208,0.001312,1,4,48,0,1
2540,0.120100,0.127800,0.005100,0.027600,0.022900,0.062000,0.002400,0.035520,0.011136,0.008480,0.010176,0.001312,1,4,48,0,1
2541,0.148800,0.133200,0.005200,0.028400,0.023300,0.089800,0.002000,0.035456,0.013728,0.008448,0.010368,0.001248,1,4,48,0,1
2542,0.117800,0.162400,0.005000,0.028700,0.023800,0.057800,0.002400,0.035552,0.011200,0.008544,0.010208,0.001184,1,4,48,0,1
2543,0.114700,0.130700,0.004700,0.027700,0.023000,0.057100,0.002000,0.035616,0.011200,0.008416,0.010240,0.001344,1,4,48,0,1
2544,0.115800,0.127900,0.005100,0.027700,0.023500,0.056900,0.002400,0.036000,0.013696,0.008384,0.010368,0.001600,1,4,48,0,1
2545,0.114800,0.128800,0.005100,0.027400,0.022800,0.057000,0.002400,0.035520,0.013696,0.008320,0.010400,0.001344,1,4,48,0,1
2546,0.115000,0.127900,0.004800,0.027500,0.023000,0.057300,0.002100,0.036576,0.011168,0.008416,0.010240,0.001344,1,4,48,0,1
2547,0.115400,0.128100,0.005200,0.027700,0.022800,0.057200,0.002400,0.036064,0.011104,0.008224,0.010304,0.001344,1,4,48,0,1
2548,0.115600,0.128600,0.005400,0.027700,0.023200,0.056800,0.002400,0.035680,0.011264,0.008512,0.010208,0.001344,1,4,48,0,1
2549,0.114400,0.128700,0.005100,0.027600,0.022400,0.056900,0.002200,0.035552,0.011200,0.008352,0.010240,0.001344,1,4,48,0,1
2550,0.115400,0.127600,0.005200,0.027600,0.023100,0.056900,0.002400,0.036256,0.011200,0.008480,0.010208,0.001344,1,4,48,0,1
2551,0.114000,0.128300,0.004800,0.027300,0.022800,0.056600,0.002200,0.035552,0.013664,0.008352,0.010368,0.001344,1,4,48,0,1
2552,0.115300,0.126900,0.005000,0.027600,0.023100,0.057100,0.002400,0.036192,0.011168,0.008512,0.010336,0.001312,1,4,48,0,1
2553,0.115400,0.128200,0.005000,0.027700,0.022900,0.057200,0.002500,0.035520,0.013696,0.008352,0.010400,0.001312,1,4,48,0,1
2554,0.115400,0.128400,0.004800,0.027500,0.022800,0.057900,0.002200,0.036256,0.011104,0.008480,0.010240,0.001344,1,4,48,0,1
2555,0.114400,0.128300,0.004800,0.027600,0.022900,0.056600,0.002200,0.035488,0.013696,0.008352,0.010464,0.001216,1,4,48,0,1
2556,0.123800,0.127100,0.005300,0.033700,0.023600,0.058500,0.002500,0.035552,0.010976,0.008480,0.010208,0.001280,1,4,48,0,1
2557,0.115600,0.137200,0.005000,0.028000,0.023100,0.056900,0.002400,0.035776,0.013760,0.008480,0.010400,0.001376,1,4,48,0,1
2558,0.127700,0.128800,0.005100,0.037100,0.026200,0.056700,0.002400,0.036256,0.011072,0.008352,0.010272,0.001344,1,4,48,0,1
2559,0.114700,0.140600,0.005000,0.027500,0.022900,0.056700,0.002300,0.035392,0.011232,0.008192,0.010208,0.001344,1,4,48,0,1
2560,0.114900,0.127500,0.004900,0.027500,0.023200,0.056900,0.002200,0.036832,0.011200,0.008608,0.010176,0.001376,1,4,48,0,1
2561,0.115400,0.128000,0.005100,0.027900,0.022900,0.057100,0.002400,0.035456,0.011136,0.008352,0.010240,0.001312,1,4,48,0,1
2562,0.114900,0.128400,0.005000,0.027800,0.022800,0.056900,0.002300,0.035584,0.011072,0.008608,0.010240,0.001280,1,4,48,0,1
2563,0.115300,0.128200,0.005000,0.027600,0.023000,0.057100,0.002400,0.036032,0.011072,0.008448,0.010176,0.001248,1,4,48,0,1
2564,0.116900,0.128200,0.004800,0.027800,0.023000,0.059300,0.001900,0.036192,0.011072,0.008544,0.010176,0.001248,1,4,48,0,1
2565,0.115600,0.130200,0.004900,0.027700,0.023500,0.057100,0.002300,0.035968,0.011104,0.008320,0.010208,0.001280,1,4,48,0,1
2566,0.114800,0.129000,0.004800,0.028000,0.022900,0.056900,0.002000,0.035584,0.013696,0.008384,0.010400,0.001344,1,4,48,0,1
2567,0.117000,0.127700,0.004800,0.027700,0.024100,0.057900,0.002300,0.037056,0.011168,0.008448,0.010176,0.001344,1,4,48,0,1
2568,0.111500,0.141700,0.005500,0.027700,0.022400,0.054000,0.001800,0.035648,0.011136,0.008576,0.010272,0.001376,1,4,48,0,1
2569,0.444800,0.124500,0.004900,0.027100,0.022500,0.053400,0.336800,0.036608,0.011136,0.008416,0.010240,0.001312,1,4,48,0,1
2570,0.129000,0.458800,0.005200,0.031300,0.023800,0.066500,0.002100,0.037696,0.011232,0.008512,0.010240,0.001280,1,4,48,0,1
2571,0.126400,0.142400,0.005000,0.027700,0.020400,0.069700,0.003400,0.036864,0.011008,0.008320,0.010208,0.001344,1,4,48,0,1
2572,0.117000,0.139600,0.004700,0.027800,0.020800,0.061100,0.002400,0.037152,0.011136,0.008480,0.010272,0.001312,1,4,48,0,1
2573,0.119400,0.130100,0.005300,0.027700,0.024400,0.059400,0.002500,0.036160,0.011168,0.008352,0.010208,0.001184,1,4,48,0,1
2574,0.117200,0.132400,0.005200,0.028500,0.023400,0.057500,0.002500,0.035328,0.011168,0.008288,0.010272,0.001248,1,4,48,0,1
2575,0.115200,0.130400,0.005100,0.027900,0.022900,0.056800,0.002200,0.035584,0.013696,0.008416,0.010464,0.001216,1,4,48,0,1
2576,0.148000,0.128200,0.005200,0.027900,0.023000,0.084900,0.006900,0.035648,0.011168,0.008512,0.010240,0.001344,1,4,48,0,1
2577,0.115800,0.160900,0.005100,0.027700,0.023000,0.057300,0.002400,0.035552,0.013856,0.008224,0.010368,0.001344,1,4,48,0,1
2578,0.114900,0.128600,0.004900,0.027800,0.022500,0.057300,0.002100,0.035840,0.011200,0.008704,0.010208,0.001312,1,4,48,0,1
2579,0.115400,0.127900,0.005100,0.027800,0.022800,0.057300,0.002400,0.035680,0.012256,0.008512,0.010400,0.001344,1,4,48,0,1
2580,0.117600,0.128600,0.005000,0.028000,0.023500,0.057600,0.003400,0.035712,0.012288,0.008512,0.010464,0.001280,1,4,48,0,1
2581,0.119500,0.130700,0.005100,0.027800,0.023000,0.060900,0.002200,0.036032,0.011168,0.008448,0.010208,0.001312,1,4,48,0,1
2582,0.121600,0.136900,0.004900,0.028000,0.023800,0.062200,0.002600,0.035584,0.013792,0.008480,0.010368,0.001248,1,4,48,0,1
2583,0.117300,0.134800,0.005200,0.028400,0.023300,0.057900,0.002300,0.035712,0.013760,0.008544,0.010336,0.001312,1,4,48,0,1
2584,0.115800,0.130500,0.004700,0.027600,0.023300,0.057500,0.002500,0.035552,0.011104,0.008544,0.010240,0.001248,1,4,48,0,1
2585,0.115500,0.128900,0.005000,0.027800,0.022800,0.057300,0.002300,0.035456,0.011232,0.008352,0.010144,0.001280,1,4,48,0,1
2586,0.116300,0.128400,0.005200,0.027700,0.022900,0.058300,0.002200,0.035488,0.011168,0.008320,0.010336,0.001312,1,4,48,0,1
2587,0.114800,0.129400,0.004900,0.027600,0.022900,0.056900,0.002400,0.035392,0.013632,0.008224,0.010400,0.001376,1,4,48,0,1
2588,0.114800,0.127800,0.004900,0.027600,0.023100,0.056900,0.002200,0.035424,0.012192,0.008256,0.010368,0.001312,1,4,48,0,1
2589,0.118300,0.127700,0.005000,0.027900,0.022900,0.057500,0.004800,0.035840,0.013760,0.008576,0.010400,0.001344,1,4,48,0,1
2590,0.115900,0.140100,0.005000,0.027800,0.023300,0.057400,0.002300,0.035392,0.011200,0.008320,0.010176,0.001344,1,4,48,0,1
2591,0.115700,0.128900,0.005100,0.027700,0.022900,0.057500,0.002400,0.035616,0.011136,0.008512,0.010208,0.001376,1,4,48,0,1
2592,0.115200,0.128800,0.005300,0.027900,0.023000,0.056600,0.002400,0.035776,0.012192,0.008608,0.010432,0.001312,1,4,48,0,1
2593,0.115100,0.128500,0.004800,0.027500,0.023100,0.057300,0.002300,0.035616,0.011200,0.008416,0.010336,0.001280,1,4,48,0,1
2594,0.115600,0.128200,0.005300,0.028100,0.022700,0.057000,0.002400,0.035424,0.011168,0.008480,0.010208,0.001216,1,4,48,0,1
2595,0.115100,0.128600,0.005100,0.027500,0.022600,0.057300,0.002300,0.035552,0.013728,0.008480,0.010368,0.001312,1,4,48,0,1
2596,0.457200,0.128200,0.004900,0.027700,0.024500,0.393200,0.006900,0.036064,0.010720,0.008448,0.010176,0.001216,1,4,48,0,1
2597,0.189700,0.472200,0.006300,0.040700,0.028600,0.111400,0.002600,0.036320,0.011168,0.008800,0.010240,0.001248,1,4,48,0,1
2598,0.168400,0.204600,0.005900,0.032700,0.025700,0.098900,0.005000,0.036192,0.011040,0.008544,0.010208,0.001312,1,4,48,0,1
2599,0.203300,0.187500,0.007300,0.045600,0.035700,0.108200,0.006400,0.036544,0.010816,0.008416,0.010272,0.001248,1,4,48,0,1
2600,0.182900,0.222500,0.007000,0.045300,0.034800,0.092600,0.002900,0.035904,0.013856,0.008448,0.010432,0.001376,1,4,48,0,1
2601,0.147700,0.199800,0.006400,0.035600,0.029100,0.072700,0.003900,0.035616,0.011136,0.008544,0.010304,0.001248,1,4,48,0,1
2602,0.144100,0.164600,0.005800,0.034200,0.028400,0.071900,0.003600,0.035584,0.011232,0.008608,0.010176,0.001248,1,4,48,0,1
2603,0.144900,0.160200,0.005800,0.034300,0.028000,0.072600,0.004000,0.035808,0.011232,0.008448,0.010304,0.001408,1,4,48,0,1
2604,0.143700,0.161000,0.006400,0.034000,0.027900,0.071200,0.003800,0.035552,0.011200,0.008416,0.010240,0.001248,1,4,48,0,1
2605,0.126200,0.159900,0.006300,0.033900,0.024200,0.058600,0.003100,0.037632,0.011200,0.008320,0.010400,0.001312,1,4,48,0,1
2606,0.118500,0.139300,0.004800,0.028100,0.022800,0.059400,0.003100,0.036544,0.011168,0.008480,0.010272,0.001216,1,4,48,0,1
2607,0.122700,0.131800,0.005000,0.027800,0.027300,0.059400,0.002900,0.035904,0.011200,0.008544,0.010208,0.001216,1,4,48,0,1
2608,0.118000,0.135600,0.004800,0.028100,0.023300,0.058500,0.003000,0.037952,0.011264,0.008704,0.010368,0.001312,1,4,48,0,1
2609,0.118500,0.131100,0.004900,0.027900,0.023400,0.059200,0.003000,0.035520,0.012288,0.008256,0.010464,0.001280,1,4,48,0,1
2610,0.118600,0.131700,0.005000,0.028000,0.023200,0.059300,0.003000,0.035616,0.011200,0.008544,0.010208,0.001344,1,4,48,0,1
2611,0.125900,0.131600,0.005300,0.027800,0.029700,0.060000,0.003100,0.035488,0.011168,0.008384,0.010208,0.001280,1,4,48,0,1
2612,0.118500,0.139300,0.005200,0.028300,0.023200,0.058700,0.003000,0.035616,0.011072,0.008512,0.010208,0.001408,1,4,48,0,1
2613,0.117000,0.131600,0.004800,0.028100,0.022600,0.058200,0.003100,0.035488,0.011200,0.008288,0.010240,0.001376,1,4,48,0,1
2614,0.121000,0.130100,0.005000,0.027500,0.022700,0.062600,0.002900,0.035520,0.012224,0.008448,0.010400,0.001216,1,4,48,0,1
2615,0.117200,0.134300,0.005000,0.028000,0.022500,0.058500,0.003000,0.035488,0.011136,0.008384,0.010240,0.001312,1,4,48,0,1
2616,0.117800,0.130300,0.005100,0.027700,0.023000,0.058900,0.003000,0.037344,0.011232,0.008384,0.010400,0.001184,1,4,48,0,1
2617,0.117500,0.131100,0.005000,0.028100,0.022800,0.058600,0.003000,0.035520,0.012160,0.008448,0.010368,0.001280,1,4,48,0,1
2618,0.116700,0.130600,0.004800,0.027600,0.022800,0.058500,0.003000,0.035520,0.011168,0.008448,0.010240,0.001280,1,4,48,0,1
2619,0.117100,0.129600,0.005100,0.027600,0.022700,0.058600,0.003000,0.035520,0.012288,0.008352,0.010336,0.001312,1,4,48,0,1
2620,0.117100,0.130300,0.004800,0.027500,0.022900,0.058600,0.003100,0.035424,0.011168,0.008448,0.010240,0.001184,1,4,48,0,1
2621,0.116500,0.130100,0.005100,0.027700,0.022200,0.058400,0.003000,0.035616,0.011168,0.008480,0.010240,0.001344,1,4,48,0,1
2622,0.117400,0.129500,0.005100,0.028000,0.022900,0.058200,0.002900,0.037728,0.013664,0.008544,0.010272,0.001344,1,4,48,0,1
2623,0.116700,0.130500,0.004900,0.027700,0.022600,0.058200,0.003000,0.035552,0.011168,0.008448,0.010208,0.001344,1,4,48,0,1
2624,0.116400,0.129700,0.004900,0.027800,0.022600,0.058000,0.003000,0.035776,0.011264,0.008480,0.010272,0.001344,1,4,48,0,1
2625,0.116500,0.129800,0.004800,0.027400,0.022900,0.058200,0.003000,0.035648,0.012288,0.008384,0.010432,0.001344,1,4,48,0,1
2626,0.122400,0.129800,0.004900,0.027600,0.022700,0.064000,0.003000,0.037600,0.013728,0.008352,0.010336,0.001312,1,4,48,0,1
2627,0.118400,0.135700,0.005200,0.028400,0.022900,0.058600,0.003000,0.035456,0.011136,0.008352,0.010208,0.001312,1,4,48,0,1
2628,0.117900,0.131500,0.005300,0.027700,0.022900,0.058900,0.003000,0.037664,0.011328,0.008512,0.010432,0.001312,1,4,48,0,1
2629,0.117300,0.131000,0.005200,0.027800,0.022600,0.058500,0.003000,0.035648,0.011232,0.008384,0.010304,0.001312,1,4,48,0,1
2630,0.117000,0.130400,0.004800,0.027600,0.022700,0.058600,0.003000,0.035648,0.011200,0.008480,0.010208,0.001312,1,4,48,0,1
2631,0.117800,0.130100,0.005300,0.027700,0.023000,0.058400,0.003100,0.035424,0.012192,0.008320,0.010368,0.001312,1,4,48,0,1
2632,0.116900,0.130700,0.004800,0.027700,0.022700,0.058600,0.003000,0.035456,0.011232,0.008288,0.010208,0.001312,1,4,48,0,1
2633,0.117500,0.129900,0.005200,0.027800,0.022700,0.058600,0.003000,0.035488,0.012224,0.008416,0.010368,0.001280,1,4,48,0,1
2634,0.117800,0.130500,0.005500,0.027800,0.022900,0.058500,0.002900,0.035616,0.011136,0.008544,0.010208,0.001344,1,4,48,0,1
2635,0.116600,0.130800,0.004900,0.027700,0.022500,0.058400,0.003100,0.037760,0.011232,0.008416,0.010400,0.001376,1,4,48,0,1
2636,0.117000,0.129600,0.004900,0.027700,0.022700,0.058500,0.003100,0.037632,0.011200,0.008384,0.010368,0.001344,1,4,48,0,1
2637,0.115500,0.130000,0.005100,0.027900,0.023200,0.057100,0.002000,0.036896,0.011040,0.008416,0.010176,0.001376,1,4,48,0,1
2638,0.115500,0.128400,0.004900,0.028000,0.022900,0.057200,0.002500,0.035776,0.011168,0.008608,0.010208,0.001312,1,4,48,0,1
2639,0.115400,0.128900,0.004900,0.027600,0.022600,0.057600,0.002400,0.035616,0.011200,0.008608,0.010208,0.001248,1,4,48,0,1
2640,0.118100,0.128400,0.005100,0.028000,0.023000,0.058600,0.003000,0.035648,0.011200,0.008544,0.010208,0.001312,1,4,48,0,1
2641,0.117100,0.131300,0.005100,0.027700,0.022800,0.058200,0.003000,0.037440,0.013664,0.008544,0.010208,0.001280,1,4,48,0,1
2642,0.120300,0.135000,0.005200,0.028600,0.023900,0.059400,0.003000,0.037888,0.011232,0.008544,0.010400,0.001280,1,4,48,0,1
2643,0.127000,0.133400,0.005000,0.028000,0.022600,0.063400,0.007700,0.035392,0.011136,0.008256,0.010272,0.001344,1,4,48,0,1
2644,0.215300,0.143100,0.004800,0.033800,0.056800,0.116500,0.003000,0.036384,0.011104,0.008544,0.010240,0.001344,1,4,48,0,1
2645,0.184000,0.238200,0.007900,0.045800,0.036000,0.091100,0.003000,0.035840,0.011200,0.008448,0.010240,0.001344,1,4,48,0,1
2646,0.276800,0.204100,0.007100,0.041200,0.033200,0.191800,0.003400,0.035360,0.011104,0.008448,0.010208,0.001248,1,4,48,0,1
2647,0.122500,0.290700,0.005200,0.029500,0.024500,0.059800,0.003300,0.037728,0.011232,0.008512,0.010432,0.001280,1,4,48,0,1
2648,0.134100,0.135900,0.005100,0.028000,0.029600,0.068000,0.003300,0.035680,0.011104,0.008384,0.010336,0.001344,1,4,48,0,1
2649,0.111900,0.147200,0.004900,0.027800,0.021200,0.055800,0.001800,0.036736,0.010816,0.008480,0.010336,0.001280,1,4,48,0,1
2650,0.127900,0.124900,0.004800,0.027300,0.020000,0.053900,0.021700,0.037312,0.011232,0.008544,0.010400,0.001216,1,4,48,0,1
2651,0.117400,0.140900,0.004900,0.027600,0.020500,0.062400,0.001900,0.036608,0.010816,0.008416,0.010208,0.001344,1,4,48,0,1
2652,0.130100,0.130400,0.005400,0.028100,0.020400,0.072500,0.003500,0.036576,0.010848,0.008352,0.010240,0.001312,1,4,48,0,1
2653,0.129900,0.143400,0.004800,0.028000,0.033600,0.060000,0.003400,0.036224,0.011168,0.008416,0.010208,0.001280,1,4,48,0,1
2654,0.116900,0.143200,0.004800,0.028100,0.023100,0.057500,0.003200,0.035584,0.013696,0.008448,0.010432,0.001248,1,4,48,0,1
2655,0.115800,0.130400,0.004800,0.028000,0.023100,0.057400,0.002400,0.037536,0.013632,0.008320,0.010240,0.001376,1,4,48,0,1
2656,0.116800,0.128800,0.004800,0.027700,0.023100,0.058000,0.003100,0.037632,0.011168,0.008448,0.010400,0.001344,1,4,48,0,1
2657,0.118400,0.129800,0.005100,0.028200,0.023500,0.058100,0.003200,0.035712,0.012160,0.008480,0.010400,0.001344,1,4,48,0,1
2658,0.116900,0.131700,0.005300,0.027700,0.023100,0.058100,0.002400,0.035584,0.011232,0.008544,0.010208,0.001280,1,4,48,0,1
2659,0.123400,0.130000,0.005000,0.027800,0.028600,0.058300,0.003300,0.035488,0.013664,0.008352,0.010400,0.001312,1,4,48,0,1
2660,0.116400,0.136700,0.005100,0.028200,0.023200,0.057200,0.002400,0.035680,0.011232,0.008512,0.010272,0.001280,1,4,48,0,1
2661,0.130600,0.129300,0.005200,0.030600,0.025300,0.066100,0.003200,0.035456,0.013728,0.008352,0.010432,0.001312,1,4,48,0,1
2662,0.121400,0.145300,0.005300,0.028300,0.024900,0.059700,0.003200,0.036928,0.011168,0.008416,0.010208,0.001312,1,4,48,0,1
2663,0.119800,0.134700,0.004900,0.028200,0.023400,0.059000,0.004000,0.035648,0.011200,0.008416,0.010240,0.001344,1,4,48,0,1
2664,0.123600,0.134500,0.005200,0.030800,0.024900,0.059900,0.002700,0.036416,0.011136,0.008512,0.010240,0.001376,1,4,48,0,1
2665,0.115800,0.137000,0.004900,0.027800,0.023000,0.056900,0.003000,0.035584,0.011168,0.008352,0.010272,0.001344,1,4,48,0,1
2666,0.117400,0.129000,0.005000,0.027600,0.023100,0.058500,0.003100,0.035488,0.011200,0.008384,0.010240,0.001184,1,4,48,0,1
2667,0.117400,0.130600,0.005000,0.027600,0.023300,0.058400,0.002900,0.035680,0.011232,0.008480,0.010240,0.001312,1,4,48,0,1
2668,0.117200,0.130400,0.004900,0.027600,0.023300,0.058100,0.003100,0.035648,0.011168,0.008576,0.010176,0.001408,1,4,48,0,1
2669,0.117500,0.130200,0.005300,0.027700,0.022900,0.058500,0.003000,0.037600,0.011264,0.008384,0.010400,0.001216,1,4,48,0,1
2670,0.117300,0.130400,0.005000,0.027900,0.023300,0.057900,0.003000,0.035552,0.011136,0.008448,0.010240,0.001280,1,4,48,0,1
2671,0.116200,0.130500,0.004800,0.027600,0.023100,0.057700,0.003000,0.035584,0.011136,0.008416,0.010240,0.001376,1,4,48,0,1
2672,0.116500,0.129200,0.005200,0.027800,0.022700,0.057800,0.003000,0.035552,0.011264,0.008384,0.010208,0.001312,1,4,48,0,1
2673,0.116600,0.129600,0.004700,0.027800,0.022600,0.058400,0.003100,0.035680,0.011264,0.008480,0.010208,0.001344,1,4,48,0,1
2674,0.123000,0.129900,0.004800,0.027600,0.023000,0.064400,0.003100,0.037632,0.011232,0.008448,0.010368,0.001312,1,4,48,0,1
2675,0.118300,0.136200,0.004900,0.028100,0.023300,0.058800,0.003000,0.035392,0.011168,0.008256,0.010240,0.001280,1,4,48,0,1
2676,0.117100,0.131300,0.005300,0.027600,0.022900,0.058100,0.003100,0.037600,0.013696,0.008416,0.010208,0.001312,1,4,48,0,1
2677,0.117000,0.130100,0.005000,0.027800,0.023000,0.058100,0.002900,0.035520,0.011200,0.008384,0.010304,0.001248,1,4,48,0,1
2678,0.124800,0.129900,0.004800,0.027600,0.023000,0.061200,0.007500,0.037600,0.011168,0.008544,0.010368,0.001216,1,4,48,0,1
2679,0.117400,0.141900,0.005200,0.027900,0.022900,0.058400,0.003000,0.037856,0.011232,0.008512,0.010400,0.001376,1,4,48,0,1
2680,0.116800,0.130500,0.005000,0.027700,0.022800,0.058100,0.003100,0.037760,0.013792,0.008512,0.010336,0.001216,1,4,48,0,1
2681,0.116700,0.129600,0.005200,0.027800,0.022600,0.058000,0.003000,0.035680,0.011168,0.008544,0.010176,0.001344,1,4,48,0,1
2682,0.117400,0.129700,0.005000,0.028100,0.023000,0.058300,0.003000,0.035520,0.011136,0.008480,0.010176,0.001312,1,4,48,0,1
2683,0.116600,0.130600,0.004900,0.027700,0.022800,0.058000,0.003000,0.035424,0.011200,0.008256,0.010208,0.001344,1,4,48,0,1
2684,0.117300,0.129800,0.005100,0.027800,0.023100,0.058200,0.002900,0.035616,0.012224,0.008480,0.010432,0.001248,1,4,48,0,1
2685,0.116600,0.130400,0.005100,0.027600,0.022700,0.058200,0.003000,0.035520,0.011200,0.008384,0.010304,0.001248,1,4,48,0,1
2686,0.117100,0.129500,0.005000,0.027800,0.022800,0.058400,0.003000,0.035488,0.011136,0.008480,0.010144,0.001280,1,4,48,0,1
2687,0.116300,0.130300,0.004800,0.027700,0.022700,0.058100,0.003000,0.037248,0.013728,0.008224,0.010176,0.001312,1,4,48,0,1
2688,0.132100,0.129400,0.016400,0.028800,0.024300,0.059400,0.003000,0.035552,0.011232,0.008320,0.010240,0.001344,1,4,48,0,1
2689,0.123400,0.145600,0.005000,0.027800,0.023200,0.064300,0.003000,0.035552,0.011168,0.008416,0.010240,0.001312,1,4,48,0,1
2690,0.118300,0.136800,0.005100,0.027800,0.023300,0.058800,0.003000,0.035552,0.011904,0.008320,0.010432,0.001280,1,4,48,0,1
2691,0.117200,0.131200,0.005100,0.027800,0.023100,0.058000,0.003000,0.035552,0.011104,0.008416,0.010240,0.001376,1,4,48,0,1
2692,0.117400,0.130100,0.004900,0.028300,0.022800,0.058300,0.003000,0.035712,0.011168,0.008640,0.010208,0.001248,1,4,48,0,1
2693,0.118400,0.130400,0.004800,0.027800,0.022900,0.059500,0.003200,0.037344,0.011200,0.008224,0.010336,0.001312,1,4,48,0,1
2694,0.140000,0.131100,0.012700,0.033500,0.021200,0.056200,0.016400,0.037088,0.011072,0.008448,0.010240,0.001344,1,4,48,0,1
2695,0.124400,0.153200,0.004700,0.027300,0.019800,0.069500,0.003100,0.036576,0.011136,0.008416,0.010240,0.001344,1,4,48,0,1
2696,0.127700,0.137800,0.004800,0.027600,0.034100,0.058100,0.003000,0.037952,0.013824,0.008608,0.010272,0.001312,1,4,48,0,1
2697,0.117900,0.140700,0.005200,0.028000,0.022900,0.058600,0.003100,0.035488,0.011168,0.008448,0.010176,0.001216,1,4,48,0,1
2698,0.116300,0.131300,0.004600,0.027800,0.023000,0.057800,0.002900,0.035648,0.011264,0.008512,0.010144,0.001280,1,4,48,0,1
2699,0.116900,0.129500,0.004700,0.027500,0.023500,0.058000,0.003000,0.035328,0.011136,0.008288,0.010144,0.001344,1,4,48,0,1
2700,0.120300,0.129700,0.005000,0.027700,0.022800,0.061600,0.003000,0.037664,0.011136,0.008352,0.010496,0.001344,1,4,48,0,1
2701,0.117800,0.133400,0.004900,0.028000,0.023200,0.058500,0.003000,0.037696,0.011232,0.008448,0.010368,0.001312,1,4,48,0,1
2702,0.116900,0.130900,0.004800,0.028000,0.023000,0.057900,0.003000,0.035584,0.011264,0.008512,0.010240,0.001312,1,4,48,0,1
2703,0.116900,0.130100,0.004800,0.028100,0.023100,0.057700,0.003000,0.035456,0.011200,0.008352,0.010208,0.001280,1,4,48,0,1
2704,0.121100,0.129800,0.004600,0.027600,0.022500,0.063100,0.003100,0.035712,0.011264,0.008512,0.010240,0.001312,1,4,48,0,1
2705,0.118200,0.134600,0.004800,0.027800,0.023000,0.059500,0.003000,0.035552,0.011168,0.008512,0.010176,0.001280,1,4,48,0,1
2706,0.117800,0.131300,0.004700,0.027600,0.023200,0.058800,0.003000,0.035552,0.011232,0.008416,0.010208,0.001344,1,4,48,0,1
2707,0.117500,0.131000,0.004700,0.027600,0.023100,0.059400,0.002500,0.035520,0.011168,0.008384,0.010240,0.001312,1,4,48,0,1
2708,0.173400,0.135300,0.005400,0.053400,0.028600,0.082400,0.003500,0.035648,0.013664,0.008576,0.010336,0.001280,1,4,48,0,1
2709,0.156400,0.187800,0.005200,0.033000,0.025800,0.079900,0.012200,0.037568,0.011168,0.008384,0.010400,0.001248,1,4,48,0,1
2710,0.140000,0.172200,0.005700,0.037000,0.029100,0.064800,0.003300,0.035552,0.013728,0.008320,0.010400,0.001312,1,4,48,0,1
2711,0.121900,0.154100,0.005200,0.029000,0.024100,0.060500,0.003100,0.035552,0.011168,0.008448,0.010272,0.001312,1,4,48,0,1
2712,0.119900,0.135500,0.005400,0.028500,0.023500,0.059300,0.003200,0.035488,0.011200,0.008480,0.010208,0.001248,1,4,48,0,1
2713,0.119200,0.133400,0.004900,0.028200,0.023800,0.059100,0.002900,0.035168,0.011104,0.008256,0.010208,0.001184,1,4,48,0,1
2714,0.118400,0.132700,0.005000,0.028100,0.023100,0.058900,0.003100,0.035872,0.012288,0.008576,0.010432,0.001344,1,4,48,0,1
2715,0.127100,0.131600,0.004600,0.028000,0.023100,0.068200,0.003100,0.035584,0.011200,0.008448,0.010240,0.001280,1,4,48,0,1
2716,0.117800,0.140200,0.004600,0.028000,0.022900,0.058900,0.003100,0.035456,0.011200,0.008448,0.010240,0.001344,1,4,48,0,1
2717,0.117600,0.131100,0.005000,0.027900,0.023200,0.058400,0.003000,0.037760,0.011232,0.008448,0.010432,0.001280,1,4,48,0,1
2718,0.118600,0.130800,0.005200,0.028200,0.023200,0.058900,0.003100,0.035712,0.011200,0.008480,0.010272,0.001344,1,4,48,0,1
2719,0.116300,0.131800,0.004700,0.027800,0.022800,0.057900,0.003100,0.035616,0.011232,0.008544,0.010240,0.001344,1,4,48,0,1
2720,0.117200,0.129500,0.004900,0.027900,0.023100,0.058100,0.003100,0.035680,0.011296,0.008320,0.010272,0.001344,1,4,48,0,1
2721,0.118000,0.130000,0.005100,0.028200,0.023200,0.058200,0.003000,0.037856,0.011200,0.008640,0.010432,0.001280,1,4,48,0,1
2722,0.123600,0.131000,0.004700,0.027800,0.023200,0.064800,0.003100,0.035584,0.011168,0.008672,0.010208,0.001280,1,4,48,0,1
2723,0.117600,0.137100,0.004900,0.028000,0.022800,0.058600,0.003000,0.035520,0.011200,0.008416,0.010176,0.001312,1,4,48,0,1
2724,0.116600,0.130800,0.004800,0.027800,0.022900,0.057700,0.003100,0.035584,0.012288,0.008512,0.010368,0.001280,1,4,48,0,1
2725,0.115900,0.129600,0.004600,0.027400,0.022700,0.058100,0.003000,0.035648,0.011200,0.008416,0.010176,0.001344,1,4,48,0,1
2726,0.119600,0.128800,0.004600,0.027800,0.023100,0.060900,0.003100,0.037728,0.013696,0.008576,0.010208,0.001344,1,4,48,0,1
2727,0.115800,0.132700,0.004700,0.027600,0.022900,0.057600,0.003000,0.035616,0.011168,0.008512,0.010272,0.001312,1,4,48,0,1
2728,0.116400,0.128800,0.004700,0.027700,0.023100,0.057800,0.003100,0.035488,0.011232,0.008416,0.010208,0.001216,1,4,48,0,1
2729,0.116700,0.129400,0.004700,0.027600,0.023000,0.058300,0.003000,0.035456,0.011200,0.008480,0.010176,0.001216,1,4,48,0,1
2730,0.116900,0.129600,0.005000,0.027700,0.022700,0.058300,0.003100,0.037536,0.013696,0.008352,0.010336,0.001248,1,4,48,0,1
2731,0.116700,0.130200,0.004800,0.027800,0.022800,0.058200,0.003000,0.037216,0.011200,0.008384,0.010400,0.001216,1,4,48,0,1
2732,0.116400,0.129800,0.004600,0.027500,0.022900,0.058200,0.003000,0.035744,0.011232,0.008544,0.010272,0.001344,1,4,48,0,1
2733,0.116500,0.129300,0.004600,0.027800,0.023200,0.057800,0.003000,0.035584,0.011200,0.008352,0.010336,0.001312,1,4,48,0,1
2734,0.117100,0.129500,0.005000,0.028100,0.022700,0.058200,0.002900,0.037600,0.013664,0.008608,0.010272,0.001216,1,4,48,0,1
2735,0.116200,0.130400,0.004800,0.027600,0.023100,0.057700,0.002900,0.037536,0.011232,0.008192,0.010432,0.001280,1,4,48,0,1
2736,0.116700,0.129300,0.004800,0.027700,0.023500,0.057500,0.003200,0.035424,0.011200,0.008352,0.010208,0.001312,1,4,48,0,1
2737,0.116100,0.129600,0.004800,0.027600,0.022700,0.057700,0.003000,0.037472,0.011200,0.008320,0.010400,0.001248,1,4,48,0,1
2738,0.118500,0.134000,0.005100,0.028000,0.023700,0.059100,0.002600,0.035744,0.011200,0.008576,0.010240,0.001312,1,4,48,0,1
2739,0.139800,0.132100,0.004600,0.027700,0.032000,0.073100,0.002300,0.037056,0.011168,0.008448,0.010176,0.001312,1,4,48,0,1
2740,0.114600,0.153100,0.004600,0.027700,0.021300,0.057500,0.003400,0.035520,0.011136,0.008512,0.010176,0.001312,1,4,48,0,1
2741,0.120600,0.127600,0.004900,0.028000,0.024700,0.059800,0.003100,0.036960,0.011008,0.008480,0.010272,0.001312,1,4,48,0,1
2742,0.117700,0.133500,0.004900,0.027900,0.023100,0.058500,0.003100,0.035776,0.012128,0.008640,0.010400,0.001344,1,4,48,0,1
2743,0.117000,0.130700,0.004800,0.027700,0.023200,0.057900,0.003000,0.037696,0.011232,0.008448,0.010400,0.001312,1,4,48,0,1
2744,0.116600,0.130100,0.004700,0.027700,0.022800,0.058100,0.003100,0.035744,0.012320,0.008544,0.010432,0.001248,1,4,48,0,1
2745,0.116800,0.129500,0.005000,0.028300,0.022900,0.057500,0.003100,0.035648,0.011168,0.008576,0.010144,0.001312,1,4,48,0,1
2746,0.129400,0.130000,0.004800,0.040900,0.023100,0.057500,0.003000,0.035808,0.011200,0.008640,0.010240,0.001312,1,4,48,0,1
2747,0.115600,0.142300,0.004700,0.027600,0.023000,0.057300,0.003000,0.037216,0.013664,0.008352,0.010272,0.001248,1,4,48,0,1
2748,0.116700,0.128900,0.004900,0.027800,0.022800,0.057900,0.003100,0.035648,0.011232,0.008480,0.010272,0.001280,1,4,48,0,1
2749,0.116000,0.129600,0.004700,0.027700,0.022800,0.057600,0.003100,0.035456,0.011168,0.008352,0.010208,0.001280,1,4,48,0,1
2750,0.116600,0.129000,0.004700,0.028100,0.023000,0.057500,0.003000,0.035744,0.012256,0.008544,0.010432,0.001312,1,4,48,0,1
2751,0.115400,0.129700,0.004600,0.027600,0.022600,0.057500,0.003100,0.035616,0.011200,0.008416,0.010272,0.001344,1,4,48,0,1
2752,0.116000,0.128300,0.004900,0.027800,0.022800,0.057400,0.003100,0.035616,0.011200,0.008544,0.010208,0.001280,1,4,48,0,1
2753,0.123100,0.129000,0.005100,0.032900,0.023000,0.059000,0.003000,0.037824,0.011232,0.008480,0.010400,0.001344,1,4,48,0,1
2754,0.117500,0.136300,0.005000,0.027900,0.023100,0.058400,0.003000,0.035712,0.012160,0.008416,0.010432,0.001376,1,4,48,0,1
2755,0.115900,0.130500,0.004600,0.027600,0.023000,0.057500,0.003000,0.035552,0.011136,0.008384,0.010304,0.001344,1,4,48,0,1
2756,0.122700,0.128800,0.004800,0.027500,0.022700,0.064300,0.003100,0.035648,0.011232,0.008448,0.010272,0.001312,1,4,48,0,1
2757,0.118800,0.136100,0.004900,0.028000,0.024500,0.058000,0.003100,0.035616,0.011200,0.008608,0.010176,0.001280,1,4,48,0,1
2758,0.116400,0.132000,0.004600,0.027800,0.022900,0.057800,0.003100,0.037568,0.013696,0.008480,0.010272,0.001216,1,4,48,0,1
2759,0.115900,0.129700,0.004600,0.027500,0.022900,0.057700,0.003000,0.035520,0.011168,0.008448,0.010240,0.001248,1,4,48,0,1
2760,0.117100,0.129000,0.005000,0.027800,0.023000,0.058200,0.003100,0.035584,0.011232,0.008512,0.010240,0.001216,1,4,48,0,1
2761,0.115800,0.130500,0.004800,0.027400,0.022700,0.057500,0.003100,0.035840,0.011168,0.008608,0.010272,0.001376,1,4,48,0,1
2762,0.114900,0.128900,0.004600,0.027600,0.022500,0.057100,0.003100,0.035968,0.011264,0.008672,0.010336,0.001344,1,4,48,0,1
2763,0.115400,0.127800,0.004700,0.027300,0.022800,0.057500,0.003100,0.035488,0.011168,0.008448,0.010144,0.001376,1,4,48,0,1
2764,0.116100,0.128600,0.004700,0.027600,0.022900,0.057600,0.003000,0.035680,0.011168,0.008512,0.010240,0.001344,1,4,48,0,1
2765,0.116200,0.128800,0.004700,0.027700,0.022600,0.058100,0.003000,0.035488,0.011200,0.008448,0.010240,0.001184,1,4,48,0,1
2766,0.116200,0.129000,0.004900,0.027600,0.023000,0.057600,0.003000,0.035648,0.011136,0.008544,0.010208,0.001312,1,4,48,0,1
2767,0.116000,0.129200,0.004900,0.027600,0.022700,0.057600,0.003000,0.037376,0.011136,0.008416,0.010432,0.001312,1,4,48,0,1
2768,0.202500,0.129100,0.004600,0.027700,0.022600,0.144200,0.003200,0.035776,0.011264,0.008512,0.010240,0.001312,1,4,48,0,1
2769,0.117200,0.216000,0.004900,0.028300,0.022700,0.058000,0.003000,0.035584,0.011200,0.008448,0.010304,0.001248,1,4,48,0,1
2770,0.116500,0.130500,0.004700,0.027900,0.023200,0.057600,0.003000,0.037760,0.011232,0.008608,0.010400,0.001344,1,4,48,0,1
2771,0.115800,0.129700,0.004600,0.027800,0.022300,0.057900,0.003100,0.035488,0.011136,0.008320,0.010272,0.001344,1,4,48,0,1
2772,0.116900,0.128900,0.004800,0.027900,0.022800,0.058200,0.003100,0.035744,0.011232,0.008576,0.010208,0.001344,1,4,48,0,1
2773,0.115900,0.130000,0.004800,0.027400,0.022400,0.058200,0.003000,0.035264,0.012160,0.008288,0.010336,0.001312,1,4,48,0,1
2774,0.116200,0.129000,0.004700,0.027600,0.022500,0.058200,0.003100,0.037728,0.013728,0.008544,0.010208,0.001312,1,4,48,0,1
2775,0.116100,0.129300,0.004700,0.027700,0.022500,0.057900,0.003000,0.035552,0.011264,0.008320,0.010176,0.001344,1,4,48,0,1
2776,0.126200,0.129000,0.004800,0.037500,0.022700,0.058000,0.003100,0.037568,0.013664,0.008416,0.010240,0.001312,1,4,48,0,1
2777,0.115900,0.139300,0.004600,0.027600,0.022700,0.057800,0.003200,0.037568,0.011232,0.008352,0.010400,0.001248,1,4,48,0,1
2778,0.116000,0.128800,0.005000,0.027800,0.022900,0.057000,0.003100,0.035712,0.011168,0.008416,0.010304,0.001376,1,4,48,0,1
2779,0.119200,0.128900,0.004800,0.027700,0.022500,0.061000,0.003100,0.035488,0.012192,0.008448,0.010336,0.001280,1,4,48,0,1
2780,0.116700,0.132400,0.004700,0.027600,0.023100,0.058100,0.003100,0.035616,0.011200,0.008448,0.010208,0.001344,1,4,48,0,1
2781,0.115000,0.129800,0.004800,0.027800,0.022700,0.056500,0.003100,0.035552,0.011104,0.008416,0.010240,0.001376,1,4,48,0,1
2782,0.116800,0.127800,0.004700,0.027700,0.022800,0.058400,0.003000,0.035360,0.011200,0.008320,0.010208,0.001280,1,4,48,0,1
2783,0.122700,0.129700,0.004700,0.032500,0.023400,0.058800,0.003100,0.035680,0.011200,0.008512,0.010240,0.001344,1,4,48,0,1
2784,0.139500,0.135900,0.004900,0.028000,0.045300,0.058000,0.003200,0.037568,0.011264,0.008672,0.010304,0.001344,1,4,48,0,1
2785,0.115700,0.152500,0.004600,0.027600,0.023500,0.056700,0.003100,0.035584,0.012192,0.008480,0.010368,0.001344,1,4,48,0,1
2786,0.115300,0.128800,0.004700,0.027800,0.022700,0.057000,0.003100,0.037792,0.011136,0.008608,0.010336,0.001344,1,4,48,0,1
2787,0.119300,0.128400,0.004800,0.027400,0.022800,0.061100,0.003000,0.035424,0.011168,0.008352,0.010208,0.001248,1,4,48,0,1
2788,0.117500,0.132500,0.004700,0.027600,0.022900,0.058900,0.003100,0.035840,0.011200,0.008608,0.010272,0.001344,1,4,48,0,1
2789,0.117500,0.130600,0.004700,0.027600,0.022900,0.059200,0.003000,0.035296,0.011136,0.008320,0.010208,0.001248,1,4,48,0,1
2790,0.115700,0.130800,0.004900,0.027600,0.022800,0.057000,0.003100,0.037472,0.011200,0.008512,0.010400,0.001216,1,4,48,0,1
2791,0.116500,0.128900,0.004700,0.027500,0.022600,0.058500,0.003000,0.035776,0.011264,0.008512,0.010272,0.001344,1,4,48,0,1
2792,0.116200,0.129600,0.004800,0.027700,0.022800,0.057600,0.003100,0.035712,0.011232,0.008544,0.010208,0.001344,1,4,48,0,1
2793,0.117000,0.129400,0.004800,0.027800,0.023000,0.058300,0.003100,0.037760,0.011232,0.008448,0.010432,0.001344,1,4,48,0,1
2794,0.117300,0.130300,0.004700,0.027600,0.022800,0.059100,0.003000,0.035552,0.012192,0.008384,0.010400,0.001376,1,4,48,0,1
2795,0.116700,0.130600,0.004600,0.027900,0.022600,0.058400,0.003100,0.035520,0.011168,0.008512,0.010240,0.001248,1,4,48,0,1
2796,0.116500,0.129700,0.004800,0.027400,0.022700,0.058200,0.003200,0.035680,0.012288,0.008512,0.010336,0.001344,1,4,48,0,1
2797,0.115800,0.129600,0.004700,0.027600,0.022200,0.058500,0.002600,0.035488,0.011168,0.008416,0.010240,0.001248,1,4,48,0,1
2798,0.123300,0.128900,0.004700,0.027700,0.028400,0.059100,0.003100,0.036384,0.011136,0.008608,0.010144,0.001344,1,4,48,0,1
2799,0.117900,0.136600,0.004800,0.028200,0.023100,0.058600,0.003100,0.037632,0.011104,0.008576,0.010336,0.001248,1,4,48,0,1
2800,0.120300,0.130900,0.004700,0.027700,0.022900,0.061700,0.003100,0.035456,0.011200,0.008352,0.010240,0.001312,1,4,48,0,1
2801,0.116000,0.133500,0.005000,0.028000,0.023200,0.057800,0.001900,0.035616,0.011168,0.008512,0.010176,0.001312,1,4,48,0,1
2802,0.116800,0.129200,0.005000,0.028000,0.023200,0.057200,0.003100,0.035744,0.013696,0.008512,0.010496,0.001312,1,4,48,0,1
2803,0.117200,0.129900,0.005100,0.027500,0.023200,0.058200,0.003200,0.035584,0.011168,0.008448,0.010272,0.001312,1,4,48,0,1
2804,0.116800,0.130400,0.004700,0.027600,0.022900,0.058300,0.003200,0.035712,0.011296,0.008480,0.010208,0.001312,1,4,48,0,1
2805,0.115000,0.129700,0.004500,0.027400,0.022900,0.056900,0.003100,0.037600,0.011136,0.008448,0.010368,0.001280,1,4,48,0,1
2806,0.115900,0.128200,0.004500,0.027500,0.022900,0.057800,0.003100,0.035680,0.011200,0.008576,0.010240,0.001280,1,4,48,0,1
2807,0.116000,0.129200,0.004700,0.027700,0.022300,0.058200,0.003100,0.035456,0.011168,0.008352,0.010240,0.001280,1,4,48,0,1
2808,0.116800,0.128900,0.004800,0.027900,0.022600,0.058000,0.003100,0.035712,0.012320,0.008480,0.010304,0.001344,1,4,48,0,1
2809,0.115700,0.129900,0.004700,0.028000,0.022600,0.057200,0.003200,0.035680,0.011168,0.008416,0.010240,0.001408,1,4,48,0,1
2810,0.117000,0.128600,0.004900,0.027900,0.022700,0.058200,0.003000,0.035616,0.011232,0.008384,0.010240,0.001376,1,4,48,0,1
2811,0.116400,0.129800,0.004700,0.027500,0.022800,0.058200,0.003000,0.035488,0.012096,0.008320,0.010400,0.001280,1,4,48,0,1
2812,0.115900,0.129400,0.004600,0.027500,0.022700,0.057900,0.003100,0.035616,0.011168,0.008544,0.010240,0.001248,1,4,48,0,1
2813,0.121100,0.129000,0.004700,0.027700,0.022700,0.062600,0.003200,0.035616,0.011168,0.008448,0.010208,0.001376,1,4,48,0,1
2814,0.118500,0.134300,0.005200,0.028000,0.023100,0.059100,0.003100,0.037760,0.011200,0.008512,0.010368,0.001280,1,4,48,0,1
2815,0.128200,0.131600,0.004800,0.027600,0.022600,0.070100,0.003100,0.035648,0.011168,0.008544,0.010240,0.001280,1,4,48,0,1
2816,0.116300,0.141200,0.004700,0.027700,0.022800,0.057900,0.003200,0.035520,0.011200,0.008416,0.010240,0.001216,1,4,48,0,1
2817,0.116400,0.129600,0.004800,0.027700,0.022600,0.058200,0.003100,0.035712,0.012224,0.008512,0.010432,0.001344,1,4,48,0,1
2818,0.116400,0.129700,0.004600,0.027700,0.022600,0.058400,0.003100,0.035680,0.013760,0.008352,0.010432,0.001376,1,4,48,0,1
2819,0.115900,0.129300,0.004500,0.027800,0.022800,0.057500,0.003100,0.037472,0.011136,0.008320,0.010368,0.001312,1,4,48,0,1
2820,0.116200,0.129100,0.004800,0.027800,0.022900,0.057500,0.003200,0.037536,0.011136,0.008352,0.010368,0.001312,1,4,48,0,1
2821,0.116200,0.129100,0.004800,0.027700,0.022900,0.057400,0.003100,0.035456,0.011136,0.008416,0.010208,0.001248,1,4,48,0,1
2822,0.117100,0.129600,0.004700,0.028000,0.022900,0.058400,0.003000,0.037856,0.011136,0.008544,0.010432,0.001376,1,4,48,0,1
2823,0.116800,0.130300,0.004900,0.027700,0.022500,0.058400,0.003000,0.037728,0.011136,0.008480,0.010432,0.001344,1,4,48,0,1
2824,0.116400,0.130100,0.004700,0.027500,0.023100,0.057700,0.003100,0.037664,0.011168,0.008512,0.010400,0.001216,1,4,48,0,1
2825,0.237200,0.129400,0.004800,0.028800,0.059200,0.135300,0.008600,0.036800,0.011072,0.008544,0.010272,0.001280,1,4,48,0,1
2826,0.185900,0.260900,0.008400,0.046600,0.036300,0.092000,0.002500,0.035616,0.013728,0.008384,0.010464,0.001280,1,4,48,0,1
2827,0.133600,0.200200,0.005600,0.035400,0.027600,0.061500,0.003200,0.035488,0.013728,0.008384,0.010432,0.001344,1,4,48,0,1
2828,0.119900,0.147100,0.005000,0.028100,0.024400,0.059000,0.003300,0.035584,0.011264,0.008352,0.010272,0.001280,1,4,48,0,1
2829,0.117900,0.133100,0.004900,0.028200,0.022800,0.058700,0.003100,0.035712,0.011168,0.008544,0.010240,0.001344,1,4,48,0,1
2830,0.117200,0.131300,0.004700,0.027700,0.021300,0.060300,0.003200,0.036864,0.010592,0.008608,0.010240,0.001312,1,4,48,0,1
2831,0.124000,0.130100,0.004800,0.027700,0.028900,0.059500,0.003100,0.036992,0.011136,0.008576,0.010304,0.001312,1,4,48,0,1
2832,0.117500,0.137200,0.004800,0.027600,0.023200,0.058600,0.003000,0.037728,0.011360,0.008512,0.010400,0.001344,1,4,48,0,1
2833,0.116100,0.130700,0.004700,0.027700,0.023100,0.057400,0.003000,0.035360,0.011168,0.008416,0.010208,0.001216,1,4,48,0,1
2834,0.116400,0.129200,0.004600,0.027700,0.023000,0.058000,0.003000,0.035552,0.011136,0.008480,0.010208,0.001312,1,4,48,0,1
2835,0.117000,0.129500,0.004600,0.027600,0.023000,0.058500,0.003100,0.035392,0.012224,0.008352,0.010368,0.001280,1,4,48,0,1
2836,0.116800,0.130100,0.004800,0.027700,0.022800,0.058300,0.003100,0.035584,0.011200,0.008480,0.010208,0.001248,1,4,48,0,1
2837,0.117400,0.129800,0.004800,0.028200,0.022900,0.058200,0.003100,0.035648,0.011232,0.008512,0.010272,0.001248,1,4,48,0,1
2838,0.116900,0.130500,0.004900,0.027600,0.022900,0.058400,0.003100,0.037536,0.011232,0.008384,0.010432,0.001344,1,4,48,0,1
2839,0.122800,0.130000,0.004800,0.027900,0.022900,0.059200,0.007900,0.035424,0.011200,0.008256,0.010176,0.001312,1,4,48,0,1
2840,0.118700,0.136100,0.004800,0.028400,0.023200,0.059100,0.003100,0.037824,0.011232,0.008480,0.010400,0.001376,1,4,48,0,1
2841,0.118300,0.131600,0.004800,0.028000,0.023000,0.059300,0.003100,0.037760,0.011200,0.008544,0.010400,0.001280,1,4,48,0,1
2842,0.117100,0.131700,0.004500,0.027600,0.023300,0.058400,0.003100,0.035616,0.011168,0.008448,0.010208,0.001312,1,4,48,0,1
2843,0.116700,0.130100,0.004700,0.027800,0.023000,0.058000,0.003100,0.037600,0.013728,0.008448,0.010272,0.001376,1,4,48,0,1
2844,0.117500,0.129800,0.005000,0.028000,0.022800,0.058500,0.003100,0.035648,0.011200,0.008544,0.010240,0.001216,1,4,48,0,1
2845,0.117700,0.130400,0.004700,0.028100,0.023300,0.058300,0.003100,0.035616,0.011200,0.008448,0.010272,0.001312,1,4,48,0,1
2846,0.115900,0.130800,0.004900,0.027600,0.023300,0.057000,0.003100,0.037856,0.011296,0.008512,0.010400,0.001344,1,4,48,0,1
2847,0.116400,0.129000,0.005000,0.027900,0.022900,0.057400,0.003200,0.037184,0.011200,0.008384,0.010208,0.001312,1,4,48,0,1
2848,0.117000,0.129500,0.004700,0.027700,0.023100,0.058500,0.003000,0.035296,0.011136,0.008288,0.010208,0.001248,1,4,48,0,1
2849,0.116700,0.129900,0.004700,0.027900,0.023200,0.057600,0.003200,0.035488,0.011168,0.008384,0.010208,0.001312,1,4,48,0,1
2850,0.116600,0.129700,0.004800,0.027600,0.023500,0.057400,0.003000,0.035488,0.011168,0.008480,0.010176,0.001344,1,4,48,0,1
2851,0.116800,0.129600,0.004800,0.027700,0.022900,0.058300,0.003100,0.035680,0.011264,0.008480,0.010272,0.001312,1,4,48,0,1
2852,0.116800,0.129900,0.004700,0.027500,0.022800,0.058600,0.003100,0.037696,0.011232,0.008416,0.010400,0.001312,1,4,48,0,1
2853,0.116600,0.129700,0.004600,0.027700,0.022900,0.058200,0.003000,0.035584,0.012192,0.008416,0.010400,0.001344,1,4,48,0,1
2854,0.115800,0.129700,0.004600,0.027600,0.023300,0.057100,0.003000,0.035776,0.011200,0.008576,0.010272,0.001344,1,4,48,0,1
2855,0.122000,0.128900,0.004500,0.032600,0.023300,0.058400,0.003100,0.035488,0.012256,0.008384,0.010400,0.001216,1,4,48,0,1
2856,0.117900,0.135500,0.004900,0.028000,0.023100,0.058800,0.003100,0.035584,0.013792,0.008416,0.010368,0.001280,1,4,48,0,1
2857,0.117700,0.130900,0.005000,0.027800,0.022700,0.058800,0.003100,0.035136,0.011136,0.008288,0.010208,0.001248,1,4,48,0,1
2858,0.117400,0.130600,0.004500,0.027500,0.023500,0.058800,0.003000,0.035616,0.011232,0.008448,0.010240,0.001280,1,4,48,0,1
2859,0.117300,0.130400,0.004700,0.027500,0.023400,0.058500,0.003100,0.035552,0.011136,0.008544,0.010272,0.001312,1,4,48,0,1
2860,0.129300,0.130300,0.004900,0.039400,0.023400,0.058300,0.003100,0.035584,0.011168,0.008544,0.010208,0.001248,1,4,48,0,1
2861,0.115800,0.142400,0.004800,0.027600,0.023200,0.057000,0.003100,0.037696,0.011296,0.008288,0.010496,0.001312,1,4,48,0,1
2862,0.117300,0.128900,0.004800,0.028000,0.023000,0.058300,0.003000,0.037664,0.011104,0.008448,0.010368,0.001344,1,4,48,0,1
2863,0.115300,0.130500,0.004600,0.027800,0.022900,0.056900,0.003000,0.035712,0.012288,0.008448,0.010400,0.001344,1,4,48,0,1
2864,0.117100,0.128500,0.004900,0.027700,0.023000,0.058300,0.003100,0.035616,0.011264,0.008512,0.010240,0.001248,1,4,48,0,1
2865,0.116700,0.130000,0.004800,0.027800,0.022800,0.058100,0.003100,0.035552,0.011232,0.008320,0.010272,0.001344,1,4,48,0,1
2866,0.115700,0.129700,0.004600,0.027500,0.022700,0.057600,0.003100,0.035520,0.011200,0.008448,0.010176,0.001280,1,4,48,0,1
2867,0.116400,0.128800,0.004800,0.027700,0.022800,0.057900,0.003000,0.037472,0.011232,0.008480,0.010400,0.001312,1,4,48,0,1
2868,0.117400,0.129600,0.004900,0.027700,0.023100,0.058600,0.003000,0.035808,0.012256,0.008608,0.010368,0.001344,1,4,48,0,1
2869,0.123200,0.130800,0.004800,0.027600,0.028000,0.059700,0.003100,0.036224,0.011104,0.008448,0.010240,0.001280,1,4,48,0,1
2870,0.123600,0.136600,0.004800,0.027900,0.023300,0.064500,0.003100,0.037504,0.011200,0.008288,0.010400,0.001344,1,4,48,0,1
2871,0.116500,0.136900,0.004900,0.028000,0.023300,0.057200,0.003100,0.037472,0.011168,0.008256,0.010400,0.001344,1,4,48,0,1
2872,0.115600,0.129600,0.004600,0.027700,0.022600,0.057600,0.003100,0.035552,0.011296,0.008416,0.010176,0.001344,1,4,48,0,1
2873,0.118100,0.128600,0.004700,0.027500,0.026600,0.057200,0.001900,0.037600,0.011136,0.008384,0.010272,0.001312,1,4,48,0,1
2874,0.114900,0.131200,0.005000,0.027800,0.022500,0.056400,0.003100,0.035584,0.013664,0.008512,0.010368,0.001280,1,4,48,0,1
2875,0.139100,0.127900,0.004900,0.028100,0.030100,0.072600,0.003200,0.036864,0.011136,0.008480,0.010208,0.001408,1,4,48,0,1
2876,0.115900,0.152300,0.005000,0.027500,0.020500,0.059400,0.003200,0.037440,0.011232,0.008512,0.010400,0.001248,1,4,48,0,1
2877,0.378800,0.129100,0.004700,0.027600,0.041300,0.300600,0.004400,0.036256,0.011168,0.008576,0.010240,0.001248,1,4,48,0,1
2878,0.167400,0.397500,0.006900,0.044300,0.036200,0.077700,0.002000,0.035840,0.011232,0.008384,0.010240,0.001280,1,4,48,0,1
2879,0.121200,0.181000,0.004900,0.029400,0.024400,0.058900,0.003200,0.036192,0.011200,0.008512,0.010208,0.001312,1,4,48,0,1
2880,0.119200,0.134700,0.005000,0.028400,0.023200,0.059500,0.003100,0.035552,0.011200,0.008576,0.010176,0.001184,1,4,48,0,1
2881,0.210200,0.132700,0.091900,0.029300,0.024700,0.061000,0.003200,0.037600,0.011168,0.008320,0.010400,0.001376,1,4,48,0,1
2882,0.118800,0.223700,0.005200,0.028100,0.023500,0.058800,0.003000,0.035776,0.011168,0.008576,0.010240,0.001376,1,4,48,0,1
2883,0.118200,0.131700,0.005000,0.027900,0.023100,0.058800,0.003100,0.035584,0.011136,0.008448,0.010240,0.001344,1,4,48,0,1
2884,0.117800,0.131400,0.004800,0.028000,0.023300,0.058600,0.003000,0.035744,0.012192,0.008608,0.010336,0.001312,1,4,48,0,1
2885,0.118400,0.130900,0.004900,0.028200,0.022800,0.059200,0.003000,0.035584,0.011200,0.008448,0.010176,0.001344,1,4,48,0,1
2886,0.117800,0.131400,0.004800,0.028100,0.023100,0.058700,0.003100,0.037664,0.013760,0.008448,0.010240,0.001280,1,4,48,0,1
2887,0.116400,0.131000,0.004700,0.027700,0.022600,0.058400,0.003000,0.035424,0.011168,0.008448,0.010240,0.001344,1,4,48,0,1
2888,0.117700,0.129600,0.004800,0.028000,0.022900,0.058800,0.003000,0.037504,0.013536,0.008288,0.010368,0.001312,1,4,48,0,1
2889,0.117000,0.130900,0.004700,0.028000,0.023000,0.058100,0.003100,0.035360,0.011168,0.008384,0.010176,0.001280,1,4,48,0,1
2890,0.116100,0.130600,0.004600,0.027600,0.022600,0.057900,0.003100,0.035584,0.011168,0.008384,0.010240,0.001376,1,4,48,0,1
2891,0.116900,0.129300,0.004700,0.027900,0.022600,0.058400,0.003000,0.035584,0.011136,0.008576,0.010272,0.001248,1,4,48,0,1
2892,0.117200,0.130300,0.004800,0.028000,0.023000,0.058300,0.003100,0.037696,0.013664,0.008544,0.010336,0.001312,1,4,48,0,1
2893,0.116800,0.130200,0.004500,0.027800,0.022900,0.058500,0.003000,0.035456,0.011168,0.008416,0.010208,0.001216,1,4,48,0,1
2894,0.117600,0.130000,0.004600,0.028000,0.023400,0.058500,0.003000,0.037536,0.011136,0.008288,0.010368,0.001376,1,4,48,0,1
2895,0.131600,0.130500,0.011500,0.029700,0.022900,0.064300,0.003100,0.035456,0.011200,0.008320,0.010272,0.001280,1,4,48,0,1
2896,0.117300,0.144900,0.004700,0.028300,0.022900,0.058200,0.003000,0.035520,0.011264,0.008352,0.010208,0.001280,1,4,48,0,1
2897,0.116600,0.130400,0.004700,0.028000,0.022500,0.058400,0.002900,0.035456,0.011168,0.008384,0.010208,0.001312,1,4,48,0,1
2898,0.117300,0.130100,0.004800,0.027900,0.023200,0.058300,0.003000,0.035392,0.011072,0.008352,0.010208,0.001344,1,4,48,0,1
2899,0.116400,0.130600,0.004600,0.027800,0.022500,0.058400,0.003000,0.035424,0.011200,0.008320,0.010208,0.001344,1,4,48,0,1
2900,0.144700,0.129500,0.029100,0.028000,0.022900,0.061600,0.003100,0.037728,0.011136,0.008576,0.010432,0.001248,1,4,48,0,1
2901,0.118100,0.157900,0.005400,0.028000,0.022700,0.058800,0.003000,0.035424,0.011136,0.008480,0.010208,0.001216,1,4,48,0,1
2902,0.117100,0.131300,0.005000,0.027800,0.022800,0.058300,0.003100,0.037280,0.011136,0.008352,0.010368,0.001312,1,4,48,0,1
2903,0.117200,0.130000,0.005200,0.028000,0.022600,0.058300,0.003000,0.035552,0.012192,0.008384,0.010400,0.001312,1,4,48,0,1
2904,0.117500,0.130300,0.005200,0.028000,0.022900,0.058300,0.002900,0.035776,0.011264,0.008512,0.010272,0.001344,1,4,48,0,1
2905,0.116800,0.130800,0.005000,0.027900,0.022600,0.058200,0.003100,0.035424,0.011136,0.008384,0.010240,0.001216,1,4,48,0,1
2906,0.117300,0.129800,0.004800,0.027800,0.023200,0.058100,0.003200,0.035840,0.011232,0.008640,0.010304,0.001312,1,4,48,0,1
2907,0.116900,0.130300,0.004800,0.027800,0.022700,0.058300,0.002900,0.035744,0.011200,0.008576,0.010272,0.001312,1,4,48,0,1
2908,0.116400,0.130000,0.004800,0.027600,0.022900,0.057900,0.003000,0.037664,0.013664,0.008608,0.010240,0.001216,1,4,48,0,1
2909,0.117700,0.129500,0.004800,0.027900,0.022600,0.059000,0.003100,0.035616,0.012256,0.008416,0.010368,0.001312,1,4,48,0,1
2910,0.122700,0.130900,0.005000,0.028200,0.023100,0.063300,0.003100,0.035616,0.011200,0.008576,0.010208,0.001216,1,4,48,0,1
2911,0.118300,0.136000,0.004800,0.028100,0.023100,0.059100,0.003000,0.037568,0.011232,0.008448,0.010336,0.001312,1,4,48,0,1
2912,0.117200,0.131500,0.004800,0.028000,0.023000,0.058100,0.003100,0.037856,0.013760,0.008608,0.010240,0.001344,1,4,48,0,1
2913,0.120400,0.130100,0.005000,0.028100,0.023000,0.061000,0.003000,0.035616,0.011168,0.008480,0.010272,0.001280,1,4,48,0,1
2914,0.117100,0.133400,0.004900,0.028000,0.022900,0.058200,0.003000,0.035488,0.011136,0.008480,0.010208,0.001280,1,4,48,0,1
2915,0.116500,0.130200,0.005100,0.027300,0.022500,0.058400,0.003000,0.035456,0.011232,0.008320,0.010240,0.001312,1,4,48,0,1
2916,0.116900,0.129500,0.005000,0.027700,0.023000,0.058000,0.003100,0.035584,0.012192,0.008544,0.010336,0.001280,1,4,48,0,1
2917,0.116600,0.129800,0.004700,0.027600,0.022700,0.058300,0.003100,0.037568,0.013760,0.008480,0.010176,0.001248,1,4,48,0,1
2918,0.125900,0.129400,0.005100,0.027900,0.026300,0.063300,0.003100,0.036736,0.010784,0.008576,0.010272,0.001312,1,4,48,0,1
2919,0.131800,0.138900,0.004900,0.038700,0.021300,0.063800,0.003000,0.036096,0.011168,0.008352,0.010208,0.001344,1,4,48,0,1
2920,0.116300,0.145000,0.004900,0.027700,0.022900,0.057800,0.003000,0.037888,0.011360,0.008480,0.010432,0.001312,1,4,48,0,1
2921,0.119500,0.129600,0.005100,0.027700,0.020400,0.063100,0.003100,0.036224,0.010880,0.008544,0.010240,0.001344,1,4,48,0,1
2922,0.120000,0.132500,0.005100,0.027900,0.025200,0.058600,0.003000,0.035424,0.011168,0.008288,0.010240,0.001344,1,4,48,0,1
2923,0.116400,0.133200,0.004600,0.027600,0.022900,0.058200,0.003000,0.035616,0.011136,0.008512,0.010240,0.001344,1,4,48,0,1
2924,0.116800,0.129600,0.004700,0.027900,0.022700,0.058400,0.003000,0.035552,0.011200,0.008352,0.010208,0.001376,1,4,48,0,1
2925,0.121500,0.129700,0.004700,0.027800,0.022800,0.063000,0.003000,0.035520,0.011168,0.008256,0.010272,0.001376,1,4,48,0,1
2926,0.119600,0.134800,0.005000,0.028200,0.023200,0.060100,0.003000,0.035552,0.012256,0.008384,0.010400,0.001312,1,4,48,0,1
2927,0.116900,0.132800,0.004900,0.028000,0.022900,0.057900,0.003000,0.037504,0.011200,0.008288,0.010368,0.001344,1,4,48,0,1
2928,0.116800,0.130000,0.005300,0.027700,0.022800,0.057800,0.003100,0.035776,0.012288,0.008544,0.010368,0.001344,1,4,48,0,1
2929,0.116900,0.129800,0.004800,0.027800,0.022500,0.058600,0.003000,0.037824,0.011232,0.008512,0.010368,0.001344,1,4,48,0,1
2930,0.116200,0.130100,0.004800,0.027800,0.022900,0.057500,0.003000,0.035808,0.011232,0.008608,0.010240,0.001344,1,4,48,0,1
2931,0.117400,0.129300,0.005200,0.027800,0.022800,0.058600,0.003000,0.035680,0.012224,0.008384,0.010432,0.001408,1,4,48,0,1
2932,0.116100,0.130500,0.004900,0.027800,0.022600,0.057700,0.003100,0.035680,0.012224,0.008512,0.010368,0.001376,1,4,48,0,1
2933,0.116800,0.128800,0.004700,0.027500,0.022400,0.058800,0.003100,0.035584,0.011168,0.008448,0.010208,0.001376,1,4,48,0,1
2934,0.116900,0.129900,0.005100,0.027800,0.022900,0.058000,0.003100,0.037408,0.011200,0.008480,0.010368,0.001344,1,4,48,0,1
2935,0.116300,0.129900,0.005100,0.027700,0.022500,0.057800,0.003000,0.035616,0.011168,0.008544,0.010208,0.001312,1,4,48,0,1
2936,0.117300,0.129200,0.005100,0.027900,0.022800,0.058300,0.003000,0.035840,0.011296,0.008544,0.010240,0.001344,1,4,48,0,1
2937,0.115700,0.130300,0.004800,0.027500,0.022400,0.057800,0.003000,0.035616,0.011232,0.008352,0.010240,0.001344,1,4,48,0,1
2938,0.116300,0.128600,0.004800,0.027700,0.022700,0.057900,0.003100,0.035360,0.011168,0.008448,0.010208,0.001184,1,4,48,0,1
2939,0.116200,0.129400,0.004900,0.027700,0.022800,0.057700,0.003000,0.035648,0.012320,0.008448,0.010368,0.001312,1,4,48,0,1
2940,0.154100,0.129200,0.004900,0.027800,0.022800,0.094500,0.004100,0.037856,0.011136,0.008608,0.010368,0.001312,1,4,48,0,1
2941,0.125100,0.171800,0.005200,0.028400,0.023200,0.063500,0.004800,0.035648,0.011136,0.008416,0.010336,0.001312,1,4,48,0,1
2942,0.204800,0.143200,0.006400,0.043100,0.033300,0.114700,0.007100,0.036000,0.011200,0.008480,0.010176,0.001312,1,4,48,0,1
2943,0.139200,0.220000,0.006200,0.036800,0.028100,0.064400,0.003400,0.035712,0.012224,0.008544,0.010432,0.001376,1,4,48,0,1
2944,0.120600,0.152800,0.005300,0.028700,0.023800,0.059500,0.003100,0.037728,0.013760,0.008512,0.010208,0.001280,1,4,48,0,1
2945,0.118700,0.133800,0.005200,0.028400,0.023700,0.057900,0.003200,0.035616,0.013696,0.008448,0.010368,0.001312,1,4,48,0,1
2946,0.118200,0.133500,0.005200,0.027900,0.023200,0.058500,0.003200,0.035680,0.013728,0.008416,0.010432,0.001280,1,4,48,0,1
2947,0.118500,0.131200,0.005000,0.028200,0.023400,0.058700,0.003000,0.035520,0.011200,0.008416,0.010272,0.001280,1,4,48,0,1
2948,0.117600,0.131600,0.004700,0.027600,0.023100,0.058700,0.003400,0.035584,0.011200,0.008480,0.010176,0.001280,1,4,48,0,1
2949,0.118000,0.130800,0.004700,0.027900,0.023900,0.058300,0.003100,0.035456,0.012224,0.008256,0.010400,0.001344,1,4,48,0,1
2950,0.117500,0.131000,0.004900,0.027700,0.023000,0.058800,0.002900,0.037856,0.013664,0.008576,0.010400,0.001312,1,4,48,0,1
2951,0.117600,0.130500,0.004800,0.027800,0.023600,0.058300,0.003000,0.035328,0.011136,0.008288,0.010240,0.001248,1,4,48,0,1
2952,0.117200,0.130600,0.005100,0.027600,0.023500,0.058000,0.003000,0.035808,0.011264,0.008576,0.010240,0.001376,1,4,48,0,1
2953,0.116700,0.130300,0.005000,0.027600,0.022800,0.058100,0.003000,0.035584,0.011200,0.008448,0.010208,0.001344,1,4,48,0,1
2954,0.116700,0.129700,0.005400,0.027700,0.022900,0.057700,0.003000,0.035520,0.011136,0.008480,0.010208,0.001312,1,4,48,0,1
2955,0.122300,0.129800,0.004900,0.027400,0.023400,0.063400,0.003100,0.035584,0.011136,0.008416,0.010272,0.001344,1,4,48,0,1
2956,0.117500,0.135500,0.005000,0.028200,0.023800,0.057300,0.003100,0.037152,0.011104,0.008576,0.010208,0.001216,1,4,48,0,1
2957,0.117400,0.130500,0.004800,0.027700,0.023400,0.058300,0.003000,0.036224,0.010784,0.008384,0.010208,0.001344,1,4,48,0,1
2958,0.116000,0.130300,0.005200,0.027400,0.022700,0.057700,0.003000,0.035584,0.011232,0.008544,0.010176,0.001216,1,4,48,0,1
2959,0.115300,0.128900,0.004900,0.027600,0.022500,0.057200,0.003000,0.037824,0.011232,0.008576,0.010432,0.001312,1,4,48,0,1
2960,0.116400,0.128300,0.005000,0.027700,0.022700,0.057800,0.003100,0.035808,0.012224,0.008512,0.010464,0.001344,1,4,48,0,1
2961,0.116600,0.129500,0.005100,0.027600,0.022600,0.058200,0.003000,0.035520,0.011200,0.008512,0.010240,0.001216,1,4,48,0,1
2962,0.116500,0.129700,0.004700,0.028000,0.022900,0.057600,0.003000,0.037792,0.011136,0.008544,0.010432,0.001344,1,4,48,0,1
2963,0.134000,0.129700,0.004800,0.027700,0.025300,0.073100,0.003100,0.036192,0.011232,0.008320,0.010208,0.001376,1,4,48,0,1
2964,0.123400,0.146900,0.005300,0.028100,0.027700,0.058900,0.003000,0.036800,0.010848,0.008576,0.010240,0.001344,1,4,48,0,1
2965,0.117300,0.136300,0.005100,0.027900,0.023000,0.058100,0.003000,0.035584,0.012160,0.008416,0.010400,0.001344,1,4,48,0,1
2966,0.117000,0.130500,0.004800,0.027700,0.022900,0.058400,0.003100,0.035584,0.011136,0.008480,0.010208,0.001344,1,4,48,0,1
2967,0.117000,0.130000,0.005300,0.027800,0.022800,0.057900,0.003000,0.035776,0.012352,0.008512,0.010432,0.001312,1,4,48,0,1
2968,0.116400,0.130000,0.005000,0.027800,0.022700,0.057500,0.003100,0.035584,0.011200,0.008480,0.010240,0.001280,1,4,48,0,1
2969,0.116500,0.129300,0.005100,0.027500,0.022700,0.057900,0.003000,0.035552,0.011200,0.008416,0.010272,0.001280,1,4,48,0,1
2970,0.115600,0.129700,0.005100,0.027800,0.023100,0.056800,0.002600,0.036128,0.010752,0.008416,0.010208,0.001344,1,4,48,0,1
2971,0.117600,0.133300,0.005000,0.028400,0.023500,0.057500,0.003100,0.037600,0.011200,0.008352,0.010432,0.001376,1,4,48,0,1
2972,0.116200,0.131100,0.005000,0.027700,0.022900,0.057200,0.003200,0.035808,0.013664,0.008608,0.010432,0.001312,1,4,48,0,1
2973,0.116600,0.129300,0.004900,0.027500,0.022800,0.058100,0.003100,0.035904,0.011168,0.008448,0.010240,0.001344,1,4,48,0,1
2974,0.115900,0.129500,0.004700,0.027500,0.022900,0.057500,0.003000,0.037536,0.011072,0.008384,0.010368,0.001376,1,4,48,0,1
2975,0.133500,0.128800,0.004800,0.027700,0.022900,0.074700,0.003100,0.037600,0.011136,0.008288,0.010432,0.001344,1,4,48,0,1
2976,0.118900,0.147000,0.005100,0.028300,0.023500,0.058600,0.003100,0.037856,0.011296,0.008576,0.010368,0.001280,1,4,48,0,1
2977,0.116300,0.131800,0.004800,0.027600,0.022800,0.057900,0.003100,0.035584,0.011200,0.008448,0.010240,0.001344,1,4,48,0,1
2978,0.129600,0.129300,0.005000,0.027800,0.023000,0.067600,0.006200,0.035392,0.011136,0.008384,0.010240,0.001248,1,4,48,0,1
2979,0.116200,0.142600,0.004800,0.027600,0.022700,0.057900,0.003000,0.035552,0.011168,0.008512,0.010208,0.001280,1,4,48,0,1
2980,0.116000,0.129300,0.004800,0.027400,0.022700,0.057800,0.003100,0.035520,0.011200,0.008384,0.010240,0.001312,1,4,48,0,1
2981,0.117000,0.129100,0.005200,0.027600,0.022700,0.058400,0.003000,0.035264,0.011168,0.008160,0.010240,0.001280,1,4,48,0,1
2982,0.116600,0.130100,0.005100,0.027600,0.022700,0.058000,0.003000,0.035584,0.011168,0.008480,0.010208,0.001312,1,4,48,0,1
2983,0.116300,0.129400,0.004700,0.027700,0.022500,0.057900,0.003000,0.036928,0.013728,0.008224,0.010240,0.001312,1,4,48,0,1
2984,0.115900,0.129200,0.004800,0.027600,0.022500,0.057800,0.003000,0.037152,0.011168,0.008416,0.010208,0.001280,1,4,48,0,1
2985,0.115900,0.128800,0.004800,0.027700,0.023000,0.057300,0.003000,0.035712,0.011200,0.008608,0.010176,0.001344,1,4,48,0,1
2986,0.122600,0.128800,0.004700,0.032600,0.023300,0.058600,0.003100,0.035712,0.011232,0.008512,0.010208,0.001312,1,4,48,0,1
2987,0.115900,0.135900,0.004700,0.027600,0.022700,0.057600,0.003000,0.037568,0.013728,0.008416,0.010240,0.001248,1,4,48,0,1
2988,0.116400,0.129300,0.005000,0.027400,0.022700,0.058100,0.003000,0.035808,0.012224,0.008608,0.010368,0.001344,1,4,48,0,1
2989,0.116500,0.129600,0.004800,0.027900,0.023100,0.057500,0.003000,0.037760,0.013664,0.008576,0.010272,0.001344,1,4,48,0,1
2990,0.117300,0.129600,0.005300,0.027700,0.023000,0.058100,0.003200,0.035584,0.011232,0.008448,0.010304,0.001216,1,4,48,0,1
2991,0.137800,0.130100,0.004800,0.040400,0.023500,0.065900,0.003000,0.035552,0.011232,0.008512,0.010208,0.001184,1,4,48,0,1
2992,0.117900,0.151300,0.005100,0.028500,0.023000,0.058200,0.003000,0.035552,0.011264,0.008320,0.010208,0.001312,1,4,48,0,1
2993,0.116500,0.130900,0.004900,0.027600,0.023000,0.057800,0.003000,0.037536,0.011104,0.008256,0.010336,0.001376,1,4,48,0,1
2994,0.116700,0.129600,0.004900,0.027700,0.023100,0.057800,0.003000,0.035520,0.011168,0.008416,0.010240,0.001280,1,4,48,0,1
2995,0.115500,0.129800,0.004800,0.027400,0.022400,0.057800,0.003000,0.035360,0.011168,0.008480,0.010208,0.001312,1,4,48,0,1
2996,0.115100,0.128500,0.004900,0.027400,0.022300,0.057400,0.003100,0.037760,0.011200,0.008480,0.010368,0.001376,1,4,48,0,1
2997,0.116700,0.128000,0.005100,0.027700,0.023100,0.057800,0.003000,0.037664,0.011200,0.008384,0.010368,0.001344,1,4,48,0,1
2998,0.116400,0.129900,0.004900,0.027700,0.022500,0.058100,0.003100,0.035616,0.011232,0.008544,0.010176,0.001312,1,4,48,0,1
2999,0.134700,0.129500,0.004900,0.027600,0.023100,0.075700,0.003100,0.037728,0.011296,0.008480,0.010432,0.001216,1,4,48,0,1
3000,0.121300,0.148400,0.005000,0.028300,0.022900,0.061800,0.003000,0.035680,0.011296,0.008416,0.010240,0.001312,1,4,48,0,1
3001,0.124400,0.134600,0.005200,0.032600,0.023900,0.059600,0.003100,0.035520,0.011104,0.008512,0.010176,0.001344,1,4,48,0,1
3002,0.117800,0.137700,0.004900,0.028200,0.022700,0.058900,0.003000,0.035520,0.011168,0.008480,0.010208,0.001312,1,4,48,0,1
3003,0.116800,0.130600,0.004800,0.027700,0.022700,0.058200,0.003000,0.037440,0.011136,0.008320,0.010368,0.001312,1,4,48,0,1
3004,0.116800,0.129800,0.004900,0.027300,0.022900,0.058300,0.003100,0.035584,0.011200,0.008512,0.010240,0.001312,1,4,48,0,1
3005,0.118000,0.129800,0.005100,0.027700,0.023100,0.058900,0.003100,0.035360,0.011168,0.008352,0.010208,0.001248,1,4,48,0,1
3006,0.115800,0.131100,0.005000,0.027500,0.022700,0.057400,0.003100,0.035520,0.011136,0.008544,0.010144,0.001280,1,4,48,0,1
3007,0.116200,0.129000,0.004800,0.027600,0.022900,0.057600,0.003100,0.035232,0.011136,0.008384,0.010208,0.001248,1,4,48,0,1
3008,0.117200,0.129200,0.005000,0.027600,0.022800,0.058600,0.003000,0.035840,0.012256,0.008640,0.010432,0.001280,1,4,48,0,1
3009,0.117000,0.130200,0.005000,0.027900,0.023500,0.057300,0.003100,0.035648,0.011168,0.008384,0.010208,0.001280,1,4,48,0,1
3010,0.210400,0.130100,0.004900,0.027700,0.052400,0.120500,0.004700,0.036032,0.011136,0.008480,0.010208,0.001312,1,4,48,0,1
3011,0.190900,0.229700,0.006900,0.039200,0.030600,0.110400,0.003600,0.035584,0.013664,0.008512,0.010400,0.001376,1,4,48,0,1
3012,0.141100,0.208600,0.006700,0.043100,0.025800,0.062300,0.003200,0.035520,0.011168,0.008480,0.010176,0.001280,1,4,48,0,1
3013,0.118100,0.155200,0.005000,0.028100,0.023300,0.058600,0.003000,0.035680,0.011168,0.008480,0.010272,0.001344,1,4,48,0,1
3014,0.119300,0.131400,0.004900,0.028600,0.023000,0.059500,0.003200,0.037696,0.011136,0.008480,0.010400,0.001376,1,4,48,0,1
3015,0.117500,0.132400,0.004800,0.027900,0.022800,0.058400,0.003100,0.035392,0.011200,0.008416,0.010144,0.001216,1,4,48,0,1
3016,0.118300,0.131200,0.005100,0.027700,0.023300,0.059100,0.003000,0.035744,0.012288,0.008448,0.010432,0.001344,1,4,48,0,1
3017,0.118500,0.131500,0.004900,0.028000,0.023100,0.059200,0.003100,0.035712,0.011200,0.008480,0.010272,0.001376,1,4,48,0,1
3018,0.118700,0.131400,0.005100,0.027600,0.023500,0.058900,0.003100,0.035840,0.011200,0.008640,0.010240,0.001344,1,4,48,0,1
3019,0.117400,0.131700,0.004900,0.027900,0.022800,0.058600,0.003000,0.035648,0.012192,0.008480,0.010464,0.001280,1,4,48,0,1
3020,0.114800,0.130300,0.004700,0.027800,0.022800,0.057500,0.001900,0.037760,0.013696,0.008640,0.010240,0.001248,1,4,48,0,1
3021,0.117000,0.127800,0.005400,0.028000,0.023100,0.057300,0.003000,0.035584,0.013664,0.008448,0.010368,0.001280,1,4,48,0,1
3022,0.130000,0.130100,0.004900,0.027800,0.034300,0.058000,0.004800,0.035680,0.011200,0.008576,0.010272,0.001248,1,4,48,0,1
3023,0.116600,0.154000,0.005200,0.027600,0.022800,0.058000,0.003000,0.035392,0.011200,0.008224,0.010208,0.001344,1,4,48,0,1
3024,0.118200,0.129500,0.005300,0.028100,0.023000,0.058600,0.003000,0.035552,0.011232,0.008480,0.010240,0.001216,1,4,48,0,1
3025,0.124200,0.131300,0.005000,0.033400,0.023500,0.059100,0.003100,0.035488,0.011168,0.008256,0.010272,0.001344,1,4,48,0,1
3026,0.118300,0.137400,0.005300,0.027800,0.023300,0.058600,0.003000,0.035584,0.011200,0.008512,0.010176,0.001376,1,4,48,0,1
3027,0.116700,0.131400,0.004900,0.027500,0.023000,0.058000,0.003100,0.035744,0.011168,0.008640,0.010240,0.001280,1,4,48,0,1
3028,0.116700,0.129700,0.005300,0.027700,0.022700,0.057900,0.003000,0.035424,0.011136,0.008352,0.010272,0.001312,1,4,48,0,1
3029,0.116700,0.129600,0.004800,0.027700,0.022800,0.058100,0.003100,0.035744,0.012192,0.008480,0.010432,0.001344,1,4,48,0,1
3030,0.117000,0.130000,0.004900,0.027700,0.022700,0.058400,0.003100,0.035936,0.012288,0.008704,0.010400,0.001344,1,4,48,0,1
3031,0.117000,0.130100,0.004800,0.027600,0.022900,0.058600,0.003000,0.035456,0.011168,0.008320,0.010304,0.001376,1,4,48,0,1
3032,0.117200,0.130300,0.004700,0.027700,0.023100,0.058500,0.003100,0.035744,0.012320,0.008448,0.010400,0.001344,1,4,48,0,1
3033,0.116600,0.130500,0.005000,0.027700,0.022800,0.058000,0.003000,0.035680,0.011136,0.008544,0.010240,0.001344,1,4,48,0,1
3034,0.117300,0.129600,0.004800,0.027700,0.023500,0.058200,0.003100,0.037664,0.011264,0.008512,0.010400,0.001312,1,4,48,0,1
3035,0.115600,0.130300,0.005000,0.027900,0.022400,0.058200,0.001900,0.035264,0.012192,0.008256,0.010400,0.001216,1,4,48,0,1
3036,0.121900,0.128700,0.005400,0.027500,0.027700,0.058100,0.003100,0.035520,0.013792,0.008192,0.010464,0.001280,1,4,48,0,1
3037,0.116600,0.135100,0.004700,0.027700,0.022900,0.058300,0.003000,0.035296,0.011168,0.008160,0.010304,0.001344,1,4,48,0,1
3038,0.117400,0.129600,0.004900,0.027800,0.022800,0.058800,0.003000,0.037024,0.011136,0.008544,0.010208,0.001184,1,4,48,0,1
3039,0.116800,0.130500,0.004800,0.027800,0.022700,0.058400,0.003100,0.035520,0.011136,0.008416,0.010176,0.001344,1,4,48,0,1
3040,0.124300,0.129800,0.004700,0.027800,0.028300,0.060300,0.003100,0.035424,0.011168,0.008448,0.010240,0.001248,1,4,48,0,1
3041,0.117900,0.137500,0.005300,0.028700,0.022600,0.058000,0.003100,0.035616,0.011264,0.008480,0.010208,0.001312,1,4,48,0,1
3042,0.117100,0.131000,0.004900,0.027500,0.022600,0.058900,0.003000,0.037440,0.013696,0.008416,0.010272,0.001248,1,4,48,0,1
3043,0.117200,0.130200,0.004800,0.027600,0.023000,0.058600,0.003200,0.035328,0.011136,0.008256,0.010208,0.001312,1,4,48,0,1
3044,0.117800,0.130100,0.005200,0.028000,0.022800,0.058600,0.003000,0.035424,0.011264,0.008352,0.010208,0.001216,1,4,48,0,1
3045,0.118900,0.130700,0.004800,0.027500,0.023000,0.060400,0.003100,0.037632,0.011232,0.008448,0.010400,0.001344,1,4,48,0,1
3046,0.116600,0.131900,0.004900,0.027700,0.022800,0.058100,0.003000,0.035520,0.012096,0.008448,0.010400,0.001312,1,4,48,0,1
3047,0.117000,0.129400,0.004700,0.027700,0.023000,0.058400,0.003000,0.035584,0.011200,0.008480,0.010240,0.001280,1,4,48,0,1
3048,0.116900,0.130000,0.005200,0.027900,0.022700,0.058000,0.003000,0.035680,0.012256,0.008448,0.010400,0.001376,1,4,48,0,1
3049,0.116200,0.130200,0.004900,0.027800,0.022900,0.057400,0.003000,0.035808,0.012288,0.008512,0.010496,0.001216,1,4,48,0,1
3050,0.116900,0.129400,0.004900,0.027600,0.022800,0.058500,0.003100,0.035520,0.011200,0.008416,0.010176,0.001312,1,4,48,0,1
3051,0.117200,0.130100,0.004900,0.027700,0.022800,0.058600,0.003000,0.035616,0.012224,0.008544,0.010368,0.001216,1,4,48,0,1
3052,0.116800,0.130300,0.005000,0.027900,0.022500,0.058300,0.003000,0.037632,0.011232,0.008416,0.010368,0.001280,1,4,48,0,1
3053,0.152400,0.129800,0.005200,0.027600,0.022400,0.090500,0.006700,0.036160,0.011008,0.008416,0.010304,0.001344,1,4,48,0,1
3054,0.124100,0.166200,0.005300,0.029400,0.024700,0.062100,0.002500,0.037632,0.011296,0.008448,0.010464,0.001376,1,4,48,0,1
3055,0.116900,0.137100,0.005000,0.027900,0.023300,0.057400,0.003100,0.035616,0.013664,0.008416,0.010368,0.001344,1,4,48,0,1
3056,0.117300,0.130300,0.004800,0.027900,0.023200,0.058300,0.003000,0.037440,0.013728,0.008384,0.010176,0.001184,1,4,48,0,1
3057,0.116300,0.130400,0.005100,0.027600,0.022600,0.058000,0.003000,0.037472,0.013760,0.008384,0.010240,0.001184,1,4,48,0,1
3058,0.241800,0.129300,0.004800,0.027500,0.023400,0.179200,0.006700,0.035744,0.011232,0.008608,0.010176,0.001184,1,4,48,0,1
3059,0.197000,0.257900,0.005900,0.037800,0.037500,0.110200,0.005400,0.035392,0.013664,0.008352,0.010400,0.001376,1,4,48,0,1
3060,0.203200,0.215600,0.007100,0.044200,0.034200,0.113500,0.003900,0.035840,0.011232,0.008416,0.010272,0.001280,1,4,48,0,1
3061,0.191600,0.220400,0.006500,0.037600,0.030500,0.110500,0.006400,0.035552,0.011232,0.008352,0.010208,0.001344,1,4,48,0,1
3062,0.191600,0.208400,0.006200,0.036200,0.029700,0.116200,0.003000,0.035520,0.011200,0.008352,0.010272,0.001280,1,4,48,0,1
3063,0.138100,0.205900,0.005800,0.036600,0.028100,0.063400,0.003900,0.035904,0.011200,0.008480,0.010208,0.001312,1,4,48,0,1
3064,0.125100,0.151800,0.005300,0.031300,0.025200,0.059800,0.003200,0.035392,0.011168,0.008416,0.010176,0.001216,1,4,48,0,1
3065,0.119500,0.138800,0.005100,0.028200,0.023400,0.059500,0.003100,0.035552,0.011264,0.008352,0.010272,0.001280,1,4,48,0,1
3066,0.117600,0.132800,0.005400,0.028200,0.023200,0.058300,0.002500,0.035584,0.011232,0.008480,0.010208,0.001280,1,4,48,0,1
3067,0.118400,0.130800,0.005000,0.028100,0.023300,0.058800,0.003200,0.035520,0.011136,0.008384,0.010208,0.001312,1,4,48,0,1
3068,0.117200,0.131500,0.004700,0.027700,0.023100,0.058400,0.003100,0.037856,0.013760,0.008576,0.010208,0.001376,1,4,48,0,1
3069,0.118800,0.130100,0.005200,0.028100,0.023400,0.058800,0.003200,0.035552,0.011232,0.008352,0.010240,0.001312,1,4,48,0,1
3070,0.117700,0.131800,0.005000,0.027600,0.022700,0.059100,0.003200,0.035488,0.011232,0.008320,0.010240,0.001280,1,4,48,0,1
3071,0.117100,0.130800,0.005000,0.027700,0.022900,0.058300,0.003200,0.037408,0.013664,0.008416,0.010176,0.001280,1,4,48,0,1
3072,0.118100,0.130100,0.005300,0.028000,0.023200,0.058300,0.003100,0.037728,0.011200,0.008480,0.010400,0.001344,1,4,48,0,1
3073,0.117600,0.130900,0.004900,0.027700,0.023000,0.058600,0.003100,0.035392,0.011104,0.008480,0.010176,0.001216,1,4,48,0,1
3074,0.117800,0.130800,0.004700,0.027800,0.023200,0.058900,0.003100,0.035424,0.011168,0.008384,0.010208,0.001248,1,4,48,0,1
3075,0.123100,0.130800,0.004900,0.027700,0.023200,0.063800,0.003200,0.035392,0.011168,0.008384,0.010240,0.001248,1,4,48,0,1
3076,0.119600,0.136400,0.004800,0.028400,0.024100,0.059100,0.003100,0.035616,0.011168,0.008576,0.010208,0.001344,1,4,48,0,1
3077,0.117700,0.132700,0.004900,0.028000,0.023100,0.058500,0.003100,0.035744,0.011232,0.008512,0.010240,0.001344,1,4,48,0,1
3078,0.118400,0.131000,0.005500,0.027600,0.023100,0.058900,0.003100,0.035520,0.011104,0.008544,0.010208,0.001280,1,4,48,0,1
3079,0.116800,0.131400,0.004700,0.027700,0.022700,0.058200,0.003100,0.035424,0.011200,0.008352,0.010272,0.001248,1,4,48,0,1
3080,0.119300,0.129800,0.005200,0.029400,0.023100,0.058500,0.003100,0.035456,0.011232,0.008288,0.010240,0.001312,1,4,48,0,1
3081,0.117900,0.132700,0.005100,0.027800,0.023300,0.058500,0.003100,0.035392,0.011168,0.008256,0.010272,0.001312,1,4,48,0,1
3082,0.117200,0.131000,0.004900,0.027800,0.023100,0.058200,0.003100,0.036640,0.010816,0.008576,0.010176,0.001248,1,4,48,0,1
3083,0.118100,0.130800,0.005000,0.028100,0.022900,0.058800,0.003100,0.037472,0.013696,0.008416,0.010176,0.001344,1,4,48,0,1
3084,0.117600,0.131400,0.005000,0.027700,0.023300,0.058400,0.003000,0.037472,0.011296,0.008416,0.010400,0.001344,1,4,48,0,1
3085,0.141600,0.130700,0.005000,0.027500,0.040200,0.065500,0.003200,0.036416,0.012288,0.008320,0.010368,0.001280,1,4,48,0,1
3086,0.120800,0.155300,0.005600,0.029300,0.023600,0.059200,0.003000,0.037280,0.011168,0.008288,0.010240,0.001248,1,4,48,0,1
3087,0.115200,0.133800,0.005100,0.027600,0.022600,0.057800,0.001800,0.036576,0.010848,0.008512,0.010144,0.001280,1,4,48,0,1
3088,0.202300,0.128100,0.005200,0.027500,0.053900,0.111200,0.004400,0.035872,0.013856,0.008544,0.010400,0.001344,1,4,48,0,1
3089,0.192700,0.225200,0.007700,0.046200,0.035300,0.099100,0.004200,0.035616,0.013728,0.008480,0.010336,0.001312,1,4,48,0,1
3090,0.261700,0.212900,0.007000,0.041400,0.030800,0.178800,0.003600,0.035648,0.011136,0.008576,0.010208,0.001344,1,4,48,0,1
3091,0.130600,0.277800,0.005700,0.032800,0.026300,0.062400,0.003200,0.035744,0.013888,0.008288,0.010464,0.001312,1,4,48,0,1
3092,0.120600,0.144900,0.004900,0.029100,0.023900,0.059700,0.003000,0.037920,0.011200,0.008544,0.010400,0.001376,1,4,48,0,1
3093,0.118600,0.134100,0.005300,0.028700,0.023800,0.058600,0.002200,0.035680,0.011168,0.008384,0.010240,0.001248,1,4,48,0,1
3094,0.131500,0.132100,0.005100,0.028100,0.021000,0.072000,0.005200,0.035456,0.011136,0.008352,0.010304,0.001280,1,4,48,0,1
3095,0.125300,0.144800,0.004700,0.028100,0.020900,0.068300,0.003000,0.035360,0.011200,0.008448,0.010208,0.001184,1,4,48,0,1
3096,0.127400,0.138400,0.005100,0.027800,0.031700,0.059700,0.003000,0.035456,0.011136,0.008448,0.010240,0.001248,1,4,48,0,1
3097,0.118500,0.140600,0.005000,0.028000,0.023500,0.058900,0.003000,0.035456,0.011168,0.008320,0.010240,0.001312,1,4,48,0,1
3098,0.118500,0.131800,0.005300,0.028000,0.023300,0.058800,0.002900,0.037792,0.013696,0.008576,0.010240,0.001312,1,4,48,0,1
3099,0.118900,0.131500,0.004800,0.028400,0.023200,0.059200,0.003000,0.035552,0.011200,0.008448,0.010176,0.001376,1,4,48,0,1
3100,0.120800,0.132000,0.004900,0.027900,0.022900,0.062100,0.002900,0.035616,0.011200,0.008544,0.010176,0.001280,1,4,48,0,1
3101,0.118400,0.133900,0.005600,0.028200,0.023100,0.058400,0.003000,0.035584,0.011200,0.008448,0.010272,0.001312,1,4,48,0,1
3102,0.117800,0.131700,0.005200,0.027900,0.022700,0.059000,0.003000,0.035744,0.011200,0.008544,0.010272,0.001312,1,4,48,0,1
3103,0.124300,0.131000,0.004900,0.027600,0.028600,0.060000,0.003100,0.035456,0.011136,0.008448,0.010208,0.001312,1,4,48,0,1
3104,0.117500,0.137600,0.004800,0.028000,0.023400,0.058200,0.002900,0.035712,0.012288,0.008288,0.010560,0.001312,1,4,48,0,1
3105,0.115900,0.130400,0.005300,0.027800,0.022800,0.056900,0.003100,0.037568,0.011136,0.008416,0.010368,0.001280,1,4,48,0,1
3106,0.115300,0.129200,0.005100,0.027800,0.022900,0.057500,0.001900,0.035488,0.011168,0.008608,0.010208,0.001184,1,4,48,0,1
3107,0.116000,0.128400,0.005200,0.028100,0.023200,0.056900,0.002600,0.037760,0.011232,0.008416,0.010464,0.001248,1,4,48,0,1
3108,0.116500,0.129300,0.005000,0.027800,0.022200,0.059000,0.002200,0.035456,0.013632,0.008416,0.010368,0.001312,1,4,48,0,1
3109,0.115600,0.129700,0.005200,0.027900,0.023300,0.057300,0.001800,0.035392,0.011168,0.008256,0.010208,0.001344,1,4,48,0,1
3110,0.117900,0.128700,0.004900,0.028000,0.023400,0.058300,0.003100,0.036192,0.011072,0.008544,0.010208,0.001376,1,4,48,0,1
3111,0.118100,0.131000,0.005200,0.027900,0.023100,0.058600,0.003000,0.035648,0.011136,0.008480,0.010272,0.001376,1,4,48,0,1
3112,0.117000,0.131400,0.004800,0.027900,0.022800,0.058400,0.003100,0.035552,0.011232,0.008512,0.010176,0.001216,1,4,48,0,1
3113,0.117600,0.130200,0.005000,0.027900,0.022800,0.058700,0.003100,0.037504,0.011200,0.008224,0.010400,0.001248,1,4,48,0,1
3114,0.117400,0.130700,0.005100,0.028100,0.022700,0.058300,0.003100,0.035776,0.011200,0.008544,0.010304,0.001376,1,4,48,0,1
3115,0.116200,0.130600,0.005300,0.027900,0.023300,0.057100,0.002300,0.035360,0.011104,0.008352,0.010144,0.001280,1,4,48,0,1
3116,0.117800,0.129000,0.005400,0.028000,0.023400,0.057900,0.003000,0.035616,0.011168,0.008480,0.010240,0.001312,1,4,48,0,1
3117,0.117200,0.130700,0.004900,0.028000,0.022900,0.058300,0.003000,0.035680,0.011168,0.008448,0.010272,0.001344,1,4,48,0,1
3118,0.122700,0.130200,0.005000,0.027700,0.023200,0.063600,0.003100,0.035264,0.011168,0.008224,0.010304,0.001312,1,4,48,0,1
3119,0.117300,0.136100,0.005000,0.028200,0.023300,0.057600,0.003000,0.035520,0.011232,0.008320,0.010272,0.001344,1,4,48,0,1
3120,0.117300,0.130400,0.005200,0.027700,0.022600,0.058600,0.003000,0.035712,0.012352,0.008416,0.010368,0.001344,1,4,48,0,1
3121,0.116700,0.130200,0.005100,0.028000,0.022800,0.057800,0.003000,0.037600,0.011200,0.008448,0.010368,0.001280,1,4,48,0,1
3122,0.117100,0.130000,0.004900,0.027700,0.023200,0.058100,0.003100,0.036128,0.011264,0.008384,0.010208,0.001248,1,4,48,0,1
3123,0.116700,0.130300,0.005200,0.027900,0.022700,0.057600,0.003000,0.035424,0.011168,0.008352,0.010176,0.001312,1,4,48,0,1
3124,0.130300,0.129700,0.004900,0.027700,0.035300,0.059200,0.003100,0.037280,0.011200,0.008480,0.010240,0.001280,1,4,48,0,1
3125,0.120000,0.143400,0.005100,0.027600,0.023600,0.060200,0.003100,0.036896,0.011136,0.008384,0.010208,0.001280,1,4,48,0,1
3126,0.117100,0.133100,0.005200,0.027900,0.023200,0.057600,0.003100,0.035552,0.011136,0.008512,0.010208,0.001312,1,4,48,0,1
3127,0.117300,0.130300,0.004900,0.027900,0.023300,0.057900,0.003100,0.037472,0.011168,0.008256,0.010432,0.001312,1,4,48,0,1
3128,0.118300,0.130500,0.004800,0.028000,0.023300,0.058500,0.003600,0.035648,0.011200,0.008480,0.010208,0.001344,1,4,48,0,1
3129,0.116900,0.131300,0.004900,0.027800,0.022800,0.058300,0.003100,0.037632,0.011136,0.008416,0.010432,0.001280,1,4,48,0,1
3130,0.126400,0.129700,0.004900,0.028000,0.031200,0.059200,0.003100,0.036096,0.011264,0.008320,0.010208,0.001248,1,4,48,0,1
3131,0.116500,0.139500,0.005000,0.027900,0.022700,0.057700,0.003000,0.035712,0.011232,0.008512,0.010176,0.001376,1,4,48,0,1
3132,0.121300,0.129500,0.005200,0.027500,0.020400,0.064900,0.003100,0.037088,0.011136,0.008480,0.010240,0.001280,1,4,48,0,1
3133,0.123500,0.134400,0.004900,0.027700,0.024100,0.063500,0.003200,0.035744,0.011168,0.008576,0.010240,0.001344,1,4,48,0,1
3134,0.119000,0.136900,0.005100,0.028300,0.023200,0.059200,0.003000,0.037824,0.011200,0.008416,0.010464,0.001344,1,4,48,0,1
3135,0.116600,0.132200,0.005200,0.027500,0.022800,0.057800,0.003000,0.035424,0.011136,0.008352,0.010240,0.001312,1,4,48,0,1
3136,0.116100,0.129500,0.004900,0.027700,0.022500,0.057800,0.002900,0.037632,0.013760,0.008320,0.010240,0.001344,1,4,48,0,1
3137,0.116000,0.129100,0.005100,0.028000,0.022500,0.058300,0.001800,0.035360,0.012160,0.008288,0.010432,0.001312,1,4,48,0,1
3138,0.116900,0.128900,0.005200,0.027700,0.023100,0.058100,0.002500,0.036768,0.011232,0.008384,0.010272,0.001216,1,4,48,0,1
3139,0.125300,0.129900,0.005200,0.030300,0.033200,0.054800,0.001800,0.035616,0.011200,0.008576,0.010208,0.001248,1,4,48,0,1
3140,0.161000,0.138500,0.004600,0.027700,0.045100,0.052100,0.031300,0.037536,0.011136,0.008576,0.010208,0.001344,1,4,48,0,1
3141,0.154600,0.174800,0.005700,0.029800,0.022500,0.091800,0.004600,0.035424,0.013760,0.008288,0.010400,0.001216,1,4,48,0,1
3142,0.211000,0.170300,0.006100,0.075500,0.032000,0.095300,0.001900,0.036384,0.011232,0.008608,0.010304,0.001248,1,4,48,0,1
3143,0.160600,0.225500,0.005400,0.031500,0.025400,0.095100,0.002900,0.035712,0.011200,0.008544,0.010176,0.001344,1,4,48,0,1
3144,0.156100,0.175000,0.005300,0.030700,0.025300,0.059600,0.035200,0.035680,0.013792,0.008416,0.010432,0.001248,1,4,48,0,1
3145,0.163000,0.169900,0.005300,0.031200,0.025200,0.098300,0.002700,0.035744,0.012256,0.008608,0.010400,0.001312,1,4,48,0,1
3146,0.159400,0.176900,0.005200,0.031200,0.025500,0.092400,0.005000,0.037760,0.011200,0.008480,0.010400,0.001312,1,4,48,0,1
3147,0.174700,0.173100,0.005200,0.030600,0.029200,0.106100,0.003300,0.035584,0.011200,0.008416,0.010272,0.001344,1,4,48,0,1
3148,0.143800,0.202100,0.006300,0.037400,0.029700,0.066800,0.003300,0.035872,0.011168,0.008640,0.010208,0.001376,1,4,48,0,1
3149,0.123200,0.157900,0.005200,0.029700,0.024400,0.061100,0.002600,0.035424,0.011168,0.008320,0.010240,0.001312,1,4,48,0,1
3150,0.119800,0.136800,0.005400,0.028800,0.023500,0.058600,0.003200,0.035552,0.011136,0.008448,0.010176,0.001408,1,4,48,0,1
3151,0.117800,0.133000,0.004900,0.028400,0.023800,0.057500,0.003100,0.035904,0.011232,0.008384,0.010240,0.001216,1,4,48,0,1
3152,0.118000,0.130900,0.005100,0.027800,0.022900,0.058800,0.003100,0.035520,0.011232,0.008480,0.010176,0.001216,1,4,48,0,1
3153,0.118500,0.131100,0.005100,0.027900,0.023000,0.059400,0.003100,0.035616,0.011136,0.008544,0.010208,0.001344,1,4,48,0,1
3154,0.118100,0.131600,0.005200,0.027900,0.023100,0.058700,0.003100,0.035552,0.011168,0.008384,0.010176,0.001344,1,4,48,0,1
3155,0.131300,0.130900,0.004900,0.041600,0.022800,0.058700,0.003200,0.037376,0.011264,0.008256,0.010496,0.001312,1,4,48,0,1
3156,0.151600,0.144800,0.005000,0.028200,0.023100,0.092000,0.003100,0.037504,0.011200,0.008320,0.010368,0.001312,1,4,48,0,1
3157,0.116200,0.165100,0.005000,0.028100,0.023700,0.057300,0.001900,0.035936,0.011168,0.008384,0.010272,0.001216,1,4,48,0,1
3158,0.116000,0.129700,0.004800,0.027900,0.023100,0.057100,0.003100,0.035296,0.011168,0.008256,0.010208,0.001312,1,4,48,0,1
3159,0.117800,0.129300,0.005000,0.028100,0.023200,0.058300,0.003100,0.035360,0.011136,0.008192,0.010336,0.001344,1,4,48,0,1
3160,0.124700,0.130900,0.004900,0.027700,0.023100,0.066000,0.002800,0.037888,0.011328,0.008512,0.010368,0.001312,1,4,48,0,1
3161,0.118800,0.137900,0.005400,0.028300,0.023200,0.057800,0.003900,0.035776,0.011168,0.008352,0.010272,0.001312,1,4,48,0,1
3162,0.116900,0.131900,0.005300,0.028200,0.023600,0.057500,0.002300,0.035616,0.011136,0.008704,0.010208,0.001184,1,4,48,0,1
3163,0.182700,0.130300,0.005100,0.027800,0.024700,0.121600,0.003100,0.035424,0.011136,0.008384,0.010112,0.001376,1,4,48,0,1
3164,0.185900,0.201700,0.007200,0.045600,0.034300,0.088800,0.009700,0.037024,0.013696,0.008576,0.010208,0.001216,1,4,48,0,1
3165,0.185300,0.202000,0.006600,0.037700,0.028600,0.106800,0.005600,0.035616,0.011136,0.008512,0.010208,0.001312,1,4,48,0,1
3166,0.183200,0.201200,0.006000,0.036600,0.027900,0.110100,0.002600,0.035840,0.013760,0.008608,0.010368,0.001376,1,4,48,0,1
3167,0.134400,0.198100,0.006100,0.035300,0.027400,0.062900,0.002600,0.035680,0.011200,0.008544,0.010176,0.001376,1,4,48,0,1
3168,0.121500,0.148300,0.005400,0.029400,0.024400,0.059800,0.002300,0.035648,0.012320,0.008512,0.010368,0.001216,1,4,48,0,1
3169,0.119700,0.134800,0.005100,0.028600,0.023900,0.059600,0.002500,0.035584,0.011200,0.008480,0.010240,0.001248,1,4,48,0,1
3170,0.118400,0.133100,0.005100,0.028700,0.023600,0.058800,0.002100,0.035648,0.011232,0.008480,0.010208,0.001344,1,4,48,0,1
3171,0.117100,0.132100,0.004800,0.027900,0.023800,0.057100,0.003400,0.035488,0.011168,0.008352,0.010240,0.001280,1,4,48,0,1
3172,0.245400,0.130200,0.005000,0.028200,0.026600,0.179600,0.005800,0.035808,0.011200,0.008384,0.010176,0.001312,1,4,48,0,1
3173,0.140800,0.260800,0.006200,0.037000,0.028500,0.065700,0.003300,0.035648,0.012096,0.008512,0.010304,0.001312,1,4,48,0,1
3174,0.122400,0.154500,0.005300,0.028900,0.024300,0.060600,0.003200,0.035392,0.011168,0.008320,0.010208,0.001312,1,4,48,0,1
3175,0.118700,0.135800,0.005100,0.028400,0.023400,0.059200,0.002400,0.037600,0.013664,0.008384,0.010240,0.001376,1,4,48,0,1
3176,0.118800,0.131900,0.004900,0.028100,0.024000,0.058500,0.003200,0.035456,0.012288,0.008448,0.010432,0.001216,1,4,48,0,1
3177,0.117300,0.131900,0.004900,0.028000,0.023400,0.057600,0.003100,0.035648,0.011200,0.008544,0.010176,0.001344,1,4,48,0,1
3178,0.122800,0.130400,0.004900,0.028000,0.032600,0.055200,0.001800,0.035392,0.010912,0.008448,0.010176,0.001344,1,4,48,0,1
3179,0.203500,0.135800,0.005000,0.027600,0.023300,0.074800,0.072600,0.036512,0.010944,0.008512,0.010240,0.001216,1,4,48,0,1
3180,0.146300,0.217200,0.005600,0.029500,0.023200,0.083200,0.004500,0.036256,0.012288,0.008544,0.010464,0.001248,1,4,48,0,1
3181,0.157500,0.161800,0.006400,0.041000,0.032800,0.072900,0.004200,0.036160,0.011168,0.008256,0.010208,0.001312,1,4,48,0,1
3182,0.134400,0.176300,0.006400,0.033900,0.027000,0.062500,0.004100,0.035520,0.013632,0.008416,0.010400,0.001280,1,4,48,0,1
3183,0.135700,0.152300,0.006200,0.035500,0.025700,0.063900,0.004100,0.035488,0.011200,0.008416,0.010176,0.001312,1,4,48,0,1
3184,0.134100,0.153600,0.006300,0.034300,0.025700,0.063700,0.004000,0.035520,0.011232,0.008448,0.010208,0.001248,1,4,48,0,1
3185,0.290200,0.152100,0.006200,0.034100,0.025500,0.219900,0.004200,0.035328,0.011168,0.008288,0.010176,0.001312,1,4,48,0,1
3186,0.137400,0.305100,0.006300,0.035800,0.027700,0.064400,0.003100,0.035712,0.013728,0.008544,0.010336,0.001344,1,4,48,0,1
3187,0.126800,0.150900,0.005000,0.034300,0.023700,0.060200,0.003100,0.035520,0.011168,0.008384,0.010272,0.001280,1,4,48,0,1
3188,0.119900,0.139900,0.005300,0.028400,0.024200,0.058800,0.003100,0.035840,0.012320,0.008576,0.010400,0.001344,1,4,48,0,1
3189,0.119000,0.133100,0.004900,0.028200,0.023200,0.059500,0.003000,0.035488,0.012256,0.008288,0.010400,0.001280,1,4,48,0,1
3190,0.116000,0.132200,0.004900,0.027800,0.023100,0.057000,0.003200,0.035552,0.011168,0.008448,0.010272,0.001280,1,4,48,0,1
3191,0.116700,0.129000,0.004900,0.027900,0.023000,0.057900,0.003000,0.035360,0.011104,0.008416,0.010272,0.001184,1,4,48,0,1
3192,0.118400,0.129700,0.005100,0.027900,0.023600,0.058600,0.003100,0.037568,0.011232,0.008416,0.010400,0.001248,1,4,48,0,1
3193,0.116900,0.131700,0.005000,0.027900,0.022800,0.058100,0.003000,0.037792,0.013728,0.008608,0.010304,0.001344,1,4,48,0,1
3194,0.116500,0.129800,0.004800,0.027700,0.022700,0.058100,0.003000,0.035584,0.011136,0.008608,0.010208,0.001216,1,4,48,0,1
3195,0.117600,0.129300,0.004800,0.028200,0.022400,0.059000,0.003000,0.035648,0.011200,0.008480,0.010272,0.001312,1,4,48,0,1
3196,0.116900,0.130500,0.005000,0.028100,0.022800,0.057800,0.003000,0.035488,0.011904,0.008320,0.010432,0.001248,1,4,48,0,1
3197,0.148100,0.130200,0.034400,0.028500,0.023200,0.058900,0.003100,0.035520,0.011136,0.008480,0.010208,0.001248,1,4,48,0,1
3198,0.157500,0.161600,0.005100,0.028000,0.022700,0.099900,0.001800,0.035680,0.011200,0.008640,0.010176,0.001280,1,4,48,0,1
3199,0.118700,0.171100,0.005000,0.028300,0.023400,0.058800,0.003000,0.035552,0.011264,0.008384,0.010240,0.001248,1,4,48,0,1
3200,0.122700,0.131700,0.004900,0.027900,0.023400,0.063400,0.003100,0.035680,0.011232,0.008480,0.010240,0.001312,1,4,48,0,1
3201,0.117700,0.135900,0.005400,0.027700,0.023500,0.058500,0.002500,0.035648,0.013664,0.008512,0.010432,0.001280,1,4,48,0,1
3202,0.116300,0.130800,0.005200,0.027800,0.023300,0.057900,0.001900,0.037248,0.013760,0.008480,0.010240,0.001312,1,4,48,0,1
3203,0.115500,0.129400,0.005000,0.028200,0.022900,0.057300,0.001900,0.037600,0.011136,0.008448,0.010272,0.001312,1,4,48,0,1
3204,0.117000,0.128500,0.005200,0.027800,0.023100,0.058400,0.002500,0.037600,0.011168,0.008544,0.010400,0.001376,1,4,48,0,1
3205,0.122800,0.130100,0.004900,0.027700,0.023500,0.063200,0.003400,0.035520,0.013600,0.008512,0.010400,0.001184,1,4,48,0,1
3206,0.121100,0.136500,0.005400,0.029800,0.023700,0.059100,0.003000,0.035552,0.013696,0.008320,0.010432,0.001312,1,4,48,0,1
3207,0.118000,0.134300,0.005000,0.027700,0.023400,0.058400,0.003100,0.036352,0.011200,0.008512,0.010272,0.001344,1,4,48,0,1
3208,0.117000,0.131000,0.004800,0.027800,0.022900,0.058400,0.003000,0.035552,0.011168,0.008480,0.010208,0.001312,1,4,48,0,1
3209,0.118000,0.130200,0.005400,0.027600,0.023100,0.058600,0.003100,0.035552,0.011200,0.008384,0.010240,0.001376,1,4,48,0,1
3210,0.118200,0.131300,0.005200,0.027900,0.023200,0.058700,0.003100,0.035680,0.012192,0.008608,0.010432,0.001248,1,4,48,0,1
3211,0.116900,0.131200,0.005100,0.027800,0.023000,0.057900,0.003000,0.035520,0.011136,0.008448,0.010176,0.001344,1,4,48,0,1
3212,0.117400,0.129800,0.005000,0.027900,0.022900,0.058300,0.003000,0.035584,0.011200,0.008448,0.010208,0.001344,1,4,48,0,1
3213,0.121400,0.130400,0.005000,0.028100,0.023000,0.062100,0.003200,0.035584,0.011200,0.008480,0.010240,0.001280,1,4,48,0,1
3214,0.117900,0.134600,0.005100,0.028400,0.023200,0.057800,0.003000,0.035584,0.011200,0.008384,0.010240,0.001344,1,4,48,0,1
3215,0.117100,0.130900,0.005100,0.027800,0.022900,0.058100,0.003000,0.035392,0.011200,0.008256,0.010304,0.001280,1,4,48,0,1
3216,0.117600,0.130000,0.005400,0.027500,0.023200,0.058100,0.003100,0.035520,0.011168,0.008352,0.010240,0.001376,1,4,48,0,1
3217,0.116200,0.130400,0.004800,0.027500,0.022700,0.058100,0.003100,0.035712,0.011232,0.008480,0.010208,0.001344,1,4,48,0,1
3218,0.117300,0.129600,0.004800,0.027900,0.023100,0.058200,0.003000,0.035744,0.011168,0.008576,0.010272,0.001344,1,4,48,0,1
3219,0.117500,0.130100,0.004900,0.027400,0.023100,0.058700,0.003200,0.035456,0.011200,0.008352,0.010208,0.001280,1,4,48,0,1
3220,0.116400,0.130500,0.004900,0.027800,0.023200,0.057400,0.003000,0.036224,0.011232,0.008384,0.010176,0.001184,1,4,48,0,1
3221,0.124400,0.129600,0.005500,0.027900,0.020700,0.066900,0.003300,0.036160,0.011136,0.008352,0.010240,0.001344,1,4,48,0,1
3222,0.126700,0.137800,0.004900,0.028400,0.029400,0.060700,0.003100,0.036384,0.010784,0.008576,0.010272,0.001216,1,4,48,0,1
3223,0.116600,0.139600,0.004900,0.028600,0.023000,0.058100,0.001900,0.035744,0.011264,0.008544,0.010208,0.001312,1,4,48,0,1
3224,0.116600,0.129500,0.005000,0.028300,0.024000,0.057400,0.001800,0.035744,0.011168,0.008544,0.010240,0.001376,1,4,48,0,1
3225,0.119000,0.129700,0.005100,0.028300,0.023600,0.058900,0.003100,0.035584,0.012192,0.008352,0.010432,0.001312,1,4,48,0,1
3226,0.116000,0.132000,0.005400,0.027600,0.022900,0.057500,0.002200,0.037664,0.013696,0.008480,0.010240,0.001280,1,4,48,0,1
3227,0.118400,0.129100,0.005100,0.028100,0.022300,0.059800,0.003000,0.037600,0.013760,0.008576,0.010240,0.001344,1,4,48,0,1
3228,0.122600,0.131300,0.005100,0.027700,0.023200,0.063400,0.003100,0.035552,0.012192,0.008480,0.010432,0.001216,1,4,48,0,1
3229,0.118900,0.135900,0.005000,0.028400,0.023200,0.059100,0.003100,0.037344,0.013696,0.008448,0.010208,0.001280,1,4,48,0,1
3230,0.116100,0.132200,0.004900,0.027900,0.022800,0.058600,0.001900,0.035648,0.011200,0.008480,0.010304,0.001280,1,4,48,0,1
3231,0.116600,0.129300,0.004900,0.027900,0.023100,0.057500,0.003100,0.037600,0.011232,0.008288,0.010400,0.001376,1,4,48,0,1
3232,0.116400,0.129800,0.004900,0.027800,0.023000,0.057700,0.003000,0.037408,0.011264,0.008448,0.010368,0.001216,1,4,48,0,1
3233,0.116000,0.129400,0.004800,0.027700,0.022700,0.057800,0.003000,0.035840,0.012192,0.008672,0.010368,0.001344,1,4,48,0,1
3234,0.117600,0.129100,0.005300,0.027900,0.022900,0.058300,0.003000,0.035648,0.011168,0.008448,0.010240,0.001376,1,4,48,0,1
3235,0.116400,0.130400,0.005000,0.027500,0.022700,0.058100,0.003100,0.035648,0.013664,0.008448,0.010432,0.001312,1,4,48,0,1
3236,0.117000,0.129600,0.005500,0.027600,0.022400,0.058300,0.003100,0.035584,0.011168,0.008480,0.010240,0.001344,1,4,48,0,1
3237,0.116100,0.129800,0.005000,0.027700,0.022700,0.057600,0.003000,0.035392,0.011200,0.008224,0.010240,0.001280,1,4,48,0,1
3238,0.116900,0.129000,0.005300,0.027600,0.022600,0.058300,0.003000,0.035680,0.011200,0.008576,0.010208,0.001312,1,4,48,0,1
3239,0.116600,0.130000,0.005500,0.027600,0.022600,0.057700,0.003000,0.035488,0.011136,0.008416,0.010208,0.001280,1,4,48,0,1
3240,0.117500,0.129700,0.005500,0.027500,0.022800,0.058500,0.003000,0.037824,0.013728,0.008672,0.010176,0.001280,1,4,48,0,1
3241,0.117800,0.130700,0.005400,0.027900,0.022900,0.058500,0.003000,0.035392,0.011232,0.008192,0.010272,0.001248,1,4,48,0,1
3242,0.116600,0.131200,0.005100,0.027900,0.022800,0.057700,0.003000,0.037344,0.011328,0.008352,0.010400,0.001216,1,4,48,0,1
3243,0.115100,0.129700,0.004800,0.027600,0.022300,0.057300,0.003000,0.035424,0.011200,0.008384,0.010240,0.001280,1,4,48,0,1
3244,0.122500,0.128000,0.004900,0.033000,0.023300,0.058000,0.003200,0.035520,0.011168,0.008448,0.010176,0.001280,1,4,48,0,1
3245,0.115600,0.135900,0.004900,0.027700,0.022800,0.056900,0.003000,0.035552,0.011200,0.008448,0.010272,0.001280,1,4,48,0,1
3246,0.115700,0.128600,0.004900,0.027800,0.022700,0.057100,0.003000,0.035648,0.013792,0.008416,0.010400,0.001248,1,4,48,0,1
3247,0.115600,0.128700,0.004800,0.027600,0.023100,0.057000,0.003000,0.037728,0.011264,0.008352,0.010400,0.001344,1,4,48,0,1
3248,0.114400,0.128600,0.004800,0.027400,0.022900,0.057000,0.002200,0.035520,0.011232,0.008416,0.010208,0.001248,1,4,48,0,1
3249,0.115500,0.127300,0.005200,0.027800,0.023100,0.057100,0.002100,0.035936,0.011168,0.008320,0.010208,0.001376,1,4,48,0,1
3250,0.115300,0.128600,0.004900,0.027500,0.023100,0.056700,0.003000,0.035520,0.011136,0.008544,0.010176,0.001280,1,4,48,0,1
3251,0.115800,0.128200,0.005000,0.027700,0.022600,0.057400,0.002900,0.035328,0.011136,0.008288,0.010272,0.001184,1,4,48,0,1
3252,0.116900,0.128700,0.005200,0.027700,0.023000,0.057900,0.003000,0.035552,0.011136,0.008544,0.010240,0.001248,1,4,48,0,1
3253,0.116400,0.130300,0.005100,0.027600,0.022500,0.058100,0.003000,0.037504,0.013600,0.008416,0.010272,0.001280,1,4,48,0,1
3254,0.117000,0.129500,0.004800,0.027600,0.023000,0.058400,0.003000,0.035488,0.012224,0.008384,0.010368,0.001312,1,4,48,0,1
3255,0.117000,0.129900,0.004700,0.027500,0.022900,0.058600,0.003100,0.035520,0.011168,0.008480,0.010176,0.001312,1,4,48,0,1
3256,0.117700,0.129800,0.004700,0.027800,0.023400,0.058600,0.003000,0.035840,0.011232,0.008608,0.010272,0.001344,1,4,48,0,1
3257,0.117600,0.130700,0.004800,0.028000,0.023100,0.058500,0.003000,0.035584,0.011200,0.008416,0.010240,0.001344,1,4,48,0,1
3258,0.117300,0.130700,0.005000,0.027900,0.022400,0.058800,0.003000,0.035712,0.012192,0.008608,0.010368,0.001312,1,4,48,0,1
3259,0.122200,0.130300,0.005000,0.027600,0.022600,0.063700,0.003000,0.035328,0.011136,0.008320,0.010208,0.001248,1,4,48,0,1
3260,0.118900,0.135600,0.005400,0.028500,0.023000,0.059000,0.003000,0.037632,0.011168,0.008416,0.010368,0.001344,1,4,48,0,1
3261,0.116700,0.132000,0.005200,0.027800,0.022600,0.057800,0.002900,0.037632,0.011200,0.008384,0.010464,0.001280,1,4,48,0,1
3262,0.116600,0.129900,0.004800,0.028000,0.022700,0.057900,0.003000,0.035488,0.011200,0.008416,0.010240,0.001184,1,4,48,0,1
3263,0.116900,0.129800,0.004900,0.027700,0.022800,0.058000,0.003400,0.037824,0.011200,0.008512,0.010432,0.001376,1,4,48,0,1
3264,0.117300,0.129900,0.005000,0.027600,0.022900,0.058600,0.003000,0.035520,0.011200,0.008448,0.010208,0.001280,1,4,48,0,1
3265,0.116800,0.130500,0.004900,0.027900,0.022800,0.058100,0.003000,0.035680,0.011232,0.008544,0.010208,0.001312,1,4,48,0,1
3266,0.147800,0.129900,0.005000,0.027700,0.022800,0.086700,0.005500,0.035488,0.011136,0.008544,0.010208,0.001216,1,4,48,0,1
3267,0.110500,0.160900,0.005100,0.027800,0.020800,0.055000,0.001800,0.035584,0.013664,0.008512,0.010368,0.001280,1,4,48,0,1
3268,0.115300,0.123500,0.005000,0.027300,0.019900,0.061100,0.001800,0.035232,0.010752,0.008320,0.010240,0.001344,1,4,48,0,1
3269,0.116000,0.128300,0.005100,0.027300,0.020700,0.057900,0.004800,0.036000,0.011200,0.008256,0.010304,0.001216,1,4,48,0,1
3270,0.121100,0.129200,0.005200,0.027400,0.020500,0.064200,0.003600,0.037600,0.011232,0.008416,0.010304,0.001344,1,4,48,0,1
3271,0.117400,0.134100,0.004900,0.027900,0.021400,0.059800,0.003200,0.036448,0.010816,0.008288,0.010240,0.001344,1,4,48,0,1
3272,0.119000,0.130500,0.005000,0.027800,0.023800,0.059200,0.003000,0.035552,0.011200,0.008384,0.010272,0.001280,1,4,48,0,1
3273,0.121800,0.132200,0.008100,0.028200,0.023200,0.058700,0.003600,0.035392,0.011168,0.008320,0.010208,0.001280,1,4,48,0,1
3274,0.124100,0.135300,0.005100,0.027800,0.023100,0.064400,0.003500,0.035456,0.013664,0.008352,0.010400,0.001312,1,4,48,0,1
3275,0.118900,0.137800,0.005400,0.028600,0.023300,0.059100,0.002400,0.036064,0.011136,0.008224,0.010240,0.001344,1,4,48,0,1
3276,0.117200,0.132300,0.005000,0.027900,0.022800,0.058400,0.003000,0.037696,0.013728,0.008480,0.010240,0.001344,1,4,48,0,1
3277,0.126100,0.130200,0.005300,0.037700,0.023100,0.058000,0.001900,0.035456,0.011168,0.008416,0.010240,0.001280,1,4,48,0,1
3278,0.186600,0.139300,0.005100,0.028300,0.023100,0.122700,0.007300,0.035712,0.013664,0.008576,0.010400,0.001344,1,4,48,0,1
3279,0.157600,0.202600,0.006100,0.037800,0.028800,0.080300,0.004400,0.036128,0.011200,0.008512,0.010208,0.001216,1,4,48,0,1
3280,0.141600,0.175300,0.007200,0.038900,0.028300,0.064900,0.002200,0.036480,0.011104,0.008640,0.010240,0.001344,1,4,48,0,1
3281,0.167200,0.155600,0.005500,0.029100,0.024600,0.101600,0.006200,0.035872,0.012256,0.008608,0.010400,0.001376,1,4,48,0,1
3282,0.165900,0.182700,0.006000,0.036300,0.027500,0.092300,0.003700,0.035616,0.013696,0.008352,0.010464,0.001344,1,4,48,0,1
3283,0.171500,0.180100,0.005400,0.031100,0.025100,0.103900,0.005900,0.035712,0.011264,0.008352,0.010272,0.001376,1,4,48,0,1
3284,0.142900,0.187500,0.006200,0.037600,0.028900,0.066600,0.003400,0.035968,0.011168,0.008544,0.010272,0.001152,1,4,48,0,1
3285,0.124300,0.157200,0.005700,0.029700,0.024800,0.060900,0.003200,0.037536,0.013632,0.008448,0.010208,0.001280,1,4,48,0,1
3286,0.120400,0.137700,0.006000,0.028600,0.023200,0.060100,0.002100,0.035584,0.011232,0.008480,0.010240,0.001280,1,4,48,0,1
3287,0.118400,0.133800,0.005100,0.028300,0.023600,0.059300,0.002000,0.035616,0.011136,0.008544,0.010208,0.001312,1,4,48,0,1
3288,0.122200,0.131500,0.005500,0.028300,0.023700,0.060000,0.004400,0.035424,0.011232,0.008320,0.010176,0.001312,1,4,48,0,1
3289,0.119900,0.136500,0.005000,0.028400,0.023800,0.060100,0.002500,0.036928,0.013728,0.008352,0.010240,0.001344,1,4,48,0,1
3290,0.119500,0.133500,0.005200,0.028300,0.023400,0.059500,0.003100,0.035584,0.013632,0.008512,0.010400,0.001280,1,4,48,0,1
3291,0.118500,0.132800,0.005000,0.028500,0.023600,0.058000,0.003200,0.035616,0.013664,0.008384,0.010432,0.001376,1,4,48,0,1
3292,0.118400,0.132100,0.005300,0.028400,0.023400,0.057900,0.003100,0.037312,0.013728,0.008384,0.010240,0.001408,1,4,48,0,1
3293,0.117600,0.131600,0.005400,0.028300,0.023300,0.058000,0.002400,0.035648,0.011200,0.008448,0.010240,0.001376,1,4,48,0,1
3294,0.124600,0.131300,0.005000,0.028500,0.024900,0.064300,0.001900,0.036768,0.011168,0.008512,0.010240,0.001344,1,4,48,0,1
3295,0.169900,0.138500,0.005200,0.040000,0.029600,0.093100,0.001900,0.035712,0.013728,0.008480,0.010432,0.001312,1,4,48,0,1
3296,0.149600,0.190000,0.007600,0.042400,0.027600,0.069600,0.002400,0.035584,0.011328,0.008352,0.010208,0.001312,1,4,48,0,1
3297,0.123900,0.164200,0.005600,0.030300,0.025500,0.059800,0.002400,0.036288,0.011040,0.008512,0.010304,0.001344,1,4,48,0,1
3298,0.166100,0.137600,0.004900,0.073700,0.024800,0.060100,0.002400,0.037536,0.011168,0.008384,0.010368,0.001312,1,4,48,0,1
3299,0.119000,0.180000,0.005300,0.028400,0.023600,0.058100,0.003200,0.037696,0.011200,0.008384,0.010400,0.001344,1,4,48,0,1
3300,0.124700,0.132300,0.005100,0.028200,0.023900,0.064200,0.003000,0.037440,0.011136,0.008320,0.010336,0.001312,1,4,48,0,1
3301,0.117800,0.138400,0.005200,0.028200,0.024100,0.058400,0.001900,0.036032,0.011104,0.008128,0.010304,0.001280,1,4,48,0,1
3302,0.117400,0.130900,0.005000,0.028200,0.023500,0.057500,0.003000,0.035584,0.011200,0.008416,0.010272,0.001344,1,4,48,0,1
3303,0.121800,0.130600,0.007100,0.029700,0.023000,0.058900,0.003100,0.035520,0.011168,0.008512,0.010144,0.001312,1,4,48,0,1
3304,0.117900,0.135000,0.005200,0.028200,0.022900,0.059000,0.002500,0.035680,0.011264,0.008544,0.010240,0.001280,1,4,48,0,1
3305,0.117900,0.131000,0.005100,0.028400,0.021600,0.059400,0.003200,0.036736,0.011136,0.008320,0.010304,0.001312,1,4,48,0,1
3306,0.119500,0.131200,0.005100,0.028300,0.023500,0.059200,0.003000,0.037664,0.011168,0.008512,0.010432,0.001280,1,4,48,0,1
3307,0.117700,0.132500,0.005100,0.028000,0.022700,0.058600,0.003100,0.035584,0.011264,0.008416,0.010208,0.001344,1,4,48,0,1
3308,0.118000,0.130700,0.005000,0.028000,0.022700,0.059900,0.002300,0.036704,0.012192,0.008512,0.010400,0.001344,1,4,48,0,1
3309,0.110600,0.131100,0.005000,0.027800,0.020300,0.055600,0.001800,0.035936,0.011232,0.008416,0.010304,0.001344,1,4,48,0,1
3310,0.207800,0.123600,0.005000,0.027800,0.023900,0.066800,0.084200,0.037792,0.011168,0.008736,0.010432,0.001344,1,4,48,0,1
3311,0.133900,0.221600,0.005400,0.030000,0.023100,0.071600,0.003500,0.035488,0.012224,0.008320,0.010432,0.001280,1,4,48,0,1
3312,0.129100,0.147200,0.005200,0.028000,0.031100,0.061400,0.003000,0.036320,0.010848,0.008416,0.010176,0.001312,1,4,48,0,1
3313,0.125000,0.142100,0.005100,0.028100,0.023700,0.064800,0.003100,0.037952,0.011296,0.008576,0.010432,0.001344,1,4,48,0,1
3314,0.117500,0.138100,0.005200,0.027800,0.023100,0.058000,0.003000,0.037632,0.011136,0.008320,0.010464,0.001344,1,4,48,0,1
3315,0.118500,0.130400,0.005200,0.028300,0.023000,0.058700,0.003000,0.035552,0.011168,0.008480,0.010240,0.001248,1,4,48,0,1
3316,0.118100,0.131900,0.004800,0.027700,0.022900,0.059400,0.003000,0.035488,0.011136,0.008384,0.010240,0.001344,1,4,48,0,1
3317,0.118800,0.131100,0.005200,0.028100,0.023200,0.059000,0.003200,0.035648,0.012320,0.008448,0.010400,0.001280,1,4,48,0,1
3318,0.120200,0.131900,0.005200,0.028700,0.023300,0.059600,0.003000,0.035392,0.011200,0.008256,0.010240,0.001344,1,4,48,0,1
3319,0.118900,0.133300,0.005000,0.028400,0.023100,0.059100,0.003200,0.037376,0.011264,0.008320,0.010432,0.001312,1,4,48,0,1
3320,0.118700,0.132100,0.005300,0.028100,0.022700,0.059100,0.003100,0.037696,0.013760,0.008448,0.010208,0.001344,1,4,48,0,1
3321,0.119500,0.131900,0.005100,0.028400,0.023500,0.059200,0.003000,0.035584,0.011200,0.008448,0.010208,0.001312,1,4,48,0,1
3322,0.118100,0.132500,0.004800,0.028000,0.023000,0.059100,0.003100,0.037472,0.011200,0.008352,0.010432,0.001376,1,4,48,0,1
3323,0.123000,0.131400,0.005000,0.027900,0.022600,0.064200,0.003200,0.035616,0.011168,0.008384,0.010272,0.001376,1,4,48,0,1
3324,0.120400,0.136400,0.005200,0.028700,0.023300,0.060000,0.003100,0.035520,0.011200,0.008544,0.010240,0.001280,1,4,48,0,1
3325,0.118000,0.133500,0.004900,0.028200,0.023100,0.058500,0.003100,0.035296,0.011136,0.008192,0.010272,0.001344,1,4,48,0,1
3326,0.117700,0.131200,0.005100,0.028000,0.022800,0.058600,0.003200,0.035616,0.011168,0.008512,0.010208,0.001312,1,4,48,0,1
3327,0.117200,0.130800,0.005100,0.028000,0.022500,0.058300,0.003100,0.035328,0.011200,0.008352,0.010208,0.001280,1,4,48,0,1
3328,0.118000,0.130200,0.005000,0.028000,0.023100,0.058700,0.003000,0.035776,0.011200,0.008576,0.010240,0.001312,1,4,48,0,1
3329,0.119000,0.131100,0.005500,0.028000,0.023200,0.059200,0.003000,0.035712,0.011168,0.008576,0.010240,0.001344,1,4,48,0,1
3330,0.118100,0.132200,0.005200,0.028100,0.023000,0.058600,0.003100,0.037632,0.011104,0.008448,0.010400,0.001344,1,4,48,0,1
3331,0.118500,0.131300,0.005000,0.028000,0.023000,0.059300,0.003100,0.035520,0.011104,0.008480,0.010176,0.001344,1,4,48,0,1
3332,0.121800,0.131400,0.005500,0.027700,0.022800,0.062500,0.003100,0.037568,0.013664,0.008512,0.010240,0.001344,1,4,48,0,1
3333,0.117700,0.134700,0.004800,0.027800,0.023400,0.058500,0.003100,0.035552,0.011168,0.008448,0.010208,0.001312,1,4,48,0,1
3334,0.118000,0.130800,0.005200,0.027800,0.022800,0.059100,0.003000,0.035552,0.011136,0.008512,0.010176,0.001312,1,4,48,0,1
3335,0.117000,0.131300,0.005000,0.028000,0.022500,0.058300,0.003000,0.035616,0.011168,0.008480,0.010240,0.001312,1,4,48,0,1
3336,0.118100,0.130200,0.005400,0.028000,0.022700,0.058800,0.003000,0.035648,0.011168,0.008512,0.010176,0.001344,1,4,48,0,1
3337,0.118100,0.131200,0.005200,0.027800,0.022800,0.059000,0.003100,0.037568,0.011168,0.008288,0.010400,0.001376,1,4,48,0,1
3338,0.117500,0.131100,0.005100,0.027600,0.023200,0.058400,0.003000,0.035488,0.012192,0.008288,0.010432,0.001312,1,4,48,0,1
3339,0.124500,0.130400,0.004800,0.033200,0.023800,0.059500,0.003000,0.037632,0.013632,0.008544,0.010208,0.001344,1,4,48,0,1
3340,0.122100,0.137900,0.004700,0.027900,0.022700,0.063600,0.003000,0.035584,0.011136,0.008512,0.010144,0.001344,1,4,48,0,1
3341,0.117900,0.135300,0.005200,0.027700,0.023100,0.058600,0.003000,0.035360,0.011168,0.008288,0.010208,0.001312,1,4,48,0,1
3342,0.116700,0.130900,0.004900,0.027600,0.022600,0.058200,0.003100,0.035648,0.011200,0.008384,0.010336,0.001344,1,4,48,0,1
3343,0.117400,0.129800,0.004900,0.027700,0.022600,0.058800,0.003100,0.035392,0.011136,0.008384,0.010176,0.001248,1,4,48,0,1
3344,0.117300,0.130200,0.004900,0.027600,0.022700,0.059000,0.003000,0.035584,0.011200,0.008416,0.010208,0.001344,1,4,48,0,1
3345,0.117100,0.130400,0.005100,0.027800,0.022500,0.058400,0.003000,0.035552,0.011232,0.008448,0.010208,0.001216,1,4,48,0,1
3346,0.116300,0.130400,0.004600,0.027600,0.022700,0.058200,0.003100,0.035776,0.011232,0.008544,0.010304,0.001344,1,4,48,0,1
3347,0.117800,0.129200,0.005300,0.027700,0.023000,0.058500,0.003100,0.035488,0.011168,0.008384,0.010240,0.001280,1,4,48,0,1
3348,0.117500,0.130900,0.005300,0.028000,0.022700,0.058400,0.003000,0.035648,0.011840,0.008448,0.010400,0.001376,1,4,48,0,1
3349,0.117100,0.130600,0.005000,0.027800,0.022800,0.058100,0.003100,0.035488,0.011072,0.008448,0.010240,0.001280,1,4,48,0,1
3350,0.117200,0.130000,0.005100,0.027900,0.022500,0.058500,0.003100,0.035648,0.011200,0.008480,0.010208,0.001376,1,4,48,0,1
3351,0.117400,0.130200,0.004900,0.027700,0.023000,0.058700,0.003000,0.035552,0.011232,0.008448,0.010176,0.001280,1,4,48,0,1
3352,0.117300,0.130400,0.004800,0.028000,0.022800,0.058500,0.003000,0.035680,0.011168,0.008544,0.010176,0.001344,1,4,48,0,1
3353,0.116500,0.130200,0.005200,0.027800,0.022800,0.058600,0.001900,0.037664,0.011232,0.008448,0.010272,0.001280,1,4,48,0,1
3354,0.118500,0.129500,0.005100,0.027500,0.027200,0.056700,0.001800,0.035616,0.012256,0.008448,0.010336,0.001376,1,4,48,0,1
3355,0.178000,0.131800,0.004800,0.028000,0.022100,0.057700,0.065200,0.036736,0.010688,0.008448,0.010336,0.001376,1,4,48,0,1
3356,0.133600,0.191400,0.005200,0.029500,0.022200,0.072700,0.003400,0.036704,0.011136,0.008512,0.010368,0.001408,1,4,48,0,1
3357,0.129600,0.146600,0.005200,0.028100,0.032300,0.060800,0.003100,0.036128,0.011136,0.008448,0.010240,0.001344,1,4,48,0,1
3358,0.117300,0.142800,0.005100,0.027700,0.022700,0.058600,0.003100,0.035680,0.011200,0.008608,0.010208,0.001280,1,4,48,0,1
3359,0.117400,0.130400,0.005300,0.027700,0.022900,0.058300,0.003100,0.035776,0.012288,0.008512,0.010368,0.001376,1,4,48,0,1
3360,0.118200,0.130400,0.005200,0.027900,0.023000,0.058700,0.003200,0.035584,0.011264,0.008384,0.010240,0.001344,1,4,48,0,1
3361,0.118100,0.131400,0.005300,0.028000,0.022900,0.058600,0.003100,0.035328,0.011104,0.008384,0.010272,0.001312,1,4,48,0,1
3362,0.120600,0.131300,0.004700,0.027800,0.026300,0.059300,0.002300,0.037536,0.011200,0.008448,0.010176,0.001248,1,4,48,0,1
3363,0.117300,0.133800,0.004900,0.028100,0.023500,0.058900,0.001800,0.035424,0.011232,0.008288,0.010208,0.001312,1,4,48,0,1
3364,0.118000,0.130300,0.005100,0.027900,0.023300,0.058400,0.003200,0.035456,0.011168,0.008416,0.010176,0.001312,1,4,48,0,1
3365,0.118000,0.131100,0.005100,0.028200,0.022800,0.058700,0.003100,0.036576,0.010816,0.008416,0.010176,0.001344,1,4,48,0,1
3366,0.117900,0.131200,0.005200,0.027900,0.022800,0.058600,0.003100,0.037600,0.011200,0.008384,0.010368,0.001312,1,4,48,0,1
3367,0.118200,0.130900,0.005000,0.028100,0.023200,0.058800,0.003000,0.037728,0.011200,0.008576,0.010336,0.001280,1,4,48,0,1
3368,0.117300,0.131400,0.005000,0.027500,0.023000,0.058600,0.003000,0.035648,0.011168,0.008480,0.010240,0.001312,1,4,48,0,1
3369,0.119900,0.135700,0.004900,0.028400,0.023700,0.059700,0.003100,0.035712,0.011200,0.008512,0.010240,0.001344,1,4,48,0,1
3370,0.118000,0.133600,0.004900,0.027900,0.023000,0.059000,0.003100,0.036288,0.011008,0.008512,0.010208,0.001344,1,4,48,0,1
3371,0.117500,0.131000,0.005200,0.027900,0.023100,0.058000,0.003100,0.037536,0.011136,0.008384,0.010400,0.001344,1,4,48,0,1
3372,0.118600,0.130600,0.005100,0.028000,0.023400,0.058700,0.003100,0.035744,0.011168,0.008608,0.010240,0.001344,1,4,48,0,1
3373,0.117100,0.131700,0.004900,0.028000,0.022800,0.058000,0.003100,0.035488,0.011232,0.008384,0.010240,0.001248,1,4,48,0,1
3374,0.118100,0.130200,0.004700,0.028000,0.023100,0.059000,0.003000,0.035744,0.011200,0.008576,0.010240,0.001344,1,4,48,0,1
3375,0.117500,0.131300,0.004900,0.027900,0.023200,0.058200,0.003200,0.035552,0.011104,0.008512,0.010272,0.001280,1,4,48,0,1
3376,0.116000,0.130600,0.004900,0.028000,0.023200,0.057300,0.002500,0.035680,0.011264,0.008576,0.010240,0.001248,1,4,48,0,1
3377,0.117700,0.129000,0.005200,0.028000,0.023100,0.058100,0.003000,0.035456,0.011104,0.008416,0.010240,0.001280,1,4,48,0,1
3378,0.129800,0.131400,0.004800,0.028100,0.023200,0.071300,0.002100,0.037440,0.013696,0.008544,0.010208,0.001344,1,4,48,0,1
3379,0.117800,0.143100,0.005200,0.028000,0.023000,0.058500,0.003000,0.035392,0.011104,0.008416,0.010176,0.001312,1,4,48,0,1
3380,0.118400,0.131100,0.005000,0.028000,0.023200,0.059000,0.003100,0.037792,0.011264,0.008480,0.010368,0.001344,1,4,48,0,1
3381,0.118800,0.131700,0.005100,0.027900,0.023400,0.060000,0.001900,0.037472,0.011168,0.008224,0.010464,0.001344,1,4,48,0,1
3382,0.117900,0.131800,0.004800,0.027900,0.022600,0.059200,0.003100,0.037472,0.013664,0.008448,0.010240,0.001344,1,4,48,0,1
3383,0.118000,0.131300,0.005100,0.028000,0.023000,0.058700,0.003100,0.035456,0.011168,0.008320,0.010208,0.001344,1,4,48,0,1
3384,0.124800,0.131000,0.005300,0.033500,0.023700,0.059000,0.003100,0.035680,0.011232,0.008480,0.010240,0.001280,1,4,48,0,1
3385,0.239900,0.138200,0.004900,0.028200,0.023100,0.179300,0.004200,0.035648,0.011168,0.008512,0.010208,0.001344,1,4,48,0,1
3386,0.125100,0.253700,0.005400,0.030500,0.024800,0.061100,0.003100,0.037536,0.013728,0.008416,0.010176,0.001312,1,4,48,0,1
3387,0.116400,0.138200,0.005000,0.027800,0.023400,0.058000,0.002200,0.035808,0.012288,0.008512,0.010400,0.001344,1,4,48,0,1
3388,0.116900,0.129500,0.005000,0.028000,0.023400,0.058600,0.001800,0.035552,0.011136,0.008480,0.010208,0.001312,1,4,48,0,1
3389,0.119000,0.130000,0.005400,0.028200,0.023400,0.058700,0.003100,0.035488,0.011232,0.008416,0.010272,0.001216,1,4,48,0,1
3390,0.180200,0.132000,0.005000,0.027800,0.049300,0.093600,0.004300,0.037408,0.011296,0.008352,0.010368,0.001344,1,4,48,0,1
3391,0.202500,0.199500,0.006700,0.038600,0.029500,0.122300,0.005200,0.037472,0.013696,0.008352,0.010208,0.001312,1,4,48,0,1
3392,0.168300,0.216900,0.005700,0.036100,0.028100,0.082500,0.015800,0.035680,0.013696,0.008416,0.010400,0.001408,1,4,48,0,1
3393,0.139800,0.182700,0.005300,0.030900,0.025700,0.073900,0.003900,0.035968,0.011200,0.008416,0.010176,0.001280,1,4,48,0,1
3394,0.141800,0.155600,0.006100,0.037600,0.028900,0.065800,0.003300,0.035520,0.011264,0.008416,0.010176,0.001248,1,4,48,0,1
3395,0.341300,0.155700,0.005200,0.029700,0.024700,0.278100,0.003400,0.035712,0.012256,0.008576,0.010368,0.001312,1,4,48,0,1
3396,0.124900,0.355100,0.005800,0.030400,0.025600,0.059900,0.003100,0.037760,0.011136,0.008512,0.010272,0.001344,1,4,48,0,1
3397,0.120100,0.138200,0.005000,0.028600,0.024100,0.060400,0.001900,0.035552,0.011168,0.008448,0.010208,0.001344,1,4,48,0,1
3398,0.116800,0.133900,0.005200,0.028100,0.023300,0.058000,0.002100,0.035776,0.011264,0.008640,0.010208,0.001280,1,4,48,0,1
3399,0.122500,0.130500,0.005200,0.027900,0.027700,0.058400,0.003100,0.037664,0.011136,0.008320,0.010496,0.001312,1,4,48,0,1
3400,0.122500,0.135600,0.005200,0.028100,0.023200,0.062700,0.003000,0.035616,0.011264,0.008384,0.010208,0.001344,1,4,48,0,1
3401,0.240100,0.135700,0.005400,0.028300,0.023200,0.181100,0.001800,0.037568,0.011200,0.008256,0.010400,0.001376,1,4,48,0,1
3402,0.179200,0.254200,0.005300,0.030000,0.024100,0.117600,0.001800,0.035488,0.010976,0.008512,0.010144,0.001280,1,4,48,0,1
3403,0.124000,0.193300,0.005300,0.030700,0.024700,0.060500,0.002700,0.035552,0.011168,0.008352,0.010240,0.001376,1,4,48,0,1
3404,0.118200,0.137300,0.005400,0.028700,0.023500,0.057800,0.002500,0.035712,0.012096,0.008512,0.010368,0.001344,1,4,48,0,1
3405,0.117400,0.131400,0.005200,0.030600,0.023200,0.056200,0.002100,0.035712,0.013760,0.008384,0.010400,0.001376,1,4,48,0,1
3406,0.120100,0.130600,0.004900,0.027800,0.023700,0.060400,0.003200,0.036512,0.010784,0.008448,0.010208,0.001312,1,4,48,0,1
3407,0.118100,0.133400,0.005000,0.028400,0.022700,0.058800,0.003000,0.035488,0.012128,0.008544,0.010336,0.001280,1,4,48,0,1
3408,0.120100,0.131200,0.005200,0.029500,0.023200,0.059000,0.003000,0.035712,0.011232,0.008544,0.010208,0.001312,1,4,48,0,1
3409,0.121300,0.133400,0.005100,0.027800,0.026700,0.059700,0.001800,0.035392,0.011200,0.008480,0.010208,0.001312,1,4,48,0,1
3410,0.116900,0.134500,0.005000,0.028300,0.022900,0.057400,0.003100,0.035584,0.011136,0.008448,0.010272,0.001344,1,4,48,0,1
3411,0.116700,0.130400,0.004700,0.027600,0.023100,0.058200,0.003000,0.037824,0.011200,0.008512,0.010368,0.001344,1,4,48,0,1
3412,0.119200,0.129900,0.004900,0.027800,0.024900,0.058500,0.003000,0.035808,0.011232,0.008544,0.010272,0.001344,1,4,48,0,1
3413,0.116600,0.132800,0.005200,0.027600,0.022700,0.057800,0.003100,0.035936,0.011136,0.008448,0.010176,0.001312,1,4,48,0,1
3414,0.117500,0.129700,0.005300,0.027800,0.022900,0.058000,0.003100,0.035808,0.011200,0.008672,0.010176,0.001344,1,4,48,0,1
3415,0.118000,0.130500,0.005000,0.027900,0.023100,0.058800,0.003000,0.035424,0.012256,0.008480,0.010400,0.001280,1,4,48,0,1
3416,0.119800,0.136800,0.005100,0.028500,0.023400,0.059500,0.003100,0.035520,0.011264,0.008448,0.010208,0.001184,1,4,48,0,1
3417,0.118100,0.133100,0.005100,0.027700,0.023300,0.058800,0.003100,0.037440,0.013632,0.008320,0.010208,0.001344,1,4,48,0,1
3418,0.118100,0.131100,0.005200,0.028000,0.023500,0.058200,0.003200,0.037568,0.013536,0.008416,0.010400,0.001216,1,4,48,0,1
3419,0.118900,0.131200,0.005100,0.027900,0.022700,0.060100,0.003100,0.035456,0.011168,0.008256,0.010272,0.001344,1,4,48,0,1
3420,0.117400,0.132100,0.005000,0.027900,0.022900,0.058400,0.003000,0.035520,0.011104,0.008512,0.010208,0.001280,1,4,48,0,1
3421,0.117200,0.130800,0.005100,0.027800,0.022700,0.058400,0.003000,0.037696,0.011232,0.008480,0.010432,0.001248,1,4,48,0,1
3422,0.118300,0.130400,0.005300,0.028000,0.022900,0.058800,0.003000,0.035520,0.011200,0.008448,0.010272,0.001216,1,4,48,0,1
3423,0.116600,0.131300,0.004900,0.027700,0.023200,0.057500,0.003100,0.035616,0.013664,0.008544,0.010400,0.001280,1,4,48,0,1
3424,0.118500,0.129700,0.005000,0.027600,0.023200,0.059400,0.003100,0.035744,0.011296,0.008448,0.010240,0.001344,1,4,48,0,1
3425,0.118200,0.131600,0.004900,0.027900,0.023000,0.059100,0.003300,0.035552,0.011200,0.008544,0.010208,0.001312,1,4,48,0,1
3426,0.117600,0.131100,0.005400,0.028000,0.022800,0.058100,0.003100,0.035552,0.012288,0.008448,0.010464,0.001184,1,4,48,0,1
3427,0.116500,0.130700,0.004800,0.028000,0.023100,0.057100,0.003100,0.035680,0.013696,0.008512,0.010368,0.001312,1,4,48,0,1
3428,0.117700,0.129600,0.004800,0.027900,0.023200,0.058600,0.003100,0.035712,0.011232,0.008480,0.010208,0.001376,1,4,48,0,1
3429,0.118100,0.130700,0.005100,0.027900,0.023300,0.058600,0.003000,0.035488,0.011136,0.008352,0.010208,0.001344,1,4,48,0,1
3430,0.116400,0.131600,0.005000,0.027600,0.023100,0.057400,0.003200,0.035616,0.011168,0.008512,0.010240,0.001312,1,4,48,0,1
3431,0.124500,0.129700,0.004900,0.033700,0.023500,0.059200,0.003000,0.035360,0.011136,0.008256,0.010240,0.001312,1,4,48,0,1
3432,0.132600,0.137800,0.005100,0.028000,0.023400,0.072900,0.003200,0.035840,0.012224,0.008576,0.010464,0.001312,1,4,48,0,1
3433,0.127400,0.146200,0.004900,0.035700,0.023700,0.059700,0.003100,0.035488,0.012128,0.008256,0.010432,0.001408,1,4,48,0,1
3434,0.117600,0.141000,0.005600,0.027900,0.022800,0.058300,0.003000,0.035584,0.011168,0.008480,0.010176,0.001312,1,4,48,0,1
3435,0.117400,0.130600,0.004700,0.027800,0.023200,0.058400,0.003000,0.035456,0.011200,0.008352,0.010240,0.001280,1,4,48,0,1
3436,0.116800,0.130400,0.004900,0.027800,0.022900,0.058000,0.003100,0.035584,0.011168,0.008480,0.010240,0.001312,1,4,48,0,1
3437,0.117000,0.129800,0.004800,0.028200,0.022800,0.058200,0.003000,0.037536,0.013728,0.008384,0.010176,0.001312,1,4,48,0,1
3438,0.117900,0.130100,0.005300,0.028100,0.023000,0.058400,0.003000,0.035552,0.011072,0.008544,0.010176,0.001312,1,4,48,0,1
3439,0.116200,0.131300,0.005100,0.028400,0.022800,0.057200,0.002600,0.035520,0.012160,0.008384,0.010368,0.001280,1,4,48,0,1
3440,0.114700,0.129100,0.005100,0.028300,0.023400,0.055800,0.001900,0.036032,0.011200,0.008416,0.010240,0.001344,1,4,48,0,1
3441,0.135400,0.128000,0.008400,0.027900,0.025000,0.054200,0.019700,0.037664,0.010784,0.008448,0.010208,0.001376,1,4,48,0,1
3442,0.135100,0.149200,0.004900,0.029500,0.022400,0.074600,0.003400,0.035552,0.013664,0.008448,0.010368,0.001312,1,4,48,0,1
3443,0.127700,0.148300,0.005000,0.028000,0.030400,0.060700,0.003100,0.037024,0.011072,0.008480,0.010272,0.001280,1,4,48,0,1
3444,0.118200,0.140900,0.005000,0.028000,0.023600,0.058600,0.003000,0.035488,0.011168,0.008448,0.010176,0.001280,1,4,48,0,1
3445,0.127100,0.131200,0.005100,0.028400,0.023200,0.067300,0.003100,0.037568,0.011168,0.008384,0.010400,0.001344,1,4,48,0,1
3446,0.118100,0.140300,0.005000,0.028100,0.022900,0.058900,0.003100,0.035616,0.012064,0.008480,0.010368,0.001344,1,4,48,0,1
3447,0.116100,0.131400,0.004800,0.028000,0.022900,0.057100,0.003200,0.035648,0.011232,0.008480,0.010176,0.001376,1,4,48,0,1
3448,0.124300,0.129000,0.004900,0.028000,0.028600,0.059900,0.002600,0.035840,0.011296,0.008704,0.010240,0.001280,1,4,48,0,1
3449,0.117700,0.138000,0.005200,0.029200,0.023800,0.057500,0.001800,0.036128,0.011296,0.008448,0.010304,0.001312,1,4,48,0,1
3450,0.117300,0.131100,0.004700,0.028000,0.023100,0.057900,0.003100,0.035552,0.013728,0.008576,0.010336,0.001152,1,4,48,0,1
3451,0.118000,0.130700,0.004900,0.028100,0.023500,0.058300,0.003100,0.035680,0.011200,0.008640,0.010240,0.001248,1,4,48,0,1
3452,0.117000,0.131000,0.004800,0.028000,0.022900,0.058000,0.003100,0.035552,0.012288,0.008448,0.010400,0.001248,1,4,48,0,1
3453,0.116900,0.130100,0.005000,0.028000,0.022900,0.057800,0.003000,0.035680,0.011232,0.008544,0.010208,0.001280,1,4,48,0,1
3454,0.121200,0.130400,0.004700,0.028000,0.023000,0.062200,0.003200,0.035520,0.011168,0.008512,0.010176,0.001280,1,4,48,0,1
3455,0.118300,0.134500,0.004800,0.028600,0.022900,0.058500,0.003100,0.035616,0.011168,0.008512,0.010176,0.001376,1,4,48,0,1
3456,0.117500,0.131600,0.004800,0.028300,0.023400,0.057900,0.003100,0.035392,0.011168,0.008384,0.010208,0.001312,1,4,48,0,1
3457,0.117300,0.130500,0.004900,0.027900,0.022700,0.058400,0.003000,0.035680,0.011168,0.008544,0.010208,0.001312,1,4,48,0,1
3458,0.117900,0.130500,0.005000,0.027700,0.022700,0.059200,0.003100,0.035584,0.011232,0.008384,0.010304,0.001312,1,4,48,0,1
3459,0.117300,0.131200,0.005100,0.027800,0.023500,0.057700,0.003100,0.035488,0.011840,0.008320,0.010368,0.001344,1,4,48,0,1
3460,0.117400,0.130600,0.004700,0.028000,0.023400,0.058100,0.003200,0.035520,0.011168,0.008416,0.010208,0.001312,1,4,48,0,1
3461,0.119100,0.130500,0.005100,0.028100,0.023400,0.059200,0.003100,0.035680,0.011200,0.008448,0.010208,0.001376,1,4,48,0,1
3462,0.121800,0.132100,0.004900,0.028300,0.026600,0.058700,0.003200,0.037280,0.011200,0.008288,0.010400,0.001280,1,4,48,0,1
3463,0.116500,0.134800,0.004700,0.027400,0.023100,0.058000,0.003100,0.035584,0.011200,0.008480,0.010272,0.001248,1,4,48,0,1
3464,0.116800,0.129500,0.004600,0.027900,0.023000,0.058100,0.003000,0.037568,0.011168,0.008416,0.010400,0.001280,1,4,48,0,1
3465,0.116500,0.129800,0.004700,0.027700,0.022700,0.058300,0.003000,0.037504,0.013728,0.008384,0.010208,0.001312,1,4,48,0,1
3466,0.116600,0.129500,0.004700,0.027800,0.022700,0.058300,0.003000,0.035648,0.011072,0.008544,0.010240,0.001376,1,4,48,0,1
3467,0.116800,0.129600,0.004900,0.027700,0.022600,0.058500,0.003000,0.035456,0.011104,0.008320,0.010208,0.001376,1,4,48,0,1
3468,0.116400,0.130100,0.004900,0.027800,0.022900,0.057700,0.003000,0.035648,0.011168,0.008576,0.010240,0.001312,1,4,48,0,1
3469,0.116300,0.129500,0.004700,0.027700,0.022600,0.058200,0.003000,0.035552,0.011168,0.008512,0.010240,0.001248,1,4,48,0,1
3470,0.123100,0.129200,0.004700,0.033000,0.023300,0.058900,0.003100,0.035456,0.011168,0.008480,0.010240,0.001216,1,4,48,0,1
3471,0.116000,0.136400,0.004600,0.027800,0.022600,0.058000,0.003000,0.035584,0.011168,0.008544,0.010240,0.001344,1,4,48,0,1
3472,0.116900,0.128900,0.004600,0.027700,0.022900,0.058500,0.003000,0.035616,0.011168,0.008512,0.010176,0.001376,1,4,48,0,1
3473,0.166500,0.129800,0.004800,0.028100,0.023000,0.106000,0.004500,0.035616,0.011232,0.008544,0.010208,0.001248,1,4,48,0,1
3474,0.208700,0.185700,0.007400,0.045400,0.036000,0.117500,0.002400,0.036352,0.011200,0.008576,0.010240,0.001344,1,4,48,0,1
3475,0.186800,0.226500,0.006100,0.036600,0.032100,0.109500,0.002400,0.036288,0.011232,0.008544,0.010176,0.001312,1,4,48,0,1
3476,0.172500,0.204100,0.006500,0.037300,0.031000,0.094800,0.002800,0.035648,0.012160,0.008512,0.010368,0.001312,1,4,48,0,1
3477,0.133600,0.188500,0.005600,0.033200,0.028100,0.064600,0.002000,0.035520,0.011136,0.008448,0.010240,0.001312,1,4,48,0,1
3478,0.121300,0.147800,0.005100,0.029600,0.024000,0.059700,0.002300,0.037632,0.013696,0.008608,0.010208,0.001344,1,4,48,0,1
3479,0.118500,0.135000,0.004700,0.028500,0.023700,0.058200,0.003200,0.035584,0.011264,0.008128,0.010240,0.001248,1,4,48,0,1
3480,0.123900,0.132000,0.005300,0.028500,0.028000,0.059300,0.002700,0.036352,0.011264,0.008448,0.010240,0.001376,1,4,48,0,1
3481,0.117800,0.137400,0.004900,0.028600,0.023800,0.058500,0.001900,0.035712,0.013728,0.008512,0.010368,0.001312,1,4,48,0,1
3482,0.154500,0.131100,0.004600,0.028100,0.020900,0.097400,0.003300,0.035520,0.011200,0.008384,0.010176,0.001344,1,4,48,0,1
3483,0.114600,0.168300,0.005000,0.028600,0.023300,0.055900,0.001800,0.035584,0.011168,0.008416,0.010208,0.001216,1,4,48,0,1
3484,0.137000,0.127900,0.004700,0.027800,0.031100,0.054600,0.018400,0.036608,0.010784,0.008544,0.010208,0.001248,1,4,48,0,1
3485,0.156000,0.152600,0.006000,0.037100,0.027500,0.081800,0.003500,0.037120,0.011168,0.008480,0.010240,0.001344,1,4,48,0,1
3486,0.126400,0.169800,0.005300,0.029200,0.027500,0.062100,0.002300,0.035360,0.011136,0.008320,0.010272,0.001312,1,4,48,0,1
3487,0.120500,0.139800,0.004900,0.028600,0.024400,0.060500,0.002000,0.035392,0.011136,0.008352,0.010272,0.001248,1,4,48,0,1
3488,0.118200,0.133700,0.004900,0.028600,0.023800,0.057700,0.003100,0.037760,0.011296,0.008416,0.010400,0.001344,1,4,48,0,1
3489,0.117900,0.131400,0.004700,0.028200,0.023400,0.058400,0.003000,0.035520,0.011200,0.008384,0.010304,0.001248,1,4,48,0,1
3490,0.117500,0.131100,0.004700,0.028100,0.022600,0.058900,0.003100,0.035808,0.012192,0.008576,0.010400,0.001344,1,4,48,0,1
3491,0.118500,0.130900,0.004600,0.028300,0.023000,0.059300,0.003100,0.035584,0.011168,0.008416,0.010304,0.001312,1,4,48,0,1
3492,0.117300,0.131600,0.004900,0.028100,0.023200,0.059200,0.001800,0.035648,0.011168,0.008416,0.010240,0.001344,1,4,48,0,1
3493,0.115600,0.130600,0.004800,0.028200,0.023500,0.057200,0.001900,0.037664,0.013632,0.008480,0.010272,0.001376,1,4,48,0,1
3494,0.120200,0.128800,0.004900,0.028200,0.026300,0.058300,0.002500,0.037856,0.011296,0.008512,0.010400,0.001280,1,4,48,0,1
3495,0.117200,0.133300,0.004900,0.028100,0.023400,0.057400,0.003100,0.037792,0.011296,0.008512,0.010368,0.001312,1,4,48,0,1
3496,0.116900,0.130200,0.004900,0.027700,0.022800,0.058100,0.003100,0.035680,0.012224,0.008544,0.010368,0.001344,1,4,48,0,1
3497,0.127000,0.130100,0.005000,0.027900,0.024900,0.065800,0.003300,0.035520,0.011136,0.008320,0.010240,0.001408,1,4,48,0,1
3498,0.116700,0.140600,0.004900,0.028100,0.023200,0.057600,0.002600,0.035520,0.011264,0.008448,0.010240,0.001312,1,4,48,0,1
3499,0.133300,0.130200,0.004700,0.027700,0.023100,0.075700,0.001900,0.035488,0.011104,0.008384,0.010272,0.001344,1,4,48,0,1
3500,0.122400,0.146600,0.005400,0.028400,0.023300,0.062100,0.003000,0.036192,0.011232,0.008448,0.010272,0.001248,1,4,48,0,1
3501,0.116400,0.135500,0.005000,0.028000,0.023200,0.056900,0.003200,0.035456,0.011136,0.008448,0.010272,0.001312,1,4,48,0,1
3502,0.116000,0.129300,0.005000,0.027700,0.022800,0.057300,0.003200,0.035552,0.011136,0.008448,0.010336,0.001280,1,4,48,0,1
3503,0.159200,0.129100,0.004800,0.027800,0.022400,0.099200,0.004800,0.035456,0.011200,0.008288,0.010208,0.001312,1,4,48,0,1
3504,0.122700,0.172900,0.005500,0.029400,0.024700,0.060000,0.003000,0.035584,0.011904,0.008288,0.010432,0.001344,1,4,48,0,1
3505,0.184000,0.135700,0.005000,0.027600,0.023100,0.124100,0.004000,0.035328,0.011136,0.008224,0.010208,0.001312,1,4,48,0,1
3506,0.184800,0.203400,0.007200,0.045700,0.034800,0.093200,0.003500,0.035424,0.013664,0.008224,0.010400,0.001344,1,4,48,0,1
3507,0.182800,0.199800,0.005500,0.036300,0.027900,0.106500,0.006500,0.035808,0.011168,0.008384,0.010208,0.001280,1,4,48,0,1
3508,0.235700,0.198300,0.006100,0.037000,0.028600,0.158900,0.005000,0.035648,0.013728,0.008416,0.010368,0.001312,1,4,48,0,1
3509,0.138000,0.250400,0.005600,0.036100,0.028500,0.064500,0.003100,0.035456,0.011168,0.008288,0.010272,0.001312,1,4,48,0,1
3510,0.126900,0.151700,0.005100,0.029000,0.023800,0.065500,0.003200,0.037600,0.011200,0.008320,0.010496,0.001312,1,4,48,0,1
3511,0.119800,0.140600,0.005200,0.028500,0.023500,0.059100,0.003100,0.035392,0.011232,0.008256,0.010240,0.001280,1,4,48,0,1
3512,0.117600,0.132900,0.004900,0.028400,0.023600,0.058700,0.001900,0.035680,0.011200,0.008512,0.010240,0.001344,1,4,48,0,1
3513,0.116300,0.130700,0.004800,0.028000,0.023200,0.057000,0.003100,0.035808,0.013728,0.008512,0.010400,0.001408,1,4,48,0,1
3514,0.118400,0.129400,0.004800,0.027900,0.023400,0.059100,0.003100,0.035616,0.013632,0.008576,0.010368,0.001312,1,4,48,0,1
3515,0.117900,0.131800,0.004800,0.027900,0.023100,0.058900,0.003100,0.035648,0.011232,0.008448,0.010208,0.001344,1,4,48,0,1
3516,0.117600,0.131100,0.005000,0.027700,0.022900,0.058700,0.003100,0.035648,0.011200,0.008480,0.010272,0.001344,1,4,48,0,1
3517,0.117300,0.130700,0.004600,0.027800,0.023100,0.058400,0.003200,0.037568,0.011104,0.008448,0.010400,0.001344,1,4,48,0,1
3518,0.115400,0.130400,0.004700,0.028100,0.022800,0.057800,0.001800,0.035680,0.011200,0.008576,0.010176,0.001344,1,4,48,0,1
3519,0.145800,0.128900,0.004900,0.027700,0.023200,0.079600,0.010300,0.036064,0.011040,0.008352,0.010176,0.001376,1,4,48,0,1
3520,0.137300,0.159600,0.004900,0.029900,0.024300,0.074800,0.003300,0.035584,0.011232,0.008480,0.010272,0.001216,1,4,48,0,1
3521,0.207900,0.151000,0.005400,0.031700,0.024800,0.144000,0.001900,0.035488,0.011232,0.008352,0.010272,0.001344,1,4,48,0,1
3522,0.245100,0.221900,0.005200,0.030200,0.024500,0.183200,0.001800,0.035520,0.011168,0.008480,0.010240,0.001216,1,4,48,0,1
3523,0.132900,0.258800,0.005200,0.029900,0.022100,0.073500,0.002000,0.036704,0.010688,0.008544,0.010240,0.001344,1,4,48,0,1
3524,0.181300,0.146600,0.004800,0.029700,0.025100,0.055100,0.066500,0.037184,0.011104,0.008544,0.010240,0.001312,1,4,48,0,1
3525,0.116700,0.194900,0.005000,0.029700,0.022600,0.057200,0.001900,0.036480,0.012224,0.008448,0.010368,0.001216,1,4,48,0,1
3526,0.121000,0.129600,0.004600,0.027300,0.020000,0.065700,0.003300,0.036576,0.012288,0.008352,0.010400,0.001312,1,4,48,0,1
3527,0.127400,0.134100,0.004900,0.027600,0.032000,0.061000,0.001800,0.036480,0.011232,0.008544,0.010272,0.001280,1,4,48,0,1
3528,0.115800,0.140400,0.005000,0.027900,0.022900,0.056800,0.003000,0.036096,0.011296,0.008320,0.010208,0.001312,1,4,48,0,1
3529,0.116500,0.128800,0.005100,0.027900,0.022900,0.057400,0.003000,0.035520,0.011200,0.008384,0.010272,0.001248,1,4,48,0,1
3530,0.116800,0.129700,0.005000,0.027700,0.022800,0.058100,0.003100,0.035488,0.011200,0.008320,0.010272,0.001344,1,4,48,0,1
3531,0.115600,0.129900,0.004700,0.027600,0.022800,0.057400,0.003000,0.035552,0.012192,0.008416,0.010368,0.001344,1,4,48,0,1
3532,0.116300,0.128500,0.004700,0.028100,0.022800,0.057500,0.003000,0.035456,0.011200,0.008256,0.010240,0.001312,1,4,48,0,1
3533,0.116600,0.129400,0.004600,0.028000,0.022800,0.058100,0.003000,0.037696,0.011232,0.008480,0.010368,0.001344,1,4,48,0,1
3534,0.116500,0.129900,0.004900,0.028000,0.022800,0.057700,0.003000,0.035584,0.011104,0.008608,0.010176,0.001312,1,4,48,0,1
3535,0.115800,0.129600,0.004700,0.027700,0.022600,0.057600,0.003100,0.037696,0.011232,0.008512,0.010336,0.001216,1,4,48,0,1
3536,0.116300,0.128900,0.004700,0.027600,0.022900,0.057900,0.003100,0.037664,0.011296,0.008576,0.010400,0.001344,1,4,48,0,1
3537,0.115600,0.129700,0.004700,0.027700,0.022700,0.057400,0.003000,0.035712,0.011200,0.008512,0.010240,0.001344,1,4,48,0,1
3538,0.123200,0.128800,0.004700,0.033800,0.023100,0.058400,0.003100,0.035680,0.011200,0.008512,0.010272,0.001312,1,4,48,0,1
3539,0.115300,0.136600,0.004900,0.027800,0.022400,0.057000,0.003000,0.037664,0.011296,0.008448,0.010336,0.001280,1,4,48,0,1
3540,0.116700,0.128700,0.004900,0.027800,0.022900,0.058000,0.003000,0.035584,0.011232,0.008384,0.010208,0.001344,1,4,48,0,1
3541,0.115400,0.129800,0.004900,0.027800,0.022700,0.057100,0.002900,0.035328,0.011072,0.008416,0.010176,0.001216,1,4,48,0,1
3542,0.115700,0.128400,0.004700,0.027400,0.022800,0.057800,0.003000,0.035456,0.011104,0.008416,0.010176,0.001344,1,4,48,0,1
3543,0.115700,0.129100,0.004600,0.027600,0.022500,0.057900,0.002900,0.035392,0.011200,0.008320,0.010240,0.001248,1,4,48,0,1
3544,0.114300,0.128900,0.004700,0.027500,0.022600,0.056300,0.003200,0.035712,0.011200,0.008576,0.010208,0.001312,1,4,48,0,1
3545,0.113900,0.127200,0.004700,0.028100,0.022600,0.056600,0.001800,0.035584,0.012192,0.008384,0.010400,0.001344,1,4,48,0,1
3546,0.115900,0.126800,0.005200,0.027600,0.022600,0.057200,0.003100,0.037728,0.011136,0.008576,0.010336,0.001344,1,4,48,0,1
3547,0.116200,0.128900,0.004700,0.027400,0.023500,0.057500,0.003000,0.036352,0.011232,0.008512,0.010240,0.001344,1,4,48,0,1
3548,0.115200,0.129400,0.004900,0.027600,0.023000,0.056600,0.003000,0.037312,0.011168,0.008640,0.010208,0.001344,1,4,48,0,1
3549,0.115800,0.128100,0.004600,0.028300,0.022800,0.057400,0.002600,0.036640,0.010816,0.008416,0.010272,0.001376,1,4,48,0,1
3550,0.114300,0.128700,0.004600,0.028000,0.023100,0.056300,0.002300,0.035488,0.011200,0.008384,0.010272,0.001280,1,4,48,0,1
3551,0.116100,0.127500,0.004700,0.027700,0.022700,0.057900,0.003100,0.035424,0.011232,0.008384,0.010208,0.001248,1,4,48,0,1
3552,0.120400,0.129100,0.004800,0.027700,0.022800,0.061900,0.003100,0.035680,0.011232,0.008512,0.010240,0.001312,1,4,48,0,1
3553,0.123200,0.133500,0.004800,0.027800,0.023300,0.064100,0.003100,0.035456,0.012064,0.008512,0.010400,0.001312,1,4,48,0,1
3554,0.117500,0.136300,0.004700,0.028300,0.023500,0.057600,0.003200,0.036032,0.011168,0.008512,0.010240,0.001248,1,4,48,0,1
3555,0.116700,0.131000,0.004700,0.027700,0.023000,0.058200,0.003100,0.035584,0.012224,0.008448,0.010368,0.001312,1,4,48,0,1
3556,0.117500,0.129600,0.004600,0.027700,0.023000,0.059000,0.003100,0.035616,0.011200,0.008544,0.010208,0.001216,1,4,48,0,1
3557,0.117400,0.130700,0.004900,0.028000,0.022800,0.058400,0.003200,0.035648,0.011232,0.008480,0.010208,0.001312,1,4,48,0,1
3558,0.118200,0.130500,0.004900,0.028200,0.023400,0.058600,0.003100,0.035424,0.011168,0.008320,0.010208,0.001312,1,4,48,0,1
3559,0.116400,0.131300,0.005000,0.028300,0.023000,0.058200,0.001900,0.035520,0.011136,0.008384,0.010240,0.001344,1,4,48,0,1
3560,0.117900,0.129600,0.004700,0.028000,0.023400,0.058400,0.003200,0.036192,0.011136,0.008288,0.010304,0.001344,1,4,48,0,1
3561,0.117600,0.130800,0.004700,0.027900,0.023200,0.058500,0.003100,0.035584,0.011200,0.008448,0.010208,0.001344,1,4,48,0,1
3562,0.181600,0.131000,0.004900,0.027900,0.023400,0.121900,0.003500,0.035744,0.011200,0.008608,0.010208,0.001344,1,4,48,0,1
3563,0.135300,0.195700,0.005300,0.035300,0.027600,0.063700,0.003200,0.035616,0.011168,0.008448,0.010208,0.001376,1,4,48,0,1
3564,0.120200,0.149200,0.005000,0.028500,0.023800,0.059700,0.003200,0.037248,0.011168,0.008576,0.010176,0.001344,1,4,48,0,1
3565,0.118200,0.133300,0.004800,0.028200,0.023000,0.059100,0.003100,0.035488,0.011232,0.008416,0.010176,0.001248,1,4,48,0,1
3566,0.117600,0.131200,0.004800,0.027900,0.023000,0.058600,0.003000,0.035488,0.011168,0.008448,0.010208,0.001280,1,4,48,0,1
3567,0.121900,0.130700,0.004900,0.028100,0.023200,0.062700,0.003000,0.035584,0.011200,0.008384,0.010272,0.001344,1,4,48,0,1
3568,0.122800,0.134800,0.004700,0.028000,0.032300,0.055900,0.001800,0.035584,0.011104,0.008608,0.010272,0.001280,1,4,48,0,1
3569,0.259300,0.135900,0.005000,0.027600,0.023300,0.070800,0.132300,0.037696,0.013760,0.008416,0.010240,0.001344,1,4,48,0,1
3570,0.185500,0.275100,0.006300,0.037600,0.026400,0.111900,0.003300,0.037056,0.011232,0.008480,0.010240,0.001312,1,4,48,0,1
3571,0.159700,0.233200,0.005200,0.031400,0.025800,0.093300,0.003800,0.037824,0.011200,0.008672,0.010400,0.001248,1,4,48,0,1
3572,0.168700,0.173800,0.005300,0.030900,0.025300,0.101900,0.005200,0.035584,0.011168,0.008352,0.010208,0.001408,1,4,48,0,1
3573,0.178000,0.185800,0.005900,0.036800,0.029600,0.100000,0.005500,0.035520,0.011136,0.008416,0.010208,0.001376,1,4,48,0,1
3574,0.152400,0.193900,0.005300,0.033300,0.028100,0.081200,0.004400,0.035840,0.013696,0.008608,0.010432,0.001344,1,4,48,0,1
3575,0.139400,0.168700,0.005800,0.037300,0.028900,0.063800,0.003400,0.035840,0.011040,0.008416,0.010240,0.001376,1,4,48,0,1
3576,0.122700,0.153600,0.005300,0.029500,0.024400,0.060300,0.003100,0.037664,0.013632,0.008672,0.010176,0.001280,1,4,48,0,1
3577,0.120200,0.136200,0.004900,0.028600,0.023900,0.059600,0.003100,0.037600,0.011168,0.008512,0.010336,0.001280,1,4,48,0,1
3578,0.120400,0.133900,0.005100,0.028100,0.023800,0.060300,0.003100,0.035520,0.011168,0.008416,0.010240,0.001344,1,4,48,0,1
3579,0.151700,0.133900,0.004900,0.031900,0.027700,0.082400,0.004700,0.035648,0.011200,0.008480,0.010208,0.001312,1,4,48,0,1
3580,0.143400,0.168300,0.005700,0.034000,0.028400,0.071400,0.003900,0.035488,0.011168,0.008480,0.010176,0.001280,1,4,48,0,1
3581,0.143300,0.159600,0.006000,0.033600,0.027900,0.071800,0.003800,0.035648,0.011200,0.008512,0.010240,0.001344,1,4,48,0,1
3582,0.149200,0.159500,0.005900,0.033900,0.027800,0.070500,0.010900,0.035584,0.011168,0.008512,0.010176,0.001312,1,4,48,0,1
3583,0.140300,0.165100,0.005600,0.033800,0.028400,0.068400,0.003900,0.035584,0.011168,0.008512,0.010208,0.001248,1,4,48,0,1
3584,0.141100,0.156400,0.006000,0.034000,0.027800,0.069400,0.003900,0.037664,0.011136,0.008384,0.010432,0.001344,1,4,48,0,1
3585,0.128500,0.157300,0.005800,0.036800,0.023600,0.059000,0.003100,0.037728,0.011136,0.008544,0.010368,0.001312,1,4,48,0,1
3586,0.167800,0.141800,0.004900,0.028400,0.046300,0.077000,0.011000,0.035680,0.013600,0.008576,0.010400,0.001344,1,4,48,0,1
3587,0.128200,0.182800,0.005500,0.032000,0.025600,0.061600,0.003300,0.035712,0.011168,0.008480,0.010272,0.001376,1,4,48,0,1
3588,0.124000,0.142000,0.005000,0.029900,0.024100,0.061300,0.003600,0.035712,0.011200,0.008544,0.010208,0.001344,1,4,48,0,1
3589,0.121800,0.137700,0.005000,0.028600,0.024200,0.060400,0.003200,0.035808,0.011200,0.008512,0.010304,0.001376,1,4,48,0,1
3590,0.120800,0.135400,0.004900,0.028800,0.023700,0.060100,0.003100,0.037664,0.011264,0.008320,0.010432,0.001312,1,4,48,0,1
3591,0.120900,0.134100,0.005000,0.028700,0.023600,0.060400,0.003200,0.037504,0.013632,0.008448,0.010240,0.001312,1,4,48,0,1
3592,0.122000,0.134300,0.004700,0.028300,0.027000,0.058600,0.003100,0.037504,0.011168,0.008320,0.010368,0.001344,1,4,48,0,1
3593,0.120000,0.135200,0.004900,0.028500,0.023500,0.059800,0.003000,0.035744,0.011200,0.008608,0.010176,0.001344,1,4,48,0,1
3594,0.118700,0.133400,0.005200,0.028300,0.023300,0.058800,0.003100,0.037536,0.011200,0.008288,0.010368,0.001344,1,4,48,0,1
3595,0.117800,0.132100,0.004700,0.027900,0.023300,0.058800,0.003000,0.037888,0.011264,0.008576,0.010336,0.001312,1,4,48,0,1
3596,0.118100,0.130800,0.004700,0.028000,0.023000,0.059000,0.003100,0.035584,0.011200,0.008416,0.010208,0.001312,1,4,48,0,1
3597,0.119400,0.131400,0.005000,0.028300,0.023500,0.059500,0.003000,0.035680,0.011200,0.008480,0.010272,0.001344,1,4,48,0,1
3598,0.118900,0.133000,0.004600,0.028000,0.022900,0.060100,0.003000,0.035296,0.011136,0.008192,0.010208,0.001312,1,4,48,0,1
3599,0.125600,0.138000,0.004900,0.029100,0.024100,0.061500,0.005800,0.037632,0.013696,0.008448,0.010208,0.001440,1,4,48,0,1
3600,0.121700,0.139100,0.004900,0.028200,0.023200,0.062000,0.003100,0.037632,0.011200,0.008512,0.010336,0.001248,1,4,48,0,1
3601,0.119600,0.134900,0.004900,0.028200,0.024700,0.058500,0.003100,0.035424,0.011168,0.008384,0.010240,0.001312,1,4,48,0,1
3602,0.117600,0.132700,0.005000,0.027800,0.023000,0.058700,0.003100,0.035648,0.011200,0.008544,0.010208,0.001280,1,4,48,0,1
3603,0.115600,0.130700,0.004800,0.027900,0.023300,0.057600,0.002000,0.035584,0.011136,0.008480,0.010240,0.001312,1,4,48,0,1
3604,0.115100,0.128700,0.004700,0.028200,0.023200,0.057000,0.001900,0.037632,0.013664,0.008480,0.010176,0.001344,1,4,48,0,1
3605,0.116400,0.128200,0.004900,0.028200,0.021200,0.059400,0.002400,0.036224,0.010784,0.008352,0.010176,0.001344,1,4,48,0,1
3606,0.116900,0.129700,0.004800,0.028200,0.023400,0.057800,0.002500,0.035552,0.011200,0.008384,0.010240,0.001344,1,4,48,0,1
3607,0.117600,0.130000,0.004700,0.027700,0.023100,0.059300,0.002400,0.035680,0.012064,0.008512,0.010304,0.001376,1,4,48,0,1
3608,0.135400,0.130900,0.004900,0.028200,0.036200,0.064000,0.001900,0.037632,0.011264,0.008384,0.010368,0.001376,1,4,48,0,1
3609,0.168900,0.148600,0.005100,0.027700,0.021400,0.111400,0.003200,0.035456,0.011168,0.008512,0.010240,0.001248,1,4,48,0,1
3610,0.765500,0.184700,0.007100,0.042700,0.029900,0.064700,0.621000,0.037248,0.011200,0.008512,0.010336,0.001216,1,4,48,0,1
3611,0.180800,0.785100,0.006600,0.041000,0.040200,0.089100,0.003700,0.037280,0.012288,0.008960,0.010208,0.001344,1,4,48,0,1
3612,0.132200,0.195400,0.006400,0.031500,0.028600,0.062800,0.002700,0.037824,0.011296,0.008480,0.010464,0.001280,1,4,48,0,1
3613,0.122400,0.146000,0.005300,0.029700,0.024300,0.059600,0.003300,0.037472,0.011232,0.008480,0.010400,0.001344,1,4,48,0,1
3614,0.122500,0.135600,0.005000,0.028700,0.024000,0.061500,0.003200,0.035584,0.011200,0.008384,0.010272,0.001344,1,4,48,0,1
3615,0.120400,0.135800,0.005100,0.029000,0.023400,0.059400,0.003300,0.035584,0.013760,0.008448,0.010336,0.001312,1,4,48,0,1
3616,0.120900,0.133600,0.005100,0.028400,0.023700,0.060400,0.003200,0.035488,0.011200,0.008384,0.010208,0.001312,1,4,48,0,1
3617,0.118500,0.134200,0.005200,0.028400,0.023400,0.058800,0.002300,0.035552,0.013696,0.008416,0.010368,0.001280,1,4,48,0,1
3618,0.118600,0.131600,0.005000,0.028300,0.025200,0.058000,0.002100,0.036288,0.011200,0.008512,0.010240,0.001376,1,4,48,0,1
3619,0.133600,0.132000,0.006100,0.028200,0.023600,0.072000,0.003500,0.035872,0.011264,0.008736,0.010240,0.001344,1,4,48,0,1
3620,0.123700,0.147300,0.005500,0.030200,0.024900,0.060500,0.002400,0.037568,0.011360,0.008448,0.010400,0.001312,1,4,48,0,1
3621,0.118400,0.136800,0.005700,0.028200,0.023300,0.057900,0.003200,0.035456,0.011200,0.008384,0.010272,0.001248,1,4,48,0,1
3622,0.115800,0.131600,0.004900,0.028100,0.022800,0.057900,0.001900,0.035456,0.011168,0.008288,0.010272,0.001344,1,4,48,0,1
3623,0.118000,0.129000,0.004800,0.028200,0.023300,0.058900,0.002600,0.035488,0.011136,0.008416,0.010304,0.001248,1,4,48,0,1
3624,0.116900,0.131300,0.005200,0.028500,0.023900,0.057400,0.001900,0.035552,0.012224,0.008480,0.010336,0.001248,1,4,48,0,1
3625,0.117400,0.130100,0.004900,0.028100,0.023900,0.057100,0.003300,0.036384,0.011200,0.008416,0.010208,0.001408,1,4,48,0,1
3626,0.118000,0.130500,0.004700,0.028300,0.023100,0.058700,0.003100,0.035808,0.011168,0.008576,0.010176,0.001280,1,4,48,0,1
3627,0.158200,0.136600,0.007100,0.045900,0.030100,0.071900,0.003000,0.035552,0.013664,0.008480,0.010368,0.001248,1,4,48,0,1
3628,0.131300,0.177900,0.005400,0.034700,0.027100,0.061800,0.002200,0.035552,0.013664,0.008448,0.010336,0.001376,1,4,48,0,1
3629,0.131500,0.144800,0.004900,0.036300,0.026500,0.061100,0.002300,0.036032,0.011040,0.008416,0.010208,0.001312,1,4,48,0,1
3630,0.118100,0.145600,0.005300,0.028900,0.023800,0.057800,0.001900,0.035552,0.012256,0.008448,0.010400,0.001376,1,4,48,0,1
3631,0.174100,0.132000,0.005300,0.028000,0.020500,0.117000,0.003100,0.036320,0.011136,0.008384,0.010240,0.001344,1,4,48,0,1
3632,0.165700,0.193700,0.006700,0.040100,0.031400,0.083000,0.004300,0.035552,0.011168,0.008384,0.010208,0.001312,1,4,48,0,1
3633,0.149500,0.182900,0.006100,0.035800,0.029700,0.073500,0.004400,0.035552,0.011104,0.008480,0.010208,0.001312,1,4,48,0,1
3634,0.151500,0.166400,0.006200,0.034600,0.028400,0.073200,0.008800,0.035584,0.011168,0.008448,0.010176,0.001376,1,4,48,0,1
3635,0.143600,0.167900,0.006100,0.034200,0.028000,0.071400,0.003800,0.037376,0.011232,0.008448,0.010368,0.001312,1,4,48,0,1
3636,0.149700,0.160100,0.006400,0.034300,0.028500,0.070100,0.010200,0.035264,0.011168,0.008224,0.010272,0.001280,1,4,48,0,1
3637,0.120300,0.163100,0.005100,0.028200,0.024000,0.059700,0.003300,0.035584,0.011200,0.008352,0.010272,0.001344,1,4,48,0,1
3638,0.119600,0.133600,0.005200,0.028100,0.023600,0.060100,0.002500,0.037440,0.011232,0.008480,0.010432,0.001280,1,4,48,0,1
3639,0.120200,0.132900,0.005000,0.027900,0.023700,0.059700,0.003300,0.035584,0.011200,0.008512,0.010240,0.001280,1,4,48,0,1
3640,0.118800,0.133400,0.004700,0.028100,0.023800,0.058700,0.003200,0.035456,0.011136,0.008352,0.010240,0.001344,1,4,48,0,1
3641,0.119400,0.132400,0.005100,0.028200,0.023100,0.059800,0.003100,0.035648,0.011168,0.008512,0.010208,0.001280,1,4,48,0,1
3642,0.141600,0.132800,0.004800,0.028100,0.023200,0.075400,0.009800,0.035776,0.011168,0.008640,0.010240,0.001312,1,4,48,0,1
3643,0.140300,0.156500,0.005700,0.036300,0.028900,0.066000,0.003200,0.035552,0.011168,0.008416,0.010208,0.001344,1,4,48,0,1
3644,0.120600,0.154200,0.005000,0.028700,0.024300,0.059900,0.002700,0.035552,0.011200,0.008416,0.010208,0.001344,1,4,48,0,1
3645,0.130500,0.134000,0.004700,0.028500,0.034200,0.059800,0.003100,0.036352,0.010784,0.008384,0.010112,0.001280,1,4,48,0,1
3646,0.112000,0.143800,0.005000,0.028200,0.020900,0.056100,0.001800,0.035936,0.010880,0.008352,0.010208,0.001280,1,4,48,0,1
3647,0.170200,0.125100,0.004900,0.027400,0.023900,0.054700,0.059100,0.035616,0.012224,0.008448,0.010464,0.001280,1,4,48,0,1
3648,0.132400,0.184100,0.005200,0.029500,0.022500,0.071500,0.003500,0.035840,0.011200,0.008544,0.010208,0.001312,1,4,48,0,1
3649,0.132800,0.145800,0.004800,0.028300,0.035300,0.061100,0.003100,0.036416,0.011136,0.008512,0.010176,0.001344,1,4,48,0,1
3650,0.119500,0.146100,0.005100,0.028200,0.023200,0.059700,0.003200,0.036128,0.010912,0.008416,0.010208,0.001344,1,4,48,0,1
3651,0.117700,0.132900,0.004900,0.028000,0.022900,0.058800,0.003100,0.037344,0.011232,0.008288,0.010464,0.001344,1,4,48,0,1
3652,0.117900,0.131000,0.004700,0.027600,0.023300,0.059200,0.003000,0.035648,0.012160,0.008480,0.010432,0.001344,1,4,48,0,1
3653,0.117800,0.131000,0.004700,0.027900,0.023000,0.059000,0.003100,0.037376,0.011264,0.008352,0.010336,0.001376,1,4,48,0,1
3654,0.118300,0.131300,0.004800,0.027800,0.023500,0.058800,0.003000,0.035424,0.011840,0.008352,0.010432,0.001216,1,4,48,0,1
3655,0.117900,0.131400,0.004800,0.027800,0.023100,0.059000,0.003100,0.035552,0.011168,0.008352,0.010272,0.001344,1,4,48,0,1
3656,0.117900,0.131000,0.005000,0.027900,0.023000,0.058900,0.003000,0.035584,0.011136,0.008480,0.010240,0.001344,1,4,48,0,1
3657,0.117200,0.130900,0.005000,0.027600,0.022900,0.058500,0.003100,0.035520,0.012192,0.008320,0.010432,0.001344,1,4,48,0,1
3658,0.122600,0.130100,0.004900,0.028000,0.023900,0.062700,0.003000,0.035360,0.012192,0.008288,0.010368,0.001312,1,4,48,0,1
3659,0.117700,0.135600,0.004900,0.028000,0.022800,0.058900,0.003100,0.035488,0.012192,0.008192,0.010496,0.001376,1,4,48,0,1
3660,0.123200,0.130600,0.004800,0.027800,0.023200,0.058400,0.008900,0.037600,0.011232,0.008544,0.010432,0.001376,1,4,48,0,1
3661,0.118900,0.136300,0.004900,0.028300,0.023700,0.058700,0.003100,0.036928,0.011264,0.008256,0.010208,0.001376,1,4,48,0,1
3662,0.117000,0.131900,0.004600,0.027900,0.022900,0.058300,0.003000,0.035840,0.011232,0.008544,0.010208,0.001376,1,4,48,0,1
3663,0.117100,0.130100,0.004700,0.027500,0.022800,0.058400,0.003100,0.035392,0.011200,0.008352,0.010176,0.001280,1,4,48,0,1
3664,0.117300,0.130100,0.004700,0.027900,0.023000,0.058600,0.003000,0.038080,0.011264,0.008672,0.010368,0.001344,1,4,48,0,1
3665,0.117500,0.130300,0.004600,0.027800,0.023100,0.058500,0.003100,0.035584,0.011200,0.008512,0.010176,0.001312,1,4,48,0,1
3666,0.117600,0.130500,0.004800,0.027900,0.023000,0.058800,0.003000,0.035456,0.011168,0.008320,0.010208,0.001344,1,4,48,0,1
3667,0.116900,0.130600,0.004700,0.027800,0.022700,0.058500,0.003200,0.035520,0.011168,0.008416,0.010304,0.001216,1,4,48,0,1
3668,0.116800,0.130200,0.004600,0.027600,0.023000,0.058300,0.003100,0.037600,0.013728,0.008384,0.010240,0.001312,1,4,48,0,1
3669,0.117100,0.130100,0.004800,0.027900,0.022900,0.058400,0.003000,0.035616,0.011232,0.008416,0.010240,0.001312,1,4,48,0,1
3670,0.117300,0.130300,0.004900,0.027600,0.023000,0.058700,0.003000,0.035648,0.011200,0.008480,0.010272,0.001248,1,4,48,0,1
3671,0.116400,0.130300,0.004800,0.027700,0.022800,0.057900,0.003100,0.035488,0.011168,0.008448,0.010240,0.001312,1,4,48,0,1
3672,0.118300,0.129600,0.004900,0.028000,0.023000,0.059300,0.003000,0.035456,0.011104,0.008512,0.010176,0.001312,1,4,48,0,1
3673,0.116100,0.131200,0.004700,0.027600,0.022600,0.057900,0.003100,0.035552,0.011168,0.008352,0.010240,0.001376,1,4,48,0,1
3674,0.116000,0.129300,0.004900,0.027700,0.022800,0.057300,0.003200,0.035840,0.013728,0.008608,0.010400,0.001312,1,4,48,0,1
3675,0.115900,0.129100,0.004700,0.027800,0.022900,0.057200,0.003300,0.035744,0.011168,0.008544,0.010240,0.001344,1,4,48,0,1
3676,0.122800,0.129100,0.004600,0.033000,0.023400,0.058500,0.003100,0.035360,0.011232,0.008256,0.010240,0.001248,1,4,48,0,1
3677,0.117200,0.136200,0.004800,0.028100,0.023200,0.057900,0.003100,0.037152,0.011168,0.008352,0.010208,0.001344,1,4,48,0,1
3678,0.117200,0.130200,0.005400,0.028400,0.022900,0.057100,0.003100,0.037440,0.011232,0.008480,0.010400,0.001312,1,4,48,0,1
3679,0.116000,0.130200,0.004900,0.028000,0.023600,0.057400,0.002100,0.035648,0.011200,0.008416,0.010240,0.001184,1,4,48,0,1
3680,0.116000,0.129000,0.004600,0.028100,0.023300,0.056700,0.003200,0.035584,0.013728,0.008384,0.010400,0.001312,1,4,48,0,1
3681,0.116000,0.128900,0.004900,0.027900,0.023200,0.057400,0.002500,0.035648,0.011136,0.008544,0.010240,0.001312,1,4,48,0,1
3682,0.116700,0.129200,0.005000,0.027700,0.023300,0.057300,0.003200,0.035712,0.011168,0.008544,0.010240,0.001344,1,4,48,0,1
3683,0.115900,0.129800,0.004600,0.027700,0.022700,0.057300,0.003400,0.035648,0.012224,0.008480,0.010464,0.001248,1,4,48,0,1
3684,0.117400,0.129000,0.005200,0.027800,0.022900,0.058000,0.003400,0.035616,0.013728,0.008416,0.010432,0.001248,1,4,48,0,1
3685,0.116900,0.130500,0.004600,0.027800,0.023200,0.058000,0.003100,0.037600,0.013664,0.008544,0.010112,0.001312,1,4,48,0,1
3686,0.116300,0.129800,0.004800,0.027600,0.022900,0.057600,0.003100,0.035520,0.012192,0.008384,0.010400,0.001280,1,4,48,0,1
3687,0.116800,0.129300,0.004600,0.027900,0.022900,0.057900,0.003300,0.037056,0.011264,0.008288,0.010240,0.001312,1,4,48,0,1
3688,0.117500,0.129700,0.004800,0.027900,0.023600,0.057900,0.003200,0.035712,0.011168,0.008544,0.010208,0.001344,1,4,48,0,1
3689,0.120800,0.130600,0.004700,0.031600,0.023200,0.057900,0.003200,0.035456,0.011168,0.008352,0.010208,0.001376,1,4,48,0,1
3690,0.117700,0.133900,0.004800,0.027800,0.023200,0.058400,0.003200,0.036512,0.010784,0.008512,0.010144,0.001216,1,4,48,0,1
3691,0.117300,0.131100,0.004600,0.027800,0.021100,0.061600,0.001900,0.036608,0.011104,0.008352,0.010240,0.001248,1,4,48,0,1
3692,0.241000,0.130900,0.005200,0.028100,0.022400,0.076100,0.109100,0.035040,0.010784,0.008448,0.010208,0.001216,1,4,48,0,1
3693,0.119900,0.255100,0.005000,0.030200,0.023500,0.059100,0.001900,0.036608,0.010848,0.008480,0.010208,0.001280,1,4,48,0,1
3694,0.125300,0.133100,0.004800,0.027900,0.020600,0.068400,0.003400,0.035840,0.011136,0.008512,0.010240,0.001344,1,4,48,0,1
3695,0.128700,0.138700,0.005000,0.028500,0.031900,0.060000,0.003300,0.036288,0.011104,0.008416,0.010272,0.001312,1,4,48,0,1
3696,0.117900,0.141800,0.004900,0.028200,0.023000,0.058100,0.003100,0.035712,0.013696,0.008480,0.010368,0.001376,1,4,48,0,1
3697,0.117400,0.131200,0.004900,0.028000,0.023000,0.058100,0.003300,0.035648,0.011168,0.008384,0.010304,0.001376,1,4,48,0,1
3698,0.116200,0.130800,0.004700,0.028000,0.023400,0.057600,0.002300,0.035680,0.013728,0.008512,0.010368,0.001248,1,4,48,0,1
3699,0.117600,0.129600,0.004600,0.027800,0.023400,0.058500,0.003200,0.035456,0.011168,0.008416,0.010240,0.001312,1,4,48,0,1
3700,0.121700,0.130900,0.004700,0.027700,0.023100,0.062700,0.003400,0.035584,0.011264,0.008384,0.010240,0.001312,1,4,48,0,1
3701,0.116900,0.134900,0.005100,0.028000,0.023400,0.057900,0.002400,0.035744,0.013696,0.008480,0.010432,0.001344,1,4,48,0,1
3702,0.119000,0.129900,0.005200,0.028200,0.023400,0.058400,0.003600,0.035840,0.011200,0.008640,0.010240,0.001376,1,4,48,0,1
3703,0.121600,0.132300,0.004800,0.027900,0.024000,0.061300,0.003400,0.035872,0.011136,0.008544,0.010176,0.001280,1,4,48,0,1
3704,0.128500,0.134700,0.004700,0.039600,0.023000,0.058700,0.002200,0.035520,0.011232,0.008416,0.010208,0.001216,1,4,48,0,1
3705,0.122100,0.141600,0.004700,0.027900,0.023100,0.063100,0.003200,0.035712,0.012128,0.008544,0.010432,0.001344,1,4,48,0,1
3706,0.116300,0.135400,0.004800,0.028300,0.023000,0.058100,0.002100,0.035680,0.011232,0.008448,0.010336,0.001280,1,4,48,0,1
3707,0.115700,0.129500,0.004600,0.027800,0.022900,0.057500,0.002400,0.036224,0.011104,0.008576,0.010208,0.001280,1,4,48,0,1
3708,0.116700,0.128900,0.004900,0.028000,0.023300,0.058200,0.002200,0.035712,0.011232,0.008640,0.010176,0.001312,1,4,48,0,1
3709,0.117800,0.129800,0.004700,0.027800,0.023000,0.059100,0.003200,0.035520,0.012256,0.008384,0.010336,0.001280,1,4,48,0,1
3710,0.121900,0.130800,0.004900,0.027800,0.023200,0.062800,0.003200,0.037376,0.011328,0.008288,0.010400,0.001344,1,4,48,0,1
3711,0.128900,0.135000,0.004900,0.028100,0.023300,0.069500,0.003100,0.035424,0.011168,0.008288,0.010240,0.001344,1,4,48,0,1
3712,0.117500,0.142100,0.004700,0.028000,0.022800,0.058800,0.003100,0.035520,0.011168,0.008384,0.010240,0.001312,1,4,48,0,1
3713,0.121600,0.130500,0.004600,0.028100,0.023000,0.062700,0.003100,0.035552,0.011200,0.008448,0.010240,0.001280,1,4,48,0,1
3714,0.116600,0.134800,0.004900,0.027900,0.022900,0.058600,0.002200,0.037984,0.011232,0.008608,0.010432,0.001344,1,4,48,0,1
3715,0.117100,0.129800,0.004600,0.027700,0.022800,0.058600,0.003100,0.037888,0.011264,0.008512,0.010368,0.001312,1,4,48,0,1
3716,0.117500,0.130100,0.004800,0.027600,0.023200,0.058600,0.003000,0.037152,0.011136,0.008416,0.010208,0.001312,1,4,48,0,1
3717,0.285400,0.130600,0.004700,0.115000,0.039200,0.122500,0.003600,0.035904,0.011136,0.008288,0.010112,0.001344,1,4,48,0,1
3718,0.198600,0.305300,0.007100,0.045200,0.035300,0.092900,0.017800,0.035872,0.013664,0.008672,0.010432,0.001344,1,4,48,0,1
3719,0.165000,0.213800,0.005700,0.036600,0.028700,0.089000,0.005000,0.035520,0.011200,0.008576,0.010176,0.001344,1,4,48,0,1
3720,0.125800,0.179200,0.005400,0.030200,0.025500,0.061600,0.003100,0.035488,0.011168,0.008256,0.010304,0.001344,1,4,48,0,1
3721,0.119600,0.139300,0.004900,0.028200,0.023500,0.059600,0.003200,0.037216,0.011136,0.008352,0.010368,0.001344,1,4,48,0,1
3722,0.119100,0.132900,0.004600,0.028100,0.023600,0.059700,0.003100,0.035392,0.011232,0.008224,0.010240,0.001280,1,4,48,0,1
3723,0.116900,0.132600,0.004800,0.028000,0.022800,0.058700,0.002500,0.035680,0.012256,0.008480,0.010432,0.001280,1,4,48,0,1
3724,0.118400,0.130300,0.005300,0.028000,0.023400,0.058300,0.003200,0.035584,0.012288,0.008384,0.010400,0.001344,1,4,48,0,1
3725,0.116500,0.131500,0.005000,0.028000,0.023400,0.057100,0.002700,0.035616,0.011232,0.008480,0.010208,0.001312,1,4,48,0,1
3726,0.150000,0.130300,0.005100,0.028200,0.023500,0.091100,0.001900,0.035520,0.011104,0.008576,0.010176,0.001280,1,4,48,0,1
3727,0.121200,0.164000,0.005300,0.030700,0.024600,0.058500,0.001900,0.035360,0.013696,0.008160,0.010432,0.001344,1,4,48,0,1
3728,0.123900,0.134700,0.005000,0.028500,0.022200,0.065900,0.002300,0.037472,0.011136,0.008448,0.010272,0.001344,1,4,48,0,1
3729,0.119700,0.137700,0.005000,0.029300,0.024800,0.058300,0.002200,0.035328,0.011104,0.008448,0.010240,0.001312,1,4,48,0,1
3730,0.157800,0.132900,0.004700,0.028200,0.023200,0.099800,0.001800,0.035968,0.011072,0.008288,0.010176,0.001344,1,4,48,0,1
3731,0.122600,0.171500,0.005100,0.030500,0.024400,0.059300,0.003100,0.036128,0.011104,0.008384,0.010240,0.001280,1,4,48,0,1
3732,0.153200,0.135700,0.005200,0.028100,0.058500,0.058900,0.002300,0.037632,0.012064,0.008352,0.010496,0.001312,1,4,48,0,1
3733,0.111400,0.166500,0.004800,0.027800,0.021300,0.055500,0.001900,0.037344,0.011200,0.008448,0.010240,0.001344,1,4,48,0,1
3734,0.158500,0.124400,0.004700,0.027500,0.028400,0.052800,0.045100,0.037664,0.011232,0.008576,0.010208,0.001248,1,4,48,0,1
3735,0.134300,0.172300,0.005200,0.029600,0.022600,0.073100,0.003500,0.037472,0.013632,0.008320,0.010176,0.001344,1,4,48,0,1
3736,0.129500,0.147500,0.004800,0.028000,0.032700,0.060800,0.003100,0.036352,0.010592,0.008320,0.010208,0.001248,1,4,48,0,1
3737,0.119100,0.143000,0.004700,0.028200,0.023400,0.059500,0.003100,0.035712,0.011200,0.008608,0.010176,0.001312,1,4,48,0,1
3738,0.118700,0.132200,0.005100,0.027800,0.023600,0.059000,0.003100,0.037664,0.011168,0.008416,0.010464,0.001312,1,4,48,0,1
3739,0.116200,0.131900,0.004800,0.028100,0.023700,0.057300,0.002000,0.035904,0.013664,0.008352,0.010336,0.001632,1,4,48,0,1
3740,0.117200,0.129200,0.004800,0.028100,0.023200,0.057900,0.003000,0.036000,0.011200,0.008320,0.010240,0.001344,1,4,48,0,1
3741,0.118400,0.130600,0.005000,0.028000,0.023100,0.058900,0.003300,0.037696,0.011264,0.008480,0.010400,0.001344,1,4,48,0,1
3742,0.118100,0.131700,0.004700,0.027800,0.023400,0.059000,0.003000,0.037888,0.011136,0.008544,0.010464,0.001312,1,4,48,0,1
3743,0.116700,0.131200,0.004800,0.028100,0.022800,0.058000,0.003000,0.035648,0.011168,0.008576,0.010240,0.001248,1,4,48,0,1
3744,0.117300,0.129800,0.005200,0.028000,0.023100,0.057900,0.003000,0.037728,0.011264,0.008480,0.010368,0.001344,1,4,48,0,1
3745,0.177800,0.130400,0.004900,0.027800,0.052900,0.087900,0.004000,0.035584,0.013664,0.008480,0.010432,0.001216,1,4,48,0,1
3746,0.162500,0.196400,0.006600,0.038400,0.029400,0.074400,0.013400,0.035680,0.011264,0.008640,0.010176,0.001280,1,4,48,0,1
3747,0.194000,0.179200,0.006000,0.035000,0.029200,0.118200,0.005400,0.036320,0.011072,0.008576,0.010240,0.001312,1,4,48,0,1
3748,0.215200,0.213600,0.006900,0.045400,0.034100,0.120900,0.007700,0.037664,0.011136,0.008416,0.010432,0.001280,1,4,48,0,1
3749,0.187100,0.232700,0.006300,0.039800,0.030900,0.107600,0.002300,0.036096,0.011136,0.008352,0.010272,0.001312,1,4,48,0,1
3750,0.186300,0.204400,0.006100,0.037500,0.030200,0.108300,0.004100,0.035456,0.013760,0.008352,0.010336,0.001280,1,4,48,0,1
3751,0.185700,0.203500,0.006000,0.036900,0.031300,0.107500,0.003900,0.035648,0.011264,0.008384,0.010240,0.001312,1,4,48,0,1
3752,0.182600,0.202700,0.005900,0.036700,0.029800,0.105100,0.004900,0.035648,0.011200,0.008512,0.010240,0.001344,1,4,48,0,1
3753,0.171200,0.199500,0.006400,0.036800,0.046500,0.077900,0.003300,0.035616,0.012192,0.008512,0.010368,0.001280,1,4,48,0,1
3754,0.128000,0.187000,0.005500,0.032100,0.025400,0.061900,0.003100,0.035648,0.011200,0.008544,0.010208,0.001312,1,4,48,0,1
3755,0.121800,0.141700,0.004800,0.029300,0.023700,0.060700,0.003200,0.037312,0.013568,0.008288,0.010368,0.001216,1,4,48,0,1
3756,0.120700,0.135300,0.005100,0.028800,0.023800,0.059600,0.003200,0.037856,0.011200,0.008576,0.010368,0.001376,1,4,48,0,1
3757,0.119800,0.134300,0.005000,0.028700,0.023300,0.059500,0.003000,0.035392,0.011104,0.008288,0.010240,0.001344,1,4,48,0,1
3758,0.118700,0.132900,0.005000,0.028200,0.023500,0.058900,0.003100,0.037600,0.013664,0.008576,0.010240,0.001280,1,4,48,0,1
3759,0.118200,0.131800,0.004900,0.028100,0.023100,0.058900,0.003100,0.035360,0.011200,0.008256,0.010208,0.001216,1,4,48,0,1
3760,0.119300,0.131300,0.004900,0.028100,0.023500,0.059600,0.003100,0.037696,0.011264,0.008320,0.010432,0.001376,1,4,48,0,1
3761,0.117900,0.132500,0.005100,0.028000,0.023100,0.058600,0.003000,0.037600,0.011200,0.008320,0.010464,0.001312,1,4,48,0,1
3762,0.118200,0.130900,0.005000,0.027900,0.023300,0.058800,0.003000,0.035520,0.011104,0.008448,0.010272,0.001280,1,4,48,0,1
3763,0.117400,0.131400,0.004700,0.027900,0.023000,0.058500,0.003100,0.035712,0.012256,0.008448,0.010400,0.001408,1,4,48,0,1
3764,0.117500,0.130600,0.004900,0.028100,0.023000,0.058200,0.003000,0.035744,0.012288,0.008640,0.010368,0.001216,1,4,48,0,1
3765,0.117300,0.130600,0.004700,0.028000,0.023100,0.058300,0.003100,0.037664,0.011232,0.008416,0.010400,0.001344,1,4,48,0,1
3766,0.124700,0.130600,0.004800,0.033700,0.023500,0.059500,0.003000,0.035584,0.011168,0.008416,0.010208,0.001344,1,4,48,0,1
3767,0.118800,0.138500,0.004900,0.028200,0.023300,0.059300,0.003100,0.035424,0.011168,0.008288,0.010240,0.001344,1,4,48,0,1
3768,0.117800,0.132300,0.005000,0.028100,0.023000,0.058600,0.003100,0.035488,0.011136,0.008512,0.010272,0.001280,1,4,48,0,1
3769,0.117400,0.130900,0.004700,0.028300,0.022600,0.058700,0.003000,0.035296,0.011104,0.008288,0.010240,0.001312,1,4,48,0,1
3770,0.121000,0.131000,0.004700,0.028000,0.023100,0.062100,0.003000,0.035456,0.011136,0.008384,0.010208,0.001280,1,4,48,0,1
3771,0.117000,0.134200,0.005000,0.027700,0.022900,0.058100,0.003100,0.035392,0.011168,0.008384,0.010240,0.001248,1,4,48,0,1
3772,0.117200,0.130000,0.004800,0.027500,0.020700,0.061100,0.003000,0.037120,0.011232,0.008544,0.010240,0.001312,1,4,48,0,1
3773,0.113900,0.130000,0.004700,0.027800,0.020200,0.059200,0.001800,0.035648,0.011200,0.008352,0.010272,0.001248,1,4,48,0,1
3774,0.248100,0.126800,0.005100,0.027200,0.023500,0.054400,0.137800,0.036512,0.011232,0.008416,0.010240,0.001344,1,4,48,0,1
3775,0.137400,0.262100,0.005200,0.031400,0.023900,0.073300,0.003400,0.035488,0.011296,0.008608,0.010176,0.001248,1,4,48,0,1
3776,0.129100,0.150700,0.005000,0.028200,0.032100,0.060700,0.003100,0.036352,0.011200,0.008416,0.010240,0.001312,1,4,48,0,1
3777,0.117400,0.142200,0.004700,0.028000,0.023000,0.058500,0.003100,0.035520,0.011200,0.008416,0.010240,0.001248,1,4,48,0,1
3778,0.117200,0.130700,0.004800,0.027900,0.023000,0.058400,0.003000,0.035616,0.011232,0.008416,0.010208,0.001376,1,4,48,0,1
3779,0.133000,0.130500,0.004700,0.028500,0.023200,0.074300,0.002100,0.035552,0.011168,0.008576,0.010176,0.001248,1,4,48,0,1
3780,0.122800,0.146700,0.005500,0.029800,0.024700,0.059400,0.003300,0.036064,0.011200,0.008384,0.010176,0.001280,1,4,48,0,1
3781,0.118400,0.136200,0.005000,0.028500,0.023800,0.058000,0.003000,0.035808,0.013760,0.008480,0.010400,0.001344,1,4,48,0,1
3782,0.118200,0.131700,0.004900,0.028300,0.023100,0.058800,0.003000,0.035840,0.012288,0.008512,0.010464,0.001376,1,4,48,0,1
3783,0.118200,0.131300,0.005100,0.028100,0.023200,0.058600,0.003000,0.037376,0.011168,0.008288,0.010400,0.001280,1,4,48,0,1
3784,0.117100,0.131300,0.004700,0.027900,0.022600,0.058800,0.002900,0.035584,0.011168,0.008480,0.010208,0.001312,1,4,48,0,1
3785,0.117100,0.130000,0.004900,0.027700,0.022800,0.058300,0.003200,0.035680,0.011200,0.008544,0.010208,0.001344,1,4,48,0,1
3786,0.116900,0.130300,0.004700,0.027900,0.022900,0.058300,0.003000,0.035392,0.011200,0.008320,0.010240,0.001312,1,4,48,0,1
3787,0.116800,0.129800,0.004700,0.027700,0.022800,0.058400,0.003100,0.035584,0.011168,0.008416,0.010336,0.001280,1,4,48,0,1
3788,0.117500,0.129800,0.004600,0.028200,0.023200,0.058000,0.003000,0.035616,0.011168,0.008544,0.010240,0.001248,1,4,48,0,1
3789,0.116800,0.130600,0.004700,0.027800,0.022700,0.058400,0.003200,0.035456,0.011136,0.008320,0.010240,0.001344,1,4,48,0,1
3790,0.117400,0.129800,0.004700,0.027800,0.023400,0.058200,0.003000,0.035936,0.011136,0.008384,0.010208,0.001344,1,4,48,0,1
3791,0.116400,0.130700,0.004700,0.027600,0.022700,0.058300,0.003100,0.035552,0.011168,0.008352,0.010272,0.001376,1,4,48,0,1
3792,0.117500,0.129800,0.004900,0.027600,0.023000,0.058800,0.003100,0.035584,0.011104,0.008480,0.010272,0.001344,1,4,48,0,1
3793,0.124500,0.130700,0.004800,0.033700,0.023700,0.059200,0.003100,0.035520,0.012256,0.008352,0.010400,0.001344,1,4,48,0,1
3794,0.117000,0.137900,0.004600,0.027800,0.023500,0.058100,0.003000,0.035648,0.011168,0.008640,0.010176,0.001312,1,4,48,0,1
3795,0.117000,0.129900,0.004900,0.027700,0.022800,0.058500,0.003100,0.035648,0.012160,0.008512,0.010432,0.001312,1,4,48,0,1
3796,0.117200,0.130300,0.004500,0.027700,0.023200,0.058500,0.003000,0.035488,0.011200,0.008384,0.010208,0.001280,1,4,48,0,1
3797,0.117000,0.130200,0.004700,0.027800,0.022900,0.058200,0.003100,0.035488,0.011136,0.008320,0.010208,0.001408,1,4,48,0,1
3798,0.117700,0.130200,0.004900,0.027900,0.023000,0.058700,0.003000,0.035392,0.012224,0.008256,0.010336,0.001312,1,4,48,0,1
3799,0.118000,0.130800,0.004800,0.027700,0.023500,0.059000,0.003000,0.035360,0.011168,0.008288,0.010240,0.001312,1,4,48,0,1
3800,0.121700,0.131000,0.005100,0.027700,0.022700,0.062800,0.003000,0.037792,0.013792,0.008416,0.010272,0.001408,1,4,48,0,1
3801,0.117600,0.134600,0.005000,0.028000,0.023100,0.058500,0.003000,0.037760,0.011168,0.008512,0.010400,0.001344,1,4,48,0,1
3802,0.116100,0.130500,0.004600,0.027800,0.022900,0.057600,0.002900,0.037664,0.011264,0.008512,0.010336,0.001248,1,4,48,0,1
3803,0.117500,0.129000,0.004700,0.027700,0.023000,0.058800,0.003000,0.037792,0.011200,0.008480,0.010400,0.001376,1,4,48,0,1
3804,0.117300,0.130500,0.004900,0.027900,0.023200,0.058000,0.003100,0.035648,0.011200,0.008480,0.010240,0.001344,1,4,48,0,1
3805,0.116900,0.130300,0.004600,0.027600,0.023100,0.058500,0.003000,0.035712,0.011168,0.008512,0.010272,0.001312,1,4,48,0,1
3806,0.116700,0.129900,0.004800,0.027800,0.022400,0.058500,0.003000,0.037888,0.011264,0.008576,0.010464,0.001216,1,4,48,0,1
3807,0.117300,0.129400,0.005100,0.027700,0.022700,0.058500,0.003100,0.037632,0.011168,0.008416,0.010368,0.001344,1,4,48,0,1
3808,0.122500,0.130300,0.004600,0.027500,0.028000,0.059200,0.003000,0.035520,0.011232,0.008480,0.010144,0.001248,1,4,48,0,1
3809,0.147500,0.135800,0.005000,0.027900,0.022600,0.090100,0.001700,0.037728,0.011264,0.008480,0.010336,0.001312,1,4,48,0,1
3810,0.118000,0.160800,0.004900,0.027800,0.023100,0.059000,0.003100,0.037760,0.013760,0.008448,0.010304,0.001376,1,4,48,0,1
3811,0.117400,0.131000,0.005000,0.027900,0.022700,0.058700,0.003000,0.035712,0.011168,0.008608,0.010208,0.001312,1,4,48,0,1
3812,0.116400,0.130500,0.004600,0.027700,0.022700,0.058200,0.003000,0.035648,0.011232,0.008480,0.010240,0.001312,1,4,48,0,1
3813,0.116900,0.129800,0.004700,0.027800,0.022700,0.058600,0.003000,0.035456,0.011168,0.008320,0.010240,0.001312,1,4,48,0,1
3814,0.116600,0.129800,0.004500,0.027700,0.022800,0.058500,0.002900,0.035520,0.011200,0.008384,0.010208,0.001312,1,4,48,0,1
3815,0.116500,0.129800,0.004700,0.027700,0.022900,0.058100,0.003000,0.037472,0.013792,0.008160,0.010272,0.001312,1,4,48,0,1
3816,0.116200,0.129600,0.004900,0.027600,0.022600,0.057800,0.003000,0.035648,0.011200,0.008480,0.010240,0.001312,1,4,48,0,1
3817,0.115300,0.129200,0.004700,0.027500,0.023000,0.057800,0.002100,0.036480,0.010848,0.008512,0.010208,0.001344,1,4,48,0,1
3818,0.110800,0.128400,0.004800,0.027800,0.021000,0.055400,0.001800,0.036704,0.011168,0.008384,0.010368,0.001248,1,4,48,0,1
3819,0.132000,0.123600,0.004800,0.027500,0.030500,0.053100,0.016100,0.035776,0.011232,0.008576,0.010272,0.001312,1,4,48,0,1
3820,0.138500,0.145700,0.005000,0.033600,0.022300,0.072600,0.005000,0.036640,0.011136,0.008480,0.010176,0.001344,1,4,48,0,1
3821,0.119000,0.152100,0.004900,0.028000,0.021600,0.061400,0.003100,0.036480,0.010816,0.008640,0.010240,0.001248,1,4,48,0,1
3822,0.119600,0.132100,0.004800,0.028100,0.025000,0.058500,0.003000,0.037632,0.013664,0.008448,0.010240,0.001344,1,4,48,0,1
3823,0.134400,0.132500,0.004800,0.034700,0.033200,0.058500,0.003100,0.035616,0.011168,0.008480,0.010240,0.001344,1,4,48,0,1
3824,0.118200,0.147300,0.004500,0.027800,0.023800,0.058900,0.003000,0.035520,0.011232,0.008416,0.010208,0.001280,1,4,48,0,1
3825,0.116900,0.131500,0.004600,0.027400,0.022600,0.058900,0.003000,0.037344,0.011232,0.008448,0.010336,0.001312,1,4,48,0,1
3826,0.117100,0.129900,0.004700,0.027800,0.023100,0.058100,0.002900,0.035616,0.011168,0.008480,0.010304,0.001312,1,4,48,0,1
3827,0.189800,0.130000,0.004700,0.027800,0.022800,0.131700,0.002700,0.037760,0.011296,0.008416,0.010432,0.001280,1,4,48,0,1
3828,0.163600,0.204600,0.005800,0.035800,0.027500,0.082800,0.011700,0.035712,0.011200,0.008512,0.010304,0.001344,1,4,48,0,1
3829,0.143800,0.177600,0.005200,0.030500,0.025000,0.077500,0.005600,0.035648,0.011232,0.008512,0.010176,0.001344,1,4,48,0,1
3830,0.188000,0.163100,0.006900,0.045600,0.034800,0.098200,0.002400,0.035712,0.013728,0.008512,0.010368,0.001344,1,4,48,0,1
3831,0.153400,0.205800,0.006400,0.037400,0.030700,0.075000,0.003800,0.035520,0.011168,0.008256,0.010240,0.001376,1,4,48,0,1
3832,0.144900,0.169800,0.005500,0.034300,0.028800,0.072500,0.003700,0.035744,0.011200,0.008512,0.010304,0.001376,1,4,48,0,1
3833,0.143700,0.160800,0.005500,0.034400,0.027900,0.071700,0.003800,0.035520,0.011200,0.008384,0.010240,0.001312,1,4,48,0,1
3834,0.143100,0.160100,0.005800,0.034300,0.028100,0.071000,0.003700,0.037504,0.011168,0.008416,0.010368,0.001248,1,4,48,0,1
3835,0.142700,0.159400,0.005500,0.033600,0.028200,0.071000,0.003700,0.037600,0.011232,0.008288,0.010432,0.001376,1,4,48,0,1
3836,0.151600,0.159000,0.006000,0.033600,0.028200,0.070800,0.012800,0.035456,0.011168,0.008416,0.010240,0.001216,1,4,48,0,1
3837,0.141300,0.167800,0.006000,0.033500,0.027800,0.070300,0.003600,0.035744,0.011232,0.008512,0.010208,0.001312,1,4,48,0,1
3838,0.150700,0.157500,0.005600,0.033600,0.028200,0.070600,0.012500,0.035520,0.011168,0.008416,0.010208,0.001376,1,4,48,0,1
3839,0.141500,0.166800,0.005500,0.033600,0.028100,0.070200,0.003900,0.035424,0.011200,0.008352,0.010208,0.001248,1,4,48,0,1
3840,0.140900,0.157500,0.005700,0.033400,0.028000,0.069900,0.003700,0.037536,0.013664,0.008480,0.010208,0.001216,1,4,48,0,1
3841,0.153400,0.156700,0.006100,0.032400,0.022700,0.086900,0.005100,0.035616,0.012288,0.008384,0.010464,0.001312,1,4,48,0,1
3842,0.126800,0.168000,0.005300,0.031100,0.024800,0.062200,0.003200,0.035392,0.011168,0.008384,0.010176,0.001248,1,4,48,0,1
3843,0.119400,0.140400,0.004700,0.028400,0.023500,0.059500,0.003100,0.035584,0.011168,0.008448,0.010176,0.001376,1,4,48,0,1
3844,0.118700,0.132500,0.004800,0.027700,0.023300,0.059700,0.003100,0.035584,0.011232,0.008448,0.010176,0.001344,1,4,48,0,1
3845,0.117200,0.131700,0.004800,0.027700,0.023400,0.058000,0.003300,0.035392,0.011200,0.008416,0.010240,0.001216,1,4,48,0,1
3846,0.117600,0.130100,0.005000,0.027800,0.023100,0.058400,0.003200,0.035840,0.011264,0.008640,0.010240,0.001312,1,4,48,0,1
3847,0.119500,0.130700,0.004700,0.027800,0.022900,0.060700,0.003100,0.035584,0.012224,0.008448,0.010336,0.001344,1,4,48,0,1
3848,0.117100,0.132500,0.004600,0.028000,0.023000,0.058300,0.003100,0.035680,0.011200,0.008544,0.010240,0.001344,1,4,48,0,1
3849,0.117500,0.130200,0.004700,0.027800,0.023200,0.058500,0.003000,0.035328,0.011136,0.008288,0.010176,0.001344,1,4,48,0,1
3850,0.117400,0.130500,0.004900,0.028100,0.022700,0.058500,0.003100,0.037568,0.013696,0.008416,0.010240,0.001312,1,4,48,0,1
3851,0.117200,0.130400,0.004600,0.027900,0.022900,0.058400,0.003300,0.037664,0.011264,0.008416,0.010336,0.001376,1,4,48,0,1
3852,0.116900,0.130100,0.005000,0.027800,0.022600,0.058500,0.002500,0.035488,0.011232,0.008352,0.010208,0.001312,1,4,48,0,1
3853,0.117200,0.129800,0.004900,0.028100,0.023100,0.057800,0.003300,0.035488,0.011168,0.008384,0.010240,0.001280,1,4,48,0,1
3854,0.122700,0.130400,0.004800,0.027900,0.023100,0.063800,0.003100,0.035680,0.011232,0.008608,0.010240,0.001312,1,4,48,0,1
3855,0.117800,0.135900,0.004800,0.028200,0.023100,0.058300,0.003200,0.035584,0.011200,0.008448,0.010240,0.001344,1,4,48,0,1
3856,0.116700,0.130600,0.004700,0.027700,0.022900,0.058300,0.003100,0.036960,0.011136,0.008416,0.010272,0.001184,1,4,48,0,1
3857,0.116600,0.141300,0.004700,0.027500,0.022600,0.058400,0.003000,0.037696,0.011168,0.008448,0.010368,0.001376,1,4,48,0,1
3858,0.117100,0.129400,0.005100,0.027400,0.023200,0.058100,0.003100,0.037632,0.011200,0.008544,0.010400,0.001216,1,4,48,0,1
3859,0.124000,0.130100,0.004600,0.027700,0.030100,0.058300,0.003100,0.035456,0.011104,0.008352,0.010240,0.001376,1,4,48,0,1
3860,0.109500,0.136900,0.004500,0.027900,0.020500,0.054500,0.001700,0.035904,0.011104,0.008640,0.010240,0.001280,1,4,48,0,1
3861,0.137700,0.122400,0.004900,0.027400,0.028000,0.052700,0.024600,0.036960,0.011104,0.008416,0.010208,0.001376,1,4,48,0,1
3862,0.119200,0.151200,0.004900,0.029700,0.022800,0.059600,0.001900,0.036832,0.010816,0.008544,0.010304,0.001216,1,4,48,0,1
3863,0.129500,0.132100,0.004800,0.027300,0.020400,0.071900,0.005000,0.036672,0.010944,0.008160,0.010336,0.001312,1,4,48,0,1
3864,0.116900,0.142600,0.005100,0.028100,0.020600,0.060000,0.003000,0.036320,0.011232,0.008320,0.010272,0.001344,1,4,48,0,1
3865,0.123200,0.129900,0.004800,0.028000,0.028100,0.059100,0.003100,0.035360,0.011104,0.008320,0.010240,0.001312,1,4,48,0,1
3866,0.117800,0.136300,0.004700,0.028100,0.023200,0.058500,0.003000,0.035552,0.011232,0.008448,0.010208,0.001280,1,4,48,0,1
3867,0.117400,0.130700,0.004500,0.027700,0.023100,0.059000,0.003000,0.035808,0.011168,0.008576,0.010272,0.001376,1,4,48,0,1
3868,0.117300,0.130500,0.004600,0.027900,0.023000,0.058700,0.003000,0.035712,0.011232,0.008512,0.010240,0.001312,1,4,48,0,1
3869,0.116800,0.130200,0.004600,0.027600,0.023100,0.058300,0.003000,0.035328,0.011136,0.008384,0.010208,0.001216,1,4,48,0,1
3870,0.116500,0.129800,0.005000,0.027900,0.022600,0.058000,0.003000,0.035712,0.011168,0.008672,0.010176,0.001376,1,4,48,0,1
3871,0.115500,0.129400,0.004800,0.027800,0.022700,0.057000,0.003100,0.035424,0.011168,0.008416,0.010208,0.001216,1,4,48,0,1
3872,0.125000,0.130900,0.013900,0.028000,0.022800,0.057200,0.003100,0.035680,0.011200,0.008544,0.010208,0.001344,1,4,48,0,1
3873,0.138100,0.137900,0.004900,0.041300,0.023300,0.065400,0.003200,0.035744,0.011200,0.008544,0.010240,0.001344,1,4,48,0,1
3874,0.122000,0.151500,0.004800,0.027900,0.022900,0.063100,0.003100,0.037056,0.011104,0.008416,0.010240,0.001280,1,4,48,0,1
3875,0.117600,0.135100,0.004700,0.028400,0.023000,0.058300,0.003100,0.035360,0.011168,0.008448,0.010240,0.001280,1,4,48,0,1
3876,0.116600,0.130800,0.005100,0.027800,0.022900,0.057400,0.003100,0.037760,0.011168,0.008576,0.010400,0.001312,1,4,48,0,1
3877,0.117100,0.129700,0.004800,0.027600,0.023500,0.057700,0.003100,0.035616,0.011232,0.008512,0.010240,0.001280,1,4,48,0,1
3878,0.115900,0.129900,0.004700,0.027700,0.022800,0.057600,0.003100,0.035616,0.013696,0.008384,0.010464,0.001312,1,4,48,0,1
3879,0.115700,0.129200,0.004700,0.027900,0.022900,0.057100,0.003100,0.037536,0.013664,0.008416,0.010144,0.001376,1,4,48,0,1
3880,0.115600,0.128800,0.004600,0.027800,0.022600,0.057500,0.003000,0.035616,0.011232,0.008544,0.010208,0.001248,1,4,48,0,1
3881,0.116800,0.128800,0.004800,0.027900,0.023200,0.057700,0.003200,0.035552,0.013632,0.008416,0.010400,0.001280,1,4,48,0,1
3882,0.116200,0.129900,0.004700,0.028000,0.023100,0.057200,0.003000,0.037664,0.011232,0.008576,0.010464,0.001312,1,4,48,0,1
3883,0.116100,0.129200,0.004900,0.028000,0.022800,0.057100,0.003100,0.035520,0.013664,0.008320,0.010400,0.001376,1,4,48,0,1
3884,0.115300,0.129200,0.004600,0.027800,0.023000,0.056700,0.003100,0.035776,0.013664,0.008608,0.010432,0.001312,1,4,48,0,1
3885,0.115500,0.128400,0.004900,0.027800,0.022700,0.056800,0.003200,0.035808,0.011264,0.008576,0.010240,0.001344,1,4,48,0,1
3886,0.115200,0.128400,0.004700,0.027800,0.022400,0.056900,0.003100,0.037568,0.013728,0.008448,0.010240,0.001344,1,4,48,0,1
3887,0.125400,0.128300,0.004500,0.038100,0.022800,0.056700,0.003200,0.035744,0.011168,0.008608,0.010208,0.001344,1,4,48,0,1
3888,0.170600,0.138500,0.004800,0.028300,0.023400,0.108600,0.005100,0.035968,0.011008,0.008352,0.010208,0.001344,1,4,48,0,1
3889,0.203300,0.189200,0.007100,0.044300,0.033700,0.112400,0.005600,0.037632,0.011232,0.008352,0.010400,0.001312,1,4,48,0,1
3890,0.186500,0.220400,0.006200,0.037900,0.030600,0.107400,0.004200,0.037504,0.013632,0.008480,0.010240,0.001216,1,4,48,0,1
3891,0.185200,0.203500,0.005800,0.036700,0.030100,0.108300,0.004100,0.035616,0.011200,0.008352,0.010336,0.001312,1,4,48,0,1
3892,0.192100,0.202200,0.005800,0.036600,0.029900,0.116100,0.003500,0.037760,0.011104,0.008576,0.010400,0.001344,1,4,48,0,1
3893,0.134100,0.206400,0.006000,0.035400,0.028000,0.061600,0.003100,0.037696,0.013760,0.008352,0.010336,0.001376,1,4,48,0,1
3894,0.119400,0.147500,0.005200,0.028600,0.023500,0.058800,0.003100,0.035648,0.012256,0.008352,0.010400,0.001376,1,4,48,0,1
3895,0.118100,0.132700,0.004900,0.028200,0.023400,0.058200,0.003200,0.035616,0.011232,0.008384,0.010240,0.001376,1,4,48,0,1
3896,0.115900,0.131200,0.004700,0.027800,0.023300,0.057000,0.003100,0.037536,0.011136,0.008352,0.010368,0.001344,1,4,48,0,1
3897,0.116000,0.129100,0.004700,0.027800,0.022900,0.057300,0.003300,0.035392,0.011136,0.008480,0.010176,0.001312,1,4,48,0,1
3898,0.115400,0.129400,0.004700,0.027700,0.022900,0.056900,0.003100,0.035648,0.011264,0.008480,0.010240,0.001312,1,4,48,0,1
3899,0.115700,0.128600,0.004500,0.027700,0.023000,0.057000,0.003200,0.035456,0.012256,0.008288,0.010400,0.001280,1,4,48,0,1
3900,0.120200,0.128800,0.005000,0.027900,0.023000,0.061100,0.003200,0.035680,0.012224,0.008576,0.010368,0.001312,1,4,48,0,1
3901,0.115500,0.133400,0.004800,0.028200,0.023000,0.057000,0.002300,0.035520,0.011136,0.008480,0.010240,0.001248,1,4,48,0,1
3902,0.127200,0.128400,0.004700,0.027800,0.033800,0.057700,0.003100,0.036512,0.010816,0.008640,0.010240,0.001376,1,4,48,0,1
3903,0.136300,0.140300,0.004800,0.027900,0.020600,0.076500,0.006300,0.036512,0.010784,0.008352,0.010208,0.001280,1,4,48,0,1
3904,0.198100,0.159000,0.008000,0.052600,0.040500,0.091900,0.004700,0.035712,0.013728,0.008448,0.010368,0.001344,1,4,48,0,1
3905,0.164500,0.218200,0.006900,0.041200,0.029000,0.074000,0.013200,0.037504,0.011136,0.008512,0.010368,0.001184,1,4,48,0,1
3906,0.145100,0.181000,0.005800,0.034400,0.028500,0.072500,0.003800,0.035648,0.013728,0.008608,0.010304,0.001280,1,4,48,0,1
3907,0.142700,0.161600,0.005600,0.033700,0.028600,0.070800,0.003800,0.035520,0.011200,0.008416,0.010208,0.001312,1,4,48,0,1
3908,0.142200,0.158800,0.005900,0.033600,0.028000,0.070900,0.003700,0.037312,0.013728,0.008352,0.010176,0.001280,1,4,48,0,1
3909,0.141600,0.158800,0.005600,0.033600,0.028000,0.070400,0.003800,0.035488,0.011168,0.008352,0.010240,0.001344,1,4,48,0,1
3910,0.141500,0.158000,0.005600,0.033400,0.027600,0.071100,0.003700,0.037632,0.011168,0.008480,0.010432,0.001216,1,4,48,0,1
3911,0.140600,0.157500,0.005700,0.033600,0.027200,0.070200,0.003600,0.035584,0.012320,0.008448,0.010368,0.001248,1,4,48,0,1
3912,0.142100,0.156700,0.005800,0.033600,0.027800,0.070900,0.003700,0.035552,0.011232,0.008512,0.010176,0.001248,1,4,48,0,1
3913,0.140600,0.158100,0.005600,0.033400,0.027700,0.069900,0.003800,0.035456,0.011104,0.008384,0.010208,0.001312,1,4,48,0,1
3914,0.144800,0.156500,0.005700,0.051700,0.024000,0.059900,0.003200,0.035648,0.011232,0.008480,0.010208,0.001344,1,4,48,0,1
3915,0.117200,0.159000,0.005100,0.028700,0.022900,0.057400,0.003100,0.037888,0.011296,0.008512,0.010400,0.001312,1,4,48,0,1
3916,0.115800,0.130300,0.004800,0.027800,0.022800,0.057100,0.003100,0.035744,0.011104,0.008576,0.010272,0.001344,1,4,48,0,1
3917,0.116700,0.128800,0.004600,0.028200,0.023000,0.057400,0.003200,0.035552,0.011200,0.008352,0.010272,0.001376,1,4,48,0,1
3918,0.115000,0.129800,0.004700,0.027600,0.022700,0.056900,0.003000,0.035744,0.013760,0.008608,0.010368,0.001216,1,4,48,0,1
3919,0.115400,0.128000,0.004700,0.027700,0.022800,0.057000,0.003100,0.035616,0.011232,0.008512,0.010176,0.001344,1,4,48,0,1
3920,0.116200,0.128500,0.004600,0.027800,0.023100,0.057400,0.003200,0.035616,0.011200,0.008480,0.010272,0.001280,1,4,48,0,1
3921,0.115600,0.129200,0.004900,0.027700,0.022600,0.057100,0.003100,0.035456,0.011104,0.008320,0.010240,0.001344,1,4,48,0,1
3922,0.116000,0.128600,0.004700,0.027700,0.022900,0.057400,0.003200,0.035552,0.011168,0.008416,0.010304,0.001312,1,4,48,0,1
3923,0.116500,0.129100,0.004700,0.027900,0.023300,0.057300,0.003200,0.035424,0.012192,0.008384,0.010432,0.001184,1,4,48,0,1
3924,0.141100,0.129400,0.004700,0.049300,0.024700,0.059100,0.003200,0.035744,0.011104,0.008608,0.010272,0.001376,1,4,48,0,1
3925,0.115700,0.154900,0.004600,0.027900,0.022900,0.057000,0.003100,0.035648,0.011264,0.008384,0.010304,0.001344,1,4,48,0,1
3926,0.115700,0.128800,0.004800,0.027900,0.022800,0.057000,0.003000,0.035680,0.011136,0.008512,0.010208,0.001408,1,4,48,0,1
3927,0.122200,0.128800,0.004700,0.027500,0.028700,0.058100,0.003200,0.035552,0.011232,0.008480,0.010208,0.001248,1,4,48,0,1
3928,0.116100,0.135300,0.004800,0.028100,0.022500,0.057300,0.003100,0.035488,0.011072,0.008480,0.010176,0.001344,1,4,48,0,1
3929,0.115400,0.129100,0.004600,0.027800,0.022700,0.057100,0.003100,0.037408,0.011264,0.008416,0.010400,0.001312,1,4,48,0,1
3930,0.116000,0.128300,0.004800,0.028000,0.022800,0.057000,0.003100,0.035520,0.011168,0.008416,0.010272,0.001248,1,4,48,0,1
3931,0.136700,0.128800,0.004800,0.027900,0.022700,0.078100,0.003100,0.035328,0.011168,0.008320,0.010272,0.001184,1,4,48,0,1
3932,0.419200,0.159500,0.074300,0.244500,0.029200,0.067700,0.003300,0.035584,0.013760,0.008480,0.010336,0.001248,1,4,48,0,1
3933,0.129900,0.435200,0.005700,0.030500,0.024100,0.065800,0.003700,0.035680,0.013696,0.008480,0.010368,0.001376,1,4,48,0,1
3934,0.137800,0.146100,0.006300,0.032800,0.028900,0.066900,0.001800,0.035616,0.011200,0.008448,0.010208,0.001344,1,4,48,0,1
3935,0.119000,0.151300,0.004900,0.028100,0.023600,0.059000,0.003100,0.035584,0.013728,0.008416,0.010368,0.001344,1,4,48,0,1
3936,0.127500,0.132200,0.005000,0.028000,0.023600,0.067700,0.003100,0.035584,0.012256,0.008448,0.010432,0.001248,1,4,48,0,1
3937,0.116400,0.140500,0.004800,0.027500,0.023100,0.057600,0.003100,0.037504,0.011040,0.008384,0.010368,0.001344,1,4,48,0,1
3938,0.116100,0.129500,0.004800,0.027800,0.023000,0.057400,0.003100,0.035616,0.011264,0.008352,0.010208,0.001344,1,4,48,0,1
3939,0.117200,0.129300,0.004800,0.027800,0.023500,0.057700,0.003200,0.035584,0.011136,0.008448,0.010240,0.001344,1,4,48,0,1
3940,0.117300,0.130300,0.005000,0.028300,0.023000,0.057700,0.003100,0.035360,0.011136,0.008512,0.010240,0.001216,1,4,48,0,1
3941,0.116500,0.130400,0.004900,0.027500,0.023200,0.057500,0.003200,0.035680,0.011264,0.008416,0.010272,0.001312,1,4,48,0,1
3942,0.127200,0.129800,0.004900,0.028000,0.030700,0.060100,0.003200,0.035648,0.011968,0.008480,0.010400,0.001376,1,4,48,0,1
3943,0.111900,0.140600,0.004900,0.027700,0.022600,0.054700,0.001900,0.035712,0.011200,0.008352,0.010240,0.001344,1,4,48,0,1
3944,0.136800,0.125000,0.005000,0.027500,0.019900,0.080200,0.004100,0.036224,0.011200,0.008480,0.010304,0.001312,1,4,48,0,1
3945,0.119500,0.150300,0.005000,0.028900,0.021800,0.061300,0.002400,0.037376,0.010912,0.008512,0.010240,0.001376,1,4,48,0,1
3946,0.121600,0.132700,0.004800,0.027700,0.028100,0.057900,0.003100,0.035520,0.013728,0.008384,0.010400,0.001216,1,4,48,0,1
3947,0.116500,0.134600,0.004900,0.028100,0.022900,0.057300,0.003200,0.035616,0.011136,0.008480,0.010240,0.001344,1,4,48,0,1
3948,0.115900,0.129700,0.005000,0.027600,0.022800,0.057300,0.003100,0.035648,0.011168,0.008512,0.010272,0.001344,1,4,48,0,1
3949,0.116800,0.129100,0.005200,0.027800,0.023100,0.057400,0.003100,0.035520,0.011200,0.008480,0.010208,0.001216,1,4,48,0,1
3950,0.116400,0.130200,0.005000,0.027800,0.022900,0.057500,0.003200,0.037504,0.013696,0.008416,0.010240,0.001248,1,4,48,0,1
3951,0.115700,0.129800,0.004700,0.028000,0.022700,0.057100,0.003100,0.035552,0.011168,0.008448,0.010208,0.001312,1,4,48,0,1
3952,0.116400,0.128800,0.005300,0.027700,0.022900,0.057200,0.003100,0.037568,0.011200,0.008352,0.010400,0.001248,1,4,48,0,1
3953,0.116300,0.129800,0.004800,0.028000,0.022800,0.057400,0.003200,0.035648,0.011168,0.008448,0.010240,0.001376,1,4,48,0,1
3954,0.116200,0.129600,0.005000,0.027800,0.022900,0.057300,0.003100,0.037792,0.013728,0.008544,0.010304,0.001312,1,4,48,0,1
3955,0.115400,0.129100,0.004800,0.027600,0.022700,0.057100,0.003100,0.035520,0.013664,0.008640,0.010368,0.001216,1,4,48,0,1
3956,0.116000,0.128500,0.004700,0.028000,0.022700,0.057100,0.003200,0.035584,0.012256,0.008384,0.010400,0.001312,1,4,48,0,1
3957,0.115100,0.128900,0.004700,0.028000,0.022700,0.056600,0.003100,0.035456,0.013696,0.008352,0.010400,0.001216,1,4,48,0,1
3958,0.116000,0.128200,0.004900,0.027900,0.023000,0.056900,0.003200,0.035424,0.011264,0.008288,0.010208,0.001312,1,4,48,0,1
3959,0.116300,0.129200,0.004900,0.027600,0.023100,0.057500,0.003200,0.035648,0.011232,0.008448,0.010272,0.001312,1,4,48,0,1
3960,0.125100,0.129400,0.005100,0.034400,0.023900,0.058200,0.003200,0.035776,0.011200,0.008608,0.010272,0.001344,1,4,48,0,1
3961,0.116600,0.138500,0.005200,0.028000,0.023000,0.057000,0.003200,0.035424,0.011168,0.008384,0.010240,0.001248,1,4,48,0,1
3962,0.117300,0.129600,0.005200,0.027900,0.022800,0.058000,0.003100,0.035744,0.012192,0.008544,0.010432,0.001376,1,4,48,0,1
3963,0.116300,0.130400,0.004900,0.027700,0.022700,0.057600,0.003100,0.035840,0.012224,0.008608,0.010368,0.001408,1,4,48,0,1
3964,0.116000,0.129400,0.004800,0.027500,0.023100,0.057500,0.003000,0.035648,0.013664,0.008512,0.010400,0.001344,1,4,48,0,1
3965,0.116500,0.129100,0.004800,0.027900,0.023200,0.057200,0.003100,0.035808,0.012288,0.008576,0.010368,0.001344,1,4,48,0,1
3966,0.115800,0.129800,0.004900,0.027800,0.022500,0.057200,0.003200,0.035744,0.011232,0.008544,0.010240,0.001344,1,4,48,0,1
3967,0.115500,0.128900,0.005000,0.027700,0.022600,0.056900,0.003200,0.037696,0.011200,0.008448,0.010400,0.001312,1,4,48,0,1
3968,0.115300,0.128500,0.004800,0.027500,0.022500,0.057200,0.003000,0.035840,0.011232,0.008768,0.010176,0.001312,1,4,48,0,1
3969,0.115800,0.128200,0.005000,0.027800,0.022400,0.057200,0.003100,0.035584,0.012320,0.008384,0.010336,0.001344,1,4,48,0,1
3970,0.116200,0.128700,0.004800,0.027900,0.022900,0.057300,0.003100,0.035712,0.012256,0.008480,0.010368,0.001376,1,4,48,0,1
3971,0.116800,0.129500,0.004900,0.027900,0.022900,0.057800,0.003100,0.035584,0.011200,0.008416,0.010240,0.001344,1,4,48,0,1
3972,0.116100,0.129800,0.005100,0.028000,0.022400,0.057300,0.003100,0.037344,0.011200,0.008480,0.010400,0.001184,1,4,48,0,1
3973,0.115400,0.129100,0.005000,0.027400,0.022600,0.057200,0.003100,0.035616,0.011104,0.008544,0.010240,0.001376,1,4,48,0,1
3974,0.115600,0.128500,0.004800,0.027700,0.022800,0.057000,0.003200,0.035552,0.011168,0.008480,0.010272,0.001216,1,4,48,0,1
3975,0.121600,0.128700,0.004800,0.027600,0.022700,0.063200,0.003300,0.035520,0.011104,0.008480,0.010240,0.001248,1,4,48,0,1
3976,0.117000,0.134800,0.005200,0.028300,0.022700,0.057500,0.003100,0.035616,0.011200,0.008384,0.010272,0.001376,1,4,48,0,1
3977,0.117000,0.130000,0.005200,0.027600,0.022900,0.058000,0.003100,0.037632,0.011168,0.008416,0.010400,0.001344,1,4,48,0,1
3978,0.115500,0.129900,0.004900,0.027700,0.022600,0.057000,0.003100,0.037696,0.011200,0.008480,0.010400,0.001248,1,4,48,0,1
3979,0.115700,0.128600,0.004800,0.027500,0.022700,0.057400,0.003100,0.035456,0.011200,0.008256,0.010272,0.001312,1,4,48,0,1
3980,0.116400,0.128700,0.005000,0.027800,0.023000,0.057300,0.003100,0.035488,0.011232,0.008320,0.010272,0.001280,1,4,48,0,1
3981,0.116300,0.129500,0.005000,0.027800,0.022800,0.057500,0.003100,0.035680,0.011200,0.008576,0.010272,0.001216,1,4,48,0,1
3982,0.115900,0.129500,0.004700,0.027700,0.022900,0.057400,0.003000,0.035616,0.011136,0.008544,0.010240,0.001248,1,4,48,0,1
3983,0.116000,0.129000,0.004700,0.027600,0.022900,0.057500,0.003200,0.037408,0.013696,0.008224,0.010240,0.001312,1,4,48,0,1
3984,0.117000,0.129100,0.005300,0.027700,0.023100,0.057600,0.003100,0.037728,0.013728,0.008544,0.010208,0.001344,1,4,48,0,1
3985,0.116600,0.130000,0.005200,0.027500,0.022800,0.057900,0.003000,0.035584,0.011136,0.008448,0.010240,0.001344,1,4,48,0,1
3986,0.116100,0.129700,0.004900,0.027700,0.022700,0.057400,0.003200,0.037376,0.013760,0.008544,0.010240,0.001216,1,4,48,0,1
3987,0.115800,0.129200,0.004900,0.027800,0.022800,0.057000,0.003100,0.035360,0.011168,0.008320,0.010176,0.001280,1,4,48,0,1
3988,0.115200,0.128900,0.004800,0.027700,0.022800,0.057900,0.001800,0.037632,0.011200,0.008480,0.010432,0.001248,1,4,48,0,1
3989,0.115300,0.128200,0.004800,0.027600,0.026100,0.054800,0.001900,0.036736,0.010848,0.008512,0.010336,0.001248,1,4,48,0,1
3990,0.157200,0.128300,0.004900,0.027500,0.033100,0.088600,0.003000,0.037056,0.011008,0.008512,0.010304,0.001312,1,4,48,0,1
3991,0.135700,0.170800,0.005300,0.029700,0.034700,0.062600,0.003200,0.036960,0.011168,0.008352,0.010272,0.001344,1,4,48,0,1
3992,0.117000,0.148700,0.005100,0.028000,0.023100,0.057600,0.003100,0.035584,0.011168,0.008512,0.010240,0.001280,1,4,48,0,1
3993,0.117800,0.129900,0.004800,0.027800,0.022900,0.058500,0.003500,0.035520,0.013600,0.008448,0.010368,0.001312,1,4,48,0,1
3994,0.133000,0.131300,0.005200,0.028000,0.023000,0.074000,0.002700,0.035744,0.013728,0.008480,0.010432,0.001312,1,4,48,0,1
3995,0.120900,0.146700,0.005100,0.029700,0.024300,0.058400,0.003100,0.036000,0.011168,0.008512,0.010208,0.001312,1,4,48,0,1
3996,0.116300,0.134000,0.004900,0.027800,0.023300,0.057500,0.002600,0.035520,0.011136,0.008512,0.010176,0.001280,1,4,48,0,1
3997,0.117800,0.129500,0.005000,0.028200,0.023500,0.057900,0.003100,0.035584,0.013792,0.008288,0.010368,0.001344,1,4,48,0,1
3998,0.117300,0.131200,0.005100,0.027900,0.023000,0.057500,0.003700,0.037728,0.011328,0.008320,0.010400,0.001312,1,4,48,0,1
3999,0.140300,0.130600,0.004800,0.027700,0.022900,0.083000,0.001600,0.035680,0.012256,0.008448,0.010368,0.001344,1,4,48,0,1
4000,0.121500,0.153800,0.005000,0.028100,0.022900,0.062000,0.003100,0.035488,0.011136,0.008416,0.010272,0.001280,1,4,48,0,1
4001,0.117800,0.134600,0.005300,0.027900,0.023400,0.057700,0.003300,0.035712,0.011232,0.008608,0.010208,0.001280,1,4,48,0,1
4002,0.116200,0.130800,0.005000,0.027700,0.022700,0.057500,0.003100,0.035456,0.011200,0.008352,0.010240,0.001248,1,4,48,0,1
4003,0.116800,0.129100,0.004800,0.027600,0.023000,0.058200,0.003100,0.037440,0.011232,0.008416,0.010400,0.001376,1,4,48,0,1
4004,0.115500,0.129900,0.004800,0.027700,0.022800,0.056900,0.003200,0.035712,0.011200,0.008640,0.010176,0.001312,1,4,48,0,1
4005,0.115900,0.128700,0.004900,0.027900,0.022600,0.057100,0.003200,0.035456,0.011168,0.008352,0.010336,0.001184,1,4,48,0,1
4006,0.114700,0.128900,0.004800,0.027700,0.022300,0.057700,0.001900,0.035744,0.011296,0.008416,0.010272,0.001376,1,4,48,0,1
4007,0.127700,0.127600,0.004800,0.028100,0.023000,0.068400,0.003200,0.035584,0.013664,0.008352,0.010432,0.001344,1,4,48,0,1
4008,0.118900,0.140900,0.005300,0.028600,0.023700,0.058000,0.003200,0.036000,0.013824,0.008640,0.010432,0.001344,1,4,48,0,1
4009,0.116500,0.132300,0.004800,0.028000,0.022900,0.058000,0.002700,0.035392,0.011136,0.008384,0.010208,0.001312,1,4,48,0,1
4010,0.115900,0.129800,0.004900,0.027900,0.023100,0.056900,0.003100,0.035712,0.013856,0.008416,0.010400,0.001280,1,4,48,0,1
4011,0.116800,0.128900,0.004800,0.027800,0.023200,0.057700,0.003100,0.037728,0.013728,0.008448,0.010272,0.001344,1,4,48,0,1
4012,0.116700,0.129800,0.004700,0.027900,0.022900,0.057900,0.003200,0.035456,0.011136,0.008384,0.010272,0.001280,1,4,48,0,1
4013,0.116800,0.129600,0.004900,0.027600,0.023000,0.057800,0.003200,0.035424,0.011168,0.008352,0.010208,0.001312,1,4,48,0,1
4014,0.117900,0.129800,0.005300,0.028100,0.023000,0.058400,0.003100,0.035456,0.011136,0.008480,0.010240,0.001248,1,4,48,0,1
4015,0.117300,0.130700,0.004800,0.027500,0.023000,0.058800,0.003000,0.035712,0.011296,0.008416,0.010272,0.001312,1,4,48,0,1
4016,0.117000,0.130600,0.005000,0.027900,0.022800,0.058100,0.003100,0.035616,0.011136,0.008640,0.010208,0.001216,1,4,48,0,1
4017,0.117800,0.130000,0.005300,0.028000,0.022900,0.058300,0.003000,0.035680,0.012224,0.008544,0.010368,0.001344,1,4,48,0,1
4018,0.116700,0.131100,0.004700,0.027600,0.022600,0.058600,0.003000,0.035424,0.011136,0.008576,0.010208,0.001216,1,4,48,0,1
4019,0.117500,0.129600,0.005000,0.028000,0.022800,0.058400,0.003100,0.035616,0.011200,0.008544,0.010240,0.001248,1,4,48,0,1
4020,0.117400,0.130800,0.005000,0.027600,0.023100,0.058400,0.003000,0.035552,0.011200,0.008384,0.010176,0.001344,1,4,48,0,1
4021,0.117700,0.130300,0.005100,0.027800,0.022700,0.059000,0.003000,0.035872,0.012288,0.008608,0.010400,0.001344,1,4,48,0,1
4022,0.116900,0.131000,0.004800,0.027800,0.023400,0.057700,0.003100,0.035520,0.011232,0.008384,0.010240,0.001280,1,4,48,0,1
4023,0.123200,0.130100,0.005000,0.032800,0.023800,0.058300,0.003100,0.035680,0.011200,0.008544,0.010208,0.001376,1,4,48,0,1
4024,0.116200,0.136500,0.005100,0.027600,0.023000,0.057200,0.003200,0.035456,0.011200,0.008448,0.010240,0.001216,1,4,48,0,1
4025,0.116400,0.129100,0.004900,0.027600,0.022800,0.057500,0.003300,0.037760,0.011296,0.008480,0.010336,0.001312,1,4,48,0,1
4026,0.117500,0.129400,0.005200,0.028000,0.022700,0.058400,0.003100,0.035936,0.011168,0.008576,0.010176,0.001376,1,4,48,0,1
4027,0.116700,0.130500,0.004800,0.027600,0.023100,0.057900,0.003200,0.035360,0.011104,0.008448,0.010176,0.001248,1,4,48,0,1
4028,0.115400,0.129700,0.004800,0.027700,0.022700,0.056900,0.003200,0.035680,0.011136,0.008576,0.010240,0.001344,1,4,48,0,1
4029,0.115200,0.128500,0.005000,0.027500,0.022900,0.056600,0.003200,0.035840,0.011264,0.008576,0.010272,0.001376,1,4,48,0,1
4030,0.116100,0.128300,0.004800,0.027700,0.022500,0.057900,0.003100,0.037376,0.011200,0.008384,0.010464,0.001248,1,4,48,0,1
4031,0.115400,0.129200,0.005000,0.027500,0.023100,0.056600,0.003200,0.035552,0.011168,0.008416,0.010240,0.001344,1,4,48,0,1
4032,0.116200,0.128400,0.005100,0.027500,0.023200,0.057200,0.003200,0.035456,0.011136,0.008384,0.010176,0.001312,1,4,48,0,1
4033,0.117500,0.129200,0.005700,0.027900,0.022800,0.057900,0.003100,0.037696,0.011072,0.008576,0.010336,0.001376,1,4,48,0,1
4034,0.148100,0.130700,0.005100,0.027900,0.023100,0.085900,0.006000,0.035968,0.011264,0.008608,0.010176,0.001248,1,4,48,0,1
4035,0.125700,0.161100,0.004700,0.027700,0.020200,0.070600,0.002200,0.036928,0.010912,0.008320,0.010272,0.001408,1,4,48,0,1
4036,0.116300,0.138700,0.005000,0.027900,0.020700,0.059400,0.003300,0.036608,0.010816,0.008544,0.010240,0.001248,1,4,48,0,1
4037,0.121100,0.129500,0.004900,0.028000,0.025100,0.059800,0.003300,0.036928,0.011168,0.008320,0.010208,0.001344,1,4,48,0,1
4038,0.124700,0.134000,0.005000,0.027500,0.030000,0.058800,0.003100,0.035648,0.011168,0.008608,0.010240,0.001216,1,4,48,0,1
4039,0.117200,0.138000,0.004800,0.027900,0.023300,0.057800,0.003100,0.035680,0.012128,0.008320,0.010496,0.001376,1,4,48,0,1
4040,0.149600,0.130300,0.005000,0.027700,0.054200,0.059400,0.003200,0.035616,0.011168,0.008576,0.010208,0.001216,1,4,48,0,1
4041,0.119000,0.163100,0.005500,0.028700,0.023700,0.057900,0.003200,0.035520,0.011072,0.008480,0.010240,0.001344,1,4,48,0,1
4042,0.116900,0.132100,0.004800,0.027800,0.022900,0.057900,0.003200,0.035680,0.013696,0.008480,0.010400,0.001344,1,4,48,0,1
4043,0.116800,0.129900,0.004800,0.027900,0.023000,0.057700,0.003200,0.037664,0.013664,0.008480,0.010240,0.001312,1,4,48,0,1
4044,0.121100,0.129900,0.005100,0.027700,0.027400,0.057600,0.003200,0.035712,0.011200,0.008576,0.010304,0.001184,1,4,48,0,1
4045,0.116300,0.134400,0.004800,0.027900,0.023100,0.057200,0.003200,0.037824,0.011264,0.008448,0.010368,0.001344,1,4,48,0,1
4046,0.117000,0.129400,0.005000,0.028200,0.023000,0.057500,0.003100,0.037856,0.011232,0.008576,0.010368,0.001376,1,4,48,0,1
4047,0.121500,0.130100,0.004900,0.027900,0.022800,0.062700,0.003100,0.035392,0.011200,0.008352,0.010240,0.001216,1,4,48,0,1
4048,0.184800,0.139600,0.006100,0.038200,0.030500,0.090000,0.019800,0.035968,0.011168,0.008640,0.010240,0.001312,1,4,48,0,1
4049,0.210500,0.204200,0.008200,0.048800,0.036300,0.111200,0.005900,0.036096,0.011168,0.008320,0.010240,0.001344,1,4,48,0,1
4050,0.202300,0.229600,0.007300,0.044500,0.034200,0.111900,0.004000,0.035936,0.010848,0.008480,0.010240,0.001376,1,4,48,0,1
4051,0.185900,0.219700,0.006300,0.037100,0.030200,0.107700,0.004200,0.035776,0.013696,0.008512,0.010432,0.001376,1,4,48,0,1
4052,0.172400,0.203000,0.006600,0.036500,0.029600,0.096200,0.003300,0.035552,0.013728,0.008416,0.010368,0.001280,1,4,48,0,1
4053,0.122900,0.186700,0.005400,0.030600,0.024700,0.058800,0.003200,0.035680,0.013728,0.008416,0.010432,0.001312,1,4,48,0,1
4054,0.117100,0.136300,0.005000,0.028100,0.023100,0.057700,0.003000,0.035488,0.011072,0.008448,0.010240,0.001344,1,4,48,0,1
4055,0.117900,0.130200,0.004900,0.028000,0.023300,0.058600,0.003100,0.035712,0.011168,0.008512,0.010240,0.001376,1,4,48,0,1
4056,0.117200,0.131300,0.005100,0.027800,0.023400,0.057700,0.003100,0.036000,0.013696,0.008384,0.010368,0.001632,1,4,48,0,1
4057,0.116900,0.130400,0.005100,0.027800,0.022900,0.057900,0.003100,0.035584,0.011168,0.008544,0.010176,0.001280,1,4,48,0,1
4058,0.115800,0.130100,0.004900,0.027900,0.022700,0.057100,0.003200,0.037888,0.013792,0.008576,0.010208,0.001376,1,4,48,0,1
4059,0.116200,0.128800,0.004800,0.027800,0.023100,0.057100,0.003200,0.035680,0.011232,0.008416,0.010304,0.001344,1,4,48,0,1
4060,0.116900,0.129600,0.004900,0.027800,0.023100,0.057800,0.003300,0.035776,0.011200,0.008672,0.010240,0.001280,1,4,48,0,1
4061,0.117300,0.130100,0.005200,0.027900,0.023100,0.057900,0.003200,0.035360,0.011136,0.008256,0.010240,0.001280,1,4,48,0,1
4062,0.116700,0.130600,0.005100,0.027500,0.022900,0.057800,0.003100,0.037824,0.011296,0.008416,0.010400,0.001376,1,4,48,0,1
4063,0.116900,0.129900,0.004900,0.027700,0.022800,0.058300,0.003100,0.035488,0.012224,0.008448,0.010432,0.001248,1,4,48,0,1
4064,0.118200,0.130100,0.004900,0.027800,0.023200,0.058800,0.003400,0.035552,0.012128,0.008384,0.010400,0.001344,1,4,48,0,1
4065,0.124000,0.131200,0.005000,0.028100,0.023100,0.064300,0.003400,0.035584,0.011136,0.008448,0.010272,0.001312,1,4,48,0,1
4066,0.119200,0.137500,0.005000,0.028300,0.023800,0.058900,0.003100,0.036608,0.010720,0.008480,0.010240,0.001344,1,4,48,0,1
4067,0.130000,0.132100,0.004900,0.027800,0.035900,0.058000,0.003100,0.035616,0.011200,0.008480,0.010208,0.001312,1,4,48,0,1
4068,0.117600,0.143100,0.005100,0.028100,0.023000,0.058300,0.003100,0.035552,0.011136,0.008416,0.010240,0.001344,1,4,48,0,1
4069,0.117400,0.130700,0.004800,0.027500,0.023300,0.058400,0.003200,0.035584,0.012128,0.008480,0.010400,0.001312,1,4,48,0,1
4070,0.117200,0.130700,0.005300,0.027800,0.022500,0.058400,0.003100,0.035552,0.011232,0.008352,0.010336,0.001280,1,4,48,0,1
4071,0.117100,0.130500,0.004900,0.028100,0.022900,0.057700,0.003200,0.035424,0.013728,0.008160,0.010432,0.001376,1,4,48,0,1
4072,0.116000,0.130000,0.004800,0.027700,0.022600,0.057600,0.003100,0.035776,0.011168,0.008640,0.010176,0.001408,1,4,48,0,1
4073,0.117200,0.129200,0.005100,0.028100,0.023200,0.057600,0.003100,0.035488,0.011136,0.008352,0.010240,0.001344,1,4,48,0,1
4074,0.116900,0.130200,0.005200,0.027800,0.023000,0.057700,0.003100,0.035712,0.011232,0.008512,0.010240,0.001312,1,4,48,0,1
4075,0.117000,0.130000,0.004900,0.028000,0.023100,0.057700,0.003100,0.037568,0.013664,0.008448,0.010304,0.001280,1,4,48,0,1
4076,0.116400,0.130100,0.005000,0.027800,0.022800,0.057500,0.003000,0.035584,0.011104,0.008544,0.010208,0.001312,1,4,48,0,1
4077,0.130400,0.129400,0.005100,0.027600,0.035600,0.058800,0.003200,0.035616,0.011200,0.008480,0.010208,0.001344,1,4,48,0,1
4078,0.121400,0.143500,0.005000,0.027500,0.023900,0.062100,0.002800,0.035552,0.011200,0.008544,0.010304,0.001248,1,4,48,0,1
4079,0.121700,0.134700,0.004900,0.027900,0.027600,0.057800,0.003500,0.036992,0.011168,0.008352,0.010208,0.001376,1,4,48,0,1
4080,0.121100,0.134900,0.005200,0.027800,0.023100,0.061600,0.003200,0.035584,0.011136,0.008480,0.010208,0.001344,1,4,48,0,1
4081,0.118000,0.134400,0.005100,0.028200,0.023300,0.058200,0.003200,0.036960,0.013632,0.008448,0.010176,0.001312,1,4,48,0,1
4082,0.116300,0.131400,0.004800,0.027900,0.022700,0.057400,0.003300,0.035520,0.011232,0.008448,0.010176,0.001280,1,4,48,0,1
4083,0.116700,0.129500,0.004800,0.027700,0.023500,0.057400,0.003000,0.035648,0.011168,0.008544,0.010240,0.001280,1,4,48,0,1
4084,0.116900,0.129800,0.005000,0.027700,0.023400,0.057700,0.003100,0.035520,0.011264,0.008352,0.010176,0.001344,1,4,48,0,1
4085,0.116100,0.129800,0.004800,0.027600,0.022900,0.057500,0.003100,0.035584,0.011200,0.008384,0.010176,0.001376,1,4,48,0,1
4086,0.117500,0.129300,0.005100,0.027700,0.022800,0.058600,0.003200,0.037664,0.013696,0.008512,0.010208,0.001312,1,4,48,0,1
4087,0.116100,0.130500,0.004800,0.027700,0.022800,0.057500,0.003100,0.037504,0.011232,0.008352,0.010432,0.001376,1,4,48,0,1
4088,0.116600,0.129400,0.005100,0.027900,0.023100,0.057400,0.003100,0.037632,0.011200,0.008416,0.010336,0.001344,1,4,48,0,1
4089,0.116700,0.129700,0.005200,0.027800,0.023000,0.057500,0.003100,0.035392,0.011136,0.008288,0.010208,0.001344,1,4,48,0,1
4090,0.128000,0.130000,0.004800,0.039400,0.022800,0.057700,0.003100,0.035680,0.011136,0.008576,0.010240,0.001312,1,4,48,0,1
4091,0.116400,0.141300,0.004900,0.027600,0.023000,0.057500,0.003100,0.035616,0.011200,0.008416,0.010240,0.001376,1,4,48,0,1
4092,0.115700,0.129800,0.004900,0.027500,0.022900,0.057000,0.003100,0.037376,0.013664,0.008480,0.010240,0.001376,1,4,48,0,1
4093,0.116800,0.128800,0.004800,0.028000,0.023400,0.057400,0.003000,0.037504,0.011168,0.008288,0.010432,0.001312,1,4,48,0,1
4094,0.117000,0.129900,0.005400,0.027600,0.022800,0.057700,0.003100,0.035616,0.011168,0.008480,0.010272,0.001312,1,4,48,0,1
4095,0.115300,0.130000,0.005000,0.027600,0.022500,0.056900,0.003000,0.035648,0.013696,0.008480,0.010336,0.001344,1,4,48,0,1
4096,0.118600,0.133200,0.004900,0.028300,0.023800,0.058300,0.003200,0.035744,0.011264,0.008608,0.010176,0.001312,1,4,48,0,1
4097,0.117400,0.131900,0.005200,0.027900,0.023500,0.057500,0.003100,0.037664,0.011200,0.008352,0.010400,0.001312,1,4,48,0,1
4098,0.117000,0.130500,0.005000,0.027900,0.023000,0.057700,0.003200,0.037792,0.011168,0.008608,0.010432,0.001216,1,4,48,0,1
4099,0.116900,0.129900,0.005100,0.027700,0.022800,0.057900,0.003100,0.035520,0.011136,0.008384,0.010208,0.001376,1,4,48,0,1
4100,0.120300,0.129900,0.005000,0.028000,0.022900,0.060900,0.003100,0.035552,0.012128,0.008448,0.010432,0.001312,1,4,48,0,1
4101,0.116800,0.133500,0.005000,0.027800,0.023500,0.057200,0.003200,0.035296,0.011200,0.008352,0.010272,0.001216,1,4,48,0,1
4102,0.116100,0.129900,0.004900,0.027500,0.023300,0.057100,0.003100,0.035456,0.011168,0.008416,0.010176,0.001280,1,4,48,0,1
4103,0.115900,0.129200,0.005000,0.027400,0.022900,0.057400,0.003200,0.035616,0.011200,0.008512,0.010176,0.001344,1,4,48,0,1
4104,0.115800,0.129200,0.005200,0.027400,0.022700,0.057200,0.003200,0.037536,0.013728,0.008352,0.010272,0.001248,1,4,48,0,1
4105,0.116600,0.128700,0.004900,0.027600,0.023000,0.057800,0.003100,0.035168,0.011040,0.008128,0.010304,0.001280,1,4,48,0,1
4106,0.115800,0.129800,0.004900,0.027500,0.022600,0.057300,0.003100,0.035712,0.011200,0.008448,0.010304,0.001376,1,4,48,0,1
4107,0.115700,0.128800,0.004800,0.027900,0.022500,0.057400,0.003100,0.035488,0.011168,0.008416,0.010208,0.001312,1,4,48,0,1
4108,0.116100,0.128700,0.004700,0.027700,0.022800,0.057600,0.003000,0.035488,0.011136,0.008416,0.010208,0.001280,1,4,48,0,1
4109,0.117000,0.129400,0.005100,0.028000,0.023200,0.057500,0.003100,0.035488,0.012160,0.008352,0.010368,0.001344,1,4,48,0,1
4110,0.116400,0.130100,0.005100,0.027700,0.023000,0.057400,0.003000,0.035616,0.011232,0.008480,0.010208,0.001280,1,4,48,0,1
4111,0.122000,0.129600,0.004900,0.027600,0.027600,0.058600,0.003300,0.035392,0.011200,0.008352,0.010208,0.001216,1,4,48,0,1
4112,0.117100,0.135800,0.005100,0.028100,0.023000,0.057700,0.003100,0.035712,0.011200,0.008608,0.010208,0.001312,1,4,48,0,1
4113,0.115700,0.130100,0.005200,0.027700,0.022600,0.057000,0.003100,0.035456,0.011072,0.008480,0.010240,0.001312,1,4,48,0,1
4114,0.116700,0.128900,0.005000,0.027700,0.022600,0.057900,0.003200,0.035584,0.011168,0.008448,0.010144,0.001312,1,4,48,0,1
4115,0.115900,0.129800,0.005300,0.027500,0.022700,0.057100,0.003100,0.037664,0.011168,0.008352,0.010368,0.001408,1,4,48,0,1
4116,0.115800,0.129200,0.005100,0.027800,0.022600,0.057100,0.003200,0.035616,0.011232,0.008480,0.010208,0.001312,1,4,48,0,1
4117,0.116800,0.128800,0.005100,0.027600,0.023100,0.057700,0.003200,0.035328,0.011104,0.008384,0.010112,0.001312,1,4,48,0,1
4118,0.116000,0.129900,0.004800,0.027600,0.022700,0.057600,0.003100,0.037568,0.011168,0.008544,0.010400,0.001344,1,4,48,0,1
4119,0.115500,0.129000,0.004900,0.027600,0.022800,0.057000,0.003100,0.035424,0.011136,0.008320,0.010208,0.001344,1,4,48,0,1
4120,0.115700,0.128600,0.004700,0.027600,0.022700,0.057300,0.003100,0.035840,0.012256,0.008640,0.010368,0.001344,1,4,48,0,1
4121,0.116400,0.128700,0.005000,0.027700,0.022900,0.057400,0.003300,0.035424,0.011136,0.008416,0.010176,0.001248,1,4,48,0,1
4122,0.115300,0.129700,0.005300,0.027800,0.022400,0.056600,0.003000,0.035392,0.012160,0.008320,0.010400,0.001280,1,4,48,0,1
4123,0.137700,0.128600,0.005000,0.027600,0.022700,0.080700,0.001700,0.035552,0.011168,0.008416,0.010272,0.001312,1,4,48,0,1
4124,0.130500,0.151300,0.005000,0.027700,0.020900,0.074800,0.001800,0.036512,0.010720,0.008352,0.010208,0.001376,1,4,48,0,1
4125,0.127900,0.143500,0.005200,0.028100,0.032700,0.058700,0.003200,0.037024,0.011136,0.008416,0.010176,0.001344,1,4,48,0,1
4126,0.123000,0.141000,0.004800,0.027700,0.027800,0.059300,0.003200,0.035488,0.013696,0.008384,0.010368,0.001280,1,4,48,0,1
4127,0.116300,0.136300,0.004900,0.027800,0.023100,0.056900,0.003100,0.035488,0.011200,0.008448,0.010208,0.001344,1,4,48,0,1
4128,0.116200,0.129500,0.005000,0.027600,0.023000,0.057200,0.003200,0.035488,0.011136,0.008416,0.010240,0.001344,1,4,48,0,1
4129,0.116100,0.129100,0.004800,0.027600,0.023100,0.057400,0.003100,0.035680,0.011168,0.008480,0.010240,0.001344,1,4,48,0,1
4130,0.115500,0.129600,0.004700,0.028100,0.022500,0.056900,0.003200,0.037696,0.011200,0.008544,0.010400,0.001216,1,4,48,0,1
4131,0.115100,0.128600,0.004900,0.027400,0.022700,0.056900,0.003200,0.035488,0.011232,0.008416,0.010208,0.001248,1,4,48,0,1
4132,0.115600,0.128500,0.004700,0.027400,0.023000,0.057100,0.003100,0.035424,0.011200,0.008384,0.010208,0.001280,1,4,48,0,1
4133,0.116000,0.128500,0.004800,0.027800,0.022700,0.057400,0.003200,0.035584,0.011232,0.008512,0.010208,0.001248,1,4,48,0,1
4134,0.116800,0.128900,0.005300,0.027800,0.022600,0.057900,0.003100,0.035520,0.012192,0.008352,0.010400,0.001344,1,4,48,0,1
4135,0.116200,0.129700,0.005000,0.027900,0.022600,0.057300,0.003200,0.035456,0.011232,0.008320,0.010208,0.001280,1,4,48,0,1
4136,0.127800,0.129300,0.004700,0.027900,0.031600,0.060300,0.003100,0.035552,0.013728,0.008352,0.010432,0.001248,1,4,48,0,1
4137,0.117000,0.140700,0.005100,0.027900,0.023100,0.057500,0.003200,0.035808,0.011200,0.008640,0.010272,0.001312,1,4,48,0,1
4138,0.115500,0.130100,0.004700,0.027600,0.022800,0.057300,0.003000,0.035424,0.011168,0.008384,0.010176,0.001280,1,4,48,0,1
4139,0.116400,0.128500,0.004900,0.027500,0.023000,0.057400,0.003200,0.035552,0.011168,0.008352,0.010240,0.001376,1,4,48,0,1
4140,0.116400,0.129500,0.005000,0.027600,0.022900,0.057700,0.003200,0.037472,0.011168,0.008544,0.010432,0.001248,1,4,48,0,1
4141,0.121000,0.129700,0.005000,0.027500,0.023100,0.062000,0.003200,0.035584,0.011200,0.008384,0.010240,0.001344,1,4,48,0,1
4142,0.117500,0.134300,0.005200,0.028400,0.023200,0.057300,0.003100,0.035520,0.012192,0.008320,0.010464,0.001312,1,4,48,0,1
4143,0.115500,0.130600,0.005000,0.027600,0.022800,0.057000,0.003100,0.037856,0.011232,0.008512,0.010432,0.001312,1,4,48,0,1
4144,0.116400,0.128500,0.004800,0.027600,0.022900,0.057600,0.003200,0.035520,0.011168,0.008352,0.010240,0.001312,1,4,48,0,1
4145,0.116700,0.129600,0.005300,0.027600,0.023000,0.057400,0.003200,0.035680,0.011232,0.008480,0.010240,0.001344,1,4,48,0,1
4146,0.116400,0.129700,0.005100,0.027800,0.023000,0.057400,0.003100,0.037664,0.013696,0.008576,0.010208,0.001280,1,4,48,0,1
4147,0.116100,0.129700,0.004800,0.027600,0.022700,0.058300,0.002600,0.035424,0.011200,0.008320,0.010272,0.001216,1,4,48,0,1
4148,0.124000,0.129400,0.010400,0.028300,0.023600,0.058300,0.003200,0.035584,0.011136,0.008480,0.010336,0.001248,1,4,48,0,1
4149,0.116800,0.137300,0.004900,0.027800,0.023300,0.057500,0.003100,0.036608,0.013696,0.008320,0.010240,0.001248,1,4,48,0,1
4150,0.116800,0.129800,0.005000,0.027600,0.022700,0.058000,0.003200,0.035840,0.011168,0.008608,0.010304,0.001312,1,4,48,0,1
4151,0.116500,0.129900,0.005100,0.027700,0.023000,0.057500,0.003100,0.035712,0.011232,0.008416,0.010272,0.001376,1,4,48,0,1
4152,0.116700,0.129500,0.005200,0.027600,0.023100,0.057400,0.003200,0.035296,0.011168,0.008384,0.010176,0.001312,1,4,48,0,1
4153,0.116200,0.129800,0.004800,0.027600,0.023000,0.057500,0.003200,0.035296,0.011072,0.008320,0.010240,0.001248,1,4,48,0,1
4154,0.116000,0.129200,0.004700,0.027800,0.023000,0.057200,0.003100,0.037760,0.011232,0.008416,0.010432,0.001344,1,4,48,0,1
4155,0.116300,0.129200,0.004800,0.027900,0.022900,0.057400,0.003100,0.035680,0.011200,0.008512,0.010240,0.001344,1,4,48,0,1
4156,0.115200,0.129600,0.004800,0.027500,0.023000,0.058000,0.001900,0.035648,0.011264,0.008448,0.010272,0.001280,1,4,48,0,1
4157,0.122600,0.128300,0.005200,0.033100,0.023600,0.058100,0.002600,0.035520,0.013664,0.008320,0.010400,0.001344,1,4,48,0,1
4158,0.116100,0.139000,0.005500,0.027700,0.022700,0.056800,0.003300,0.036064,0.011104,0.008416,0.010240,0.001248,1,4,48,0,1
4159,0.115900,0.129100,0.004800,0.027400,0.023300,0.057000,0.003200,0.035648,0.011232,0.008544,0.010240,0.001216,1,4,48,0,1
4160,0.115900,0.129200,0.005100,0.027500,0.022800,0.057400,0.003000,0.035584,0.011168,0.008576,0.010208,0.001248,1,4,48,0,1
4161,0.201200,0.129100,0.005000,0.045700,0.034700,0.111900,0.003600,0.035872,0.011136,0.008448,0.010240,0.001312,1,4,48,0,1
4162,0.176800,0.220400,0.007100,0.044600,0.034600,0.088400,0.002100,0.035520,0.011136,0.008448,0.010208,0.001280,1,4,48,0,1
4163,0.132900,0.191200,0.005400,0.036900,0.025700,0.061200,0.003100,0.035616,0.013696,0.008416,0.010400,0.001344,1,4,48,0,1
4164,0.117700,0.146000,0.005200,0.028200,0.023500,0.057300,0.003400,0.035648,0.012320,0.008416,0.010400,0.001312,1,4,48,0,1
4165,0.116700,0.131100,0.004800,0.028200,0.022800,0.057800,0.003000,0.035680,0.011168,0.008544,0.010208,0.001376,1,4,48,0,1
4166,0.116900,0.129700,0.004800,0.027700,0.023100,0.057900,0.003100,0.035488,0.011200,0.008480,0.010176,0.001248,1,4,48,0,1
4167,0.116100,0.129900,0.004900,0.027700,0.022800,0.057400,0.003200,0.035616,0.012224,0.008512,0.010304,0.001312,1,4,48,0,1
4168,0.151000,0.129200,0.005000,0.027700,0.055600,0.059300,0.003300,0.035552,0.012160,0.008288,0.010464,0.001344,1,4,48,0,1
4169,0.118200,0.164000,0.005000,0.027800,0.024000,0.059400,0.001800,0.036384,0.011136,0.008544,0.010272,0.001248,1,4,48,0,1
4170,0.116700,0.131200,0.005000,0.027800,0.023100,0.057400,0.003200,0.035680,0.013696,0.008480,0.010400,0.001312,1,4,48,0,1
4171,0.117200,0.129700,0.004900,0.027900,0.022900,0.058300,0.003000,0.035520,0.011104,0.008352,0.010240,0.001376,1,4,48,0,1
4172,0.116100,0.130200,0.005000,0.027800,0.022900,0.057200,0.003100,0.035520,0.011136,0.008480,0.010176,0.001312,1,4,48,0,1
4173,0.116400,0.129400,0.005100,0.027600,0.023600,0.057000,0.003100,0.035584,0.011168,0.008512,0.010176,0.001312,1,4,48,0,1
4174,0.116700,0.129600,0.004900,0.027800,0.023300,0.057400,0.003100,0.035648,0.011136,0.008544,0.010208,0.001312,1,4,48,0,1
4175,0.121700,0.129800,0.004800,0.028300,0.022600,0.062700,0.003200,0.035584,0.011136,0.008480,0.010272,0.001280,1,4,48,0,1
4176,0.118700,0.135200,0.005000,0.028300,0.023300,0.058400,0.003100,0.035552,0.011072,0.008544,0.010176,0.001344,1,4,48,0,1
4177,0.115700,0.131700,0.005000,0.027800,0.022500,0.057200,0.003100,0.035584,0.011104,0.008544,0.010144,0.001376,1,4,48,0,1
4178,0.140300,0.129100,0.018900,0.029000,0.024200,0.065000,0.003100,0.035584,0.011200,0.008448,0.010240,0.001280,1,4,48,0,1
4179,0.118200,0.153900,0.005100,0.028400,0.023100,0.058500,0.003000,0.035520,0.011232,0.008480,0.010240,0.001344,1,4,48,0,1
4180,0.117200,0.131100,0.004700,0.027900,0.022800,0.058600,0.003000,0.035520,0.012224,0.008384,0.010368,0.001312,1,4,48,0,1
4181,0.117400,0.130100,0.005400,0.027900,0.022800,0.058000,0.003100,0.035424,0.011104,0.008224,0.010272,0.001408,1,4,48,0,1
4182,0.116700,0.130500,0.005000,0.028100,0.022800,0.057800,0.003000,0.037728,0.013728,0.008512,0.010208,0.001376,1,4,48,0,1
4183,0.116200,0.129700,0.004700,0.027600,0.022900,0.057800,0.003000,0.035616,0.011168,0.008416,0.010272,0.001312,1,4,48,0,1
4184,0.117100,0.129200,0.004800,0.027900,0.023200,0.058200,0.003000,0.035488,0.011168,0.008288,0.010272,0.001344,1,4,48,0,1
4185,0.115500,0.130300,0.004800,0.027900,0.023000,0.056600,0.003000,0.035680,0.011168,0.008480,0.010240,0.001376,1,4,48,0,1
4186,0.116200,0.128700,0.004600,0.027800,0.022600,0.057900,0.003100,0.035744,0.011136,0.008512,0.010304,0.001344,1,4,48,0,1
4187,0.116900,0.129200,0.004900,0.027900,0.022700,0.058100,0.003200,0.035552,0.011200,0.008416,0.010176,0.001312,1,4,48,0,1
4188,0.129500,0.130200,0.004700,0.027900,0.025400,0.068000,0.003100,0.035712,0.011328,0.008480,0.010208,0.001344,1,4,48,0,1
4189,0.115300,0.142600,0.004600,0.027700,0.022800,0.056900,0.003000,0.037568,0.013664,0.008416,0.010208,0.001376,1,4,48,0,1
4190,0.119500,0.128800,0.004600,0.027600,0.022700,0.061400,0.003200,0.037600,0.011200,0.008416,0.010368,0.001280,1,4,48,0,1
4191,0.117400,0.132700,0.004900,0.028300,0.023400,0.057700,0.003100,0.037664,0.013728,0.008416,0.010240,0.001376,1,4,48,0,1
4192,0.115600,0.130700,0.004700,0.027500,0.022700,0.057500,0.003200,0.037504,0.013728,0.008544,0.010240,0.001216,1,4,48,0,1
4193,0.116700,0.128700,0.004600,0.027900,0.022900,0.058300,0.003000,0.035424,0.011104,0.008352,0.010240,0.001344,1,4,48,0,1
4194,0.116700,0.129900,0.004700,0.027900,0.022900,0.058100,0.003000,0.035520,0.011168,0.008448,0.010240,0.001312,1,4,48,0,1
4195,0.116400,0.129500,0.004800,0.027600,0.023000,0.058000,0.003000,0.035520,0.011232,0.008320,0.010208,0.001312,1,4,48,0,1
4196,0.117000,0.129300,0.005000,0.027900,0.022900,0.057900,0.003000,0.035488,0.011104,0.008480,0.010176,0.001312,1,4,48,0,1
4197,0.116300,0.130300,0.004600,0.027900,0.023000,0.057700,0.003000,0.035776,0.012288,0.008416,0.010464,0.001344,1,4,48,0,1
4198,0.117500,0.129700,0.004700,0.027900,0.023100,0.058700,0.003000,0.037632,0.011200,0.008448,0.010368,0.001344,1,4,48,0,1
4199,0.116800,0.130700,0.004800,0.027600,0.023000,0.058200,0.003000,0.037376,0.011296,0.008384,0.010400,0.001280,1,4,48,0,1
4200,0.119000,0.129800,0.004900,0.028100,0.022600,0.060300,0.003100,0.035424,0.011168,0.008256,0.010208,0.001344,1,4,48,0,1
4201,0.116800,0.132100,0.005100,0.027700,0.023200,0.057300,0.003000,0.035616,0.012160,0.008512,0.010368,0.001344,1,4,48,0,1
4202,0.114700,0.129800,0.004700,0.027800,0.022700,0.056200,0.003100,0.035680,0.011232,0.008576,0.010176,0.001408,1,4,48,0,1
4203,0.116000,0.127600,0.005000,0.027700,0.022900,0.057100,0.003100,0.035424,0.011168,0.008288,0.010240,0.001344,1,4,48,0,1
4204,0.116500,0.128900,0.004900,0.027700,0.022900,0.057700,0.003100,0.035520,0.011168,0.008416,0.010176,0.001344,1,4,48,0,1
4205,0.115500,0.129500,0.004700,0.027800,0.022900,0.056800,0.003100,0.035456,0.012224,0.008416,0.010368,0.001216,1,4,48,0,1
4206,0.124900,0.128700,0.004900,0.027800,0.029900,0.059000,0.003200,0.035840,0.011168,0.008672,0.010208,0.001376,1,4,48,0,1
4207,0.116900,0.138600,0.004900,0.028200,0.023000,0.057600,0.003100,0.035648,0.011136,0.008576,0.010176,0.001344,1,4,48,0,1
4208,0.116800,0.130100,0.004800,0.027700,0.023200,0.057700,0.003200,0.037728,0.011232,0.008512,0.010400,0.001216,1,4,48,0,1
4209,0.129400,0.129600,0.004600,0.040400,0.023300,0.057800,0.003200,0.035648,0.012192,0.008544,0.010400,0.001280,1,4,48,0,1
4210,0.116600,0.142300,0.005100,0.027800,0.023000,0.057400,0.003100,0.035840,0.012320,0.008512,0.010432,0.001344,1,4,48,0,1
4211,0.115800,0.129700,0.004700,0.028000,0.022600,0.057200,0.003200,0.037696,0.011168,0.008512,0.010400,0.001312,1,4,48,0,1
4212,0.116500,0.129000,0.004900,0.027800,0.023200,0.057000,0.003100,0.035584,0.011168,0.008416,0.010240,0.001344,1,4,48,0,1
4213,0.115600,0.129500,0.004700,0.027700,0.023000,0.057000,0.003100,0.035584,0.011232,0.008352,0.010304,0.001376,1,4,48,0,1
4214,0.144800,0.128700,0.004900,0.027800,0.020200,0.087500,0.004100,0.037312,0.011168,0.008576,0.010272,0.001312,1,4,48,0,1
4215,0.122200,0.160600,0.004700,0.027300,0.020600,0.067300,0.002100,0.035744,0.011136,0.008192,0.010240,0.001248,1,4,48,0,1
4216,0.128800,0.135100,0.004800,0.027400,0.034300,0.059100,0.003100,0.036256,0.011136,0.008448,0.010272,0.001312,1,4,48,0,1
4217,0.116000,0.141900,0.004700,0.027600,0.022700,0.057600,0.003100,0.035744,0.011136,0.008544,0.010272,0.001376,1,4,48,0,1
4218,0.115900,0.128800,0.004700,0.027600,0.022800,0.057400,0.003100,0.037664,0.011104,0.008544,0.010368,0.001344,1,4,48,0,1
4219,0.116700,0.128900,0.004900,0.027600,0.022600,0.058100,0.003000,0.037472,0.013696,0.008384,0.010240,0.001312,1,4,48,0,1
4220,0.115100,0.130000,0.004600,0.027800,0.023000,0.056400,0.003100,0.035648,0.011264,0.008544,0.010176,0.001280,1,4,48,0,1
4221,0.122100,0.128100,0.004900,0.032600,0.023100,0.058200,0.003200,0.035520,0.011264,0.008352,0.010240,0.001312,1,4,48,0,1
4222,0.116700,0.135400,0.004600,0.028000,0.023200,0.057600,0.003100,0.035552,0.012224,0.008416,0.010464,0.001248,1,4,48,0,1
4223,0.115800,0.129800,0.004700,0.027600,0.023000,0.057100,0.003100,0.037600,0.011136,0.008512,0.010400,0.001216,1,4,48,0,1
4224,0.116500,0.128700,0.004800,0.027800,0.023100,0.057500,0.003100,0.037984,0.011168,0.008704,0.010432,0.001312,1,4,48,0,1
4225,0.116700,0.129300,0.004800,0.027800,0.023200,0.057500,0.003300,0.037312,0.013600,0.008352,0.010240,0.001344,1,4,48,0,1
4226,0.116000,0.129900,0.004700,0.028100,0.022800,0.057300,0.003100,0.037920,0.011264,0.008576,0.010432,0.001344,1,4,48,0,1
4227,0.116100,0.129300,0.004700,0.027900,0.022900,0.057200,0.003200,0.035360,0.011168,0.008320,0.010176,0.001312,1,4,48,0,1
4228,0.115700,0.129000,0.004900,0.027400,0.022900,0.058400,0.001900,0.037568,0.011136,0.008320,0.010400,0.001344,1,4,48,0,1
4229,0.117100,0.128700,0.005100,0.027800,0.023400,0.057500,0.003100,0.035552,0.013632,0.008416,0.010400,0.001280,1,4,48,0,1
4230,0.116100,0.130000,0.004900,0.027900,0.023100,0.056900,0.003100,0.035648,0.013696,0.008480,0.010368,0.001344,1,4,48,0,1
4231,0.115800,0.129200,0.004500,0.027500,0.022900,0.057700,0.003100,0.035840,0.011264,0.008544,0.010272,0.001376,1,4,48,0,1
4232,0.116800,0.128800,0.004700,0.028000,0.023500,0.057300,0.003200,0.035552,0.011200,0.008416,0.010240,0.001280,1,4,48,0,1
4233,0.115300,0.129800,0.004600,0.027700,0.022500,0.057100,0.003100,0.037536,0.011072,0.008352,0.010400,0.001344,1,4,48,0,1
4234,0.116300,0.128500,0.004600,0.027700,0.023200,0.057300,0.003100,0.037504,0.011328,0.008448,0.010400,0.001312,1,4,48,0,1
4235,0.115400,0.129100,0.004600,0.027500,0.023000,0.057000,0.003100,0.035104,0.011136,0.008352,0.010176,0.001216,1,4,48,0,1
4236,0.122600,0.128300,0.004800,0.027900,0.023300,0.063200,0.003200,0.037504,0.011168,0.008320,0.010368,0.001312,1,4,48,0,1
4237,0.117300,0.136000,0.004700,0.028100,0.023600,0.057600,0.003100,0.035520,0.011168,0.008480,0.010240,0.001344,1,4,48,0,1
4238,0.115600,0.130300,0.004800,0.028000,0.022900,0.056700,0.003000,0.035616,0.011232,0.008448,0.010176,0.001312,1,4,48,0,1
4239,0.115800,0.128600,0.004700,0.027700,0.023200,0.056900,0.003100,0.037792,0.011296,0.008480,0.010336,0.001344,1,4,48,0,1
4240,0.116400,0.128600,0.004500,0.027700,0.023100,0.057800,0.003100,0.035744,0.011200,0.008576,0.010240,0.001312,1,4,48,0,1
4241,0.116200,0.129600,0.004900,0.027600,0.023000,0.057400,0.003200,0.035520,0.011168,0.008416,0.010240,0.001344,1,4,48,0,1
4242,0.116400,0.129100,0.004900,0.027700,0.022800,0.057500,0.003100,0.035808,0.011232,0.008640,0.010208,0.001344,1,4,48,0,1
4243,0.116000,0.129500,0.004700,0.027500,0.022800,0.057800,0.003100,0.035488,0.011168,0.008416,0.010208,0.001280,1,4,48,0,1
4244,0.115800,0.129000,0.004400,0.027900,0.023300,0.057000,0.003100,0.035680,0.011168,0.008576,0.010208,0.001344,1,4,48,0,1
4245,0.115600,0.128800,0.004800,0.027700,0.022700,0.057100,0.003200,0.035648,0.011232,0.008480,0.010272,0.001312,1,4,48,0,1
4246,0.115500,0.128500,0.004600,0.027600,0.022500,0.057500,0.003100,0.035616,0.011136,0.008544,0.010272,0.001248,1,4,48,0,1
4247,0.115000,0.128700,0.004700,0.027500,0.022700,0.056800,0.003200,0.037664,0.013760,0.008384,0.010272,0.001280,1,4,48,0,1
4248,0.116700,0.128100,0.005100,0.028100,0.023000,0.057300,0.003000,0.035488,0.011200,0.008256,0.010208,0.001376,1,4,48,0,1
4249,0.116100,0.129900,0.004700,0.027600,0.023100,0.057500,0.003100,0.035680,0.011232,0.008576,0.010208,0.001312,1,4,48,0,1
4250,0.116300,0.129300,0.004900,0.028100,0.023000,0.057100,0.003100,0.035456,0.011168,0.008352,0.010240,0.001280,1,4,48,0,1
4251,0.116200,0.129100,0.004700,0.027700,0.023000,0.057500,0.003100,0.035552,0.012224,0.008256,0.010528,0.001312,1,4,48,0,1
4252,0.122800,0.129300,0.004700,0.032900,0.023300,0.058500,0.003200,0.035648,0.011232,0.008448,0.010208,0.001344,1,4,48,0,1
4253,0.115600,0.135900,0.004700,0.027600,0.022900,0.057100,0.003200,0.035648,0.011200,0.008512,0.010176,0.001312,1,4,48,0,1
4254,0.115800,0.128700,0.004700,0.027900,0.022800,0.057100,0.003200,0.035488,0.011200,0.008352,0.010272,0.001344,1,4,48,0,1
4255,0.116000,0.128700,0.004700,0.027500,0.022600,0.058000,0.003100,0.035648,0.011200,0.008480,0.010240,0.001312,1,4,48,0,1
4256,0.115500,0.129100,0.004600,0.027900,0.022800,0.057000,0.003000,0.037664,0.011200,0.008224,0.010528,0.001376,1,4,48,0,1
4257,0.116500,0.128500,0.004900,0.027700,0.023000,0.057600,0.003200,0.035424,0.011104,0.008384,0.010240,0.001312,1,4,48,0,1
4258,0.115500,0.129800,0.004700,0.027600,0.022300,0.057700,0.003100,0.035552,0.011136,0.008480,0.010240,0.001376,1,4,48,0,1
4259,0.143800,0.128600,0.004600,0.027400,0.023100,0.076500,0.012000,0.035776,0.011200,0.008544,0.010240,0.001376,1,4,48,0,1
4260,0.147300,0.157300,0.005100,0.028500,0.023200,0.078500,0.011800,0.037728,0.011200,0.008544,0.010464,0.001344,1,4,48,0,1
4261,0.121600,0.160400,0.005000,0.027900,0.020600,0.066000,0.001800,0.036480,0.010816,0.008512,0.010240,0.001344,1,4,48,0,1
4262,0.206700,0.134700,0.004600,0.028100,0.048700,0.119800,0.005200,0.035648,0.013696,0.008416,0.010400,0.001344,1,4,48,0,1
4263,0.188600,0.225300,0.006500,0.038300,0.030000,0.109600,0.004100,0.035648,0.012320,0.008416,0.010336,0.001344,1,4,48,0,1
4264,0.194100,0.205600,0.006000,0.036800,0.029400,0.108300,0.013400,0.035488,0.011168,0.008384,0.010176,0.001344,1,4,48,0,1
4265,0.118200,0.205000,0.003700,0.024800,0.025800,0.060600,0.003200,0.037440,0.013600,0.008512,0.010208,0.001280,1,4,48,0,1
4266,0.116800,0.131300,0.004800,0.027900,0.023400,0.057400,0.003100,0.035488,0.011136,0.008480,0.010208,0.001280,1,4,48,0,1
4267,0.116900,0.129800,0.004700,0.027800,0.023000,0.058100,0.003200,0.035360,0.011168,0.008288,0.010240,0.001248,1,4,48,0,1
4268,0.117200,0.130000,0.005200,0.027900,0.023300,0.057500,0.003100,0.035648,0.011136,0.008512,0.010240,0.001344,1,4,48,0,1
4269,0.117200,0.130100,0.004800,0.027900,0.023300,0.057800,0.003100,0.035680,0.011200,0.008448,0.010272,0.001376,1,4,48,0,1
4270,0.115400,0.130100,0.004700,0.027400,0.022600,0.057300,0.003100,0.037792,0.013664,0.008576,0.010400,0.001312,1,4,48,0,1
4271,0.115600,0.128400,0.004700,0.027800,0.023000,0.056900,0.003100,0.037568,0.011168,0.008576,0.010400,0.001216,1,4,48,0,1
4272,0.115400,0.128400,0.004800,0.027600,0.022900,0.056900,0.003000,0.035648,0.011200,0.008416,0.010240,0.001344,1,4,48,0,1
4273,0.116600,0.128200,0.004800,0.027700,0.022800,0.057900,0.003200,0.035488,0.011136,0.008320,0.010304,0.001344,1,4,48,0,1
4274,0.114900,0.129700,0.004600,0.027600,0.022800,0.056600,0.003100,0.035488,0.011200,0.008416,0.010176,0.001312,1,4,48,0,1
4275,0.115300,0.127800,0.004900,0.027700,0.022400,0.057000,0.003100,0.037440,0.013632,0.008416,0.010176,0.001312,1,4,48,0,1
4276,0.115100,0.128300,0.004700,0.027300,0.022800,0.057100,0.003200,0.035680,0.012288,0.008384,0.010400,0.001344,1,4,48,0,1
4277,0.116100,0.128100,0.004900,0.027800,0.022700,0.057400,0.003200,0.035456,0.011168,0.008416,0.010240,0.001248,1,4,48,0,1
4278,0.123600,0.129400,0.004900,0.028000,0.028300,0.059000,0.003200,0.035680,0.011200,0.008576,0.010176,0.001344,1,4,48,0,1
4279,0.116900,0.136800,0.004900,0.028000,0.023000,0.057800,0.003200,0.035520,0.011232,0.008320,0.010240,0.001344,1,4,48,0,1
4280,0.249600,0.129900,0.004600,0.027900,0.053100,0.161100,0.002800,0.036608,0.010816,0.008448,0.010240,0.001344,1,4,48,0,1
4281,0.138200,0.264500,0.005600,0.036200,0.027800,0.066600,0.001900,0.037536,0.011136,0.008384,0.010272,0.001248,1,4,48,0,1
4282,0.119100,0.152000,0.004900,0.028700,0.023600,0.058600,0.003100,0.036320,0.011168,0.008480,0.010176,0.001376,1,4,48,0,1
4283,0.116700,0.132200,0.004800,0.027800,0.023300,0.057300,0.003500,0.035648,0.011232,0.008480,0.010208,0.001312,1,4,48,0,1
4284,0.117200,0.130000,0.004800,0.028000,0.023300,0.057900,0.003200,0.035616,0.011264,0.008448,0.010208,0.001280,1,4,48,0,1
4285,0.117500,0.130200,0.004800,0.028100,0.023300,0.058000,0.003000,0.037632,0.011136,0.008416,0.010432,0.001344,1,4,48,0,1
4286,0.124000,0.130700,0.005000,0.028000,0.023100,0.064600,0.003100,0.035584,0.011232,0.008512,0.010240,0.001248,1,4,48,0,1
4287,0.116500,0.137300,0.004800,0.028000,0.023000,0.057200,0.003300,0.035680,0.011168,0.008608,0.010304,0.001216,1,4,48,0,1
4288,0.116500,0.129600,0.004700,0.027800,0.023000,0.057800,0.003200,0.035424,0.011136,0.008384,0.010272,0.001408,1,4,48,0,1
4289,0.117900,0.129800,0.004700,0.027700,0.023100,0.059100,0.003000,0.035520,0.011200,0.008480,0.010176,0.001248,1,4,48,0,1
4290,0.117900,0.131000,0.004900,0.027800,0.023300,0.058700,0.003100,0.035424,0.011200,0.008320,0.010304,0.001216,1,4,48,0,1
4291,0.117700,0.130900,0.005000,0.027900,0.023300,0.058500,0.003000,0.035616,0.012256,0.008416,0.010432,0.001248,1,4,48,0,1
4292,0.117000,0.130700,0.004700,0.027700,0.023400,0.058000,0.003000,0.037792,0.013728,0.008608,0.010176,0.001312,1,4,48,0,1
4293,0.124400,0.130300,0.006100,0.028200,0.023100,0.063800,0.003100,0.035456,0.011200,0.008384,0.010144,0.001312,1,4,48,0,1
4294,0.124400,0.137600,0.004900,0.033600,0.023900,0.058800,0.003000,0.037952,0.011136,0.008704,0.010464,0.001344,1,4,48,0,1
4295,0.117600,0.137700,0.005000,0.027900,0.023200,0.058300,0.003000,0.035552,0.011232,0.008512,0.010176,0.001248,1,4,48,0,1
4296,0.116700,0.130700,0.005100,0.027600,0.023200,0.057500,0.003200,0.035328,0.011168,0.008352,0.010208,0.001216,1,4,48,0,1
4297,0.117100,0.129800,0.005000,0.027600,0.023000,0.058100,0.003200,0.035616,0.011104,0.008512,0.010208,0.001376,1,4,48,0,1
4298,0.116700,0.130500,0.004900,0.027500,0.023400,0.057400,0.003200,0.037728,0.011136,0.008512,0.010432,0.001312,1,4,48,0,1
4299,0.116000,0.129900,0.004900,0.027400,0.022800,0.057700,0.003100,0.037568,0.011264,0.008544,0.010400,0.001344,1,4,48,0,1
4300,0.118700,0.129000,0.004900,0.027500,0.022800,0.060200,0.003100,0.035488,0.011200,0.008384,0.010208,0.001312,1,4,48,0,1
4301,0.117100,0.132000,0.005000,0.027700,0.023300,0.057800,0.003100,0.035392,0.011168,0.008320,0.010240,0.001280,1,4,48,0,1
4302,0.115300,0.130100,0.004800,0.027800,0.022800,0.057700,0.002000,0.035392,0.011136,0.008384,0.010240,0.001248,1,4,48,0,1
4303,0.119200,0.128700,0.004800,0.027300,0.023300,0.061400,0.002200,0.036384,0.011200,0.008416,0.010208,0.001344,1,4,48,0,1
4304,0.115600,0.134900,0.005000,0.027600,0.022600,0.057200,0.003000,0.035840,0.011200,0.008576,0.010176,0.001344,1,4,48,0,1
4305,0.119200,0.128600,0.004900,0.027400,0.019600,0.064900,0.002400,0.035424,0.010784,0.008544,0.010208,0.001344,1,4,48,0,1
4306,0.126400,0.132100,0.004800,0.027100,0.020800,0.070400,0.003200,0.036672,0.012160,0.008480,0.010368,0.001312,1,4,48,0,1
4307,0.124000,0.139400,0.005100,0.027700,0.031200,0.057500,0.002500,0.035456,0.011136,0.008416,0.010272,0.001216,1,4,48,0,1
4308,0.121300,0.137200,0.005200,0.027800,0.023100,0.062000,0.003100,0.035680,0.012288,0.008576,0.010368,0.001344,1,4,48,0,1
4309,0.121600,0.134800,0.004800,0.028200,0.027000,0.058300,0.003200,0.035616,0.011200,0.008416,0.010272,0.001312,1,4,48,0,1
4310,0.115600,0.134600,0.004800,0.027900,0.022900,0.056900,0.003000,0.035552,0.011136,0.008448,0.010304,0.001344,1,4,48,0,1
4311,0.116600,0.128700,0.005000,0.027800,0.023400,0.057100,0.003200,0.035616,0.011168,0.008480,0.010208,0.001344,1,4,48,0,1
4312,0.115500,0.129700,0.004800,0.027700,0.022500,0.057300,0.003100,0.035552,0.011168,0.008448,0.010208,0.001312,1,4,48,0,1
4313,0.116400,0.128800,0.005100,0.027600,0.022800,0.057400,0.003300,0.035616,0.012192,0.008480,0.010464,0.001280,1,4,48,0,1
4314,0.116200,0.129500,0.005100,0.027800,0.023200,0.056800,0.003300,0.035584,0.011200,0.008544,0.010208,0.001280,1,4,48,0,1
4315,0.117100,0.129200,0.005400,0.027700,0.023200,0.057400,0.003100,0.037760,0.013696,0.008480,0.010272,0.001376,1,4,48,0,1
4316,0.115800,0.130100,0.005000,0.027500,0.022800,0.057200,0.003200,0.035520,0.011200,0.008384,0.010208,0.001344,1,4,48,0,1
4317,0.116100,0.128700,0.005100,0.027600,0.022700,0.057300,0.003100,0.035488,0.011104,0.008320,0.010272,0.001376,1,4,48,0,1
4318,0.115400,0.129300,0.004800,0.027500,0.022500,0.057400,0.003100,0.037600,0.011200,0.008416,0.010400,0.001312,1,4,48,0,1
4319,0.116500,0.128400,0.004800,0.027700,0.023400,0.057300,0.003100,0.035488,0.011104,0.008416,0.010336,0.001216,1,4,48,0,1
4320,0.115000,0.129500,0.004900,0.027600,0.022600,0.057300,0.002400,0.035584,0.011232,0.008448,0.010240,0.001280,1,4,48,0,1
4321,0.117100,0.128000,0.005300,0.027700,0.022900,0.057800,0.003200,0.035552,0.011168,0.008480,0.010176,0.001344,1,4,48,0,1
4322,0.116400,0.130200,0.005300,0.027600,0.023400,0.056900,0.003100,0.035776,0.012288,0.008544,0.010400,0.001344,1,4,48,0,1
4323,0.115900,0.129500,0.005000,0.027700,0.022800,0.057000,0.003100,0.035680,0.011200,0.008480,0.010272,0.001344,1,4,48,0,1
4324,0.122600,0.129100,0.004900,0.027600,0.028000,0.058800,0.003200,0.035616,0.011168,0.008512,0.010304,0.001280,1,4,48,0,1
4325,0.127600,0.135900,0.004900,0.027800,0.022600,0.069000,0.003200,0.035616,0.011232,0.008448,0.010176,0.001376,1,4,48,0,1
4326,0.127200,0.140800,0.005000,0.036300,0.024200,0.058400,0.003200,0.035776,0.011168,0.008448,0.010272,0.001440,1,4,48,0,1
4327,0.116000,0.140800,0.004900,0.027900,0.022800,0.057100,0.003100,0.035360,0.012192,0.008288,0.010400,0.001248,1,4,48,0,1
4328,0.258100,0.129100,0.005200,0.027600,0.022800,0.200600,0.001800,0.037376,0.011200,0.008384,0.010400,0.001344,1,4,48,0,1
4329,0.141700,0.272000,0.005000,0.030100,0.024300,0.080000,0.002200,0.036128,0.011104,0.008448,0.010144,0.001344,1,4,48,0,1
4330,0.126900,0.155600,0.008300,0.031000,0.024700,0.059500,0.003300,0.035808,0.013696,0.008608,0.010400,0.001312,1,4,48,0,1
4331,0.141500,0.140000,0.004900,0.027900,0.023000,0.082100,0.003400,0.036064,0.011200,0.008256,0.010240,0.001312,1,4,48,0,1
4332,0.139400,0.155400,0.005500,0.030200,0.024600,0.073600,0.005400,0.035712,0.012160,0.008416,0.010464,0.001376,1,4,48,0,1
4333,0.188800,0.158400,0.007300,0.045000,0.034500,0.097400,0.004500,0.035712,0.011168,0.008448,0.010272,0.001280,1,4,48,0,1
4334,0.171700,0.203400,0.005900,0.039800,0.030300,0.093200,0.002200,0.036032,0.011200,0.008512,0.010176,0.001312,1,4,48,0,1
4335,0.149800,0.186400,0.005600,0.033600,0.031300,0.077100,0.002200,0.036128,0.011168,0.008672,0.010208,0.001312,1,4,48,0,1
4336,0.158000,0.163700,0.005100,0.030400,0.024800,0.083900,0.013500,0.035936,0.011200,0.008448,0.010240,0.001248,1,4,48,0,1
4337,0.123800,0.171800,0.005200,0.030500,0.024600,0.060200,0.003200,0.035904,0.011168,0.008480,0.010208,0.001344,1,4,48,0,1
4338,0.133300,0.137000,0.005000,0.027800,0.023700,0.073100,0.003500,0.035392,0.013664,0.008544,0.010368,0.001248,1,4,48,0,1
4339,0.154900,0.146800,0.005200,0.029700,0.024700,0.093000,0.002000,0.036480,0.011008,0.008384,0.010272,0.001312,1,4,48,0,1
4340,0.121300,0.168700,0.005200,0.030000,0.024800,0.058700,0.002400,0.035616,0.011232,0.008512,0.010208,0.001248,1,4,48,0,1
4341,0.139600,0.134700,0.005100,0.028200,0.023000,0.079800,0.003400,0.035520,0.012192,0.008448,0.010400,0.001216,1,4,48,0,1
4342,0.126300,0.153400,0.005500,0.030000,0.024600,0.064200,0.002000,0.035744,0.013664,0.008544,0.010400,0.001344,1,4,48,0,1
4343,0.143200,0.139600,0.004900,0.028500,0.023500,0.079600,0.006400,0.035584,0.013696,0.008416,0.010336,0.001344,1,4,48,0,1
4344,0.187900,0.161600,0.007300,0.044200,0.034500,0.097600,0.004000,0.035520,0.013664,0.008480,0.010400,0.001216,1,4,48,0,1
4345,0.176000,0.202200,0.005600,0.033300,0.026400,0.106900,0.003700,0.036160,0.011136,0.008544,0.010176,0.001312,1,4,48,0,1
4346,0.189400,0.195500,0.007200,0.045700,0.035400,0.096500,0.004100,0.035808,0.013664,0.008544,0.010432,0.001376,1,4,48,0,1
4347,0.173100,0.206500,0.006100,0.035700,0.035800,0.081300,0.013900,0.036896,0.011168,0.008288,0.010240,0.001216,1,4,48,0,1
4348,0.142500,0.187900,0.005900,0.036000,0.028200,0.069500,0.002500,0.036224,0.011232,0.008640,0.010240,0.001248,1,4,48,0,1
4349,0.121700,0.156300,0.005500,0.029500,0.024300,0.059100,0.003300,0.036160,0.011168,0.008480,0.010176,0.001184,1,4,48,0,1
4350,0.140400,0.134900,0.005300,0.028300,0.023500,0.081200,0.002100,0.036288,0.011104,0.008544,0.010240,0.001312,1,4,48,0,1
4351,0.141500,0.154300,0.005300,0.030100,0.024800,0.079100,0.002000,0.036160,0.011168,0.008512,0.010240,0.001376,1,4,48,0,1
4352,0.137900,0.155600,0.005200,0.029800,0.024300,0.075200,0.003300,0.035712,0.011168,0.008384,0.010208,0.001216,1,4,48,0,1
4353,0.121300,0.151600,0.005300,0.029300,0.024400,0.059000,0.003000,0.035392,0.011136,0.008224,0.010304,0.001344,1,4,48,0,1
4354,0.118000,0.134400,0.004900,0.028100,0.023600,0.058300,0.002900,0.035456,0.012192,0.008480,0.010368,0.001184,1,4,48,0,1
4355,0.132300,0.131000,0.005000,0.027700,0.023300,0.073900,0.001900,0.035648,0.011232,0.008480,0.010208,0.001312,1,4,48,0,1
4356,0.142000,0.146000,0.005500,0.029800,0.024800,0.079100,0.002500,0.035616,0.013696,0.008448,0.010368,0.001344,1,4,48,0,1
4357,0.137100,0.155700,0.005200,0.030400,0.024600,0.074700,0.002000,0.035584,0.011200,0.008416,0.010240,0.001344,1,4,48,0,1
4358,0.136100,0.150800,0.005300,0.029700,0.024800,0.073500,0.002600,0.035808,0.013760,0.008480,0.010400,0.001408,1,4,48,0,1
4359,0.138500,0.150000,0.005100,0.029600,0.024500,0.075900,0.003400,0.035424,0.013664,0.008352,0.010432,0.001376,1,4,48,0,1
4360,0.151400,0.152600,0.005300,0.029900,0.024400,0.089700,0.002000,0.035968,0.011200,0.008352,0.010208,0.001376,1,4,48,0,1
4361,0.144500,0.165300,0.005500,0.030200,0.025700,0.076100,0.006700,0.035552,0.012224,0.008352,0.010400,0.001376,1,4,48,0,1
4362,0.153400,0.159700,0.006500,0.036700,0.028500,0.077100,0.004400,0.035680,0.013760,0.008512,0.010304,0.001344,1,4,48,0,1
4363,0.169900,0.170600,0.006000,0.039600,0.028900,0.084600,0.010500,0.035552,0.013696,0.008512,0.010432,0.001312,1,4,48,0,1
4364,0.162900,0.184900,0.006000,0.036200,0.027700,0.085800,0.007000,0.036608,0.011264,0.008704,0.010240,0.001344,1,4,48,0,1
4365,0.143100,0.176900,0.005300,0.030500,0.025300,0.079800,0.002000,0.035680,0.013760,0.008352,0.010400,0.001376,1,4,48,0,1
4366,0.142200,0.157200,0.005200,0.030200,0.024400,0.077800,0.004500,0.035936,0.011232,0.008544,0.010144,0.001248,1,4,48,0,1
4367,0.162100,0.157800,0.006300,0.036800,0.028200,0.080400,0.010400,0.035936,0.011168,0.008384,0.010304,0.001344,1,4,48,0,1
4368,0.147200,0.176600,0.006000,0.035800,0.027300,0.075800,0.002200,0.035552,0.013728,0.008512,0.010336,0.001216,1,4,48,0,1
4369,0.136700,0.161000,0.005600,0.030100,0.024700,0.071500,0.004600,0.035968,0.011136,0.008384,0.010240,0.001248,1,4,48,0,1
4370,0.159700,0.151600,0.006200,0.036900,0.028100,0.085800,0.002600,0.036544,0.010784,0.008384,0.010240,0.001344,1,4,48,0,1
4371,0.159400,0.174000,0.005900,0.031000,0.025800,0.092300,0.004300,0.036160,0.011200,0.008448,0.010208,0.001376,1,4,48,0,1
4372,0.146800,0.173800,0.005500,0.031000,0.024700,0.078900,0.006600,0.036192,0.011040,0.008576,0.010176,0.001280,1,4,48,0,1
4373,0.167100,0.161800,0.005900,0.036200,0.028300,0.091200,0.005300,0.035616,0.011200,0.008544,0.010208,0.001344,1,4,48,0,1
4374,0.165700,0.184400,0.006300,0.038700,0.029200,0.080100,0.011200,0.035552,0.013600,0.008416,0.010400,0.001376,1,4,48,0,1
4375,0.154300,0.180500,0.006000,0.035900,0.029000,0.079800,0.003400,0.035776,0.013824,0.008384,0.010464,0.001312,1,4,48,0,1
4376,0.124700,0.168500,0.005600,0.030200,0.025000,0.061500,0.002300,0.035584,0.011200,0.008544,0.010208,0.001248,1,4,48,0,1
4377,0.136400,0.137900,0.005000,0.028300,0.024100,0.075600,0.003400,0.036320,0.011136,0.008416,0.010240,0.001312,1,4,48,0,1
4378,0.121700,0.150300,0.005400,0.029900,0.024400,0.059800,0.001900,0.035552,0.011136,0.008480,0.010240,0.001280,1,4,48,0,1
4379,0.116900,0.134700,0.005000,0.028200,0.023200,0.058000,0.002300,0.036032,0.011168,0.008352,0.010240,0.001344,1,4,48,0,1
4380,0.117700,0.129900,0.005400,0.027900,0.023000,0.058300,0.003000,0.037696,0.011264,0.008416,0.010464,0.001216,1,4,48,0,1
4381,0.117900,0.130700,0.005100,0.027700,0.023500,0.058400,0.003100,0.035840,0.011200,0.008608,0.010208,0.001376,1,4,48,0,1
4382,0.117700,0.131000,0.005100,0.028000,0.022900,0.058400,0.003100,0.035584,0.011168,0.008512,0.010176,0.001280,1,4,48,0,1
4383,0.199600,0.131000,0.004800,0.027800,0.020800,0.142300,0.003700,0.207488,0.011200,0.008512,0.010240,0.172000,1,4,48,0,1
4384,0.187000,0.214300,0.005600,0.034600,0.026200,0.066400,0.053600,0.035968,0.011264,0.008448,0.010240,0.001280,1,4,48,0,1
4385,0.149400,0.202400,0.006000,0.036200,0.027300,0.076400,0.003300,0.036352,0.004576,0.008416,0.010336,0.001248,1,4,48,0,1
4386,0.121300,0.163300,0.005500,0.028500,0.024200,0.059900,0.003000,0.035616,0.011168,0.008544,0.010176,0.001312,1,4,48,0,1
4387,0.118500,0.134600,0.005200,0.027900,0.023200,0.059100,0.003000,0.035488,0.011136,0.008384,0.010208,0.001376,1,4,48,0,1
4388,0.118500,0.131800,0.005100,0.027700,0.023100,0.059500,0.003100,0.035424,0.011200,0.008384,0.010272,0.001216,1,4,48,0,1
4389,0.118400,0.131700,0.005100,0.028300,0.023100,0.058600,0.003000,0.035680,0.011168,0.008512,0.010240,0.001344,1,4,48,0,1
4390,0.116700,0.131400,0.004900,0.027600,0.022800,0.058300,0.003000,0.035360,0.011168,0.008352,0.010208,0.001280,1,4,48,0,1
4391,0.117400,0.129700,0.004800,0.027800,0.023100,0.058600,0.003000,0.035552,0.012224,0.008384,0.010400,0.001312,1,4,48,0,1
4392,0.118000,0.130600,0.005200,0.027900,0.023400,0.058300,0.003200,0.037568,0.013664,0.008448,0.010176,0.001344,1,4,48,0,1
4393,0.118100,0.131100,0.005100,0.028000,0.023100,0.058800,0.003000,0.035552,0.011168,0.008480,0.010208,0.001280,1,4,48,0,1
4394,0.117900,0.131400,0.005000,0.028000,0.022800,0.058900,0.003000,0.035520,0.011232,0.008512,0.010176,0.001216,1,4,48,0,1
4395,0.117700,0.131000,0.004900,0.027700,0.023000,0.058800,0.003000,0.035776,0.011200,0.008544,0.010272,0.001376,1,4,48,0,1
4396,0.117200,0.130800,0.005000,0.027900,0.022600,0.058700,0.002900,0.037248,0.011136,0.008512,0.010176,0.001312,1,4,48,0,1
4397,0.123500,0.130300,0.005400,0.028100,0.022800,0.064100,0.003100,0.035520,0.011168,0.008320,0.010304,0.001312,1,4,48,0,1
4398,0.119100,0.137600,0.005000,0.028500,0.023300,0.059300,0.002900,0.035552,0.011168,0.008480,0.010208,0.001280,1,4,48,0,1
4399,0.117100,0.132600,0.004700,0.027600,0.023200,0.058500,0.002900,0.037824,0.011232,0.008512,0.010432,0.001216,1,4,48,0,1
4400,0.120000,0.130300,0.004900,0.027900,0.022700,0.061400,0.003000,0.035648,0.011168,0.008416,0.010272,0.001312,1,4,48,0,1
4401,0.117900,0.133200,0.005100,0.027700,0.023000,0.058900,0.003100,0.035488,0.011200,0.008352,0.010240,0.001248,1,4,48,0,1
4402,0.117000,0.131200,0.004800,0.027700,0.023100,0.058400,0.003000,0.035520,0.011200,0.008448,0.010176,0.001280,1,4,48,0,1
4403,0.117700,0.130300,0.004700,0.028000,0.023200,0.058700,0.003000,0.035648,0.011168,0.008416,0.010272,0.001344,1,4,48,0,1
4404,0.117300,0.130600,0.005000,0.027900,0.022800,0.058300,0.003000,0.035616,0.011168,0.008480,0.010272,0.001376,1,4,48,0,1
4405,0.116800,0.130400,0.004900,0.027800,0.023100,0.057900,0.003000,0.037440,0.011296,0.008512,0.010336,0.001280,1,4,48,0,1
4406,0.116900,0.130100,0.004800,0.027600,0.022500,0.058700,0.003100,0.035616,0.011168,0.008512,0.010208,0.001344,1,4,48,0,1
4407,0.121000,0.130100,0.008400,0.027800,0.023600,0.058100,0.002900,0.037664,0.011168,0.008416,0.010368,0.001376,1,4,48,0,1
4408,0.116900,0.134100,0.004900,0.027700,0.023000,0.058200,0.003100,0.037824,0.011200,0.008608,0.010368,0.001280,1,4,48,0,1
4409,0.118000,0.130000,0.004900,0.028100,0.023100,0.058800,0.003000,0.035360,0.011136,0.008320,0.010240,0.001216,1,4,48,0,1
4410,0.117200,0.131000,0.005200,0.028200,0.022800,0.057900,0.003000,0.035648,0.011168,0.008544,0.010208,0.001344,1,4,48,0,1
4411,0.117100,0.130100,0.005000,0.027700,0.023200,0.058100,0.003000,0.035488,0.011136,0.008448,0.010208,0.001312,1,4,48,0,1
4412,0.117600,0.130100,0.005100,0.027700,0.022900,0.058800,0.003100,0.035520,0.012288,0.008352,0.010400,0.001312,1,4,48,0,1
4413,0.123000,0.130800,0.005100,0.032800,0.023300,0.058500,0.003000,0.035680,0.011168,0.008576,0.010272,0.001248,1,4,48,0,1
4414,0.116400,0.136400,0.004800,0.027600,0.022800,0.058200,0.003000,0.037024,0.013728,0.008384,0.010208,0.001248,1,4,48,0,1
4415,0.117000,0.129200,0.004900,0.027800,0.022900,0.058300,0.002900,0.035616,0.011168,0.008448,0.010240,0.001344,1,4,48,0,1
4416,0.116400,0.130400,0.004900,0.027600,0.022600,0.058000,0.002900,0.035744,0.011264,0.008576,0.010240,0.001280,1,4,48,0,1
4417,0.116900,0.129500,0.004800,0.027800,0.023100,0.058100,0.003000,0.035648,0.012256,0.008448,0.010400,0.001344,1,4,48,0,1
4418,0.117400,0.130000,0.005000,0.027800,0.022800,0.058700,0.003100,0.035616,0.012224,0.008544,0.010368,0.001248,1,4,48,0,1
4419,0.122800,0.130800,0.004800,0.027500,0.023100,0.058100,0.008900,0.035520,0.011168,0.008480,0.010208,0.001280,1,4,48,0,1
4420,0.117000,0.142000,0.005000,0.027700,0.023000,0.058000,0.003000,0.035744,0.011200,0.008640,0.010176,0.001376,1,4,48,0,1
4421,0.117300,0.130100,0.004900,0.028100,0.022900,0.058100,0.003000,0.035264,0.011104,0.008384,0.010208,0.001216,1,4,48,0,1
4422,0.117200,0.130900,0.004900,0.028000,0.022900,0.058400,0.003000,0.037824,0.011264,0.008576,0.010432,0.001216,1,4,48,0,1
4423,0.115900,0.130200,0.004800,0.027600,0.022800,0.057500,0.003100,0.035648,0.012192,0.008544,0.010368,0.001312,1,4,48,0,1
4424,0.117000,0.128700,0.005000,0.027700,0.022700,0.058500,0.003000,0.035488,0.011136,0.008384,0.010240,0.001280,1,4,48,0,1
4425,0.117000,0.130200,0.005000,0.028000,0.023000,0.057900,0.003000,0.035584,0.011232,0.008384,0.010240,0.001344,1,4,48,0,1
4426,0.116600,0.130000,0.004900,0.027800,0.022600,0.058000,0.003000,0.035232,0.011104,0.008384,0.010208,0.001280,1,4,48,0,1
4427,0.117300,0.129600,0.004900,0.028000,0.023000,0.058300,0.003100,0.035392,0.011200,0.008320,0.010176,0.001312,1,4,48,0,1
4428,0.133400,0.130700,0.005000,0.027800,0.036700,0.060700,0.003100,0.035264,0.010720,0.008384,0.010208,0.001280,1,4,48,0,1
4429,0.111100,0.146800,0.004900,0.028300,0.020900,0.055100,0.001800,0.035168,0.011168,0.008192,0.010240,0.001248,1,4,48,0,1
4430,0.598100,0.123900,0.005300,0.027400,0.024000,0.055500,0.485800,0.036352,0.011072,0.008448,0.010272,0.001248,1,4,48,0,1
4431,0.135300,0.611700,0.005200,0.030100,0.022700,0.072300,0.005000,0.036320,0.010848,0.008288,0.010176,0.001312,1,4,48,0,1
4432,0.117800,0.148400,0.004800,0.027700,0.021100,0.060900,0.003100,0.036864,0.010880,0.008480,0.010176,0.001408,1,4,48,0,1
4433,0.130500,0.131100,0.004900,0.027800,0.034700,0.060100,0.003000,0.035584,0.011168,0.008512,0.010208,0.001312,1,4,48,0,1
4434,0.118100,0.143500,0.005000,0.027900,0.023300,0.059100,0.002500,0.035424,0.011200,0.008288,0.010240,0.001312,1,4,48,0,1
4435,0.117200,0.131200,0.004900,0.028200,0.023100,0.057900,0.003100,0.035680,0.013728,0.008480,0.010400,0.001248,1,4,48,0,1
4436,0.115500,0.130300,0.004700,0.027900,0.022500,0.057200,0.003000,0.035648,0.011136,0.008576,0.010144,0.001344,1,4,48,0,1
4437,0.116800,0.128700,0.004900,0.027700,0.022900,0.058100,0.003100,0.035520,0.011200,0.008384,0.010208,0.001312,1,4,48,0,1
4438,0.117100,0.129800,0.004800,0.027700,0.022800,0.058600,0.003100,0.037824,0.011200,0.008448,0.010464,0.001312,1,4,48,0,1
4439,0.115500,0.130300,0.005000,0.027400,0.023200,0.057500,0.002300,0.035648,0.013824,0.008288,0.010432,0.001280,1,4,48,0,1
4440,0.115800,0.128800,0.005000,0.027800,0.023200,0.057500,0.002300,0.035648,0.011200,0.008512,0.010176,0.001312,1,4,48,0,1
4441,0.115000,0.129000,0.005000,0.027900,0.022900,0.056700,0.002300,0.035328,0.011168,0.008288,0.010176,0.001312,1,4,48,0,1
4442,0.115300,0.128200,0.004800,0.028000,0.023000,0.057100,0.002400,0.035776,0.011232,0.008608,0.010272,0.001280,1,4,48,0,1
4443,0.115300,0.128500,0.004800,0.027600,0.022800,0.057600,0.002400,0.035648,0.011168,0.008544,0.010240,0.001344,1,4,48,0,1
4444,0.124400,0.128100,0.004900,0.034900,0.023400,0.058600,0.002400,0.035616,0.013728,0.008384,0.010400,0.001280,1,4,48,0,1
4445,0.115400,0.137900,0.004600,0.027700,0.023000,0.057700,0.002300,0.035872,0.013760,0.008672,0.010368,0.001312,1,4,48,0,1
4446,0.116300,0.128400,0.005200,0.027500,0.023700,0.057600,0.002200,0.035616,0.012128,0.008416,0.010400,0.001344,1,4,48,0,1
4447,0.114700,0.129500,0.004800,0.027500,0.022900,0.057100,0.002300,0.035616,0.013728,0.008416,0.010400,0.001280,1,4,48,0,1
4448,0.115100,0.127800,0.004900,0.027600,0.022800,0.057500,0.002200,0.035712,0.013664,0.008512,0.010496,0.001280,1,4,48,0,1
4449,0.114800,0.128000,0.004900,0.027600,0.022800,0.057000,0.002200,0.037824,0.011232,0.008544,0.010432,0.001312,1,4,48,0,1
4450,0.114700,0.127700,0.004700,0.028000,0.022500,0.056900,0.002300,0.035488,0.011136,0.008416,0.010240,0.001312,1,4,48,0,1
4451,0.115600,0.127700,0.004900,0.027700,0.022800,0.057800,0.002100,0.035840,0.013792,0.008480,0.010400,0.001344,1,4,48,0,1
4452,0.114800,0.128900,0.005000,0.027700,0.022500,0.057300,0.002200,0.035808,0.013760,0.008512,0.010400,0.001312,1,4,48,0,1
4453,0.115000,0.127800,0.005100,0.027500,0.023300,0.056900,0.002200,0.035616,0.013792,0.008384,0.010304,0.001312,1,4,48,0,1
4454,0.115100,0.128000,0.004800,0.027800,0.023000,0.057000,0.002300,0.035648,0.013696,0.008544,0.010400,0.001248,1,4,48,0,1
4455,0.115900,0.128500,0.005100,0.027800,0.023100,0.057400,0.002400,0.037856,0.011296,0.008544,0.010336,0.001344,1,4,48,0,1
4456,0.114400,0.128900,0.004700,0.027600,0.022700,0.057100,0.002300,0.035712,0.011232,0.008512,0.010240,0.001344,1,4,48,0,1
4457,0.115600,0.127500,0.004900,0.027700,0.022900,0.057700,0.002300,0.035424,0.013632,0.008416,0.010336,0.001376,1,4,48,0,1
4458,0.117200,0.128600,0.005300,0.028200,0.023200,0.058100,0.002400,0.035552,0.011168,0.008480,0.010240,0.001280,1,4,48,0,1
4459,0.121500,0.130100,0.004700,0.027600,0.022900,0.063600,0.002300,0.035456,0.011232,0.008288,0.010304,0.001248,1,4,48,0,1
4460,0.116500,0.134700,0.004900,0.028300,0.022500,0.058200,0.002400,0.035616,0.011264,0.008416,0.010240,0.001312,1,4,48,0,1
4461,0.115500,0.129700,0.005200,0.027800,0.022700,0.057300,0.002400,0.035456,0.011168,0.008352,0.010272,0.001248,1,4,48,0,1
4462,0.115300,0.128800,0.004800,0.028100,0.021200,0.058900,0.002200,0.036128,0.011232,0.008512,0.010240,0.001344,1,4,48,0,1
4463,0.115200,0.128400,0.005000,0.027700,0.022600,0.057400,0.002200,0.036256,0.011200,0.008416,0.010304,0.001280,1,4,48,0,1
4464,0.115700,0.128300,0.005000,0.027600,0.023000,0.057500,0.002400,0.035392,0.011168,0.008416,0.010240,0.001248,1,4,48,0,1
4465,0.152300,0.128600,0.004800,0.027900,0.022800,0.093600,0.003100,0.035488,0.012288,0.008480,0.010304,0.001216,1,4,48,0,1
4466,0.119300,0.165900,0.005300,0.029100,0.024100,0.058500,0.002200,0.035584,0.011168,0.008448,0.010240,0.001312,1,4,48,0,1
4467,0.116600,0.132300,0.005200,0.028200,0.023400,0.057500,0.002200,0.035712,0.013728,0.008416,0.010432,0.001376,1,4,48,0,1
4468,0.114700,0.129700,0.004700,0.027700,0.022700,0.056800,0.002500,0.035392,0.011136,0.008384,0.010176,0.001280,1,4,48,0,1
4469,0.116300,0.127700,0.005000,0.027800,0.023200,0.058000,0.002200,0.035360,0.011168,0.008320,0.010208,0.001280,1,4,48,0,1
4470,0.124000,0.129300,0.005000,0.027700,0.022600,0.065200,0.003200,0.035968,0.011072,0.008224,0.010240,0.001344,1,4,48,0,1
4471,0.115300,0.136900,0.004900,0.027800,0.022000,0.058200,0.002400,0.035584,0.011168,0.008448,0.010176,0.001312,1,4,48,0,1
4472,0.118900,0.128400,0.004900,0.027300,0.019900,0.063100,0.003400,0.036608,0.010688,0.008544,0.010176,0.001312,1,4,48,0,1
4473,0.126900,0.132000,0.005100,0.027600,0.031000,0.059800,0.003300,0.036416,0.011168,0.008608,0.010176,0.001344,1,4,48,0,1
4474,0.143800,0.139900,0.004800,0.027500,0.023200,0.076900,0.011100,0.035360,0.011136,0.008352,0.010240,0.001184,1,4,48,0,1
4475,0.116400,0.157100,0.004900,0.027800,0.023000,0.057500,0.003100,0.035616,0.011200,0.008448,0.010240,0.001376,1,4,48,0,1
4476,0.116000,0.129500,0.005000,0.027900,0.023000,0.057000,0.003100,0.037632,0.011200,0.008480,0.010400,0.001248,1,4,48,0,1
4477,0.128400,0.129400,0.014000,0.030700,0.023100,0.057400,0.003100,0.037568,0.011136,0.008416,0.010432,0.001280,1,4,48,0,1
4478,0.115800,0.141400,0.004700,0.027700,0.022800,0.057200,0.003200,0.037664,0.011264,0.008384,0.010400,0.001344,1,4,48,0,1
4479,0.116200,0.128900,0.004800,0.027700,0.023300,0.057100,0.003100,0.035520,0.011168,0.008352,0.010304,0.001344,1,4,48,0,1
4480,0.116000,0.129200,0.004800,0.027700,0.022900,0.057200,0.003100,0.035648,0.011232,0.008608,0.010208,0.001216,1,4,48,0,1
4481,0.116600,0.129200,0.005000,0.027800,0.022700,0.057600,0.003200,0.035392,0.011168,0.008288,0.010176,0.001344,1,4,48,0,1
4482,0.128300,0.129800,0.005100,0.035000,0.027800,0.057200,0.003100,0.035520,0.011168,0.008448,0.010176,0.001312,1,4,48,0,1
4483,0.116400,0.141500,0.004800,0.027600,0.023000,0.057600,0.003100,0.035680,0.012256,0.008544,0.010336,0.001312,1,4,48,0,1
4484,0.117300,0.129600,0.005000,0.027900,0.023100,0.058100,0.003100,0.037696,0.013728,0.008448,0.010240,0.001344,1,4,48,0,1
4485,0.116300,0.130200,0.005100,0.027600,0.022800,0.057500,0.003100,0.037600,0.013664,0.008512,0.010240,0.001344,1,4,48,0,1
4486,0.115800,0.129500,0.004800,0.027600,0.023000,0.057100,0.003200,0.037856,0.011200,0.008672,0.010336,0.001280,1,4,48,0,1
4487,0.116700,0.128700,0.004800,0.027600,0.022900,0.057900,0.003200,0.037728,0.011200,0.008416,0.010464,0.001312,1,4,48,0,1
4488,0.115800,0.129900,0.005000,0.027700,0.022900,0.057100,0.003000,0.037696,0.011232,0.008480,0.010400,0.001312,1,4,48,0,1
4489,0.121900,0.128700,0.004800,0.027600,0.022600,0.063700,0.003200,0.037504,0.011168,0.008416,0.010368,0.001216,1,4,48,0,1
4490,0.117100,0.135100,0.005100,0.028000,0.022800,0.057900,0.003100,0.035552,0.011200,0.008384,0.010272,0.001312,1,4,48,0,1
4491,0.116400,0.130200,0.004800,0.027700,0.023000,0.057600,0.003200,0.035296,0.011136,0.008448,0.010240,0.001312,1,4,48,0,1
4492,0.114300,0.129200,0.004600,0.027300,0.022100,0.056900,0.003100,0.035712,0.011168,0.008640,0.010176,0.001312,1,4,48,0,1
4493,0.116500,0.127400,0.004600,0.027500,0.022600,0.058300,0.003100,0.035648,0.012224,0.008448,0.010432,0.001344,1,4,48,0,1
4494,0.116500,0.129700,0.005000,0.027700,0.023000,0.057500,0.003100,0.037728,0.011232,0.008512,0.010400,0.001248,1,4,48,0,1
4495,0.117100,0.129900,0.004700,0.027500,0.023000,0.057500,0.004200,0.035552,0.011136,0.008352,0.010240,0.001376,1,4,48,0,1
4496,0.314700,0.133800,0.005300,0.125800,0.059700,0.119800,0.004100,0.035328,0.013696,0.008224,0.010400,0.001216,1,4,48,0,1
4497,0.191800,0.338000,0.008200,0.049700,0.038200,0.091300,0.004400,0.035424,0.013632,0.008256,0.010400,0.001376,1,4,48,0,1
4498,0.151700,0.209100,0.006100,0.034900,0.029000,0.073100,0.008400,0.035680,0.011168,0.008480,0.010272,0.001312,1,4,48,0,1
4499,0.163200,0.168200,0.005900,0.034400,0.029000,0.088800,0.005000,0.035776,0.011232,0.008320,0.010304,0.001344,1,4,48,0,1
4500,0.149900,0.180200,0.006400,0.034600,0.028700,0.076200,0.003900,0.035360,0.011168,0.008480,0.010144,0.001280,1,4,48,0,1
4501,0.145600,0.166700,0.006300,0.034200,0.028500,0.072600,0.003700,0.035648,0.012352,0.008416,0.010400,0.001312,1,4,48,0,1
4502,0.144100,0.161600,0.006100,0.033800,0.028200,0.072100,0.003800,0.035808,0.012224,0.008576,0.010432,0.001312,1,4,48,0,1
4503,0.142300,0.160200,0.005800,0.033700,0.027700,0.071600,0.002900,0.037696,0.011200,0.008512,0.010368,0.001376,1,4,48,0,1
4504,0.142900,0.158400,0.005700,0.033900,0.028600,0.070900,0.003700,0.037696,0.013696,0.008448,0.010272,0.001344,1,4,48,0,1
4505,0.142700,0.158900,0.006100,0.033700,0.027600,0.071300,0.003700,0.035392,0.011168,0.008352,0.010240,0.001312,1,4,48,0,1
4506,0.142500,0.159000,0.006300,0.033800,0.027700,0.070700,0.003800,0.035392,0.011168,0.008352,0.010208,0.001248,1,4,48,0,1
4507,0.158100,0.158400,0.019400,0.039600,0.030200,0.065800,0.002700,0.036256,0.011104,0.008416,0.010272,0.001312,1,4,48,0,1
4508,0.120400,0.173200,0.005200,0.028500,0.024500,0.058900,0.003100,0.035488,0.012160,0.008256,0.010464,0.001344,1,4,48,0,1
4509,0.119000,0.133700,0.005100,0.027900,0.024200,0.058400,0.003100,0.036032,0.011168,0.008352,0.010240,0.001344,1,4,48,0,1
4510,0.117600,0.132100,0.004800,0.027900,0.022900,0.058800,0.002900,0.035648,0.011136,0.008576,0.010144,0.001344,1,4,48,0,1
4511,0.119000,0.130600,0.004800,0.028000,0.022900,0.059400,0.003800,0.035744,0.011168,0.008576,0.010272,0.001376,1,4,48,0,1
4512,0.119400,0.132100,0.005300,0.027800,0.028800,0.055400,0.001800,0.036064,0.011136,0.008448,0.010208,0.001312,1,4,48,0,1
4513,0.136400,0.132400,0.005200,0.027800,0.024500,0.053900,0.025000,0.036384,0.010784,0.008416,0.010176,0.001216,1,4,48,0,1
4514,0.137600,0.149900,0.005000,0.029400,0.024900,0.073400,0.004800,0.035616,0.011264,0.008512,0.010240,0.001184,1,4,48,0,1
4515,0.118000,0.150800,0.005000,0.027900,0.020500,0.061300,0.003000,0.036928,0.011168,0.008416,0.010208,0.001280,1,4,48,0,1
4516,0.121000,0.131000,0.004800,0.027700,0.026600,0.058700,0.003000,0.035456,0.011136,0.008416,0.010240,0.001280,1,4,48,0,1
4517,0.118500,0.134300,0.005000,0.028100,0.023300,0.058900,0.003000,0.035552,0.011200,0.008512,0.010176,0.001248,1,4,48,0,1
4518,0.117800,0.131600,0.005200,0.028100,0.023000,0.058200,0.003100,0.036256,0.011232,0.008512,0.010240,0.001248,1,4,48,0,1
4519,0.117100,0.130800,0.004900,0.027800,0.023200,0.058100,0.003000,0.035424,0.011232,0.008288,0.010240,0.001312,1,4,48,0,1
4520,0.116300,0.130100,0.004900,0.028000,0.023000,0.058300,0.001900,0.037408,0.011200,0.008480,0.010400,0.001312,1,4,48,0,1
4521,0.131900,0.129600,0.015700,0.029400,0.024500,0.058900,0.003100,0.035264,0.011136,0.008256,0.010208,0.001248,1,4,48,0,1
4522,0.116300,0.145300,0.005100,0.028200,0.023100,0.058000,0.001800,0.035648,0.013760,0.008480,0.010336,0.001312,1,4,48,0,1
4523,0.116900,0.129500,0.004900,0.027600,0.022900,0.058500,0.003000,0.037568,0.013728,0.008416,0.010240,0.001280,1,4,48,0,1
4524,0.117500,0.130400,0.005000,0.027800,0.023300,0.058400,0.003000,0.037600,0.011168,0.008320,0.010432,0.001376,1,4,48,0,1
4525,0.116600,0.130700,0.004700,0.027700,0.022700,0.058400,0.002900,0.037920,0.011200,0.008608,0.010400,0.001280,1,4,48,0,1
4526,0.116300,0.129800,0.004700,0.027700,0.022500,0.058200,0.003000,0.035584,0.011200,0.008544,0.010208,0.001184,1,4,48,0,1
4527,0.119300,0.135500,0.004900,0.028300,0.023800,0.059000,0.003000,0.035584,0.011200,0.008384,0.010304,0.001312,1,4,48,0,1
4528,0.117200,0.132700,0.004800,0.028200,0.022900,0.058200,0.003000,0.037536,0.013696,0.008288,0.010304,0.001280,1,4,48,0,1
4529,0.117500,0.130200,0.004700,0.028000,0.023300,0.058400,0.003000,0.037536,0.013696,0.008448,0.010240,0.001312,1,4,48,0,1
4530,0.116700,0.130600,0.005100,0.027700,0.022800,0.057700,0.003000,0.035520,0.011200,0.008352,0.010272,0.001280,1,4,48,0,1
4531,0.116300,0.129800,0.004700,0.027500,0.022500,0.058400,0.003100,0.035616,0.011200,0.008448,0.010176,0.001344,1,4,48,0,1
4532,0.117000,0.129400,0.004800,0.027800,0.022400,0.058700,0.003000,0.037792,0.013664,0.008544,0.010240,0.001408,1,4,48,0,1
4533,0.117400,0.129900,0.005300,0.027800,0.022900,0.058300,0.002900,0.035712,0.011200,0.008576,0.010272,0.001280,1,4,48,0,1
4534,0.117400,0.130600,0.004800,0.027900,0.023100,0.058600,0.003000,0.037664,0.011232,0.008512,0.010368,0.001216,1,4,48,0,1
4535,0.116400,0.130500,0.004800,0.028000,0.022500,0.058100,0.002900,0.037504,0.011168,0.008480,0.010368,0.001344,1,4,48,0,1
4536,0.117400,0.129500,0.005100,0.028100,0.022800,0.058300,0.003000,0.037760,0.011232,0.008736,0.010368,0.001312,1,4,48,0,1
4537,0.116900,0.130500,0.005000,0.027800,0.022700,0.058300,0.003000,0.037600,0.011232,0.008224,0.010432,0.001344,1,4,48,0,1
4538,0.117100,0.129900,0.004900,0.027900,0.022500,0.058700,0.003000,0.035584,0.011104,0.008512,0.010304,0.001312,1,4,48,0,1
4539,0.117200,0.130200,0.004700,0.027900,0.023000,0.058500,0.003000,0.037312,0.011264,0.008352,0.010400,0.001248,1,4,48,0,1
4540,0.117100,0.130300,0.004800,0.027700,0.022700,0.058500,0.003100,0.037600,0.013696,0.008416,0.010176,0.001376,1,4,48,0,1
4541,0.116500,0.130400,0.004900,0.027800,0.022600,0.058100,0.002900,0.035488,0.011136,0.008288,0.010336,0.001312,1,4,48,0,1
4542,0.122200,0.129500,0.004900,0.028100,0.028300,0.058700,0.001900,0.035648,0.011264,0.008480,0.010208,0.001312,1,4,48,0,1
4543,0.139900,0.135500,0.005000,0.028600,0.023100,0.079300,0.003900,0.035584,0.011232,0.008320,0.010272,0.001376,1,4,48,0,1
4544,0.117000,0.152900,0.004700,0.027800,0.023100,0.058300,0.003100,0.037760,0.011232,0.008512,0.010432,0.001216,1,4,48,0,1
4545,0.117400,0.130300,0.005100,0.027800,0.023100,0.058200,0.003100,0.035744,0.011232,0.008512,0.010304,0.001344,1,4,48,0,1
4546,0.115000,0.130700,0.004800,0.028100,0.023000,0.057200,0.001800,0.037856,0.011232,0.008512,0.010368,0.001376,1,4,48,0,1
4547,0.118800,0.128200,0.004800,0.027800,0.023600,0.059400,0.003100,0.035456,0.013696,0.008448,0.010336,0.001248,1,4,48,0,1
4548,0.115500,0.131800,0.004800,0.028200,0.023300,0.057000,0.001900,0.035520,0.011264,0.008256,0.010240,0.001344,1,4,48,0,1
4549,0.115700,0.128400,0.004700,0.027900,0.022900,0.057200,0.002700,0.035616,0.011136,0.008512,0.010208,0.001312,1,4,48,0,1
4550,0.116200,0.128800,0.004700,0.028000,0.023700,0.056600,0.003200,0.035616,0.013728,0.008480,0.010432,0.001280,1,4,48,0,1
4551,0.115300,0.129300,0.004900,0.027900,0.023000,0.056600,0.002500,0.037760,0.011296,0.008384,0.010368,0.001376,1,4,48,0,1
4552,0.114300,0.128800,0.004700,0.027900,0.022900,0.056900,0.001900,0.035872,0.012224,0.008800,0.010368,0.001248,1,4,48,0,1
4553,0.117800,0.127600,0.005100,0.028000,0.023400,0.058100,0.003000,0.035584,0.011168,0.008448,0.010208,0.001344,1,4,48,0,1
4554,0.116900,0.131100,0.004800,0.028100,0.023300,0.057600,0.003000,0.037728,0.011264,0.008352,0.010432,0.001344,1,4,48,0,1
4555,0.116000,0.130100,0.004800,0.027800,0.022800,0.057500,0.003000,0.035584,0.011200,0.008448,0.010176,0.001376,1,4,48,0,1
4556,0.117900,0.128900,0.005100,0.027700,0.023500,0.058500,0.003100,0.035552,0.012224,0.008384,0.010432,0.001312,1,4,48,0,1
4557,0.122900,0.131000,0.004800,0.027700,0.023100,0.064900,0.002100,0.037472,0.011200,0.008544,0.010464,0.001216,1,4,48,0,1
4558,0.111400,0.136400,0.004700,0.028000,0.021400,0.055300,0.001800,0.036160,0.011168,0.008512,0.010240,0.001216,1,4,48,0,1
4559,0.175400,0.124300,0.004800,0.027100,0.023500,0.068300,0.051400,0.036320,0.011168,0.008320,0.010240,0.001344,1,4,48,0,1
4560,0.136200,0.189100,0.005500,0.029300,0.022600,0.075100,0.003500,0.037120,0.011136,0.008416,0.010240,0.001344,1,4,48,0,1
4561,0.123500,0.149600,0.005000,0.028300,0.026300,0.060900,0.003000,0.035584,0.011264,0.008608,0.010208,0.001312,1,4,48,0,1
4562,0.118000,0.136600,0.004700,0.027900,0.023200,0.059000,0.003000,0.035648,0.011200,0.008480,0.010240,0.001344,1,4,48,0,1
4563,0.116600,0.131300,0.004900,0.027600,0.022800,0.058100,0.003000,0.037792,0.011264,0.008416,0.010432,0.001344,1,4,48,0,1
4564,0.116700,0.129700,0.004900,0.027700,0.022900,0.057900,0.002900,0.035616,0.011136,0.008512,0.010240,0.001344,1,4,48,0,1
4565,0.117800,0.129500,0.005000,0.027800,0.022900,0.058900,0.003000,0.035616,0.011200,0.008512,0.010272,0.001280,1,4,48,0,1
4566,0.116900,0.130800,0.005400,0.027700,0.022700,0.058000,0.003000,0.035584,0.011168,0.008480,0.010272,0.001248,1,4,48,0,1
4567,0.116000,0.130000,0.005000,0.027700,0.022400,0.057900,0.003000,0.035712,0.012160,0.008448,0.010432,0.001376,1,4,48,0,1
4568,0.116400,0.129200,0.004700,0.027900,0.022600,0.058100,0.002900,0.037408,0.011264,0.008320,0.010432,0.001344,1,4,48,0,1
4569,0.117800,0.129500,0.005100,0.027800,0.023100,0.058600,0.003000,0.035552,0.011168,0.008384,0.010208,0.001376,1,4,48,0,1
4570,0.115800,0.131100,0.004700,0.027700,0.023500,0.056800,0.003100,0.035808,0.012224,0.008544,0.010432,0.001344,1,4,48,0,1
4571,0.116200,0.128800,0.004800,0.027900,0.022800,0.058500,0.002000,0.035520,0.011168,0.008512,0.010208,0.001280,1,4,48,0,1
4572,0.118500,0.129100,0.004900,0.030200,0.023300,0.056700,0.003100,0.036032,0.011232,0.008288,0.010208,0.001344,1,4,48,0,1
4573,0.122500,0.131700,0.005000,0.034000,0.023600,0.057400,0.002300,0.035776,0.013760,0.008512,0.010432,0.001312,1,4,48,0,1
4574,0.122600,0.136200,0.004900,0.028000,0.029000,0.058500,0.002100,0.036320,0.010784,0.008320,0.010304,0.001376,1,4,48,0,1
4575,0.127500,0.135700,0.004600,0.033900,0.025300,0.061700,0.001900,0.036064,0.011168,0.008448,0.010176,0.001344,1,4,48,0,1
4576,0.147600,0.141100,0.004800,0.027800,0.023500,0.089700,0.001600,0.035552,0.011168,0.008448,0.010176,0.001312,1,4,48,0,1
4577,0.115300,0.160500,0.004900,0.027800,0.023000,0.057600,0.001900,0.035808,0.011200,0.008608,0.010240,0.001344,1,4,48,0,1
4578,0.135900,0.131600,0.006400,0.031200,0.031000,0.063800,0.003400,0.035616,0.013824,0.008384,0.010400,0.001248,1,4,48,0,1
4579,0.120300,0.150000,0.004900,0.029400,0.023800,0.059000,0.003100,0.037568,0.013696,0.008384,0.010304,0.001312,1,4,48,0,1
4580,0.119700,0.133500,0.004900,0.028000,0.023700,0.059800,0.003000,0.037760,0.011168,0.008608,0.010368,0.001248,1,4,48,0,1
4581,0.116500,0.132900,0.005000,0.027900,0.022600,0.057900,0.003100,0.035392,0.011104,0.008384,0.010176,0.001312,1,4,48,0,1
4582,0.118000,0.129800,0.005100,0.027800,0.023100,0.058300,0.003500,0.037408,0.011232,0.008384,0.010464,0.001216,1,4,48,0,1
4583,0.116900,0.131200,0.004700,0.028100,0.022800,0.058100,0.003000,0.035712,0.012224,0.008512,0.010400,0.001344,1,4,48,0,1
4584,0.117700,0.129900,0.004900,0.027800,0.023500,0.058100,0.003000,0.035392,0.011168,0.008288,0.010272,0.001280,1,4,48,0,1
4585,0.116600,0.130900,0.004700,0.027700,0.022500,0.058300,0.003200,0.035584,0.011200,0.008448,0.010240,0.001312,1,4,48,0,1
4586,0.117000,0.129900,0.004700,0.027800,0.023400,0.057700,0.003100,0.037344,0.011168,0.008512,0.010240,0.001312,1,4,48,0,1
4587,0.121500,0.130100,0.004800,0.028100,0.023400,0.061800,0.003200,0.035456,0.011136,0.008480,0.010208,0.001248,1,4,48,0,1
4588,0.119100,0.134800,0.005000,0.028600,0.023300,0.059000,0.003000,0.035648,0.013792,0.008480,0.010336,0.001312,1,4,48,0,1
4589,0.116500,0.132300,0.004600,0.027800,0.022500,0.058400,0.003000,0.035584,0.011232,0.008416,0.010176,0.001344,1,4,48,0,1
4590,0.116700,0.129700,0.004900,0.027700,0.023100,0.058000,0.003000,0.035648,0.011200,0.008608,0.010176,0.001312,1,4,48,0,1
4591,0.115900,0.129700,0.004600,0.027600,0.022700,0.057800,0.003000,0.035712,0.011296,0.008480,0.010176,0.001344,1,4,48,0,1
4592,0.117200,0.128900,0.005000,0.027500,0.023300,0.059400,0.001900,0.037376,0.011264,0.008448,0.010336,0.001184,1,4,48,0,1
4593,0.117300,0.130600,0.005000,0.028100,0.022800,0.057700,0.003500,0.035648,0.011168,0.008544,0.010176,0.001312,1,4,48,0,1
4594,0.119600,0.130800,0.004700,0.028000,0.027700,0.056900,0.002300,0.035712,0.012288,0.008576,0.010368,0.001280,1,4,48,0,1
4595,0.116800,0.132700,0.004800,0.027900,0.023300,0.057600,0.003100,0.036256,0.011104,0.008512,0.010240,0.001280,1,4,48,0,1
4596,0.118100,0.129900,0.005100,0.028000,0.023400,0.058200,0.003100,0.035712,0.011200,0.008672,0.010144,0.001344,1,4,48,0,1
4597,0.117500,0.131100,0.004800,0.027700,0.023300,0.058500,0.003100,0.035424,0.011168,0.008384,0.010240,0.001216,1,4,48,0,1
4598,0.116700,0.130900,0.004700,0.027900,0.023500,0.058000,0.002400,0.037792,0.011200,0.008544,0.010400,0.001312,1,4,48,0,1
4599,0.116600,0.130100,0.004900,0.028000,0.023200,0.057200,0.003100,0.035520,0.011168,0.008384,0.010208,0.001312,1,4,48,0,1
4600,0.122400,0.129600,0.004800,0.027900,0.023000,0.063500,0.003100,0.037792,0.013600,0.008544,0.010368,0.001344,1,4,48,0,1
4601,0.117600,0.135700,0.005100,0.028200,0.023000,0.058000,0.003100,0.035520,0.011264,0.008320,0.010176,0.001344,1,4,48,0,1
4602,0.116500,0.130900,0.005100,0.028000,0.023300,0.058100,0.001900,0.035648,0.011168,0.008576,0.010176,0.001344,1,4,48,0,1
4603,0.125000,0.129600,0.004800,0.033300,0.024700,0.058800,0.003100,0.037824,0.011264,0.008544,0.010432,0.001312,1,4,48,0,1
4604,0.127300,0.138500,0.004900,0.027900,0.020500,0.070500,0.003300,0.035680,0.012160,0.008576,0.010368,0.001376,1,4,48,0,1
4605,0.282600,0.140500,0.004700,0.027800,0.037600,0.208400,0.003900,0.035520,0.011136,0.008576,0.010240,0.001248,1,4,48,0,1
4606,0.162500,0.298500,0.006000,0.036300,0.028200,0.081300,0.010700,0.035680,0.013696,0.008544,0.010368,0.001344,1,4,48,0,1
4607,0.162600,0.177500,0.005700,0.036400,0.028300,0.088600,0.003400,0.035552,0.012256,0.008416,0.010400,0.001344,1,4,48,0,1
4608,0.142600,0.178500,0.005900,0.037200,0.030100,0.065700,0.003400,0.036192,0.011104,0.008512,0.010144,0.001344,1,4,48,0,1
4609,0.123200,0.156800,0.005200,0.029500,0.024500,0.060300,0.003700,0.035616,0.013696,0.008416,0.010400,0.001344,1,4,48,0,1
4610,0.153500,0.136700,0.005000,0.028900,0.024100,0.091300,0.004000,0.035552,0.011136,0.008384,0.010272,0.001344,1,4,48,0,1
4611,0.138500,0.168300,0.005700,0.036200,0.028400,0.064700,0.003300,0.035520,0.011168,0.008416,0.010240,0.001280,1,4,48,0,1
4612,0.121400,0.152000,0.005000,0.029000,0.024300,0.060100,0.003000,0.035488,0.011840,0.008384,0.010400,0.001280,1,4,48,0,1
4613,0.120500,0.134700,0.004700,0.028500,0.024000,0.061200,0.002000,0.035488,0.011232,0.008448,0.010176,0.001216,1,4,48,0,1
4614,0.116900,0.133800,0.004800,0.028100,0.023700,0.058300,0.001800,0.035680,0.013728,0.008544,0.010400,0.001344,1,4,48,0,1
4615,0.116900,0.130100,0.004800,0.028200,0.021300,0.059200,0.003200,0.037056,0.011136,0.008416,0.010240,0.001376,1,4,48,0,1
4616,0.118500,0.130100,0.004800,0.028300,0.023600,0.058700,0.003000,0.037440,0.011168,0.008352,0.010368,0.001216,1,4,48,0,1
4617,0.116900,0.131700,0.004800,0.028000,0.022900,0.057900,0.003100,0.035584,0.011168,0.008608,0.010144,0.001184,1,4,48,0,1
4618,0.116600,0.130100,0.005000,0.027800,0.023300,0.057300,0.003000,0.037760,0.011264,0.008384,0.010464,0.001312,1,4,48,0,1
4619,0.116600,0.129700,0.004700,0.027700,0.022800,0.058400,0.003000,0.037760,0.011232,0.008416,0.010400,0.001312,1,4,48,0,1
4620,0.116800,0.129600,0.004800,0.027700,0.023400,0.057700,0.003000,0.035616,0.011136,0.008512,0.010272,0.001280,1,4,48,0,1
4621,0.116600,0.129800,0.005100,0.027700,0.023200,0.057400,0.003000,0.036320,0.013632,0.008352,0.010208,0.001344,1,4,48,0,1
4622,0.116900,0.129700,0.004800,0.027900,0.023000,0.058300,0.002700,0.035488,0.011136,0.008416,0.010272,0.001248,1,4,48,0,1
4623,0.121100,0.130000,0.004700,0.027900,0.022700,0.062400,0.003300,0.037248,0.013728,0.008544,0.010240,0.001376,1,4,48,0,1
4624,0.118500,0.134600,0.005100,0.028700,0.023500,0.058100,0.003000,0.035680,0.011296,0.008480,0.010304,0.001216,1,4,48,0,1
4625,0.117300,0.131700,0.004600,0.027700,0.022900,0.058800,0.002900,0.037952,0.011136,0.008384,0.010592,0.001376,1,4,48,0,1
4626,0.117800,0.130500,0.004900,0.028000,0.022900,0.058800,0.003000,0.037792,0.011200,0.008576,0.010400,0.001248,1,4,48,0,1
4627,0.251300,0.130900,0.004700,0.027500,0.022500,0.192100,0.004500,0.037728,0.011232,0.008512,0.010368,0.001344,1,4,48,0,1
4628,0.123400,0.265100,0.005100,0.029600,0.024700,0.060800,0.003100,0.035776,0.011168,0.008480,0.010176,0.001312,1,4,48,0,1
4629,0.118300,0.136500,0.004900,0.027900,0.023300,0.058900,0.003100,0.035520,0.012224,0.008384,0.010336,0.001312,1,4,48,0,1
4630,0.117700,0.131300,0.004900,0.027900,0.023000,0.058500,0.003200,0.037600,0.013696,0.008448,0.010208,0.001344,1,4,48,0,1
4631,0.117400,0.131100,0.004700,0.027600,0.023300,0.059400,0.002300,0.036896,0.013696,0.008352,0.010240,0.001376,1,4,48,0,1
4632,0.118600,0.130400,0.005100,0.028000,0.023800,0.058300,0.003200,0.035616,0.011136,0.008576,0.010176,0.001312,1,4,48,0,1
4633,0.116100,0.131600,0.005000,0.027600,0.022900,0.057300,0.003100,0.035584,0.011136,0.008480,0.010208,0.001344,1,4,48,0,1
4634,0.118700,0.129400,0.004700,0.028000,0.023400,0.059300,0.003100,0.037664,0.013664,0.008448,0.010240,0.001376,1,4,48,0,1
4635,0.117300,0.131700,0.004800,0.027600,0.023000,0.058500,0.003200,0.037440,0.011168,0.008352,0.010336,0.001312,1,4,48,0,1
4636,0.116700,0.130700,0.004700,0.027600,0.022900,0.058400,0.003100,0.035616,0.011200,0.008544,0.010272,0.001216,1,4,48,0,1
4637,0.117700,0.129800,0.004700,0.027600,0.023100,0.059100,0.003100,0.035808,0.012192,0.008544,0.010528,0.001312,1,4,48,0,1
4638,0.117400,0.130600,0.004900,0.027800,0.022900,0.058600,0.003100,0.035616,0.011136,0.008544,0.010240,0.001344,1,4,48,0,1
4639,0.117100,0.130400,0.004700,0.027700,0.023400,0.058200,0.003100,0.037440,0.013696,0.008320,0.010176,0.001376,1,4,48,0,1
4640,0.118700,0.130300,0.005000,0.027800,0.023400,0.059200,0.003200,0.037568,0.011200,0.008256,0.010464,0.001344,1,4,48,0,1
4641,0.125000,0.131700,0.010200,0.028900,0.023300,0.059500,0.003000,0.035584,0.011168,0.008448,0.010240,0.001312,1,4,48,0,1
4642,0.117200,0.138500,0.004500,0.027700,0.023100,0.058500,0.003100,0.037760,0.013664,0.008608,0.010272,0.001312,1,4,48,0,1
4643,0.116600,0.130300,0.004700,0.027800,0.023200,0.058800,0.002100,0.035520,0.011136,0.008480,0.010176,0.001344,1,4,48,0,1
4644,0.116700,0.129600,0.004800,0.028000,0.023600,0.057700,0.002300,0.035808,0.011168,0.008512,0.010208,0.001344,1,4,48,0,1
4645,0.138800,0.129600,0.004800,0.027600,0.030100,0.074200,0.001900,0.035552,0.011168,0.008448,0.010176,0.001376,1,4,48,0,1
4646,0.111400,0.152000,0.005000,0.028500,0.020900,0.055100,0.001800,0.035712,0.011200,0.008512,0.010240,0.001344,1,4,48,0,1
4647,0.166400,0.124600,0.005100,0.027300,0.039800,0.053200,0.040900,0.035456,0.011168,0.008256,0.010240,0.001376,1,4,48,0,1
4648,0.139400,0.181200,0.005700,0.035900,0.026300,0.067400,0.003500,0.037568,0.011168,0.008448,0.010176,0.001344,1,4,48,0,1
4649,0.123400,0.152700,0.005100,0.027800,0.020500,0.066700,0.003300,0.037248,0.011776,0.008384,0.010368,0.001280,1,4,48,0,1
4650,0.129500,0.136600,0.004900,0.028200,0.033900,0.059300,0.003100,0.035648,0.011232,0.008576,0.010208,0.001216,1,4,48,0,1
4651,0.117400,0.142700,0.004900,0.027900,0.023000,0.058300,0.003100,0.037728,0.011232,0.008416,0.010400,0.001312,1,4,48,0,1
4652,0.118700,0.130600,0.004800,0.027600,0.023500,0.059500,0.003000,0.035680,0.011200,0.008544,0.010240,0.001312,1,4,48,0,1
4653,0.116600,0.131600,0.004700,0.027800,0.022700,0.058200,0.003000,0.035488,0.011104,0.008416,0.010208,0.001344,1,4,48,0,1
4654,0.116600,0.129600,0.004700,0.027700,0.023100,0.058700,0.002100,0.037696,0.011264,0.008416,0.010432,0.001280,1,4,48,0,1
4655,0.116700,0.129700,0.004800,0.027700,0.022400,0.058400,0.003200,0.036160,0.011072,0.008416,0.010240,0.001280,1,4,48,0,1
4656,0.115500,0.129900,0.005000,0.027900,0.023100,0.056500,0.003000,0.035648,0.013696,0.008544,0.010464,0.001216,1,4,48,0,1
4657,0.114800,0.128700,0.004700,0.027600,0.020800,0.058600,0.003000,0.035744,0.011168,0.008320,0.010176,0.001376,1,4,48,0,1
4658,0.117000,0.127800,0.004600,0.027600,0.023000,0.058500,0.003000,0.035584,0.011168,0.008416,0.010240,0.001312,1,4,48,0,1
4659,0.138500,0.130100,0.004900,0.027900,0.022700,0.079700,0.003300,0.037088,0.013696,0.008352,0.010240,0.001312,1,4,48,0,1
4660,0.121900,0.152200,0.005300,0.029900,0.024800,0.058800,0.003000,0.037344,0.013664,0.008288,0.010240,0.001312,1,4,48,0,1
4661,0.118300,0.135200,0.005000,0.027700,0.022900,0.059500,0.003100,0.035840,0.012256,0.008576,0.010400,0.001344,1,4,48,0,1
4662,0.118900,0.131300,0.005400,0.028300,0.023400,0.058400,0.003200,0.035328,0.011168,0.008256,0.010240,0.001248,1,4,48,0,1
4663,0.118700,0.132200,0.004700,0.027800,0.023800,0.059000,0.003200,0.035808,0.011200,0.008608,0.010272,0.001344,1,4,48,0,1
4664,0.117700,0.131800,0.004800,0.027700,0.023000,0.059000,0.003100,0.035392,0.011168,0.008224,0.010272,0.001312,1,4,48,0,1
4665,0.117600,0.130700,0.004700,0.028100,0.023300,0.058400,0.003100,0.037664,0.011104,0.008416,0.010368,0.001376,1,4,48,0,1
4666,0.115400,0.130800,0.004700,0.027800,0.023200,0.057700,0.002000,0.035424,0.011136,0.008352,0.010240,0.001312,1,4,48,0,1
4667,0.115600,0.128500,0.004700,0.027800,0.023200,0.057100,0.002400,0.035680,0.011200,0.008576,0.010208,0.001248,1,4,48,0,1
4668,0.116600,0.128900,0.004900,0.027400,0.023400,0.057600,0.003000,0.035616,0.011168,0.008512,0.010240,0.001280,1,4,48,0,1
4669,0.116700,0.129900,0.004600,0.027900,0.023400,0.057700,0.003000,0.037568,0.013600,0.008480,0.010240,0.001312,1,4,48,0,1
4670,0.115700,0.129600,0.004700,0.027800,0.022900,0.057100,0.003000,0.035648,0.011104,0.008544,0.010304,0.001280,1,4,48,0,1
4671,0.115200,0.128800,0.004800,0.027600,0.022300,0.057300,0.003000,0.037664,0.011200,0.008416,0.010368,0.001312,1,4,48,0,1
4672,0.115700,0.128300,0.004800,0.027700,0.022900,0.057200,0.003000,0.035616,0.011200,0.008480,0.010208,0.001312,1,4,48,0,1
4673,0.124400,0.128700,0.005100,0.033700,0.023300,0.059200,0.003100,0.035456,0.011136,0.008352,0.010240,0.001280,1,4,48,0,1
4674,0.116600,0.138100,0.005000,0.027700,0.023000,0.057700,0.003000,0.035456,0.011168,0.008480,0.010208,0.001344,1,4,48,0,1
4675,0.116600,0.129700,0.004800,0.027800,0.022900,0.057700,0.003100,0.035584,0.011200,0.008448,0.010208,0.001344,1,4,48,0,1
4676,0.116300,0.129800,0.004700,0.028000,0.022800,0.057500,0.003100,0.037568,0.011296,0.008384,0.010368,0.001248,1,4,48,0,1
4677,0.118000,0.129300,0.005100,0.027800,0.023300,0.058700,0.003100,0.035680,0.011104,0.008640,0.010240,0.001344,1,4,48,0,1
4678,0.116900,0.131200,0.004600,0.027500,0.022800,0.058600,0.003100,0.035776,0.012256,0.008608,0.010368,0.001344,1,4,48,0,1
4679,0.117400,0.130100,0.004900,0.027600,0.022800,0.058700,0.003100,0.035776,0.011296,0.008576,0.010176,0.001344,1,4,48,0,1
4680,0.117500,0.130500,0.004900,0.027700,0.023200,0.058500,0.003100,0.037600,0.011200,0.008320,0.010368,0.001376,1,4,48,0,1
4681,0.117200,0.130600,0.004800,0.027700,0.022700,0.058500,0.003200,0.037664,0.011200,0.008480,0.010432,0.001248,1,4,48,0,1
4682,0.123600,0.130300,0.004900,0.027900,0.023000,0.064400,0.003200,0.035520,0.011168,0.008416,0.010208,0.001312,1,4,48,0,1
4683,0.118100,0.136700,0.004900,0.028300,0.023100,0.058500,0.003200,0.035616,0.011264,0.008512,0.010176,0.001248,1,4,48,0,1
4684,0.116800,0.131000,0.004700,0.027700,0.023100,0.058000,0.003300,0.035424,0.011200,0.008256,0.010272,0.001312,1,4,48,0,1
4685,0.117500,0.129800,0.004700,0.027400,0.023200,0.058700,0.003300,0.035680,0.011168,0.008544,0.010208,0.001376,1,4,48,0,1
4686,0.116800,0.130700,0.004800,0.027700,0.022900,0.058100,0.003300,0.037184,0.011168,0.008416,0.010208,0.001248,1,4,48,0,1
4687,0.117700,0.129800,0.004900,0.028200,0.023200,0.058100,0.003200,0.035552,0.011200,0.008480,0.010240,0.001280,1,4,48,0,1
4688,0.127200,0.130900,0.004800,0.027700,0.031000,0.060500,0.003000,0.037504,0.011200,0.008448,0.010432,0.001344,1,4,48,0,1
4689,0.117500,0.140500,0.004900,0.028400,0.023000,0.057900,0.003100,0.037568,0.013696,0.008320,0.010240,0.001344,1,4,48,0,1
4690,0.115500,0.130700,0.004600,0.027800,0.022900,0.058100,0.002000,0.036640,0.010816,0.008512,0.010240,0.001312,1,4,48,0,1
4691,0.110900,0.128600,0.004700,0.027700,0.021400,0.055100,0.001800,0.035520,0.010752,0.008608,0.010240,0.001376,1,4,48,0,1
4692,0.155400,0.124300,0.004900,0.027600,0.020300,0.092900,0.009400,0.036224,0.011104,0.008480,0.010304,0.001312,1,4,48,0,1
4693,0.202600,0.178400,0.008400,0.053200,0.043500,0.093500,0.003600,0.037344,0.011264,0.008384,0.010368,0.001280,1,4,48,0,1
4694,0.157100,0.222800,0.006900,0.041800,0.030600,0.073600,0.003900,0.035616,0.013696,0.008416,0.010432,0.001280,1,4,48,0,1
4695,0.145800,0.174000,0.005700,0.034700,0.030200,0.071200,0.003700,0.035648,0.013728,0.008480,0.010368,0.001312,1,4,48,0,1
4696,0.141300,0.162300,0.005800,0.034000,0.027700,0.070100,0.003700,0.035616,0.011136,0.008480,0.010304,0.001280,1,4,48,0,1
4697,0.142700,0.157700,0.005800,0.034000,0.027700,0.071200,0.003800,0.037536,0.013696,0.008256,0.010272,0.001376,1,4,48,0,1
4698,0.142200,0.159300,0.006000,0.033800,0.027900,0.070600,0.003600,0.037504,0.011168,0.008384,0.010368,0.001280,1,4,48,0,1
4699,0.142800,0.158500,0.005700,0.033800,0.028000,0.071300,0.003800,0.035680,0.011200,0.008544,0.010208,0.001344,1,4,48,0,1
4700,0.156300,0.159600,0.005900,0.034100,0.027700,0.076200,0.012400,0.035648,0.011200,0.008480,0.010208,0.001344,1,4,48,0,1
4701,0.142200,0.172500,0.006000,0.034000,0.027800,0.070500,0.003800,0.035424,0.011104,0.008384,0.010208,0.001312,1,4,48,0,1
4702,0.141300,0.158200,0.005600,0.033600,0.028000,0.070300,0.003700,0.037568,0.011232,0.008512,0.010336,0.001344,1,4,48,0,1
4703,0.155600,0.174100,0.006300,0.039900,0.032400,0.072500,0.004500,0.035680,0.011200,0.008512,0.010240,0.001344,1,4,48,0,1
4704,0.132700,0.171300,0.005100,0.033000,0.025600,0.065400,0.003200,0.035712,0.012256,0.008416,0.010432,0.001344,1,4,48,0,1
4705,0.130600,0.148800,0.005200,0.030200,0.026000,0.064900,0.004200,0.035424,0.012224,0.008416,0.010400,0.001344,1,4,48,0,1
4706,0.128500,0.144600,0.004800,0.032100,0.025600,0.062600,0.003200,0.035552,0.011136,0.008448,0.010272,0.001344,1,4,48,0,1
4707,0.118700,0.142400,0.004900,0.028600,0.023800,0.059000,0.002300,0.035648,0.011136,0.008544,0.010208,0.001376,1,4,48,0,1
4708,0.118500,0.132100,0.004900,0.028500,0.023900,0.058000,0.003100,0.035584,0.011136,0.008640,0.010144,0.001312,1,4,48,0,1
4709,0.118200,0.132200,0.004900,0.028600,0.023100,0.058400,0.003000,0.035584,0.012192,0.008384,0.010368,0.001376,1,4,48,0,1
4710,0.118600,0.131400,0.005000,0.027900,0.023500,0.059000,0.003000,0.035520,0.011200,0.008352,0.010240,0.001376,1,4,48,0,1
4711,0.117600,0.131600,0.004500,0.027800,0.023400,0.058800,0.003000,0.035680,0.011232,0.008448,0.010176,0.001408,1,4,48,0,1
4712,0.120000,0.130600,0.004900,0.027800,0.025100,0.058900,0.003100,0.036160,0.011104,0.008512,0.010240,0.001280,1,4,48,0,1
4713,0.116200,0.133400,0.004900,0.028300,0.023100,0.056900,0.003000,0.037632,0.011232,0.008416,0.010368,0.001280,1,4,48,0,1
4714,0.117100,0.129200,0.004800,0.028100,0.023500,0.057500,0.003000,0.035712,0.012224,0.008512,0.010336,0.001344,1,4,48,0,1
4715,0.124600,0.130200,0.004900,0.028200,0.023200,0.066400,0.001900,0.037568,0.011136,0.008448,0.010304,0.001344,1,4,48,0,1
4716,0.118100,0.138000,0.005100,0.028700,0.023800,0.057100,0.003100,0.036032,0.011072,0.008256,0.010240,0.001312,1,4,48,0,1
4717,0.116100,0.131200,0.004600,0.028000,0.022800,0.057300,0.003000,0.035456,0.011232,0.008384,0.010208,0.001280,1,4,48,0,1
4718,0.118200,0.129000,0.005200,0.027900,0.023200,0.058800,0.003000,0.035552,0.011168,0.008480,0.010176,0.001312,1,4,48,0,1
4719,0.130400,0.131200,0.004700,0.027800,0.023100,0.071200,0.003000,0.037568,0.011168,0.008352,0.010336,0.001376,1,4,48,0,1
4720,0.116800,0.143700,0.004800,0.027900,0.023200,0.058400,0.002500,0.037856,0.011200,0.008608,0.010432,0.001344,1,4,48,0,1
4721,0.208900,0.134800,0.006500,0.038300,0.044000,0.116000,0.003800,0.037664,0.011232,0.008352,0.010464,0.001344,1,4,48,0,1
4722,0.159700,0.224500,0.005900,0.037200,0.029000,0.081300,0.006100,0.037504,0.013504,0.008288,0.010336,0.001344,1,4,48,0,1
4723,0.156100,0.174300,0.005400,0.033000,0.026500,0.079000,0.011900,0.035552,0.013696,0.008320,0.010496,0.001312,1,4,48,0,1
4724,0.136100,0.170900,0.005800,0.035100,0.027100,0.064700,0.003100,0.035616,0.013760,0.008416,0.010432,0.001344,1,4,48,0,1
4725,0.122300,0.149800,0.005000,0.029100,0.024400,0.060600,0.003100,0.035552,0.011136,0.008512,0.010208,0.001248,1,4,48,0,1
4726,0.120000,0.135700,0.005000,0.028500,0.023600,0.059600,0.003300,0.035456,0.011168,0.008480,0.010176,0.001216,1,4,48,0,1
4727,0.120400,0.133200,0.004900,0.028600,0.023800,0.059600,0.003100,0.035616,0.011200,0.008384,0.010304,0.001312,1,4,48,0,1
4728,0.120500,0.135300,0.007000,0.028200,0.023200,0.058800,0.003000,0.037696,0.013664,0.008640,0.010208,0.001248,1,4,48,0,1
4729,0.117900,0.133900,0.004600,0.028100,0.023200,0.058900,0.003000,0.035488,0.011136,0.008384,0.010240,0.001280,1,4,48,0,1
4730,0.117800,0.131200,0.004600,0.027900,0.023400,0.059000,0.002600,0.035392,0.011168,0.008480,0.010208,0.001216,1,4,48,0,1
4731,0.145200,0.131100,0.004800,0.027900,0.020700,0.086800,0.004900,0.037600,0.011232,0.008320,0.010400,0.001408,1,4,48,0,1
4732,0.162500,0.161500,0.005100,0.030300,0.032300,0.078200,0.016300,0.037024,0.010976,0.008384,0.010240,0.001376,1,4,48,0,1
4733,0.142300,0.176800,0.005600,0.030900,0.021500,0.079700,0.004400,0.037088,0.010752,0.008256,0.010240,0.001216,1,4,48,0,1
4734,0.156300,0.156800,0.005400,0.030500,0.041800,0.074000,0.004600,0.035648,0.013632,0.008544,0.010400,0.001312,1,4,48,0,1
4735,0.132600,0.173300,0.005200,0.031500,0.025800,0.066600,0.003300,0.035616,0.011232,0.008448,0.010176,0.001344,1,4,48,0,1
4736,0.126900,0.148200,0.006000,0.031900,0.025500,0.060100,0.003300,0.035488,0.011168,0.008288,0.010240,0.001344,1,4,48,0,1
4737,0.117800,0.140800,0.004900,0.028500,0.023100,0.058000,0.003100,0.035584,0.011168,0.008384,0.010240,0.001376,1,4,48,0,1
4738,0.116000,0.131300,0.004700,0.028100,0.023200,0.057500,0.002400,0.035488,0.011168,0.008416,0.010208,0.001248,1,4,48,0,1
4739,0.117400,0.129300,0.004700,0.027900,0.023100,0.058700,0.003000,0.035616,0.012224,0.008480,0.010432,0.001248,1,4,48,0,1
4740,0.118000,0.130800,0.005300,0.028200,0.023400,0.057900,0.003200,0.035616,0.011200,0.008576,0.010240,0.001216,1,4,48,0,1
4741,0.119000,0.131100,0.005000,0.028300,0.023600,0.058900,0.003100,0.035584,0.013632,0.008384,0.010432,0.001344,1,4,48,0,1
4742,0.118500,0.132200,0.004600,0.027800,0.023400,0.059300,0.003100,0.035616,0.012160,0.008544,0.010400,0.001280,1,4,48,0,1
4743,0.118900,0.131500,0.005100,0.028000,0.023100,0.059400,0.003200,0.035488,0.011200,0.008288,0.010304,0.001312,1,4,48,0,1
4744,0.118000,0.132100,0.004900,0.027900,0.023100,0.058900,0.003000,0.035520,0.011136,0.008480,0.010240,0.001280,1,4,48,0,1
4745,0.115900,0.131300,0.004900,0.028200,0.023200,0.057700,0.001900,0.035648,0.011168,0.008608,0.010240,0.001216,1,4,48,0,1
4746,0.117400,0.129200,0.004900,0.027900,0.023400,0.057900,0.003200,0.035744,0.011136,0.008544,0.010240,0.001376,1,4,48,0,1
4747,0.118500,0.130400,0.005000,0.028000,0.023100,0.059100,0.003100,0.037440,0.011168,0.008320,0.010368,0.001280,1,4,48,0,1
4748,0.118700,0.131500,0.004600,0.028100,0.023000,0.059600,0.003100,0.035680,0.011296,0.008480,0.010176,0.001344,1,4,48,0,1
4749,0.118000,0.132000,0.004800,0.028100,0.023000,0.058900,0.003100,0.035328,0.011136,0.008352,0.010240,0.001216,1,4,48,0,1
4750,0.122500,0.131300,0.004600,0.028000,0.023200,0.064000,0.002400,0.035520,0.011200,0.008384,0.010240,0.001280,1,4,48,0,1
4751,0.118900,0.135800,0.005100,0.028400,0.023300,0.058800,0.003000,0.037536,0.013664,0.008384,0.010208,0.001376,1,4,48,0,1
4752,0.119100,0.132100,0.005100,0.028200,0.023500,0.059100,0.003100,0.035392,0.011136,0.008352,0.010240,0.001248,1,4,48,0,1
4753,0.117500,0.132300,0.004600,0.027900,0.022900,0.058800,0.003100,0.035520,0.011104,0.008480,0.010240,0.001280,1,4,48,0,1
4754,0.118300,0.130700,0.005100,0.028200,0.023000,0.058800,0.003100,0.035584,0.011264,0.008416,0.010240,0.001280,1,4,48,0,1
4755,0.117800,0.131400,0.004700,0.028300,0.023000,0.058600,0.003100,0.035360,0.011232,0.008192,0.010272,0.001312,1,4,48,0,1
4756,0.117700,0.131100,0.004800,0.027900,0.022900,0.058700,0.003100,0.037376,0.011168,0.008576,0.010400,0.001152,1,4,48,0,1
4757,0.122800,0.130700,0.005000,0.028300,0.026800,0.059500,0.003100,0.035584,0.011104,0.008480,0.010208,0.001376,1,4,48,0,1
4758,0.118000,0.136000,0.005200,0.028100,0.023000,0.058400,0.003100,0.037984,0.011264,0.008576,0.010400,0.001376,1,4,48,0,1
4759,0.118400,0.131100,0.004700,0.027800,0.023400,0.059100,0.003100,0.035584,0.011168,0.008384,0.010304,0.001312,1,4,48,0,1
4760,0.118200,0.131700,0.004600,0.028100,0.023200,0.059100,0.003100,0.035488,0.011200,0.008384,0.010272,0.001280,1,4,48,0,1
4761,0.117900,0.131300,0.005100,0.028100,0.022700,0.058600,0.003000,0.035648,0.012224,0.008416,0.010432,0.001344,1,4,48,0,1
4762,0.117400,0.131200,0.004600,0.027600,0.023200,0.058700,0.003100,0.035584,0.012192,0.008448,0.010400,0.001312,1,4,48,0,1
4763,0.122900,0.130700,0.004600,0.028000,0.027800,0.059100,0.003100,0.035264,0.011168,0.008224,0.010240,0.001216,1,4,48,0,1
4764,0.118300,0.136100,0.005100,0.028100,0.023000,0.058800,0.003100,0.035584,0.011200,0.008480,0.010240,0.001248,1,4,48,0,1
4765,0.121300,0.131300,0.004600,0.027900,0.022500,0.063000,0.003100,0.035456,0.011104,0.008480,0.010240,0.001216,1,4,48,0,1
4766,0.118400,0.134700,0.004800,0.028100,0.023200,0.059000,0.003100,0.037792,0.011264,0.008448,0.010432,0.001344,1,4,48,0,1
4767,0.117400,0.131600,0.004800,0.027800,0.023000,0.058500,0.003100,0.035488,0.011136,0.008448,0.010208,0.001280,1,4,48,0,1
4768,0.116600,0.130600,0.004500,0.027800,0.022700,0.058300,0.003100,0.035520,0.011200,0.008384,0.010176,0.001312,1,4,48,0,1
4769,0.118000,0.129800,0.004700,0.027700,0.022900,0.059500,0.003100,0.037792,0.013696,0.008576,0.010176,0.001376,1,4,48,0,1
4770,0.118100,0.131000,0.004700,0.028200,0.023200,0.058700,0.003100,0.037472,0.011168,0.008384,0.010368,0.001248,1,4,48,0,1
4771,0.130800,0.131100,0.004600,0.028000,0.023200,0.071700,0.003200,0.037472,0.011136,0.008480,0.010368,0.001408,1,4,48,0,1
4772,0.126900,0.144200,0.005100,0.035800,0.023600,0.059300,0.003100,0.035520,0.011200,0.008416,0.010240,0.001312,1,4,48,0,1
4773,0.118400,0.140300,0.004600,0.027900,0.023000,0.059700,0.003100,0.037760,0.011200,0.008448,0.010432,0.001312,1,4,48,0,1
4774,0.116800,0.131500,0.004700,0.027800,0.022700,0.058500,0.003000,0.037856,0.011168,0.008544,0.010368,0.001344,1,4,48,0,1
4775,0.115900,0.129800,0.004600,0.027700,0.022900,0.058500,0.001900,0.037760,0.011232,0.008512,0.010432,0.001280,1,4,48,0,1
4776,0.114800,0.128900,0.004900,0.027900,0.023900,0.056300,0.001800,0.036672,0.010848,0.008576,0.010208,0.001248,1,4,48,0,1
4777,0.111100,0.128000,0.004700,0.027500,0.020200,0.056700,0.001900,0.036640,0.011168,0.008384,0.010176,0.001344,1,4,48,0,1
4778,0.129200,0.123900,0.004700,0.027200,0.020800,0.072800,0.003400,0.035872,0.010944,0.008320,0.010240,0.001312,1,4,48,0,1
4779,0.126300,0.142200,0.004700,0.027800,0.029900,0.060700,0.003100,0.035936,0.011168,0.008288,0.010272,0.001312,1,4,48,0,1
4780,0.122000,0.139400,0.004600,0.027600,0.023200,0.063200,0.003100,0.037920,0.011200,0.008672,0.010400,0.001312,1,4,48,0,1
4781,0.119000,0.135600,0.005000,0.028400,0.023200,0.059200,0.003000,0.037888,0.011232,0.008512,0.010464,0.001312,1,4,48,0,1
4782,0.118600,0.132000,0.005000,0.028000,0.023500,0.058800,0.003100,0.035552,0.011200,0.008544,0.010240,0.001216,1,4,48,0,1
4783,0.116100,0.131600,0.004600,0.027700,0.022900,0.057800,0.003000,0.035584,0.011136,0.008448,0.010272,0.001344,1,4,48,0,1
4784,0.117600,0.129400,0.004700,0.027700,0.023300,0.058700,0.003100,0.035712,0.011232,0.008608,0.010208,0.001312,1,4,48,0,1
4785,0.117200,0.130800,0.004600,0.027500,0.022900,0.058700,0.003000,0.037184,0.011264,0.008608,0.010176,0.001312,1,4,48,0,1
4786,0.117200,0.130400,0.004700,0.027700,0.023000,0.058700,0.003000,0.035680,0.011200,0.008608,0.010208,0.001216,1,4,48,0,1
4787,0.119900,0.130200,0.004600,0.027700,0.022800,0.062600,0.002100,0.035552,0.011168,0.008384,0.010208,0.001408,1,4,48,0,1
4788,0.119000,0.132900,0.005100,0.028000,0.023600,0.059000,0.003100,0.035424,0.011072,0.008448,0.010240,0.001248,1,4,48,0,1
4789,0.118300,0.132000,0.005100,0.028100,0.023100,0.058800,0.003100,0.035712,0.011136,0.008608,0.010240,0.001344,1,4,48,0,1
4790,0.117800,0.131400,0.004900,0.027700,0.023100,0.058900,0.003100,0.035872,0.012224,0.008576,0.010496,0.001312,1,4,48,0,1
4791,0.118200,0.130800,0.005100,0.027900,0.023200,0.058900,0.003100,0.035616,0.011232,0.008352,0.010272,0.001344,1,4,48,0,1
4792,0.117700,0.131200,0.004500,0.027900,0.023100,0.058900,0.003100,0.035424,0.011136,0.008480,0.010240,0.001312,1,4,48,0,1
4793,0.117300,0.130900,0.004700,0.028000,0.022900,0.058500,0.003100,0.037568,0.011168,0.008320,0.010432,0.001312,1,4,48,0,1
4794,0.125000,0.130300,0.004900,0.034100,0.023300,0.059400,0.003100,0.035648,0.011168,0.008512,0.010240,0.001344,1,4,48,0,1
4795,0.120700,0.139000,0.007900,0.028100,0.023200,0.058300,0.003100,0.035776,0.011296,0.008512,0.010240,0.001344,1,4,48,0,1
4796,0.124700,0.133700,0.009400,0.028400,0.023500,0.059900,0.003200,0.035584,0.011232,0.008448,0.010272,0.001248,1,4,48,0,1
4797,0.117800,0.138100,0.004900,0.027800,0.023200,0.058700,0.003100,0.035488,0.011104,0.008544,0.010176,0.001248,1,4,48,0,1
4798,0.117300,0.131200,0.004700,0.027800,0.023000,0.058700,0.003100,0.035552,0.011168,0.008384,0.010272,0.001344,1,4,48,0,1
4799,0.118100,0.130700,0.004700,0.028100,0.023100,0.058900,0.003200,0.035488,0.012256,0.008320,0.010368,0.001312,1,4,48,0,1
4800,0.122700,0.131300,0.004900,0.027900,0.023000,0.063600,0.003100,0.037760,0.011232,0.008320,0.010496,0.001344,1,4,48,0,1
4801,0.118500,0.135900,0.005100,0.028200,0.023000,0.058900,0.003000,0.037472,0.013632,0.008352,0.010272,0.001248,1,4,48,0,1
4802,0.121800,0.131800,0.004700,0.028200,0.023100,0.062300,0.003300,0.035680,0.011232,0.008512,0.010208,0.001376,1,4,48,0,1
4803,0.283300,0.142900,0.006000,0.029700,0.026100,0.216000,0.005400,0.035520,0.013696,0.008352,0.010368,0.001344,1,4,48,0,1
4804,0.142600,0.299600,0.006000,0.037700,0.030400,0.066200,0.002100,0.035680,0.012192,0.008672,0.010400,0.001280,1,4,48,0,1
4805,0.123600,0.156700,0.005200,0.029800,0.025200,0.060500,0.002600,0.035552,0.013664,0.008416,0.010464,0.001248,1,4,48,0,1
4806,0.119500,0.137300,0.005000,0.028700,0.024500,0.059100,0.002000,0.035680,0.013728,0.008512,0.010336,0.001344,1,4,48,0,1
4807,0.144500,0.133100,0.005300,0.028400,0.022400,0.086300,0.002000,0.035424,0.013696,0.008416,0.010304,0.001248,1,4,48,0,1
4808,0.138600,0.158600,0.005400,0.030800,0.025400,0.074800,0.002100,0.037408,0.011200,0.008480,0.010272,0.001280,1,4,48,0,1
4809,0.136800,0.152500,0.005400,0.030300,0.025400,0.073200,0.002500,0.035456,0.013728,0.008352,0.010368,0.001248,1,4,48,0,1
4810,0.138600,0.150800,0.005000,0.030000,0.024500,0.075400,0.003300,0.035616,0.011104,0.008480,0.010240,0.001312,1,4,48,0,1
4811,0.140100,0.152300,0.005200,0.030000,0.024600,0.075400,0.004800,0.035680,0.013696,0.008480,0.010368,0.001344,1,4,48,0,1
4812,0.178800,0.155300,0.005900,0.036800,0.028400,0.091300,0.016200,0.036224,0.011200,0.008288,0.010240,0.001248,1,4,48,0,1
4813,0.143400,0.193400,0.005400,0.031500,0.025800,0.077100,0.003500,0.037472,0.013664,0.008288,0.010240,0.001344,1,4,48,0,1
4814,0.141600,0.157400,0.005100,0.030400,0.025100,0.078000,0.002800,0.035616,0.013664,0.008576,0.010336,0.001248,1,4,48,0,1
4815,0.123200,0.155700,0.005300,0.029900,0.024700,0.059800,0.003100,0.035552,0.011200,0.008416,0.010208,0.001376,1,4,48,0,1
4816,0.117800,0.136300,0.004700,0.028700,0.023400,0.057700,0.003100,0.035712,0.011232,0.008512,0.010176,0.001408,1,4,48,0,1
4817,0.118900,0.130900,0.004900,0.028300,0.023300,0.059300,0.003100,0.035584,0.011200,0.008384,0.010272,0.001312,1,4,48,0,1
4818,0.180600,0.132100,0.004900,0.028400,0.074100,0.069900,0.003100,0.036096,0.011136,0.008512,0.010240,0.001216,1,4,48,0,1
4819,0.144100,0.194900,0.005200,0.030600,0.020700,0.055700,0.031800,0.037600,0.013728,0.008320,0.010240,0.001376,1,4,48,0,1
4820,0.138100,0.157800,0.005300,0.030100,0.022800,0.076400,0.003400,0.036672,0.010944,0.008384,0.010304,0.001280,1,4,48,0,1
4821,0.128700,0.151400,0.005000,0.028500,0.030500,0.061600,0.003000,0.036128,0.011232,0.008384,0.010208,0.001280,1,4,48,0,1
4822,0.118000,0.142000,0.004700,0.028100,0.023300,0.058800,0.003000,0.035584,0.011104,0.008704,0.010240,0.001216,1,4,48,0,1
4823,0.117100,0.131000,0.004700,0.027800,0.023300,0.058000,0.003100,0.035616,0.011232,0.008448,0.010240,0.001312,1,4,48,0,1
4824,0.117900,0.130200,0.005300,0.027800,0.023300,0.058200,0.003100,0.037824,0.011232,0.008544,0.010400,0.001248,1,4,48,0,1
4825,0.116100,0.131100,0.004800,0.027800,0.022600,0.057700,0.003100,0.035552,0.012256,0.008448,0.010432,0.001248,1,4,48,0,1
4826,0.117500,0.129000,0.004800,0.028000,0.023300,0.058200,0.003000,0.035456,0.011168,0.008352,0.010240,0.001312,1,4,48,0,1
4827,0.117300,0.130700,0.004700,0.028000,0.023100,0.058300,0.003000,0.037280,0.011168,0.008352,0.010400,0.001312,1,4,48,0,1
4828,0.124200,0.130500,0.004600,0.027700,0.022700,0.065500,0.003400,0.035776,0.011264,0.008544,0.010208,0.001344,1,4,48,0,1
4829,0.176900,0.139300,0.005100,0.070600,0.029700,0.068200,0.003300,0.035648,0.012128,0.008480,0.010432,0.001312,1,4,48,0,1
4830,0.122300,0.192000,0.005100,0.029200,0.024300,0.061100,0.002400,0.035552,0.012288,0.008352,0.010432,0.001248,1,4,48,0,1
4831,0.120100,0.135800,0.005000,0.028600,0.023800,0.059400,0.003300,0.035616,0.012256,0.008320,0.010464,0.001312,1,4,48,0,1
4832,0.118700,0.133200,0.004900,0.028200,0.023200,0.059100,0.003100,0.035744,0.011232,0.008544,0.010240,0.001344,1,4,48,0,1
4833,0.119200,0.131800,0.005100,0.027800,0.023700,0.059300,0.003100,0.035488,0.011136,0.008416,0.010240,0.001280,1,4,48,0,1
4834,0.118800,0.132200,0.004800,0.028200,0.023500,0.059200,0.003000,0.037504,0.011168,0.008352,0.010400,0.001248,1,4,48,0,1
4835,0.118400,0.132000,0.004700,0.028500,0.023300,0.058900,0.002900,0.037728,0.011200,0.008416,0.010432,0.001376,1,4,48,0,1
4836,0.118500,0.131600,0.004800,0.027800,0.023400,0.059300,0.003000,0.035520,0.011104,0.008512,0.010208,0.001248,1,4,48,0,1
4837,0.117800,0.131700,0.004700,0.028200,0.023000,0.058700,0.003000,0.035584,0.011136,0.008480,0.010208,0.001344,1,4,48,0,1
4838,0.119700,0.131000,0.004900,0.028300,0.024400,0.059000,0.003000,0.035936,0.013760,0.008544,0.010464,0.001376,1,4,48,0,1
4839,0.118400,0.133000,0.004900,0.028100,0.023300,0.058800,0.003100,0.037408,0.011168,0.008224,0.010432,0.001280,1,4,48,0,1
4840,0.118100,0.131600,0.004700,0.028300,0.023100,0.058900,0.002900,0.035712,0.011200,0.008576,0.010240,0.001312,1,4,48,0,1
4841,0.124400,0.131400,0.005000,0.028000,0.023200,0.065000,0.003000,0.035680,0.011168,0.008448,0.010240,0.001376,1,4,48,0,1
4842,0.121700,0.137700,0.004900,0.029000,0.024200,0.060400,0.003100,0.036128,0.011072,0.008512,0.010208,0.001344,1,4,48,0,1
4843,0.117300,0.134800,0.004800,0.028100,0.023400,0.057600,0.003100,0.035328,0.011168,0.008288,0.010208,0.001248,1,4,48,0,1
4844,0.127400,0.130500,0.004800,0.028100,0.023900,0.066100,0.004300,0.035616,0.011200,0.008448,0.010208,0.001376,1,4,48,0,1
4845,0.133700,0.141700,0.005700,0.034300,0.027100,0.063300,0.003100,0.035616,0.011200,0.008544,0.010208,0.001248,1,4,48,0,1
4846,0.144200,0.147100,0.004800,0.028000,0.024000,0.083200,0.004100,0.035360,0.011136,0.008384,0.010176,0.001248,1,4,48,0,1
4847,0.131100,0.158800,0.005400,0.032400,0.026900,0.062800,0.003400,0.035680,0.012224,0.008416,0.010464,0.001312,1,4,48,0,1
4848,0.120300,0.144400,0.005000,0.028200,0.024700,0.060400,0.002000,0.035584,0.011168,0.008480,0.010208,0.001344,1,4,48,0,1
4849,0.118000,0.133600,0.004800,0.028100,0.021700,0.060300,0.003100,0.036416,0.011168,0.008512,0.010240,0.001312,1,4,48,0,1
4850,0.118400,0.131200,0.004900,0.028300,0.023700,0.058200,0.003100,0.035776,0.011328,0.008512,0.010272,0.001344,1,4,48,0,1
4851,0.118100,0.131400,0.005100,0.027900,0.023400,0.058500,0.003100,0.035328,0.011104,0.008288,0.010176,0.001376,1,4,48,0,1
4852,0.116800,0.131100,0.004700,0.027900,0.022600,0.058400,0.003000,0.035744,0.011200,0.008544,0.010304,0.001344,1,4,48,0,1
4853,0.116800,0.129700,0.004700,0.027900,0.022600,0.058400,0.003000,0.035712,0.012320,0.008544,0.010400,0.001344,1,4,48,0,1
4854,0.118700,0.129700,0.005100,0.027900,0.023500,0.059100,0.003000,0.035360,0.011104,0.008320,0.010208,0.001344,1,4,48,0,1
4855,0.117400,0.131800,0.004600,0.027900,0.022900,0.058700,0.003100,0.035680,0.011200,0.008480,0.010272,0.001344,1,4,48,0,1
4856,0.115900,0.130600,0.004700,0.028000,0.023000,0.057700,0.002100,0.035584,0.011136,0.008576,0.010144,0.001344,1,4,48,0,1
4857,0.123700,0.133600,0.005000,0.029300,0.025000,0.061000,0.003000,0.035424,0.011104,0.008352,0.010240,0.001344,1,4,48,0,1
4858,0.122900,0.137400,0.004700,0.030900,0.025400,0.059900,0.001900,0.037792,0.011232,0.008512,0.010368,0.001344,1,4,48,0,1
4859,0.186100,0.136100,0.004700,0.027900,0.023400,0.126500,0.003200,0.035616,0.011168,0.008480,0.010176,0.001344,1,4,48,0,1
4860,0.123000,0.199700,0.005400,0.030200,0.025200,0.059100,0.003100,0.035648,0.013696,0.008480,0.010368,0.001312,1,4,48,0,1
4861,0.115800,0.136200,0.004900,0.027900,0.023600,0.056800,0.002400,0.035392,0.011232,0.008448,0.010240,0.001184,1,4,48,0,1
4862,0.115300,0.128800,0.005200,0.027900,0.023000,0.057100,0.001900,0.036736,0.010784,0.008512,0.010272,0.001376,1,4,48,0,1
4863,0.111000,0.128400,0.004800,0.027600,0.021900,0.054700,0.001900,0.035360,0.011136,0.008320,0.010272,0.001248,1,4,48,0,1
4864,0.747300,0.124000,0.004800,0.027600,0.023500,0.061300,0.629900,0.037056,0.011136,0.008576,0.010176,0.001312,1,4,48,0,1
4865,0.167700,0.763800,0.006300,0.038900,0.027900,0.089200,0.005300,0.035392,0.011200,0.008224,0.010240,0.001344,1,4,48,0,1
4866,0.126400,0.181900,0.005700,0.030100,0.022500,0.064200,0.003700,0.035488,0.010976,0.008352,0.010272,0.001248,1,4,48,0,1
4867,0.134400,0.140000,0.005200,0.030700,0.031800,0.063400,0.003200,0.036960,0.011136,0.008320,0.010304,0.001344,1,4,48,0,1
4868,0.118900,0.147800,0.005200,0.028700,0.023900,0.059200,0.001900,0.035968,0.011200,0.008512,0.010208,0.001216,1,4,48,0,1
4869,0.121900,0.132200,0.005400,0.028700,0.024500,0.060100,0.003200,0.037536,0.013728,0.008384,0.010272,0.001344,1,4,48,0,1
4870,0.121300,0.135200,0.005200,0.028500,0.023700,0.060300,0.003600,0.035520,0.011200,0.008352,0.010272,0.001248,1,4,48,0,1
4871,0.118600,0.134600,0.004900,0.027900,0.023600,0.059700,0.002500,0.037120,0.013696,0.008224,0.010208,0.001344,1,4,48,0,1
4872,0.120100,0.131700,0.005100,0.028600,0.023700,0.059400,0.003100,0.035744,0.012288,0.008640,0.010368,0.001248,1,4,48,0,1
4873,0.118400,0.133500,0.005100,0.027900,0.023300,0.058700,0.003200,0.035520,0.011200,0.008384,0.010208,0.001312,1,4,48,0,1
4874,0.118500,0.131600,0.004800,0.028200,0.023300,0.058900,0.003200,0.035680,0.011168,0.008608,0.010240,0.001280,1,4,48,0,1
4875,0.119100,0.131900,0.004800,0.028200,0.023700,0.059000,0.003300,0.035744,0.011232,0.008544,0.010208,0.001344,1,4,48,0,1
4876,0.118500,0.132600,0.004900,0.028300,0.023500,0.058600,0.003100,0.035552,0.011872,0.008416,0.010336,0.001312,1,4,48,0,1
4877,0.165400,0.131800,0.004700,0.028100,0.037500,0.092800,0.002200,0.037472,0.013760,0.008480,0.010208,0.001344,1,4,48,0,1
4878,0.127200,0.180300,0.005700,0.030900,0.025500,0.061800,0.003100,0.035584,0.011200,0.008480,0.010240,0.001184,1,4,48,0,1
4879,0.119100,0.140600,0.004900,0.028300,0.023600,0.059200,0.003000,0.035680,0.011168,0.008544,0.010208,0.001344,1,4,48,0,1
4880,0.120300,0.132400,0.005000,0.029500,0.023200,0.059200,0.003100,0.035456,0.011168,0.008256,0.010272,0.001376,1,4,48,0,1
4881,0.118300,0.133700,0.005000,0.028200,0.023400,0.058600,0.003000,0.037600,0.011232,0.008384,0.010400,0.001280,1,4,48,0,1
4882,0.122300,0.131400,0.004900,0.031800,0.022500,0.060000,0.003000,0.036096,0.011200,0.008384,0.010208,0.001376,1,4,48,0,1
4883,0.118800,0.135500,0.004700,0.028100,0.023100,0.059600,0.003100,0.035616,0.011264,0.008448,0.010208,0.001312,1,4,48,0,1
4884,0.119400,0.131800,0.005100,0.028400,0.023300,0.059400,0.003000,0.035680,0.011232,0.008512,0.010208,0.001344,1,4,48,0,1
4885,0.119300,0.132500,0.005300,0.028100,0.023700,0.058900,0.003100,0.035552,0.011200,0.008256,0.010336,0.001344,1,4,48,0,1
4886,0.116600,0.132400,0.004800,0.028300,0.022900,0.058000,0.002400,0.037248,0.011200,0.008448,0.010272,0.001344,1,4,48,0,1
4887,0.116800,0.129800,0.004700,0.028100,0.023200,0.057600,0.003100,0.035392,0.011136,0.008384,0.010208,0.001248,1,4,48,0,1
4888,0.116600,0.129700,0.004700,0.028100,0.023400,0.057700,0.002500,0.035648,0.013696,0.008576,0.010368,0.001248,1,4,48,0,1
4889,0.118800,0.129600,0.004900,0.027900,0.023400,0.059200,0.003300,0.037824,0.011104,0.008608,0.010432,0.001344,1,4,48,0,1
4890,0.127300,0.132000,0.004900,0.028000,0.030200,0.060800,0.003300,0.035616,0.011264,0.008448,0.010304,0.001248,1,4,48,0,1
4891,0.118400,0.140800,0.004700,0.028200,0.023600,0.058600,0.003300,0.035616,0.011168,0.008480,0.010240,0.001344,1,4,48,0,1
4892,0.116600,0.131700,0.004700,0.028100,0.022800,0.057900,0.003000,0.035584,0.013664,0.008480,0.010432,0.001248,1,4,48,0,1
4893,0.123300,0.129800,0.004600,0.027800,0.023500,0.063900,0.003100,0.037504,0.013696,0.008352,0.010176,0.001344,1,4,48,0,1
4894,0.117900,0.136700,0.005000,0.028300,0.023200,0.058200,0.003100,0.035552,0.011168,0.008544,0.010208,0.001184,1,4,48,0,1
4895,0.117500,0.131100,0.004900,0.027800,0.023400,0.058100,0.003200,0.035744,0.011232,0.008544,0.010208,0.001376,1,4,48,0,1
4896,0.118500,0.130800,0.004800,0.028100,0.023500,0.058800,0.003100,0.035360,0.011136,0.008384,0.010240,0.001248,1,4,48,0,1
4897,0.120100,0.131700,0.004700,0.027800,0.024400,0.060000,0.003100,0.036160,0.011040,0.008416,0.010272,0.001280,1,4,48,0,1
4898,0.116700,0.133200,0.005200,0.027700,0.023100,0.057500,0.003000,0.037792,0.013760,0.008512,0.010240,0.001344,1,4,48,0,1
4899,0.116400,0.129900,0.004800,0.027500,0.023300,0.057600,0.003100,0.037504,0.011104,0.008384,0.010432,0.001248,1,4,48,0,1
4900,0.121900,0.129600,0.004800,0.027900,0.022800,0.063300,0.003100,0.035392,0.011168,0.008416,0.010176,0.001216,1,4,48,0,1
4901,0.118100,0.135200,0.004900,0.027800,0.022800,0.059400,0.003000,0.037440,0.011200,0.008448,0.010400,0.001344,1,4,48,0,1
4902,0.120600,0.130900,0.004800,0.027800,0.026300,0.058500,0.003000,0.037056,0.011168,0.008480,0.010272,0.001344,1,4,48,0,1
4903,0.110900,0.133700,0.004800,0.027900,0.020500,0.055700,0.001700,0.035488,0.011200,0.008352,0.010208,0.001312,1,4,48,0,1
4904,0.184800,0.123900,0.004800,0.027800,0.022900,0.076000,0.053200,0.037216,0.011072,0.008480,0.010240,0.001312,1,4,48,0,1
4905,0.188900,0.203700,0.007300,0.044800,0.033600,0.098800,0.004300,0.036032,0.011008,0.008320,0.010208,0.001248,1,4,48,0,1
4906,0.159900,0.206000,0.006100,0.035700,0.029500,0.074100,0.014400,0.035584,0.011168,0.008544,0.010176,0.001312,1,4,48,0,1
4907,0.144000,0.176300,0.005700,0.034100,0.028500,0.071400,0.003800,0.036032,0.011264,0.008416,0.010240,0.001248,1,4,48,0,1
4908,0.142800,0.160300,0.005900,0.034200,0.028200,0.070800,0.003700,0.037472,0.011232,0.008416,0.010432,0.001376,1,4,48,0,1
4909,0.142900,0.159000,0.005800,0.034400,0.027900,0.070900,0.003800,0.035584,0.010848,0.008512,0.010144,0.001344,1,4,48,0,1
4910,0.129400,0.159200,0.005900,0.034000,0.027100,0.059100,0.003000,0.037504,0.013760,0.008320,0.010240,0.001280,1,4,48,0,1
4911,0.117900,0.142600,0.004900,0.028000,0.023300,0.058500,0.003000,0.035520,0.011232,0.008288,0.010240,0.001376,1,4,48,0,1
4912,0.117300,0.131400,0.004900,0.028100,0.022700,0.058300,0.003000,0.035776,0.011136,0.008608,0.010336,0.001280,1,4,48,0,1
4913,0.117400,0.130600,0.004600,0.027800,0.023500,0.058200,0.003100,0.035456,0.011200,0.008320,0.010208,0.001408,1,4,48,0,1
4914,0.119300,0.130600,0.005100,0.028000,0.024100,0.058800,0.003100,0.035520,0.011232,0.008416,0.010208,0.001248,1,4,48,0,1
4915,0.117800,0.132600,0.004800,0.027900,0.022700,0.059300,0.003000,0.035488,0.011200,0.008384,0.010208,0.001280,1,4,48,0,1
4916,0.165300,0.130900,0.005000,0.028000,0.023200,0.100400,0.008500,0.037728,0.011232,0.008384,0.010432,0.001312,1,4,48,0,1
4917,0.132100,0.181300,0.005500,0.032200,0.025700,0.065300,0.003300,0.035552,0.011168,0.008480,0.010176,0.001312,1,4,48,0,1
4918,0.122700,0.145900,0.004900,0.029500,0.024200,0.060900,0.003000,0.035712,0.011232,0.008544,0.010240,0.001344,1,4,48,0,1
4919,0.120000,0.136200,0.004900,0.028500,0.023600,0.059800,0.003100,0.035648,0.011232,0.008544,0.010240,0.001216,1,4,48,0,1
4920,0.120400,0.133300,0.004900,0.028300,0.023800,0.060100,0.003100,0.035648,0.012288,0.008480,0.010368,0.001312,1,4,48,0,1
