frame_id,frame_ms,frame_interval_ms,prepare_cpu_ms,record_cpu_ms,submit_cpu_ms,present_cpu_ms,sync_cpu_ms,gpu_ms,mesh_gpu_ms,lighting_gpu_ms,sky_gpu_ms,ui_gpu_ms,mesh_draw_calls,primitive_instances,triangles,point_lights,queue_submissions
1424,0.134600,0.138800,0.007000,0.025200,0.024800,0.063500,0.014100,0.019264,0.003360,,0.010368,0.001152,1,4,48,0,1
1425,0.114000,0.148100,0.007400,0.022500,0.023500,0.057200,0.003300,0.019936,0.003104,,0.012352,0.001184,1,4,48,0,1
1426,0.114300,0.127100,0.007600,0.022500,0.022900,0.057700,0.003500,0.020000,0.003072,,0.013856,0.001152,1,4,48,0,1
1427,0.113000,0.127500,0.007300,0.022700,0.023200,0.057300,0.002500,0.019168,0.002976,,0.013088,0.001152,1,4,48,0,1
1428,0.145200,0.126000,0.007300,0.022700,0.043900,0.060100,0.011200,0.018560,0.003040,,0.010656,0.001184,1,4,48,0,1
1429,0.125200,0.158900,0.007500,0.023300,0.023600,0.057900,0.012800,0.019136,0.003136,,0.010496,0.001120,1,4,48,0,1
1430,0.123600,0.138400,0.007200,0.022700,0.023600,0.057600,0.012300,0.019168,0.003168,,0.010528,0.001088,1,4,48,0,1
1431,0.113900,0.136500,0.007600,0.022500,0.023400,0.057200,0.003100,0.019296,0.003264,,0.010496,0.001120,1,4,48,0,1
1432,0.120600,0.126700,0.007200,0.027600,0.023900,0.058400,0.003200,0.021536,0.003040,,0.011040,0.001152,1,4,48,0,1
1433,0.114600,0.133700,0.007400,0.022600,0.023700,0.057600,0.003100,0.018656,0.003136,,0.010784,0.001152,1,4,48,0,1
1434,0.126900,0.127400,0.007300,0.022500,0.022100,0.061600,0.013200,0.021408,0.003168,,0.012128,0.001184,1,4,48,0,1
1435,0.184000,0.139900,0.007500,0.022800,0.021000,0.115200,0.017500,0.020000,0.003168,,0.010496,0.001152,1,4,48,0,1
1436,0.187300,0.202300,0.010300,0.056100,0.034400,0.084000,0.002300,0.019968,0.003232,,0.010400,0.001184,1,4,48,0,1
1437,0.159400,0.203900,0.009200,0.028600,0.029400,0.089400,0.002700,0.019648,0.003008,,0.010496,0.001152,1,4,48,0,1
1438,0.145800,0.176500,0.009300,0.029900,0.029800,0.071900,0.004700,0.019264,0.003200,,0.013120,0.001152,1,4,48,0,1
1439,0.161400,0.161900,0.009100,0.027700,0.031600,0.089300,0.003600,0.018528,0.003040,,0.010336,0.001152,1,4,48,0,1
1440,0.154200,0.177700,0.008800,0.027400,0.028300,0.086100,0.003400,0.018560,0.003072,,0.010656,0.001152,1,4,48,0,1
1441,0.139500,0.170200,0.009000,0.027400,0.028400,0.071200,0.003400,0.019072,0.003040,,0.010496,0.001152,1,4,48,0,1
1442,0.157400,0.155800,0.009000,0.027200,0.036200,0.070700,0.014200,0.018400,0.002976,,0.010880,0.001152,1,4,48,0,1
1443,0.142900,0.173400,0.008900,0.027000,0.028800,0.074600,0.003500,0.018528,0.003072,,0.010880,0.001152,1,4,48,0,1
1444,0.140500,0.159100,0.008700,0.027500,0.029000,0.071800,0.003400,0.021696,0.003072,,0.012352,0.001184,1,4,48,0,1
1445,0.140100,0.156500,0.008700,0.027100,0.028900,0.071300,0.003900,0.019136,0.003072,,0.010528,0.001152,1,4,48,0,1
1446,0.138400,0.155900,0.008600,0.027300,0.028800,0.070300,0.003300,0.019040,0.002976,,0.010464,0.001152,1,4,48,0,1
1447,0.126900,0.154700,0.008700,0.025500,0.023700,0.067100,0.001900,0.018496,0.002944,,0.010272,0.001152,1,4,48,0,1
1448,0.148800,0.140000,0.007200,0.023200,0.023800,0.091400,0.003100,0.018976,0.003072,,0.010400,0.001120,1,4,48,0,1
1449,0.135200,0.164000,0.008300,0.028000,0.029600,0.065700,0.003300,0.018560,0.003040,,0.010624,0.001152,1,4,48,0,1
1450,0.129700,0.149000,0.008000,0.023300,0.025000,0.061000,0.012200,0.021568,0.003168,,0.010976,0.001120,1,4,48,0,1
1451,0.117100,0.143100,0.007300,0.022700,0.024200,0.059600,0.003100,0.021696,0.003040,,0.012416,0.001216,1,4,48,0,1
1452,0.115600,0.130200,0.007600,0.022900,0.023600,0.058400,0.003100,0.021568,0.003040,,0.012352,0.001088,1,4,48,0,1
1453,0.124500,0.128800,0.007600,0.022700,0.023700,0.058700,0.011800,0.019104,0.003232,,0.010400,0.001120,1,4,48,0,1
1454,0.132100,0.137700,0.007200,0.025200,0.028300,0.069100,0.002100,0.019552,0.003104,,0.012992,0.001184,1,4,48,0,1
1455,0.138100,0.148200,0.008700,0.027300,0.028700,0.071200,0.002100,0.021504,0.003072,,0.011168,0.001088,1,4,48,0,1
1456,0.138400,0.154000,0.009000,0.027400,0.028000,0.070200,0.003800,0.018976,0.003040,,0.010432,0.001120,1,4,48,0,1
1457,0.136000,0.154400,0.008700,0.027400,0.028200,0.069500,0.002000,0.019072,0.003328,,0.010240,0.001120,1,4,48,0,1
1458,0.139800,0.151900,0.008700,0.027200,0.028300,0.071100,0.004400,0.021632,0.003008,,0.011104,0.001184,1,4,48,0,1
1459,0.137900,0.155900,0.008600,0.027400,0.028300,0.071400,0.002000,0.021600,0.003072,,0.011072,0.001152,1,4,48,0,1
1460,0.139400,0.153800,0.008900,0.027100,0.028100,0.072000,0.003200,0.018496,0.003104,,0.010720,0.001120,1,4,48,0,1
1461,0.114900,0.152500,0.007300,0.022800,0.023500,0.058000,0.003200,0.019072,0.003072,,0.010432,0.001184,1,4,48,0,1
1462,0.114600,0.127900,0.007300,0.022700,0.023000,0.058300,0.003200,0.019104,0.003200,,0.010400,0.001120,1,4,48,0,1
1463,0.114800,0.127800,0.007200,0.022600,0.023000,0.058700,0.003000,0.019072,0.003072,,0.010528,0.001088,1,4,48,0,1
1464,0.114000,0.127800,0.007300,0.022400,0.023100,0.058100,0.003000,0.021632,0.003008,,0.011104,0.001152,1,4,48,0,1
1465,0.114500,0.127200,0.007300,0.022400,0.023400,0.058200,0.003000,0.018912,0.003040,,0.010304,0.001184,1,4,48,0,1
1466,0.114200,0.127800,0.007300,0.022400,0.023100,0.058200,0.003100,0.021408,0.002880,,0.012512,0.001184,1,4,48,0,1
1467,0.114400,0.127300,0.007100,0.022300,0.023400,0.058300,0.003200,0.019232,0.003328,,0.010432,0.001088,1,4,48,0,1
1468,0.114000,0.127800,0.007300,0.022700,0.023600,0.057200,0.003100,0.021536,0.003008,,0.011072,0.001152,1,4,48,0,1
1469,0.118300,0.127000,0.007200,0.022400,0.023400,0.057400,0.007800,0.018496,0.003040,,0.010720,0.001152,1,4,48,0,1
1470,0.122100,0.131400,0.007400,0.022700,0.023700,0.065800,0.002500,0.019840,0.003136,,0.013824,0.001152,1,4,48,0,1
1471,0.112800,0.135300,0.007300,0.022600,0.023500,0.056900,0.002500,0.019552,0.003040,,0.010240,0.001152,1,4,48,0,1
1472,0.114600,0.125700,0.007500,0.022500,0.023700,0.057300,0.003500,0.019136,0.003104,,0.010464,0.001152,1,4,48,0,1
1473,0.113700,0.127600,0.007300,0.022800,0.023000,0.057200,0.003200,0.019168,0.003072,,0.013088,0.001120,1,4,48,0,1
1474,0.114200,0.126800,0.007200,0.022600,0.023700,0.057500,0.003100,0.021376,0.002880,,0.012448,0.001152,1,4,48,0,1
1475,0.122800,0.127200,0.007400,0.022700,0.031200,0.059000,0.002500,0.021248,0.003136,,0.013088,0.001184,1,4,48,0,1
1476,0.124200,0.144000,0.007500,0.023900,0.021800,0.068900,0.001900,0.019328,0.003168,,0.010432,0.001152,1,4,48,0,1
1477,0.114300,0.137400,0.007300,0.022400,0.022200,0.059000,0.003300,0.018688,0.002976,,0.009984,0.001152,1,4,48,0,1
1478,0.113600,0.127100,0.007400,0.022700,0.023300,0.056900,0.003100,0.019072,0.003168,,0.010432,0.001088,1,4,48,0,1
1479,0.113300,0.126600,0.007300,0.022500,0.023000,0.057100,0.003300,0.021664,0.003104,,0.012544,0.001152,1,4,48,0,1
1480,0.123100,0.126200,0.007400,0.022600,0.023400,0.057300,0.012300,0.018848,0.002944,,0.010336,0.001152,1,4,48,0,1
1481,0.113800,0.136100,0.007300,0.022400,0.023300,0.057400,0.003300,0.019104,0.003168,,0.010432,0.001152,1,4,48,0,1
1482,0.112800,0.127100,0.007200,0.022300,0.023200,0.056600,0.003300,0.019360,0.003392,,0.010432,0.001152,1,4,48,0,1
1483,0.114000,0.125800,0.007200,0.022700,0.023100,0.057700,0.003200,0.021568,0.003072,,0.012512,0.001152,1,4,48,0,1
1484,0.123500,0.127200,0.007300,0.022400,0.023700,0.057600,0.012400,0.019040,0.003232,,0.010336,0.001088,1,4,48,0,1
1485,0.113500,0.136400,0.007300,0.022600,0.023400,0.057000,0.003200,0.022080,0.003104,,0.011392,0.001152,1,4,48,0,1
1486,0.112700,0.126500,0.007300,0.022400,0.023200,0.056500,0.003100,0.021600,0.003040,,0.012416,0.001120,1,4,48,0,1
1487,0.112700,0.125900,0.007400,0.022500,0.022700,0.056700,0.003200,0.018848,0.003008,,0.010464,0.001088,1,4,48,0,1
1488,0.113100,0.126000,0.007100,0.022400,0.023000,0.057100,0.003100,0.019040,0.003040,,0.013056,0.001184,1,4,48,0,1
1489,0.113000,0.125900,0.007200,0.022500,0.023100,0.056600,0.003400,0.019040,0.003008,,0.010496,0.001152,1,4,48,0,1
1490,0.121000,0.125800,0.007200,0.022100,0.023100,0.057600,0.010800,0.018304,0.002912,,0.010720,0.001120,1,4,48,0,1
1491,0.122800,0.134000,0.007500,0.022800,0.023500,0.067300,0.001700,0.018560,0.003040,,0.010624,0.001184,1,4,48,0,1
1492,0.122600,0.136000,0.007500,0.022800,0.023900,0.056900,0.011300,0.018784,0.003264,,0.010112,0.001152,1,4,48,0,1
1493,0.139000,0.135600,0.007300,0.022600,0.023800,0.080800,0.004400,0.018688,0.003104,,0.010368,0.001120,1,4,48,0,1
1494,0.188600,0.156800,0.010400,0.037100,0.035000,0.099800,0.006200,0.019936,0.003136,,0.013888,0.001120,1,4,48,0,1
1495,0.192900,0.206900,0.010800,0.037600,0.034100,0.103600,0.006700,0.018944,0.003008,,0.013024,0.001152,1,4,48,0,1
1496,0.155100,0.207500,0.008500,0.032300,0.030200,0.081900,0.002000,0.019296,0.003200,,0.010368,0.001120,1,4,48,0,1
1497,0.140300,0.170500,0.008100,0.027700,0.029900,0.072300,0.002000,0.019296,0.003104,,0.010464,0.001088,1,4,48,0,1
1498,0.136700,0.154200,0.010200,0.027700,0.025400,0.063500,0.009900,0.021344,0.003040,,0.011040,0.001184,1,4,48,0,1
1499,0.141600,0.150200,0.007700,0.025600,0.026400,0.077800,0.003700,0.021504,0.003040,,0.012448,0.001152,1,4,48,0,1
1500,0.170600,0.155200,0.007800,0.023400,0.023900,0.112100,0.003400,0.018368,0.002944,,0.010816,0.001184,1,4,48,0,1
1501,0.126400,0.184200,0.007800,0.023800,0.024400,0.058600,0.011700,0.019136,0.003200,,0.010400,0.001120,1,4,48,0,1
1502,0.123400,0.139600,0.007200,0.022500,0.023800,0.058500,0.011200,0.018528,0.003008,,0.010592,0.001184,1,4,48,0,1
1503,0.115500,0.136500,0.007500,0.022500,0.023400,0.057900,0.003900,0.019040,0.003040,,0.010432,0.001184,1,4,48,0,1
1504,0.113000,0.128900,0.007200,0.022400,0.023300,0.057800,0.002000,0.019264,0.003200,,0.010528,0.001184,1,4,48,0,1
1505,0.115500,0.125800,0.007400,0.022600,0.023600,0.058800,0.003000,0.019712,0.002944,,0.013856,0.001120,1,4,48,0,1
1506,0.115500,0.128600,0.007600,0.022700,0.023500,0.058500,0.003100,0.019040,0.003072,,0.010464,0.001152,1,4,48,0,1
1507,0.115000,0.128900,0.007600,0.022500,0.023300,0.058200,0.003100,0.019232,0.002976,,0.012896,0.001152,1,4,48,0,1
1508,0.122700,0.128100,0.007200,0.022400,0.023000,0.058200,0.011700,0.019328,0.003392,,0.010432,0.001120,1,4,48,0,1
1509,0.115000,0.135600,0.007300,0.022700,0.023700,0.058100,0.003200,0.018976,0.003072,,0.010336,0.001184,1,4,48,0,1
1510,0.115400,0.128100,0.007600,0.022600,0.023500,0.058400,0.003100,0.021760,0.003072,,0.011072,0.001184,1,4,48,0,1
1511,0.114600,0.128500,0.007300,0.022400,0.023400,0.058200,0.003000,0.021728,0.003072,,0.012512,0.001184,1,4,48,0,1
1512,0.122200,0.127700,0.007400,0.022500,0.023300,0.058400,0.010500,0.018496,0.003008,,0.010880,0.001152,1,4,48,0,1
1513,0.126500,0.135500,0.007300,0.022500,0.023800,0.069800,0.003100,0.019264,0.002976,,0.013024,0.001184,1,4,48,0,1
1514,0.115200,0.139700,0.007400,0.022900,0.023600,0.057900,0.003200,0.021568,0.003072,,0.011008,0.001152,1,4,48,0,1
1515,0.114900,0.128100,0.007500,0.022400,0.023600,0.058100,0.003100,0.019232,0.003168,,0.010528,0.001152,1,4,48,0,1
1516,0.114400,0.127800,0.007700,0.022400,0.023200,0.057900,0.003000,0.019232,0.003264,,0.010464,0.001120,1,4,48,0,1
1517,0.114800,0.127500,0.007600,0.022200,0.023100,0.058400,0.003100,0.019072,0.003200,,0.010336,0.001152,1,4,48,0,1
1518,0.114100,0.127900,0.007200,0.022200,0.023400,0.058200,0.003000,0.021824,0.003232,,0.011168,0.001184,1,4,48,0,1
1519,0.115600,0.127000,0.007800,0.022300,0.024300,0.056800,0.004300,0.019104,0.003200,,0.010496,0.001088,1,4,48,0,1
1520,0.646400,0.136300,0.007400,0.022100,0.531300,0.081100,0.004200,0.021152,0.003360,,0.012288,0.001120,1,4,48,0,1
1521,0.124700,0.660500,0.008400,0.026900,0.025200,0.060900,0.003100,0.023520,0.003456,,0.014528,0.001120,1,4,48,0,1
1522,0.116400,0.138300,0.007300,0.022800,0.024100,0.059000,0.003100,0.019392,0.003232,,0.010624,0.001152,1,4,48,0,1
1523,0.115200,0.129400,0.007400,0.022500,0.023200,0.058700,0.003200,0.019264,0.003104,,0.013024,0.001152,1,4,48,0,1
1524,0.114400,0.128200,0.007300,0.022300,0.023200,0.058400,0.003000,0.019392,0.003136,,0.012928,0.001120,1,4,48,0,1
1525,0.115100,0.127500,0.008000,0.022500,0.023200,0.058200,0.003100,0.018912,0.003008,,0.010400,0.001152,1,4,48,0,1
1526,0.114700,0.128100,0.007300,0.022400,0.023200,0.058500,0.003100,0.019200,0.003072,,0.013056,0.001152,1,4,48,0,1
1527,0.114400,0.127700,0.007200,0.022300,0.023400,0.058300,0.003100,0.018688,0.003072,,0.010208,0.001152,1,4,48,0,1
1528,0.126300,0.127600,0.007200,0.022300,0.023300,0.071300,0.001700,0.019584,0.003296,,0.012928,0.001152,1,4,48,0,1
1529,0.115100,0.139200,0.007500,0.022600,0.023400,0.058300,0.003200,0.019008,0.003104,,0.010336,0.001152,1,4,48,0,1
1530,0.114500,0.128100,0.007500,0.022500,0.023400,0.057800,0.003100,0.018848,0.003008,,0.010336,0.001120,1,4,48,0,1
1531,0.130900,0.127500,0.007400,0.022400,0.023100,0.076100,0.001800,0.018976,0.003072,,0.010368,0.001120,1,4,48,0,1
1532,0.117800,0.144200,0.007600,0.023400,0.024400,0.058900,0.003300,0.018944,0.003072,,0.010336,0.001152,1,4,48,0,1
1533,0.123000,0.130700,0.007200,0.022500,0.023500,0.067800,0.001800,0.019264,0.002976,,0.013056,0.001184,1,4,48,0,1
1534,0.114300,0.136300,0.007300,0.022600,0.023400,0.057600,0.003200,0.019104,0.003136,,0.010464,0.001088,1,4,48,0,1
1535,0.114400,0.127400,0.007300,0.022500,0.023100,0.058200,0.003200,0.019200,0.003264,,0.010336,0.001152,1,4,48,0,1
1536,0.114000,0.127600,0.007300,0.022700,0.022800,0.058000,0.003100,0.019072,0.002976,,0.013056,0.001120,1,4,48,0,1
1537,0.114800,0.127000,0.007700,0.022300,0.023300,0.058200,0.003100,0.018880,0.003232,,0.010176,0.001088,1,4,48,0,1
1538,0.113800,0.127800,0.007200,0.022600,0.023000,0.057900,0.003100,0.019200,0.003360,,0.010368,0.001120,1,4,48,0,1
1539,0.236700,0.126700,0.007500,0.022500,0.025300,0.174600,0.006700,0.020704,0.003200,,0.011680,0.001088,1,4,48,0,1
1540,0.229000,0.262400,0.011900,0.041300,0.048000,0.121500,0.006200,0.019712,0.003008,,0.013824,0.001120,1,4,48,0,1
1541,0.226000,0.248100,0.010800,0.037500,0.034600,0.138700,0.004200,0.018560,0.003200,,0.012480,0.001120,1,4,48,0,1
1542,0.210500,0.243400,0.009600,0.030800,0.031000,0.134500,0.004400,0.021472,0.003136,,0.011040,0.001152,1,4,48,0,1
1543,0.161800,0.227600,0.009300,0.030000,0.026400,0.091200,0.004700,0.020800,0.003072,,0.011424,0.001152,1,4,48,0,1
1544,0.137700,0.176300,0.008900,0.030600,0.028200,0.068200,0.001700,0.019008,0.003168,,0.010336,0.001152,1,4,48,0,1
1545,0.117100,0.151400,0.007500,0.023200,0.024600,0.058400,0.003300,0.019008,0.003104,,0.010336,0.001184,1,4,48,0,1
1546,0.124700,0.130500,0.007300,0.022800,0.023800,0.058100,0.012500,0.019328,0.003040,,0.012896,0.001184,1,4,48,0,1
1547,0.114000,0.137800,0.007200,0.022600,0.023500,0.057300,0.003300,0.019232,0.003008,,0.013056,0.001152,1,4,48,0,1
1548,0.373900,0.127000,0.007200,0.022600,0.021000,0.317500,0.005400,0.019520,0.003072,,0.010240,0.001152,1,4,48,0,1
1549,0.175000,0.391800,0.010500,0.037100,0.034400,0.088700,0.004100,0.020096,0.003136,,0.013856,0.001152,1,4,48,0,1
1550,0.143500,0.191400,0.009100,0.028200,0.029300,0.072400,0.004400,0.019104,0.002976,,0.013088,0.001184,1,4,48,0,1
1551,0.144000,0.159900,0.009000,0.028000,0.028900,0.071800,0.006300,0.018496,0.003008,,0.010752,0.001152,1,4,48,0,1
1552,0.141700,0.159900,0.009500,0.027400,0.028900,0.071700,0.004000,0.019040,0.002976,,0.010528,0.001120,1,4,48,0,1
1553,0.140400,0.157700,0.008800,0.027500,0.028500,0.071500,0.003800,0.019360,0.003296,,0.010528,0.001184,1,4,48,0,1
1554,0.151000,0.156600,0.009100,0.027700,0.031600,0.077800,0.004500,0.021472,0.003136,,0.011072,0.001184,1,4,48,0,1
1555,0.132000,0.167200,0.008900,0.028000,0.025700,0.066800,0.002400,0.024256,0.004064,,0.012320,0.001248,1,4,48,0,1
1556,0.687800,0.148000,0.009100,0.026900,0.029700,0.619700,0.002200,0.024192,0.003520,,0.014720,0.001120,1,4,48,0,1
1557,0.136800,0.701900,0.011200,0.027300,0.027700,0.064700,0.005700,0.021856,0.003424,,0.011968,0.001120,1,4,48,0,1
1558,0.124400,0.150600,0.007700,0.023800,0.025200,0.062100,0.005600,0.019072,0.003232,,0.010112,0.001152,1,4,48,0,1
1559,0.119200,0.138200,0.007500,0.023400,0.024400,0.060400,0.003500,0.019040,0.002944,,0.010528,0.001184,1,4,48,0,1
1560,0.122800,0.133000,0.007600,0.023200,0.024400,0.065400,0.002200,0.018528,0.003072,,0.010656,0.001120,1,4,48,0,1
1561,0.122100,0.136600,0.007600,0.023300,0.024300,0.061500,0.005200,0.018944,0.003136,,0.010272,0.001152,1,4,48,0,1
1562,0.121900,0.135900,0.007500,0.023500,0.024400,0.064200,0.002200,0.018400,0.002976,,0.010528,0.001152,1,4,48,0,1
1563,0.121400,0.135500,0.007800,0.023600,0.024400,0.060700,0.004700,0.018880,0.003008,,0.010336,0.001152,1,4,48,0,1
1564,0.128700,0.134900,0.007400,0.023300,0.023900,0.067800,0.006100,0.019136,0.003072,,0.012992,0.001184,1,4,48,0,1
1565,0.119800,0.141800,0.007200,0.028300,0.024000,0.057600,0.002400,0.019776,0.003040,,0.013856,0.001120,1,4,48,0,1
1566,0.112900,0.132900,0.007200,0.022400,0.023700,0.057300,0.002200,0.020128,0.003200,,0.013920,0.001152,1,4,48,0,1
1567,0.123600,0.125900,0.007300,0.022400,0.024600,0.057100,0.012000,0.019040,0.003104,,0.010400,0.001152,1,4,48,0,1
1568,0.112900,0.136600,0.007100,0.022600,0.023700,0.056700,0.002500,0.019040,0.003136,,0.010400,0.001088,1,4,48,0,1
1569,0.124400,0.126000,0.007300,0.022500,0.023900,0.068600,0.001800,0.019104,0.003168,,0.010400,0.001152,1,4,48,0,1
1570,0.123400,0.137700,0.007600,0.022900,0.023000,0.057600,0.012200,0.018944,0.002944,,0.010464,0.001152,1,4,48,0,1
1571,0.112200,0.136300,0.007200,0.022500,0.023000,0.056800,0.002600,0.019168,0.003232,,0.010432,0.001088,1,4,48,0,1
1572,0.122000,0.125600,0.007300,0.022400,0.023100,0.057100,0.012100,0.019104,0.003104,,0.010464,0.001152,1,4,48,0,1
1573,0.112900,0.135100,0.007200,0.022600,0.023100,0.057400,0.002500,0.019104,0.003136,,0.010464,0.001120,1,4,48,0,1
1574,0.122600,0.125800,0.007700,0.022600,0.023200,0.057300,0.011800,0.019040,0.003104,,0.010400,0.001184,1,4,48,0,1
1575,0.113600,0.135500,0.007300,0.022700,0.024000,0.056900,0.002400,0.018944,0.003040,,0.010400,0.001088,1,4,48,0,1
1576,0.112100,0.126500,0.007400,0.022300,0.023100,0.056900,0.002200,0.019808,0.002976,,0.013856,0.001152,1,4,48,0,1
1577,0.112300,0.125000,0.007400,0.022500,0.023500,0.056500,0.002300,0.018880,0.003008,,0.010304,0.001152,1,4,48,0,1
1578,0.121800,0.125400,0.007500,0.022500,0.022800,0.057200,0.011700,0.018816,0.003008,,0.010272,0.001120,1,4,48,0,1
1579,0.123300,0.135000,0.007800,0.022700,0.023600,0.057500,0.011600,0.019200,0.003328,,0.010336,0.001152,1,4,48,0,1
1580,0.113400,0.136600,0.007200,0.022700,0.024100,0.057000,0.002300,0.019200,0.003360,,0.010336,0.001088,1,4,48,0,1
1581,0.112500,0.126900,0.007300,0.022500,0.023400,0.056500,0.002600,0.019680,0.003072,,0.010304,0.001184,1,4,48,0,1
1582,0.122100,0.125500,0.007400,0.022100,0.023600,0.056700,0.012100,0.019040,0.003072,,0.010464,0.001088,1,4,48,0,1
1583,0.122000,0.135200,0.007200,0.022700,0.023300,0.057000,0.011600,0.019136,0.003296,,0.010336,0.001120,1,4,48,0,1
1584,0.128600,0.135200,0.007300,0.022500,0.023900,0.070800,0.003900,0.018976,0.003264,,0.010400,0.001120,1,4,48,0,1
1585,0.115800,0.141900,0.007600,0.023100,0.024300,0.058000,0.002300,0.019584,0.003040,,0.010400,0.001184,1,4,48,0,1
1586,0.122700,0.128700,0.007300,0.022800,0.023400,0.057300,0.011800,0.018912,0.002944,,0.010400,0.001152,1,4,48,0,1
1587,0.122600,0.135800,0.007200,0.022600,0.023300,0.057100,0.012400,0.018848,0.003328,,0.010816,0.001184,1,4,48,0,1
1588,0.112700,0.135600,0.007200,0.022500,0.023400,0.056700,0.002600,0.019968,0.003040,,0.013856,0.001152,1,4,48,0,1
1589,0.158300,0.125900,0.007500,0.023200,0.022900,0.099300,0.005200,0.018912,0.002912,,0.010464,0.001120,1,4,48,0,1
1590,0.182100,0.176200,0.010700,0.036900,0.039200,0.078200,0.017000,0.019680,0.002976,,0.010400,0.001184,1,4,48,0,1
1591,0.144000,0.198500,0.009000,0.028100,0.029700,0.072900,0.004100,0.019040,0.003008,,0.013088,0.001120,1,4,48,0,1
1592,0.140400,0.160300,0.008800,0.027400,0.028500,0.071700,0.003900,0.018848,0.002944,,0.010336,0.001152,1,4,48,0,1
1593,0.152200,0.156500,0.009200,0.027400,0.028200,0.082300,0.004900,0.020768,0.003104,,0.011776,0.001184,1,4,48,0,1
1594,0.135800,0.168200,0.008800,0.027500,0.030100,0.066800,0.002300,0.020704,0.003072,,0.011680,0.001152,1,4,48,0,1
1595,0.145600,0.151800,0.009300,0.033700,0.024400,0.073700,0.004400,0.019648,0.003008,,0.013856,0.001120,1,4,48,0,1
1596,0.143200,0.161800,0.008800,0.027200,0.029500,0.072000,0.005500,0.019680,0.003680,,0.010240,0.001152,1,4,48,0,1
1597,0.140800,0.159100,0.008900,0.027300,0.028400,0.071600,0.004400,0.021568,0.003104,,0.011040,0.001152,1,4,48,0,1
1598,0.142300,0.157100,0.008900,0.027200,0.028300,0.073500,0.004300,0.018944,0.003136,,0.010336,0.001120,1,4,48,0,1
1599,0.150100,0.158300,0.009000,0.027500,0.028400,0.071400,0.013400,0.018720,0.003136,,0.010304,0.001184,1,4,48,0,1
1600,0.181000,0.166100,0.008800,0.027800,0.052900,0.088300,0.003200,0.019104,0.003136,,0.010432,0.001152,1,4,48,0,1
1601,0.119500,0.195400,0.008400,0.025100,0.024900,0.059000,0.002100,0.021536,0.003008,,0.012352,0.001120,1,4,48,0,1
1602,0.114100,0.132600,0.007400,0.023000,0.023800,0.057700,0.002100,0.019488,0.002944,,0.010176,0.001152,1,4,48,0,1
1603,0.123000,0.127200,0.007300,0.022600,0.023600,0.059200,0.010300,0.018624,0.003008,,0.010144,0.001152,1,4,48,0,1
1604,0.115700,0.136300,0.007300,0.022900,0.023800,0.058400,0.003200,0.021728,0.003232,,0.011008,0.001120,1,4,48,0,1
1605,0.117500,0.129000,0.007300,0.022500,0.026500,0.058000,0.003100,0.021440,0.002944,,0.011040,0.001184,1,4,48,0,1
1606,0.124100,0.130600,0.009800,0.022600,0.023500,0.066200,0.001800,0.018528,0.003008,,0.010656,0.001152,1,4,48,0,1
1607,0.115100,0.137400,0.007500,0.022600,0.023400,0.058400,0.003100,0.021504,0.003008,,0.011008,0.001152,1,4,48,0,1
1608,0.122600,0.128200,0.007700,0.022800,0.023300,0.064700,0.004000,0.018528,0.002976,,0.010816,0.001184,1,4,48,0,1
1609,0.123900,0.135500,0.007500,0.022700,0.023500,0.058000,0.012200,0.019136,0.003072,,0.010496,0.001184,1,4,48,0,1
1610,0.120600,0.136700,0.007300,0.022500,0.022900,0.065800,0.001800,0.018784,0.002848,,0.010432,0.001120,1,4,48,0,1
1611,0.122800,0.133500,0.007500,0.022500,0.023000,0.057800,0.011900,0.019328,0.003296,,0.010528,0.001120,1,4,48,0,1
1612,0.123700,0.135900,0.007300,0.022500,0.023600,0.058300,0.011700,0.019232,0.003008,,0.013152,0.001152,1,4,48,0,1
1613,0.128600,0.136600,0.007200,0.028500,0.024000,0.059100,0.009500,0.019296,0.003296,,0.010464,0.001152,1,4,48,0,1
1614,0.114800,0.141900,0.007500,0.022800,0.023700,0.057300,0.003300,0.021600,0.002944,,0.012480,0.001184,1,4,48,0,1
1615,0.121500,0.127700,0.007200,0.022500,0.023300,0.057800,0.010400,0.018656,0.003104,,0.010432,0.001152,1,4,48,0,1
1616,0.114400,0.134800,0.007300,0.022400,0.023700,0.057600,0.003300,0.021664,0.003008,,0.011072,0.001152,1,4,48,0,1
1617,0.113300,0.127400,0.007500,0.022500,0.022900,0.056900,0.003300,0.018848,0.003008,,0.010368,0.001152,1,4,48,0,1
1618,0.113500,0.126300,0.007300,0.022600,0.023300,0.057000,0.003200,0.021472,0.002944,,0.011072,0.001120,1,4,48,0,1
1619,0.121200,0.126600,0.007400,0.022500,0.023300,0.057300,0.010600,0.018656,0.003072,,0.010496,0.001152,1,4,48,0,1
1620,0.113800,0.134200,0.007500,0.022400,0.023200,0.057400,0.003300,0.019136,0.003040,,0.010560,0.001152,1,4,48,0,1
1621,0.112900,0.126700,0.007100,0.022500,0.023100,0.056700,0.003300,0.021696,0.003072,,0.011040,0.001152,1,4,48,0,1
1622,0.113700,0.126000,0.007500,0.022400,0.023200,0.057100,0.003400,0.018336,0.002944,,0.010848,0.001152,1,4,48,0,1
1623,0.112600,0.126700,0.007200,0.022400,0.022900,0.056800,0.003300,0.019072,0.003008,,0.010464,0.001184,1,4,48,0,1
1624,0.113400,0.125700,0.007300,0.022400,0.022800,0.057400,0.003300,0.018496,0.003040,,0.010816,0.001184,1,4,48,0,1
1625,0.113300,0.126600,0.007400,0.022500,0.023700,0.056500,0.003200,0.019104,0.003136,,0.010432,0.001152,1,4,48,0,1
1626,0.113700,0.126300,0.007200,0.022500,0.023100,0.057500,0.003300,0.019136,0.003168,,0.010432,0.001152,1,4,48,0,1
1627,0.121100,0.126700,0.007200,0.022500,0.023500,0.057500,0.010200,0.018432,0.002976,,0.010592,0.001152,1,4,48,0,1
1628,0.118900,0.134100,0.007400,0.022500,0.023300,0.062000,0.003300,0.019392,0.003200,,0.013120,0.001152,1,4,48,0,1
1629,0.115900,0.137400,0.007500,0.023600,0.024100,0.057400,0.003300,0.018912,0.003136,,0.010400,0.001120,1,4,48,0,1
1630,0.112900,0.129400,0.007400,0.022400,0.022800,0.057000,0.003200,0.019040,0.003136,,0.010368,0.001152,1,4,48,0,1
1631,0.112900,0.125800,0.007200,0.022300,0.023800,0.056200,0.003300,0.019104,0.003040,,0.010496,0.001152,1,4,48,0,1
1632,0.113000,0.125900,0.007400,0.022500,0.023200,0.056700,0.003200,0.019040,0.003232,,0.010304,0.001120,1,4,48,0,1
1633,0.113600,0.126000,0.007200,0.022400,0.023100,0.057300,0.003300,0.019040,0.003200,,0.010368,0.001088,1,4,48,0,1
1634,0.114200,0.126600,0.007500,0.022600,0.023600,0.057100,0.003300,0.019200,0.003328,,0.010368,0.001120,1,4,48,0,1
1635,0.113800,0.127100,0.007200,0.022500,0.023600,0.057200,0.003200,0.022048,0.003072,,0.011424,0.001120,1,4,48,0,1
1636,0.113600,0.126800,0.007200,0.022400,0.023500,0.056900,0.003400,0.019200,0.002944,,0.013024,0.001152,1,4,48,0,1
1637,0.113500,0.126900,0.007300,0.022600,0.023300,0.056900,0.003300,0.021056,0.002976,,0.012000,0.001120,1,4,48,0,1
1638,0.128800,0.126500,0.007300,0.022500,0.028600,0.065600,0.004700,0.018528,0.003008,,0.010560,0.001152,1,4,48,0,1
1639,0.156100,0.141900,0.007700,0.022800,0.021800,0.095600,0.008200,0.020832,0.003136,,0.011456,0.001120,1,4,48,0,1
1640,0.187300,0.177500,0.019700,0.036800,0.035800,0.090700,0.004000,0.019712,0.003136,,0.010336,0.001152,1,4,48,0,1
1641,0.190000,0.206500,0.010400,0.037600,0.034800,0.102600,0.004200,0.019808,0.003040,,0.013856,0.001152,1,4,48,0,1
1642,0.203500,0.207300,0.009500,0.030600,0.030800,0.126300,0.006000,0.020000,0.003104,,0.013952,0.001184,1,4,48,0,1
1643,0.167700,0.225900,0.010700,0.031800,0.039300,0.080900,0.004800,0.021120,0.002976,,0.012096,0.001152,1,4,48,0,1
1644,0.157200,0.184900,0.009500,0.030800,0.032400,0.080600,0.003700,0.021664,0.003040,,0.011136,0.001184,1,4,48,0,1
1645,0.123400,0.171600,0.008100,0.025300,0.025200,0.061600,0.003100,0.019296,0.003392,,0.010368,0.001152,1,4,48,0,1
1646,0.116100,0.137100,0.007400,0.022900,0.023600,0.058900,0.003100,0.018528,0.003040,,0.010944,0.001152,1,4,48,0,1
1647,0.116400,0.129300,0.007800,0.023000,0.023300,0.059000,0.003200,0.019008,0.003264,,0.010432,0.001120,1,4,48,0,1
1648,0.115300,0.129700,0.007300,0.022900,0.023400,0.058600,0.003000,0.019104,0.003040,,0.010496,0.001184,1,4,48,0,1
1649,0.140300,0.128500,0.007300,0.023100,0.023800,0.071300,0.014800,0.019392,0.003008,,0.010304,0.001152,1,4,48,0,1
1650,0.154000,0.154800,0.008900,0.030500,0.027900,0.084500,0.002000,0.019360,0.003136,,0.010400,0.001120,1,4,48,0,1
1651,0.131700,0.167800,0.007800,0.025000,0.025100,0.072000,0.001800,0.019008,0.003072,,0.010400,0.001184,1,4,48,0,1
1652,0.125400,0.144900,0.007800,0.023600,0.023100,0.060300,0.010600,0.019072,0.003104,,0.010432,0.001184,1,4,48,0,1
1653,0.122000,0.138500,0.007100,0.022800,0.023700,0.066400,0.001800,0.018400,0.003040,,0.010720,0.001120,1,4,48,0,1
1654,0.124700,0.135300,0.007300,0.022500,0.023700,0.058100,0.012800,0.019520,0.003200,,0.012928,0.001152,1,4,48,0,1
1655,0.134500,0.137600,0.007200,0.022800,0.023500,0.077100,0.003800,0.018624,0.003104,,0.010656,0.001152,1,4,48,0,1
1656,0.118100,0.147600,0.007300,0.022600,0.023400,0.062800,0.001900,0.018848,0.003200,,0.010528,0.001152,1,4,48,0,1
1657,0.120200,0.131200,0.007400,0.022600,0.023600,0.058400,0.008100,0.019264,0.003328,,0.010432,0.001088,1,4,48,0,1
1658,0.119700,0.133100,0.007100,0.022800,0.023000,0.058200,0.008500,0.021440,0.002976,,0.012352,0.001120,1,4,48,0,1
1659,0.120100,0.132600,0.007100,0.022600,0.023600,0.057800,0.008800,0.019424,0.003360,,0.010528,0.001152,1,4,48,0,1
1660,0.120700,0.133000,0.007500,0.022400,0.023600,0.058300,0.008900,0.021408,0.003040,,0.011360,0.001152,1,4,48,0,1
1661,0.119400,0.133600,0.007200,0.022200,0.023800,0.058700,0.007400,0.021472,0.002912,,0.011008,0.001120,1,4,48,0,1
1662,0.118900,0.132400,0.007300,0.022400,0.023300,0.062500,0.003200,0.018464,0.002976,,0.010720,0.001152,1,4,48,0,1
1663,0.121300,0.131900,0.007400,0.022500,0.023100,0.065100,0.003100,0.019200,0.002944,,0.013088,0.001184,1,4,48,0,1
1664,0.122700,0.134600,0.007400,0.023000,0.023700,0.058100,0.010400,0.019136,0.003232,,0.010368,0.001088,1,4,48,0,1
1665,0.123400,0.135800,0.007400,0.022700,0.023300,0.058300,0.011500,0.019072,0.003136,,0.010368,0.001184,1,4,48,0,1
1666,0.114300,0.136500,0.007200,0.022600,0.023000,0.058200,0.003100,0.021376,0.002976,,0.011136,0.001152,1,4,48,0,1
1667,0.114000,0.127300,0.007100,0.022600,0.023300,0.057500,0.003200,0.021632,0.003040,,0.011040,0.001120,1,4,48,0,1
1668,0.122100,0.126900,0.007200,0.022500,0.023600,0.058600,0.010100,0.019040,0.003040,,0.010432,0.001184,1,4,48,0,1
1669,0.122700,0.135200,0.007500,0.022500,0.024100,0.058600,0.009900,0.019136,0.003168,,0.010464,0.001152,1,4,48,0,1
1670,0.123900,0.135800,0.007400,0.022800,0.023500,0.057600,0.012600,0.019040,0.003040,,0.010432,0.001184,1,4,48,0,1
1671,0.113900,0.137000,0.007100,0.022500,0.023600,0.057300,0.003200,0.019744,0.003200,,0.010432,0.001152,1,4,48,0,1
1672,0.122000,0.126900,0.007300,0.022700,0.023200,0.057900,0.010900,0.018880,0.003040,,0.010304,0.001152,1,4,48,0,1
1673,0.122100,0.135300,0.007500,0.022600,0.023900,0.058100,0.009900,0.018560,0.003168,,0.010752,0.001152,1,4,48,0,1
1674,0.124200,0.135500,0.007500,0.022400,0.023600,0.058000,0.012600,0.019264,0.003328,,0.010464,0.001088,1,4,48,0,1
1675,0.123100,0.137000,0.007500,0.022700,0.024200,0.064400,0.004100,0.018528,0.003040,,0.010400,0.001152,1,4,48,0,1
1676,0.120100,0.136100,0.007300,0.022600,0.023400,0.058200,0.008400,0.018880,0.003040,,0.010336,0.001120,1,4,48,0,1
1677,0.124000,0.133200,0.007600,0.022700,0.023500,0.058100,0.012100,0.018976,0.003104,,0.010432,0.001184,1,4,48,0,1
1678,0.122300,0.137300,0.007100,0.022100,0.023100,0.065900,0.003700,0.018976,0.003424,,0.010400,0.001184,1,4,48,0,1
1679,0.115200,0.135600,0.007400,0.022900,0.023200,0.058600,0.003100,0.018528,0.003072,,0.010848,0.001120,1,4,48,0,1
1680,0.140500,0.128100,0.007600,0.022200,0.025300,0.081800,0.003400,0.018560,0.003136,,0.010144,0.001184,1,4,48,0,1
1681,0.126800,0.154100,0.007600,0.024700,0.021800,0.070300,0.002300,0.019200,0.003168,,0.010560,0.001184,1,4,48,0,1
1682,0.118100,0.139700,0.007400,0.022100,0.020800,0.054800,0.012800,0.020640,0.003040,,0.012960,0.001152,1,4,48,0,1
1683,0.113300,0.130700,0.007200,0.022100,0.021400,0.058800,0.003600,0.018912,0.003072,,0.010336,0.001152,1,4,48,0,1
1684,0.124600,0.126300,0.007400,0.022500,0.032200,0.059200,0.003200,0.021984,0.003104,,0.011360,0.001120,1,4,48,0,1
1685,0.121600,0.137700,0.007300,0.022700,0.023300,0.058000,0.010300,0.019040,0.003072,,0.010400,0.001184,1,4,48,0,1
1686,0.122200,0.134400,0.007200,0.022500,0.023600,0.058600,0.010300,0.019360,0.003200,,0.013088,0.001184,1,4,48,0,1
1687,0.124600,0.135100,0.007100,0.022600,0.023800,0.058600,0.012400,0.021312,0.002976,,0.011008,0.001152,1,4,48,0,1
1688,0.120900,0.137500,0.007200,0.022400,0.023200,0.058200,0.009800,0.018688,0.003104,,0.010144,0.001152,1,4,48,0,1
1689,0.121500,0.134200,0.007300,0.022400,0.023300,0.057800,0.010600,0.019040,0.003040,,0.010496,0.001152,1,4,48,0,1
1690,0.120000,0.134800,0.007300,0.022400,0.023300,0.063900,0.002900,0.018528,0.003072,,0.010944,0.001152,1,4,48,0,1
1691,0.121400,0.133000,0.007200,0.022300,0.023400,0.058300,0.010100,0.019168,0.003104,,0.010496,0.001152,1,4,48,0,1
1692,0.122700,0.134400,0.007300,0.022600,0.023600,0.057800,0.011400,0.019328,0.003200,,0.013088,0.001152,1,4,48,0,1
1693,0.126200,0.135900,0.007500,0.022400,0.023400,0.070900,0.001900,0.018912,0.003264,,0.010176,0.001120,1,4,48,0,1
1694,0.121000,0.139200,0.007500,0.023200,0.024300,0.062400,0.003600,0.018336,0.003040,,0.010720,0.001152,1,4,48,0,1
1695,0.147300,0.133800,0.007200,0.022400,0.023700,0.087200,0.006400,0.019200,0.003104,,0.010528,0.001184,1,4,48,0,1
1696,0.164400,0.165700,0.010400,0.037300,0.035000,0.077700,0.004000,0.019808,0.002912,,0.013984,0.001152,1,4,48,0,1
1697,0.142100,0.181300,0.009200,0.028400,0.029100,0.071400,0.004000,0.019296,0.003168,,0.013056,0.001152,1,4,48,0,1
1698,0.139400,0.158900,0.008800,0.027600,0.028400,0.069900,0.004500,0.018976,0.003072,,0.010368,0.001152,1,4,48,0,1
1699,0.140400,0.155500,0.008800,0.027600,0.028300,0.071900,0.003800,0.019072,0.003008,,0.010464,0.001184,1,4,48,0,1
1700,0.155000,0.156200,0.008800,0.027300,0.028100,0.086900,0.003500,0.018976,0.002976,,0.013056,0.001152,1,4,48,0,1
1701,0.139700,0.171500,0.008900,0.027900,0.028300,0.070900,0.003700,0.019328,0.003008,,0.012960,0.001120,1,4,48,0,1
1702,0.140200,0.156100,0.008700,0.027600,0.028200,0.072000,0.003600,0.021568,0.002976,,0.011136,0.001152,1,4,48,0,1
1703,0.139000,0.156100,0.008700,0.027500,0.028000,0.071300,0.003400,0.021696,0.003136,,0.011104,0.001184,1,4,48,0,1
1704,0.137600,0.155200,0.009000,0.027400,0.027600,0.069900,0.003600,0.019712,0.003584,,0.010592,0.001152,1,4,48,0,1
1705,0.138900,0.153600,0.008800,0.027400,0.028500,0.070800,0.003400,0.021760,0.003072,,0.012544,0.001152,1,4,48,0,1
1706,0.161600,0.154900,0.009000,0.027200,0.028200,0.093300,0.003700,0.021664,0.003072,,0.012480,0.001120,1,4,48,0,1
1707,0.115900,0.175100,0.007400,0.022900,0.023500,0.058700,0.003200,0.019072,0.003072,,0.010432,0.001184,1,4,48,0,1
1708,0.121600,0.129000,0.007200,0.022500,0.023600,0.058600,0.009400,0.018816,0.003200,,0.010144,0.001152,1,4,48,0,1
1709,0.115400,0.134500,0.007200,0.023100,0.023400,0.058200,0.003300,0.019040,0.003104,,0.010400,0.001152,1,4,48,0,1
1710,0.121600,0.128400,0.007200,0.022600,0.023500,0.057700,0.010300,0.018688,0.003104,,0.010176,0.001184,1,4,48,0,1
1711,0.114800,0.134600,0.007500,0.022400,0.024100,0.057600,0.003000,0.021472,0.002944,,0.012512,0.001152,1,4,48,0,1
1712,0.115100,0.127800,0.007500,0.022500,0.023700,0.058100,0.003200,0.019200,0.003200,,0.010464,0.001152,1,4,48,0,1
1713,0.114200,0.128300,0.007300,0.022600,0.023300,0.057700,0.003200,0.019136,0.003104,,0.010464,0.001184,1,4,48,0,1
1714,0.114900,0.127300,0.007500,0.022500,0.023000,0.058500,0.003100,0.019296,0.003264,,0.010528,0.001152,1,4,48,0,1
1715,0.121400,0.128100,0.007300,0.022500,0.023900,0.065700,0.001900,0.018304,0.002912,,0.010784,0.001120,1,4,48,0,1
1716,0.120900,0.134500,0.007300,0.022400,0.023600,0.065700,0.001800,0.018592,0.003008,,0.010784,0.001184,1,4,48,0,1
1717,0.124400,0.133900,0.007200,0.022500,0.023700,0.058100,0.012800,0.018720,0.003296,,0.010816,0.001120,1,4,48,0,1
1718,0.113800,0.137400,0.007300,0.022400,0.023200,0.057600,0.003200,0.021664,0.003072,,0.012416,0.001120,1,4,48,0,1
1719,0.113400,0.127000,0.007400,0.022500,0.022700,0.057600,0.003100,0.021664,0.003072,,0.011104,0.001120,1,4,48,0,1
1720,0.114700,0.126500,0.007500,0.022500,0.023400,0.058000,0.003100,0.021600,0.003072,,0.011040,0.001088,1,4,48,0,1
1721,0.125100,0.128000,0.007200,0.022400,0.023700,0.069700,0.001800,0.019232,0.003072,,0.013024,0.001184,1,4,48,0,1
1722,0.115800,0.138400,0.007600,0.022900,0.023500,0.058700,0.003000,0.019136,0.002976,,0.013056,0.001184,1,4,48,0,1
1723,0.131200,0.129200,0.007300,0.022600,0.024500,0.074800,0.001800,0.020864,0.003008,,0.012960,0.001152,1,4,48,0,1
1724,0.119400,0.144300,0.007500,0.022500,0.030000,0.057400,0.001800,0.019200,0.003168,,0.010464,0.001152,1,4,48,0,1
1725,0.411000,0.132300,0.007400,0.021900,0.022800,0.078900,0.279800,0.019904,0.003072,,0.009952,0.001152,1,4,48,0,1
1726,0.139400,0.425800,0.008900,0.030800,0.026600,0.069500,0.003500,0.020544,0.003232,,0.011488,0.001120,1,4,48,0,1
1727,0.128000,0.152800,0.007700,0.023400,0.029900,0.060900,0.006100,0.018944,0.003072,,0.010304,0.001184,1,4,48,0,1
1728,0.116500,0.141100,0.007300,0.022900,0.023900,0.059200,0.003100,0.019008,0.003008,,0.010432,0.001184,1,4,48,0,1
1729,0.123400,0.129600,0.007300,0.022600,0.023600,0.058400,0.011400,0.019104,0.003104,,0.010432,0.001184,1,4,48,0,1
1730,0.123300,0.136600,0.007300,0.022700,0.023500,0.059100,0.010500,0.019424,0.002976,,0.012608,0.001088,1,4,48,0,1
1731,0.122100,0.136300,0.007200,0.022300,0.023500,0.058900,0.010000,0.019136,0.003008,,0.013024,0.001184,1,4,48,0,1
1732,0.122900,0.135100,0.007100,0.022800,0.023000,0.058800,0.011000,0.019104,0.003040,,0.013024,0.001184,1,4,48,0,1
1733,0.120100,0.135800,0.007500,0.022700,0.023200,0.058700,0.007900,0.021504,0.003136,,0.012352,0.001184,1,4,48,0,1
1734,0.116700,0.133400,0.007600,0.022900,0.023400,0.059500,0.003200,0.019296,0.003040,,0.012960,0.001152,1,4,48,0,1
1735,0.124500,0.129800,0.007200,0.022300,0.023100,0.058900,0.012800,0.019200,0.002976,,0.013056,0.001184,1,4,48,0,1
1736,0.115300,0.137300,0.007200,0.022500,0.023000,0.059300,0.003100,0.021280,0.003072,,0.012000,0.001152,1,4,48,0,1
1737,0.121800,0.128600,0.007300,0.022600,0.022900,0.057500,0.011400,0.019008,0.003040,,0.010432,0.001152,1,4,48,0,1
1738,0.126300,0.135000,0.007200,0.022600,0.023000,0.068900,0.004500,0.019072,0.003040,,0.010560,0.001152,1,4,48,0,1
1739,0.125300,0.139600,0.007700,0.022800,0.023700,0.059600,0.011500,0.021248,0.002976,,0.011008,0.001120,1,4,48,0,1
1740,0.125300,0.138500,0.007500,0.022700,0.024000,0.058400,0.012700,0.019168,0.003008,,0.013120,0.001152,1,4,48,0,1
1741,0.122900,0.138200,0.007200,0.022600,0.023300,0.058400,0.011300,0.019200,0.002944,,0.013024,0.001152,1,4,48,0,1
1742,0.114400,0.136100,0.007400,0.022700,0.023200,0.058000,0.003100,0.019712,0.002976,,0.013888,0.001120,1,4,48,0,1
1743,0.161100,0.127500,0.011200,0.025600,0.025600,0.095100,0.003500,0.019872,0.003264,,0.010336,0.001088,1,4,48,0,1
1744,0.120100,0.174800,0.007700,0.024600,0.024800,0.060600,0.002200,0.019840,0.003136,,0.012288,0.001120,1,4,48,0,1
1745,0.115200,0.133200,0.007200,0.022900,0.023900,0.057900,0.003200,0.019328,0.002912,,0.010336,0.001152,1,4,48,0,1
1746,0.170900,0.128400,0.007200,0.023700,0.046800,0.091100,0.002000,0.019584,0.003040,,0.010432,0.001184,1,4,48,0,1
1747,0.120000,0.185300,0.008100,0.025100,0.024300,0.059100,0.003200,0.019072,0.003040,,0.010464,0.001184,1,4,48,0,1
1748,0.119200,0.133500,0.007700,0.022900,0.023400,0.059200,0.005700,0.018464,0.002944,,0.010880,0.001184,1,4,48,0,1
1749,0.123200,0.132500,0.007300,0.022500,0.023600,0.059300,0.010400,0.018848,0.003360,,0.010560,0.001184,1,4,48,0,1
1750,0.121200,0.136500,0.007200,0.022300,0.023500,0.065000,0.003000,0.018880,0.003264,,0.010304,0.001152,1,4,48,0,1
1751,0.124800,0.134100,0.007400,0.029200,0.025900,0.059100,0.003100,0.021696,0.003104,,0.011072,0.001184,1,4,48,0,1
1752,0.125100,0.138100,0.007400,0.022300,0.023400,0.058700,0.013200,0.019040,0.003040,,0.010464,0.001152,1,4,48,0,1
1753,0.123200,0.138000,0.007500,0.022500,0.023300,0.058700,0.011200,0.018976,0.003040,,0.010368,0.001184,1,4,48,0,1
1754,0.123300,0.136100,0.007200,0.022400,0.023000,0.058800,0.011600,0.019200,0.003072,,0.013056,0.001152,1,4,48,0,1
1755,0.122900,0.136500,0.007300,0.022400,0.023100,0.066900,0.003100,0.018432,0.002912,,0.010944,0.001152,1,4,48,0,1
1756,0.130100,0.136000,0.007200,0.028500,0.023600,0.059600,0.011000,0.018976,0.003040,,0.010368,0.001152,1,4,48,0,1
1757,0.114800,0.143600,0.007400,0.022700,0.023400,0.057900,0.003100,0.021632,0.003072,,0.011040,0.001120,1,4,48,0,1
1758,0.122300,0.127800,0.007400,0.022400,0.023000,0.058300,0.011200,0.018464,0.002976,,0.010912,0.001152,1,4,48,0,1
1759,0.114900,0.135300,0.007400,0.022800,0.023200,0.058200,0.003300,0.021632,0.003040,,0.011072,0.001152,1,4,48,0,1
1760,0.114400,0.127700,0.007200,0.022400,0.023100,0.058300,0.003200,0.021600,0.002912,,0.012512,0.001152,1,4,48,0,1
1761,0.123600,0.127500,0.007200,0.022300,0.023300,0.058400,0.012400,0.019232,0.003264,,0.010464,0.001120,1,4,48,0,1
1762,0.121700,0.136500,0.007100,0.022400,0.022900,0.067000,0.002200,0.018528,0.003072,,0.010976,0.001120,1,4,48,0,1
1763,0.113300,0.134800,0.007300,0.022400,0.023500,0.056800,0.003300,0.019040,0.003072,,0.010432,0.001152,1,4,48,0,1
1764,0.147300,0.126500,0.007400,0.046200,0.024000,0.066500,0.003100,0.019360,0.003136,,0.012896,0.001184,1,4,48,0,1
1765,0.128900,0.161000,0.007400,0.023000,0.023600,0.070900,0.003800,0.019776,0.003072,,0.009984,0.001152,1,4,48,0,1
1766,0.121000,0.142100,0.007300,0.022500,0.023700,0.063300,0.004000,0.019072,0.003008,,0.013024,0.001152,1,4,48,0,1
1767,0.114100,0.134000,0.007200,0.022400,0.022900,0.058400,0.003200,0.021504,0.003072,,0.012352,0.001152,1,4,48,0,1
1768,0.114400,0.127300,0.007400,0.022700,0.022800,0.058300,0.003100,0.021632,0.003136,,0.010976,0.001152,1,4,48,0,1
1769,0.123700,0.127400,0.007300,0.022500,0.025500,0.058600,0.009600,0.019168,0.003104,,0.010528,0.001152,1,4,48,0,1
1770,0.121100,0.136800,0.007200,0.022400,0.023100,0.066300,0.001900,0.018720,0.003040,,0.010240,0.001184,1,4,48,0,1
1771,0.126900,0.134000,0.012000,0.023200,0.023700,0.066100,0.001700,0.018400,0.002976,,0.010720,0.001120,1,4,48,0,1
1772,0.123500,0.140000,0.007400,0.022700,0.023000,0.057300,0.012800,0.018880,0.003392,,0.010240,0.001088,1,4,48,0,1
1773,0.122000,0.136300,0.007200,0.022800,0.023200,0.057600,0.011100,0.018528,0.003104,,0.010624,0.001120,1,4,48,0,1
1774,0.113500,0.135000,0.007200,0.022400,0.022900,0.057600,0.003200,0.021312,0.002944,,0.011104,0.001184,1,4,48,0,1
1775,0.114400,0.126400,0.007600,0.022300,0.023200,0.057800,0.003300,0.019072,0.003232,,0.010336,0.001120,1,4,48,0,1
1776,0.122300,0.127600,0.007200,0.022200,0.022800,0.057600,0.012400,0.019104,0.003104,,0.010464,0.001152,1,4,48,0,1
1777,0.113700,0.135600,0.007200,0.022300,0.023200,0.057600,0.003300,0.019392,0.003008,,0.012928,0.001184,1,4,48,0,1
1778,0.113700,0.126700,0.007200,0.022500,0.022900,0.057500,0.003500,0.019104,0.003040,,0.013024,0.001120,1,4,48,0,1
1779,0.122400,0.127000,0.007200,0.022300,0.022800,0.057400,0.012400,0.019040,0.003040,,0.010496,0.001120,1,4,48,0,1
1780,0.114000,0.135300,0.007300,0.022500,0.023100,0.057800,0.003200,0.018880,0.003264,,0.010176,0.001120,1,4,48,0,1
1781,0.120700,0.127100,0.007400,0.022400,0.023000,0.066100,0.001800,0.018496,0.003008,,0.010912,0.001152,1,4,48,0,1
1782,0.113600,0.133500,0.007400,0.022400,0.023200,0.057200,0.003100,0.021568,0.002880,,0.012480,0.001152,1,4,48,0,1
1783,0.114700,0.126500,0.007600,0.022800,0.023100,0.057900,0.003300,0.019328,0.003264,,0.010528,0.001152,1,4,48,0,1
1784,0.121700,0.127700,0.007400,0.022600,0.023100,0.058000,0.010400,0.018400,0.002944,,0.010912,0.001184,1,4,48,0,1
1785,0.113300,0.134700,0.007300,0.022700,0.022800,0.057000,0.003400,0.019072,0.003264,,0.010336,0.001088,1,4,48,0,1
1786,0.120800,0.126400,0.007200,0.022300,0.029000,0.058900,0.003300,0.019648,0.003136,,0.012992,0.001184,1,4,48,0,1
1787,0.113900,0.134000,0.007600,0.022800,0.023100,0.057100,0.003200,0.019072,0.003072,,0.010464,0.001152,1,4,48,0,1
1788,0.112500,0.126800,0.007200,0.022200,0.022600,0.057200,0.003300,0.019232,0.003072,,0.010560,0.001216,1,4,48,0,1
1789,0.113700,0.125600,0.007300,0.022300,0.023400,0.057400,0.003300,0.018976,0.003008,,0.010432,0.001152,1,4,48,0,1
1790,0.113600,0.126800,0.007500,0.022600,0.023100,0.057000,0.003300,0.019104,0.003136,,0.010464,0.001152,1,4,48,0,1
1791,0.113000,0.126300,0.007200,0.022200,0.022900,0.057400,0.003100,0.021472,0.002912,,0.011040,0.001120,1,4,48,0,1
1792,0.121500,0.126100,0.007400,0.022600,0.022800,0.057400,0.011100,0.018720,0.003232,,0.010560,0.001152,1,4,48,0,1
1793,0.113300,0.134300,0.007300,0.022400,0.022900,0.057100,0.003400,0.019040,0.003168,,0.010368,0.001120,1,4,48,0,1
1794,0.112900,0.126400,0.007200,0.022400,0.022400,0.057500,0.003100,0.019104,0.003264,,0.010304,0.001152,1,4,48,0,1
1795,0.122000,0.125800,0.007400,0.022200,0.023000,0.057900,0.011300,0.019904,0.003168,,0.010432,0.001152,1,4,48,0,1
1796,0.112400,0.134900,0.007200,0.022300,0.023000,0.057400,0.002400,0.021664,0.002944,,0.012544,0.001184,1,4,48,0,1
1797,0.124800,0.125500,0.007300,0.022200,0.023300,0.067600,0.004400,0.019296,0.003104,,0.013120,0.001152,1,4,48,0,1
1798,0.127000,0.139000,0.007200,0.022700,0.025800,0.060000,0.011000,0.019936,0.003200,,0.010496,0.001184,1,4,48,0,1
1799,0.112700,0.140200,0.007100,0.022500,0.022500,0.057100,0.003300,0.018912,0.003072,,0.010336,0.001120,1,4,48,0,1
1800,0.123600,0.125900,0.007100,0.022300,0.023100,0.060600,0.010400,0.019584,0.003008,,0.012032,0.001184,1,4,48,0,1
1801,0.133100,0.136700,0.007200,0.022800,0.022800,0.063900,0.016300,0.018944,0.003424,,0.010400,0.001152,1,4,48,0,1
1802,0.150100,0.146200,0.007300,0.022800,0.023300,0.092300,0.004400,0.018880,0.002976,,0.010400,0.001152,1,4,48,0,1
1803,0.173900,0.168400,0.010500,0.037400,0.035900,0.087700,0.002200,0.019104,0.003136,,0.013056,0.001152,1,4,48,0,1
1804,0.142700,0.190300,0.008900,0.028100,0.029300,0.072200,0.003900,0.019040,0.003104,,0.010464,0.001120,1,4,48,0,1
1805,0.148700,0.159000,0.009000,0.027300,0.028600,0.071000,0.012600,0.018816,0.003424,,0.010752,0.001120,1,4,48,0,1
1806,0.139700,0.164600,0.008800,0.027400,0.028600,0.071000,0.003800,0.019008,0.002944,,0.010528,0.001184,1,4,48,0,1
1807,0.138600,0.155900,0.009200,0.027200,0.027700,0.062800,0.011500,0.019264,0.002976,,0.013120,0.001152,1,4,48,0,1
1808,0.122100,0.151700,0.007100,0.022500,0.023800,0.058700,0.010000,0.018688,0.003072,,0.010240,0.001152,1,4,48,0,1
1809,0.146700,0.135400,0.007100,0.022600,0.023400,0.091700,0.001700,0.020800,0.003040,,0.011520,0.001184,1,4,48,0,1
1810,0.117700,0.159800,0.007100,0.022700,0.021500,0.063000,0.003200,0.019776,0.003136,,0.010400,0.001152,1,4,48,0,1
1811,0.124300,0.130900,0.007500,0.022600,0.023800,0.059400,0.011000,0.019360,0.003008,,0.012992,0.001120,1,4,48,0,1
1812,0.115600,0.137400,0.007500,0.022800,0.023500,0.058700,0.003100,0.021504,0.003040,,0.012416,0.001152,1,4,48,0,1
1813,0.113800,0.128700,0.007100,0.022400,0.022800,0.058200,0.003200,0.018976,0.002976,,0.010464,0.001184,1,4,48,0,1
1814,0.122700,0.126700,0.007400,0.028900,0.023900,0.059200,0.003200,0.021536,0.003008,,0.011040,0.001152,1,4,48,0,1
1815,0.115400,0.136100,0.007400,0.022800,0.023000,0.058700,0.003200,0.021600,0.003040,,0.012480,0.001120,1,4,48,0,1
1816,0.113100,0.128400,0.007300,0.022500,0.023100,0.057000,0.003100,0.019680,0.002912,,0.013856,0.001152,1,4,48,0,1
1817,0.118900,0.126100,0.011500,0.022500,0.023400,0.058200,0.003000,0.019072,0.003008,,0.012992,0.001120,1,4,48,0,1
1818,0.115100,0.132200,0.007200,0.022600,0.023200,0.058800,0.003100,0.019136,0.003296,,0.010336,0.001088,1,4,48,0,1
1819,0.115600,0.128400,0.007200,0.022700,0.023300,0.058900,0.003300,0.019552,0.003008,,0.012864,0.001152,1,4,48,0,1
1820,0.114700,0.128600,0.007200,0.022500,0.023200,0.058600,0.003100,0.021472,0.002944,,0.012352,0.001152,1,4,48,0,1
1821,0.123700,0.127700,0.007500,0.022300,0.023200,0.058400,0.012000,0.019456,0.003008,,0.012928,0.001152,1,4,48,0,1
1822,0.114500,0.136700,0.007400,0.022400,0.023000,0.058200,0.003200,0.019136,0.003136,,0.010496,0.001152,1,4,48,0,1
1823,0.114100,0.127400,0.007200,0.022400,0.023000,0.058200,0.003100,0.021952,0.003168,,0.011328,0.001088,1,4,48,0,1
1824,0.122000,0.127100,0.007300,0.022700,0.023200,0.058700,0.009900,0.018528,0.003008,,0.010912,0.001152,1,4,48,0,1
1825,0.123200,0.135100,0.007300,0.022400,0.022700,0.058800,0.012000,0.019360,0.003328,,0.013056,0.001088,1,4,48,0,1
1826,0.114300,0.136000,0.007200,0.022400,0.023000,0.058400,0.003100,0.018912,0.003104,,0.010304,0.001152,1,4,48,0,1
1827,0.114200,0.127400,0.007300,0.022400,0.022700,0.058400,0.003200,0.019072,0.003168,,0.010368,0.001152,1,4,48,0,1
1828,0.113900,0.127200,0.007300,0.022600,0.022700,0.058200,0.003000,0.019136,0.003136,,0.010496,0.001120,1,4,48,0,1
1829,0.121300,0.126800,0.007400,0.022500,0.023100,0.066400,0.001800,0.018720,0.003168,,0.010432,0.001088,1,4,48,0,1
1830,0.116300,0.134400,0.007500,0.023200,0.023200,0.059100,0.003300,0.019232,0.003296,,0.010400,0.001184,1,4,48,0,1
1831,0.115500,0.129300,0.007700,0.022600,0.023400,0.058600,0.003200,0.018400,0.002944,,0.010528,0.001152,1,4,48,0,1
1832,0.113800,0.128500,0.007200,0.022500,0.022600,0.058300,0.003000,0.019232,0.003232,,0.010528,0.001120,1,4,48,0,1
1833,0.114800,0.126700,0.007200,0.022600,0.022800,0.058800,0.003000,0.018912,0.003040,,0.010496,0.001152,1,4,48,0,1
1834,0.121000,0.127800,0.007200,0.022300,0.023000,0.058600,0.009800,0.018432,0.002944,,0.010848,0.001152,1,4,48,0,1
1835,0.120300,0.134100,0.007300,0.022400,0.022700,0.059100,0.008800,0.018528,0.003136,,0.010784,0.001120,1,4,48,0,1
1836,0.114500,0.133200,0.007200,0.022400,0.023100,0.058400,0.003200,0.019232,0.003200,,0.010560,0.001088,1,4,48,0,1
1837,0.113800,0.127500,0.007200,0.022200,0.023100,0.058000,0.003100,0.021568,0.003040,,0.011136,0.001152,1,4,48,0,1
1838,0.113700,0.127000,0.007200,0.022400,0.022600,0.058300,0.003200,0.019328,0.003360,,0.010464,0.001088,1,4,48,0,1
1839,0.113700,0.126500,0.007200,0.022200,0.022700,0.058200,0.003100,0.021504,0.002976,,0.011104,0.001120,1,4,48,0,1
1840,0.123600,0.126700,0.007500,0.022200,0.023000,0.058500,0.012300,0.019232,0.003008,,0.013024,0.001152,1,4,48,0,1
1841,0.120300,0.136300,0.007200,0.022400,0.023200,0.058400,0.009100,0.018496,0.002880,,0.010240,0.001184,1,4,48,0,1
1842,0.123400,0.133400,0.007400,0.022700,0.023100,0.058700,0.011300,0.019200,0.002912,,0.013120,0.001184,1,4,48,0,1
1843,0.124000,0.136200,0.007600,0.022400,0.023100,0.058500,0.012100,0.019328,0.003008,,0.013024,0.001184,1,4,48,0,1
1844,0.126100,0.137000,0.007200,0.022600,0.023000,0.071300,0.001900,0.018848,0.003136,,0.010208,0.001152,1,4,48,0,1
1845,0.125500,0.139400,0.007500,0.023100,0.023500,0.058900,0.012400,0.019232,0.003232,,0.010528,0.001088,1,4,48,0,1
1846,0.114600,0.138300,0.007500,0.022400,0.022900,0.058500,0.003100,0.019168,0.003232,,0.010400,0.001184,1,4,48,0,1
1847,0.118900,0.145100,0.007600,0.023700,0.024400,0.059700,0.003300,0.021856,0.003104,,0.012544,0.001184,1,4,48,0,1
1848,0.114900,0.131800,0.007500,0.022400,0.022700,0.058800,0.003100,0.021440,0.002944,,0.012448,0.001152,1,4,48,0,1
1849,0.124700,0.127800,0.007300,0.022400,0.023500,0.058800,0.012700,0.019168,0.003040,,0.010560,0.001184,1,4,48,0,1
1850,0.115400,0.137800,0.007400,0.022600,0.022900,0.059200,0.003100,0.021344,0.003008,,0.011040,0.001184,1,4,48,0,1
1851,0.114000,0.128400,0.007300,0.022800,0.022600,0.058100,0.003000,0.021568,0.002944,,0.011072,0.001184,1,4,48,0,1
1852,0.114100,0.127000,0.007300,0.022500,0.022600,0.058500,0.003000,0.018528,0.003008,,0.010432,0.001120,1,4,48,0,1
1853,0.113300,0.127100,0.007500,0.022200,0.023100,0.057300,0.003200,0.019392,0.003296,,0.010528,0.001184,1,4,48,0,1
1854,0.149400,0.126300,0.007200,0.022300,0.024800,0.089800,0.005100,0.019104,0.003040,,0.013024,0.001152,1,4,48,0,1
1855,0.251300,0.258400,0.010600,0.037600,0.035700,0.162200,0.005000,0.019584,0.003008,,0.010400,0.001184,1,4,48,0,1
1856,0.169700,0.267400,0.008600,0.030700,0.027900,0.098500,0.003700,0.019168,0.003296,,0.010400,0.001120,1,4,48,0,1
1857,0.164900,0.187900,0.010500,0.037300,0.037500,0.077100,0.002400,0.019680,0.003328,,0.010176,0.001120,1,4,48,0,1
1858,0.145700,0.181500,0.009000,0.031200,0.029000,0.072500,0.003600,0.019040,0.003136,,0.010400,0.001184,1,4,48,0,1
1859,0.193200,0.164900,0.012700,0.045300,0.036600,0.094200,0.004300,0.019872,0.003008,,0.013984,0.001120,1,4,48,0,1
1860,0.144200,0.215500,0.012700,0.028300,0.028400,0.070900,0.003800,0.019072,0.003072,,0.010464,0.001184,1,4,48,0,1
1861,0.139200,0.160500,0.009000,0.027800,0.027900,0.070400,0.003900,0.021664,0.002976,,0.011072,0.001152,1,4,48,0,1
1862,0.138800,0.155100,0.008800,0.027500,0.028100,0.070500,0.003800,0.019328,0.003072,,0.012960,0.001152,1,4,48,0,1
1863,0.135300,0.154800,0.008800,0.027500,0.028400,0.068600,0.001800,0.021760,0.003168,,0.011072,0.001152,1,4,48,0,1
1864,0.121700,0.148100,0.007400,0.022400,0.023600,0.058500,0.009700,0.019072,0.002976,,0.013088,0.001120,1,4,48,0,1
1865,0.114400,0.134700,0.007200,0.022600,0.023100,0.058200,0.003200,0.021312,0.003040,,0.011008,0.001152,1,4,48,0,1
1866,0.114800,0.127500,0.007500,0.022500,0.022800,0.058800,0.003000,0.021664,0.003040,,0.012416,0.001152,1,4,48,0,1
1867,0.121200,0.127700,0.007200,0.022400,0.022800,0.064600,0.004000,0.018464,0.002944,,0.010976,0.001152,1,4,48,0,1
1868,0.116800,0.139800,0.007500,0.023200,0.023700,0.059000,0.003000,0.021504,0.003040,,0.011040,0.001120,1,4,48,0,1
1869,0.123800,0.130100,0.007100,0.022600,0.022900,0.058000,0.012900,0.018560,0.003072,,0.010592,0.001152,1,4,48,0,1
1870,0.114100,0.136900,0.007300,0.022300,0.022900,0.058300,0.003000,0.021760,0.003232,,0.012352,0.001152,1,4,48,0,1
1871,0.122200,0.127100,0.007400,0.022400,0.022600,0.057900,0.011800,0.019040,0.003136,,0.010496,0.001088,1,4,48,0,1
1872,0.114500,0.135400,0.007100,0.022400,0.023000,0.058800,0.003100,0.021696,0.003104,,0.011168,0.001152,1,4,48,0,1
1873,0.114400,0.127700,0.007200,0.022400,0.022900,0.058800,0.003000,0.022208,0.003392,,0.011392,0.001120,1,4,48,0,1
1874,0.127900,0.127500,0.007600,0.022500,0.023500,0.070500,0.003700,0.021472,0.003040,,0.011040,0.001120,1,4,48,0,1
1875,0.124000,0.141000,0.007400,0.022400,0.022700,0.058700,0.012500,0.018528,0.003008,,0.010880,0.001184,1,4,48,0,1
1876,0.124100,0.137000,0.007300,0.022400,0.023000,0.058700,0.012600,0.019104,0.003104,,0.010432,0.001152,1,4,48,0,1
1877,0.113500,0.137200,0.007500,0.022400,0.022800,0.057600,0.003100,0.021632,0.002976,,0.011104,0.001184,1,4,48,0,1
1878,0.113400,0.126600,0.007400,0.022300,0.022600,0.058000,0.003100,0.021568,0.002976,,0.012352,0.001120,1,4,48,0,1
1879,0.114300,0.126200,0.007400,0.022200,0.023300,0.058300,0.003000,0.019136,0.003104,,0.013088,0.001120,1,4,48,0,1
1880,0.114100,0.127300,0.007300,0.022300,0.022900,0.058400,0.003000,0.021504,0.003072,,0.011008,0.001120,1,4,48,0,1
1881,0.120400,0.127300,0.007500,0.022500,0.022500,0.058600,0.009200,0.018656,0.003104,,0.010976,0.001184,1,4,48,0,1
1882,0.120700,0.133300,0.007300,0.022400,0.023000,0.058600,0.009300,0.018560,0.002976,,0.010784,0.001184,1,4,48,0,1
1883,0.130000,0.133700,0.007300,0.027700,0.023300,0.059400,0.012200,0.019328,0.003424,,0.010400,0.001120,1,4,48,0,1
1884,0.112800,0.143300,0.007400,0.022500,0.023200,0.057200,0.002400,0.019136,0.003232,,0.010528,0.001152,1,4,48,0,1
1885,0.115900,0.125800,0.007400,0.022200,0.022700,0.060400,0.003100,0.019328,0.003104,,0.010368,0.001152,1,4,48,0,1
1886,0.112900,0.128800,0.007400,0.022100,0.022600,0.057700,0.003000,0.021600,0.002912,,0.012480,0.001152,1,4,48,0,1
1887,0.113400,0.125700,0.007300,0.022100,0.022600,0.058000,0.003100,0.019008,0.003072,,0.010400,0.001152,1,4,48,0,1
1888,0.114000,0.126300,0.007400,0.022300,0.022700,0.058300,0.003000,0.018880,0.003008,,0.010336,0.001184,1,4,48,0,1
1889,0.114700,0.126900,0.007200,0.022300,0.023200,0.058900,0.003100,0.019168,0.003232,,0.010464,0.001088,1,4,48,0,1
1890,0.113200,0.127600,0.007300,0.022200,0.022500,0.058100,0.003000,0.019104,0.003072,,0.010464,0.001184,1,4,48,0,1
1891,0.113900,0.126100,0.007300,0.022100,0.022800,0.058500,0.003000,0.021568,0.003040,,0.011008,0.001152,1,4,48,0,1
1892,0.114100,0.126700,0.007400,0.022100,0.022800,0.058500,0.003000,0.021664,0.003072,,0.012384,0.001120,1,4,48,0,1
1893,0.113700,0.127400,0.007200,0.022300,0.022800,0.058300,0.003100,0.021696,0.003072,,0.012416,0.001152,1,4,48,0,1
1894,0.114500,0.126900,0.007300,0.022500,0.022700,0.058400,0.003200,0.019040,0.003104,,0.010368,0.001120,1,4,48,0,1
1895,0.114900,0.127300,0.007400,0.022600,0.023000,0.058700,0.003200,0.021472,0.002912,,0.011104,0.001152,1,4,48,0,1
1896,0.114800,0.128200,0.007200,0.022600,0.023000,0.058800,0.003100,0.021632,0.003008,,0.011104,0.001152,1,4,48,0,1
1897,0.128800,0.128000,0.007200,0.022500,0.022900,0.073700,0.002300,0.021536,0.003040,,0.011072,0.001152,1,4,48,0,1
1898,0.119500,0.142300,0.007200,0.022400,0.021100,0.066800,0.001900,0.021280,0.003040,,0.011008,0.001120,1,4,48,0,1
1899,0.125300,0.132800,0.007300,0.022900,0.023500,0.059300,0.012300,0.019232,0.003328,,0.010400,0.001120,1,4,48,0,1
1900,0.126900,0.138200,0.007200,0.022400,0.023100,0.061600,0.012400,0.021312,0.003072,,0.011008,0.001120,1,4,48,0,1
1901,0.122600,0.140000,0.007400,0.022700,0.023100,0.058600,0.010800,0.018880,0.002976,,0.010368,0.001152,1,4,48,0,1
1902,0.114200,0.135500,0.007200,0.022300,0.022800,0.058500,0.003200,0.018496,0.003008,,0.010784,0.001152,1,4,48,0,1
1903,0.114600,0.127100,0.007400,0.022600,0.022900,0.058500,0.003000,0.021632,0.003008,,0.011040,0.001152,1,4,48,0,1
1904,0.114000,0.127800,0.007200,0.022300,0.023100,0.058200,0.003100,0.018880,0.003360,,0.010880,0.001152,1,4,48,0,1
1905,0.114400,0.126700,0.007500,0.022100,0.022700,0.058900,0.003100,0.021728,0.003040,,0.012512,0.001184,1,4,48,0,1
1906,0.114400,0.127600,0.007200,0.022200,0.022800,0.058800,0.003100,0.021344,0.003008,,0.011136,0.001120,1,4,48,0,1
1907,0.114500,0.127300,0.007600,0.022500,0.023000,0.058100,0.003100,0.019104,0.003168,,0.010432,0.001120,1,4,48,0,1
1908,0.114900,0.127400,0.007200,0.022500,0.023100,0.058900,0.003200,0.019296,0.003136,,0.010592,0.001184,1,4,48,0,1
1909,0.114900,0.127900,0.007300,0.022500,0.023200,0.058600,0.003100,0.021536,0.003072,,0.011040,0.001120,1,4,48,0,1
1910,0.114400,0.128000,0.007300,0.022400,0.023100,0.058400,0.003000,0.019200,0.003104,,0.013088,0.001152,1,4,48,0,1
1911,0.154500,0.127400,0.007400,0.023400,0.022800,0.096400,0.004500,0.020032,0.003104,,0.013984,0.001184,1,4,48,0,1
1912,0.230600,0.172800,0.010300,0.039400,0.037600,0.139400,0.003900,0.021504,0.003040,,0.011040,0.001152,1,4,48,0,1
1913,0.170600,0.248000,0.009600,0.030400,0.030400,0.097500,0.002600,0.018944,0.003072,,0.010272,0.001184,1,4,48,0,1
1914,0.127800,0.184600,0.008100,0.025400,0.025000,0.065600,0.003400,0.018816,0.003360,,0.010752,0.001184,1,4,48,0,1
1915,0.125400,0.141000,0.007200,0.022800,0.023200,0.059500,0.012700,0.019232,0.003136,,0.013088,0.001152,1,4,48,0,1
1916,0.115400,0.138300,0.007300,0.022600,0.023600,0.058200,0.003500,0.021568,0.002944,,0.012352,0.001152,1,4,48,0,1
1917,0.114000,0.128300,0.007400,0.022500,0.023200,0.058300,0.002600,0.021600,0.002976,,0.011104,0.001152,1,4,48,0,1
1918,0.122500,0.126900,0.007500,0.022300,0.022500,0.057800,0.012400,0.018528,0.003040,,0.011008,0.001120,1,4,48,0,1
1919,0.114100,0.135300,0.007100,0.022700,0.023000,0.057800,0.003300,0.019168,0.003200,,0.010432,0.001152,1,4,48,0,1
1920,0.114400,0.127100,0.007200,0.022500,0.022700,0.058500,0.003200,0.019296,0.003136,,0.013056,0.001184,1,4,48,0,1
1921,0.113300,0.127300,0.007200,0.022100,0.022500,0.057900,0.003400,0.018944,0.003136,,0.010304,0.001120,1,4,48,0,1
1922,0.114100,0.126300,0.007100,0.022500,0.023100,0.057900,0.003100,0.019040,0.003168,,0.010336,0.001152,1,4,48,0,1
1923,0.120600,0.127100,0.007400,0.022500,0.022900,0.063800,0.003700,0.018560,0.003104,,0.010560,0.001152,1,4,48,0,1
1924,0.113700,0.133500,0.007300,0.022100,0.022700,0.058100,0.003200,0.019168,0.003328,,0.010368,0.001120,1,4,48,0,1
1925,0.114000,0.126600,0.007100,0.022300,0.023000,0.058200,0.003300,0.018688,0.003136,,0.010240,0.001152,1,4,48,0,1
1926,0.126900,0.127100,0.007700,0.022600,0.022700,0.071700,0.002000,0.019200,0.002976,,0.012992,0.001184,1,4,48,0,1
1927,0.116500,0.139900,0.007400,0.022800,0.023600,0.059400,0.003300,0.021376,0.002880,,0.012448,0.001152,1,4,48,0,1
1928,0.120200,0.130000,0.007300,0.022500,0.022800,0.057600,0.009900,0.018400,0.002912,,0.010848,0.001184,1,4,48,0,1
1929,0.120800,0.133100,0.007100,0.022600,0.022600,0.058100,0.010200,0.018784,0.003328,,0.010816,0.001152,1,4,48,0,1
1930,0.114400,0.133700,0.007400,0.022500,0.023300,0.057700,0.003300,0.018976,0.003040,,0.010432,0.001120,1,4,48,0,1
1931,0.122900,0.127500,0.007200,0.022500,0.022900,0.057600,0.012600,0.019264,0.003232,,0.010528,0.001120,1,4,48,0,1
1932,0.114200,0.135900,0.007500,0.022700,0.023300,0.057400,0.003200,0.021632,0.003040,,0.012480,0.001120,1,4,48,0,1
1933,0.112900,0.127100,0.007000,0.022600,0.023000,0.057000,0.003100,0.019040,0.003104,,0.010368,0.001152,1,4,48,0,1
1934,0.113000,0.126000,0.007100,0.022500,0.022800,0.057100,0.003300,0.018592,0.003072,,0.010880,0.001184,1,4,48,0,1
1935,0.115200,0.126000,0.007200,0.022300,0.025300,0.057100,0.003000,0.019232,0.003200,,0.010464,0.001152,1,4,48,0,1
1936,0.114200,0.128100,0.007600,0.022500,0.023000,0.057900,0.003200,0.019072,0.003168,,0.010336,0.001152,1,4,48,0,1
1937,0.112900,0.127300,0.007300,0.022600,0.022900,0.057000,0.003100,0.019232,0.003296,,0.010432,0.001088,1,4,48,0,1
1938,0.113300,0.125700,0.007300,0.022600,0.022700,0.057200,0.003400,0.019264,0.003392,,0.010336,0.001152,1,4,48,0,1
1939,0.113300,0.126300,0.007300,0.022400,0.022700,0.057600,0.003200,0.018784,0.002944,,0.010272,0.001152,1,4,48,0,1
1940,0.113900,0.126500,0.007300,0.022600,0.023100,0.057300,0.003300,0.021504,0.002976,,0.011040,0.001152,1,4,48,0,1
1941,0.131900,0.126900,0.007400,0.022400,0.032800,0.059400,0.009700,0.020640,0.003008,,0.011840,0.001184,1,4,48,0,1
1942,0.119100,0.145000,0.011800,0.023000,0.024000,0.058100,0.002200,0.021120,0.002976,,0.011744,0.001152,1,4,48,0,1
1943,0.112000,0.132500,0.007200,0.022500,0.020700,0.059200,0.002400,0.021216,0.003072,,0.010528,0.001152,1,4,48,0,1
1944,0.115500,0.125000,0.007100,0.022700,0.022700,0.059500,0.003400,0.019648,0.002944,,0.010400,0.001120,1,4,48,0,1
1945,0.115100,0.128700,0.007300,0.022800,0.023600,0.058100,0.003200,0.019232,0.003200,,0.010496,0.001152,1,4,48,0,1
1946,0.114100,0.127900,0.007700,0.022600,0.023100,0.057500,0.003200,0.019008,0.003072,,0.010464,0.001152,1,4,48,0,1
1947,0.112300,0.127200,0.007200,0.022300,0.023000,0.057400,0.002400,0.018592,0.003072,,0.010816,0.001152,1,4,48,0,1
1948,0.123500,0.125300,0.007200,0.022400,0.023500,0.057500,0.012800,0.019296,0.003264,,0.010464,0.001152,1,4,48,0,1
1949,0.114200,0.136400,0.007200,0.022700,0.023400,0.057300,0.003400,0.021568,0.002976,,0.012544,0.001184,1,4,48,0,1
1950,0.113500,0.127100,0.007200,0.022400,0.022800,0.057700,0.003200,0.019136,0.003136,,0.010496,0.001120,1,4,48,0,1
1951,0.121600,0.126400,0.007200,0.022600,0.023000,0.057600,0.011000,0.018464,0.002976,,0.010592,0.001152,1,4,48,0,1
1952,0.113100,0.134800,0.007200,0.022200,0.022600,0.057600,0.003300,0.019136,0.003328,,0.010336,0.001120,1,4,48,0,1
1953,0.113900,0.126000,0.007200,0.022600,0.022800,0.058100,0.003200,0.019200,0.003040,,0.012960,0.001152,1,4,48,0,1
1954,0.117900,0.126800,0.007200,0.022200,0.027400,0.058400,0.002400,0.021600,0.003008,,0.011040,0.001184,1,4,48,0,1
1955,0.112500,0.131000,0.007300,0.022300,0.023000,0.057300,0.002400,0.018816,0.002944,,0.010304,0.001152,1,4,48,0,1
1956,0.144300,0.125500,0.024100,0.024100,0.024300,0.058700,0.013000,0.018912,0.002880,,0.010464,0.001184,1,4,48,0,1
1957,0.123400,0.157800,0.007000,0.022500,0.027300,0.064600,0.001600,0.019104,0.003456,,0.010496,0.001152,1,4,48,0,1
1958,0.113800,0.136600,0.007500,0.022800,0.023300,0.057800,0.002400,0.019328,0.003296,,0.010528,0.001120,1,4,48,0,1
1959,0.112600,0.126800,0.007300,0.022700,0.022700,0.057800,0.001900,0.019040,0.003136,,0.010368,0.001184,1,4,48,0,1
1960,0.112100,0.125500,0.007500,0.022300,0.022800,0.057100,0.002400,0.020192,0.003296,,0.013952,0.001152,1,4,48,0,1
1961,0.112800,0.125000,0.007300,0.022400,0.023200,0.057200,0.002500,0.019104,0.003168,,0.010432,0.001152,1,4,48,0,1
1962,0.122800,0.125700,0.007400,0.022400,0.023100,0.057400,0.012300,0.018496,0.002944,,0.010624,0.001184,1,4,48,0,1
1963,0.111900,0.135800,0.007300,0.022400,0.023000,0.056700,0.002400,0.019072,0.003104,,0.010432,0.001152,1,4,48,0,1
1964,0.112200,0.124700,0.007400,0.022700,0.022800,0.056800,0.002300,0.021920,0.003328,,0.011328,0.001088,1,4,48,0,1
1965,0.112600,0.125200,0.007200,0.022400,0.022700,0.056800,0.003400,0.018464,0.003008,,0.010784,0.001152,1,4,48,0,1
1966,0.113500,0.125400,0.007500,0.022400,0.022800,0.057500,0.003200,0.021408,0.002976,,0.012480,0.001152,1,4,48,0,1
1967,0.112800,0.126600,0.007200,0.022700,0.022900,0.057600,0.002300,0.021568,0.003040,,0.011040,0.001120,1,4,48,0,1
1968,0.123300,0.125600,0.007100,0.022400,0.023300,0.057500,0.012700,0.019168,0.003264,,0.010368,0.001120,1,4,48,0,1
1969,0.112700,0.136300,0.007100,0.022600,0.023100,0.057300,0.002300,0.019008,0.003104,,0.010432,0.001120,1,4,48,0,1
1970,0.113800,0.125700,0.007500,0.022700,0.022900,0.057400,0.003200,0.018976,0.003104,,0.010304,0.001152,1,4,48,0,1
1971,0.113300,0.126700,0.007300,0.022600,0.022700,0.057300,0.003200,0.019200,0.003008,,0.012992,0.001152,1,4,48,0,1
1972,0.113700,0.126500,0.007300,0.022600,0.023000,0.057600,0.003100,0.021632,0.003104,,0.011072,0.001184,1,4,48,0,1
1973,0.128600,0.126900,0.007400,0.027400,0.023200,0.058100,0.012400,0.019136,0.003040,,0.013024,0.001120,1,4,48,0,1
1974,0.114100,0.141800,0.007300,0.022600,0.023400,0.057500,0.003200,0.018944,0.002880,,0.013056,0.001184,1,4,48,0,1
1975,0.307700,0.127500,0.007300,0.028200,0.100200,0.167500,0.004400,0.019680,0.003456,,0.010400,0.001088,1,4,48,0,1
1976,0.180800,0.327700,0.010600,0.037600,0.044800,0.083600,0.004100,0.019872,0.002976,,0.013856,0.001152,1,4,48,0,1
1977,0.143400,0.197900,0.009500,0.028900,0.029200,0.072000,0.003600,0.019104,0.003104,,0.010432,0.001152,1,4,48,0,1
1978,0.140600,0.159600,0.008900,0.027900,0.028800,0.071200,0.003400,0.021536,0.003008,,0.011040,0.001120,1,4,48,0,1
1979,0.151600,0.157100,0.008800,0.027500,0.028700,0.071400,0.015000,0.018912,0.003008,,0.010400,0.001152,1,4,48,0,1
1980,0.138000,0.167800,0.008900,0.027300,0.028800,0.069400,0.003500,0.019232,0.003136,,0.010560,0.001152,1,4,48,0,1
1981,0.149200,0.153900,0.008800,0.027100,0.028400,0.071100,0.013700,0.018496,0.003008,,0.010912,0.001184,1,4,48,0,1
1982,0.129300,0.165100,0.008900,0.025600,0.023500,0.058700,0.012500,0.019072,0.003200,,0.010496,0.001120,1,4,48,0,1
1983,0.114400,0.142100,0.007300,0.022300,0.023400,0.058100,0.003100,0.019104,0.003136,,0.010400,0.001152,1,4,48,0,1
1984,0.114700,0.127400,0.007200,0.022500,0.023400,0.058200,0.003200,0.018656,0.003264,,0.010784,0.001152,1,4,48,0,1
1985,0.115900,0.127900,0.007400,0.022900,0.023500,0.058500,0.003500,0.018944,0.003136,,0.010368,0.001152,1,4,48,0,1
1986,0.118800,0.129100,0.007200,0.022900,0.023200,0.062200,0.003200,0.021408,0.003008,,0.011008,0.001120,1,4,48,0,1
1987,0.139900,0.131900,0.007400,0.043500,0.026700,0.059000,0.003100,0.019296,0.003360,,0.010400,0.001152,1,4,48,0,1
1988,0.115000,0.153100,0.007800,0.023100,0.022900,0.058000,0.003000,0.021632,0.003008,,0.011072,0.001120,1,4,48,0,1
1989,0.114800,0.128400,0.007300,0.022400,0.023200,0.058600,0.003100,0.019008,0.003168,,0.010336,0.001120,1,4,48,0,1
1990,0.115000,0.127900,0.007300,0.022400,0.023200,0.058700,0.003200,0.019136,0.003072,,0.010496,0.001184,1,4,48,0,1
1991,0.114800,0.128100,0.007400,0.022600,0.023300,0.058100,0.003100,0.019040,0.003136,,0.010400,0.001120,1,4,48,0,1
1992,0.114400,0.127800,0.007700,0.022500,0.022400,0.058500,0.003100,0.018432,0.002944,,0.010816,0.001184,1,4,48,0,1
1993,0.121300,0.127500,0.007400,0.022300,0.022800,0.058100,0.010600,0.018912,0.002976,,0.010400,0.001152,1,4,48,0,1
1994,0.121500,0.134600,0.007300,0.022600,0.023300,0.058200,0.010000,0.018400,0.002912,,0.010848,0.001184,1,4,48,0,1
1995,0.123600,0.134600,0.007300,0.022400,0.023100,0.058500,0.012200,0.019136,0.003104,,0.010528,0.001152,1,4,48,0,1
1996,0.121000,0.136700,0.007200,0.022500,0.023200,0.058600,0.009200,0.018432,0.002944,,0.010848,0.001120,1,4,48,0,1
1997,0.114300,0.134000,0.007600,0.022700,0.022900,0.057900,0.003200,0.018432,0.002976,,0.010848,0.001152,1,4,48,0,1
1998,0.113700,0.127400,0.007300,0.022600,0.023000,0.057700,0.003100,0.019040,0.003168,,0.010368,0.001152,1,4,48,0,1
1999,0.146200,0.127100,0.007300,0.022400,0.022900,0.089800,0.003800,0.018944,0.003072,,0.010336,0.001152,1,4,48,0,1
2000,0.121900,0.159800,0.007500,0.022900,0.023700,0.066000,0.001700,0.018976,0.003008,,0.010432,0.001152,1,4,48,0,1
2001,0.115900,0.135000,0.007600,0.023000,0.023800,0.058200,0.003200,0.019040,0.003296,,0.010336,0.001088,1,4,48,0,1
2002,0.128100,0.129300,0.007200,0.027600,0.023800,0.067300,0.001800,0.018688,0.003072,,0.010208,0.001152,1,4,48,0,1
2003,0.116100,0.141500,0.007400,0.022900,0.023600,0.059000,0.003100,0.018912,0.003136,,0.010304,0.001088,1,4,48,0,1
2004,0.114500,0.129200,0.007300,0.022600,0.022900,0.058500,0.003100,0.021600,0.002976,,0.011104,0.001152,1,4,48,0,1
2005,0.115000,0.127500,0.007600,0.022400,0.022900,0.058700,0.003200,0.019040,0.003008,,0.010560,0.001120,1,4,48,0,1
2006,0.114500,0.128100,0.007400,0.022500,0.023100,0.058200,0.003200,0.019200,0.003072,,0.013056,0.001152,1,4,48,0,1
2007,0.114600,0.127600,0.007300,0.022600,0.023400,0.058100,0.003100,0.018880,0.003296,,0.010240,0.001088,1,4,48,0,1
2008,0.121600,0.127600,0.007500,0.022600,0.023300,0.058800,0.009200,0.018464,0.002912,,0.010912,0.001152,1,4,48,0,1
2009,0.120100,0.134700,0.007300,0.022400,0.023200,0.058200,0.008900,0.018592,0.003008,,0.010144,0.001152,1,4,48,0,1
2010,0.114900,0.133100,0.007700,0.022400,0.022900,0.058600,0.003200,0.019136,0.003136,,0.010464,0.001152,1,4,48,0,1
2011,0.115100,0.128100,0.007200,0.022300,0.023800,0.058300,0.003000,0.019136,0.003264,,0.010368,0.001120,1,4,48,0,1
2012,0.113600,0.128300,0.007300,0.022400,0.022900,0.057700,0.003000,0.021728,0.003104,,0.012480,0.001152,1,4,48,0,1
2013,0.113500,0.126500,0.007300,0.022700,0.023000,0.057100,0.003200,0.018464,0.002944,,0.010976,0.001152,1,4,48,0,1
2014,0.112800,0.126900,0.007300,0.022500,0.022700,0.057000,0.003200,0.019232,0.003328,,0.013024,0.001088,1,4,48,0,1
2015,0.112400,0.125700,0.007300,0.022600,0.023200,0.056900,0.002300,0.021792,0.003136,,0.012512,0.001152,1,4,48,0,1
2016,0.113800,0.125700,0.007500,0.022500,0.022900,0.057600,0.003200,0.018944,0.002912,,0.013088,0.001152,1,4,48,0,1
2017,0.130800,0.126800,0.007300,0.022400,0.023400,0.076000,0.001700,0.018496,0.003008,,0.010656,0.001152,1,4,48,0,1
2018,0.115300,0.144200,0.007500,0.023000,0.023000,0.058200,0.003400,0.019136,0.003104,,0.010464,0.001184,1,4,48,0,1
2019,0.114100,0.128500,0.007200,0.022700,0.022900,0.057800,0.003300,0.018944,0.003008,,0.010400,0.001152,1,4,48,0,1
2020,0.123300,0.127200,0.007500,0.022800,0.022900,0.057700,0.012300,0.018528,0.002976,,0.010880,0.001152,1,4,48,0,1
2021,0.122700,0.136200,0.007200,0.022800,0.023300,0.058000,0.011300,0.018432,0.003008,,0.010848,0.001152,1,4,48,0,1
2022,0.113400,0.135700,0.007300,0.022600,0.022700,0.057500,0.003200,0.019200,0.002976,,0.013088,0.001184,1,4,48,0,1
2023,0.113200,0.126600,0.007300,0.022400,0.022700,0.057600,0.003200,0.019232,0.003136,,0.010528,0.001184,1,4,48,0,1
2024,0.114800,0.126200,0.007600,0.022600,0.023100,0.058200,0.003000,0.022144,0.003232,,0.011360,0.001120,1,4,48,0,1
2025,0.113800,0.128400,0.007300,0.022400,0.022700,0.057900,0.003200,0.019200,0.002976,,0.013056,0.001152,1,4,48,0,1
2026,0.112400,0.126700,0.007400,0.022400,0.022600,0.057300,0.002400,0.021664,0.003008,,0.011072,0.001152,1,4,48,0,1
2027,0.114000,0.125300,0.007500,0.022600,0.023200,0.057200,0.003300,0.019296,0.002912,,0.012992,0.001184,1,4,48,0,1
2028,0.122900,0.126900,0.007400,0.022600,0.022700,0.057500,0.012600,0.018976,0.003008,,0.010432,0.001152,1,4,48,0,1
2029,0.124000,0.135700,0.007500,0.022900,0.023100,0.057600,0.012700,0.018880,0.002976,,0.010336,0.001152,1,4,48,0,1
2030,0.113100,0.137100,0.007200,0.022700,0.023500,0.057300,0.002300,0.022080,0.003072,,0.011392,0.001152,1,4,48,0,1
2031,0.113700,0.126100,0.007400,0.022500,0.023000,0.057400,0.003300,0.021696,0.003072,,0.012512,0.001120,1,4,48,0,1
2032,0.131800,0.126500,0.007400,0.022800,0.023000,0.061300,0.017200,0.019616,0.003200,,0.010208,0.001120,1,4,48,0,1
2033,0.124500,0.145000,0.012300,0.023200,0.023700,0.062600,0.002500,0.019744,0.003168,,0.010400,0.001152,1,4,48,0,1
2034,0.113000,0.149800,0.007400,0.022600,0.023200,0.056400,0.003300,0.019168,0.003008,,0.013024,0.001152,1,4,48,0,1
2035,0.122000,0.126100,0.007600,0.022300,0.023100,0.057700,0.011200,0.018656,0.003168,,0.010432,0.001120,1,4,48,0,1
2036,0.112800,0.135200,0.007200,0.022200,0.023000,0.057000,0.003200,0.022048,0.003072,,0.011392,0.001152,1,4,48,0,1
2037,0.112000,0.125900,0.007400,0.022400,0.022600,0.057000,0.002500,0.018688,0.003008,,0.010336,0.001184,1,4,48,0,1
2038,0.113500,0.125100,0.007300,0.022600,0.023300,0.057100,0.003200,0.021760,0.003136,,0.011040,0.001152,1,4,48,0,1
2039,0.113500,0.126600,0.007500,0.022600,0.022400,0.057500,0.003300,0.019296,0.002944,,0.012928,0.001152,1,4,48,0,1
2040,0.113100,0.126700,0.007300,0.022600,0.022800,0.056900,0.003200,0.019296,0.003104,,0.012992,0.001120,1,4,48,0,1
2041,0.113600,0.126100,0.007600,0.022500,0.022800,0.057400,0.003200,0.019104,0.003168,,0.010400,0.001120,1,4,48,0,1
2042,0.113100,0.126700,0.007300,0.022500,0.022800,0.057200,0.003200,0.019264,0.003200,,0.013024,0.001152,1,4,48,0,1
2043,0.113500,0.126000,0.007200,0.022600,0.022900,0.057300,0.003300,0.018528,0.003040,,0.010816,0.001184,1,4,48,0,1
2044,0.122500,0.126700,0.007300,0.022500,0.022400,0.057600,0.012500,0.018656,0.003072,,0.010496,0.001152,1,4,48,0,1
2045,0.113800,0.135700,0.007300,0.022500,0.023500,0.056900,0.003500,0.018912,0.003136,,0.010240,0.001152,1,4,48,0,1
2046,0.121000,0.126900,0.007300,0.022600,0.023000,0.057300,0.010700,0.018496,0.003040,,0.010560,0.001152,1,4,48,0,1
2047,0.113200,0.134200,0.007300,0.022300,0.023100,0.058000,0.002400,0.019264,0.003104,,0.012992,0.001152,1,4,48,0,1
2048,0.128900,0.126600,0.007300,0.022600,0.023000,0.063300,0.012600,0.021600,0.003008,,0.012352,0.001152,1,4,48,0,1
2049,0.123900,0.142000,0.007400,0.023000,0.023100,0.058100,0.012200,0.018560,0.003040,,0.010720,0.001152,1,4,48,0,1
2050,0.121300,0.136900,0.007500,0.022500,0.023100,0.057800,0.010400,0.018496,0.003008,,0.010848,0.001152,1,4,48,0,1
2051,0.113400,0.134200,0.007300,0.022500,0.023000,0.057200,0.003300,0.018560,0.003072,,0.010976,0.001152,1,4,48,0,1
2052,0.114100,0.126500,0.007300,0.022400,0.023400,0.057700,0.003100,0.018496,0.003040,,0.010816,0.001152,1,4,48,0,1
2053,0.121600,0.127500,0.007400,0.022300,0.023100,0.057800,0.010900,0.018592,0.003040,,0.010912,0.001184,1,4,48,0,1
2054,0.114400,0.134700,0.007500,0.022600,0.023200,0.057900,0.003200,0.019360,0.003200,,0.012928,0.001152,1,4,48,0,1
2055,0.113100,0.127300,0.007400,0.022500,0.022700,0.057200,0.003300,0.021568,0.002912,,0.012512,0.001184,1,4,48,0,1
2056,0.113600,0.125900,0.007200,0.022500,0.023200,0.057000,0.003300,0.019072,0.003264,,0.010304,0.001120,1,4,48,0,1
2057,0.112800,0.126900,0.007200,0.022500,0.022700,0.057000,0.003200,0.019072,0.003040,,0.010464,0.001152,1,4,48,0,1
2058,0.112400,0.125900,0.007200,0.022400,0.022600,0.056900,0.003200,0.019232,0.003264,,0.010528,0.001088,1,4,48,0,1
2059,0.113600,0.125300,0.007200,0.022400,0.022800,0.057900,0.003100,0.021472,0.002976,,0.011008,0.001184,1,4,48,0,1
2060,0.113300,0.126500,0.007300,0.022300,0.022900,0.057400,0.003200,0.019200,0.003168,,0.010464,0.001184,1,4,48,0,1
2061,0.113000,0.126200,0.007300,0.022300,0.022800,0.057200,0.003200,0.019168,0.003296,,0.010368,0.001120,1,4,48,0,1
2062,0.113600,0.126000,0.007400,0.022500,0.023300,0.056900,0.003300,0.019328,0.003264,,0.013024,0.001152,1,4,48,0,1
2063,0.112500,0.126600,0.007900,0.022100,0.023100,0.056900,0.002300,0.021536,0.003008,,0.011040,0.001120,1,4,48,0,1
2064,0.119700,0.145000,0.007800,0.024100,0.025000,0.059400,0.003200,0.019136,0.002944,,0.013056,0.001184,1,4,48,0,1
2065,0.114300,0.132900,0.007200,0.022600,0.023200,0.057800,0.003300,0.022080,0.003136,,0.011360,0.001152,1,4,48,0,1
2066,0.111900,0.127600,0.007300,0.022100,0.022700,0.057300,0.002400,0.021440,0.002944,,0.012480,0.001120,1,4,48,0,1
2067,0.113400,0.124800,0.007400,0.022300,0.023000,0.057200,0.003200,0.019488,0.003040,,0.013024,0.001152,1,4,48,0,1
2068,0.113300,0.126500,0.007200,0.022400,0.022900,0.057400,0.003200,0.019008,0.003008,,0.010496,0.001120,1,4,48,0,1
2069,0.112900,0.126400,0.007200,0.022400,0.022600,0.057400,0.003300,0.019072,0.003136,,0.010432,0.001120,1,4,48,0,1
2070,0.113300,0.126000,0.007600,0.022500,0.022600,0.057300,0.003300,0.018688,0.003040,,0.010304,0.001152,1,4,48,0,1
2071,0.123400,0.126500,0.007400,0.022700,0.022900,0.059900,0.010400,0.018464,0.002944,,0.010560,0.001184,1,4,48,0,1
2072,0.114500,0.136600,0.007300,0.022500,0.023100,0.058200,0.003200,0.018944,0.003040,,0.010336,0.001184,1,4,48,0,1
2073,0.123300,0.127800,0.007300,0.022600,0.023300,0.057500,0.012600,0.019712,0.003616,,0.013056,0.001152,1,4,48,0,1
2074,0.123200,0.136600,0.007400,0.022200,0.023200,0.057800,0.012500,0.019040,0.003168,,0.010496,0.001120,1,4,48,0,1
2075,0.114700,0.136200,0.007600,0.022600,0.023500,0.057700,0.003200,0.019072,0.003072,,0.010432,0.001152,1,4,48,0,1
2076,0.122000,0.127600,0.007600,0.022300,0.023200,0.058100,0.010800,0.018592,0.003040,,0.010912,0.001184,1,4,48,0,1
2077,0.112900,0.134900,0.007300,0.022300,0.023000,0.057000,0.003300,0.019232,0.003264,,0.010496,0.001120,1,4,48,0,1
2078,0.147000,0.125900,0.007200,0.022500,0.022900,0.088500,0.005800,0.019744,0.002944,,0.013888,0.001120,1,4,48,0,1
2079,0.122700,0.160100,0.007300,0.027900,0.021700,0.063900,0.001900,0.020544,0.003232,,0.011424,0.001120,1,4,48,0,1
2080,0.113800,0.136000,0.007200,0.022400,0.023300,0.057700,0.003100,0.019808,0.003040,,0.010080,0.001152,1,4,48,0,1
2081,0.112600,0.126900,0.007500,0.022300,0.022600,0.056700,0.003400,0.019552,0.003168,,0.012096,0.001120,1,4,48,0,1
2082,0.114100,0.125800,0.007200,0.022400,0.023000,0.058100,0.003100,0.019200,0.003040,,0.013056,0.001088,1,4,48,0,1
2083,0.112900,0.126900,0.007400,0.022200,0.022700,0.057300,0.003100,0.019168,0.003136,,0.013056,0.001152,1,4,48,0,1
2084,0.113700,0.125900,0.007500,0.022600,0.022700,0.057500,0.003300,0.019104,0.003200,,0.010400,0.001120,1,4,48,0,1
2085,0.112900,0.126700,0.007300,0.022300,0.022900,0.057100,0.003100,0.019136,0.003264,,0.010368,0.001120,1,4,48,0,1
2086,0.113500,0.126100,0.007800,0.022500,0.022900,0.057100,0.003100,0.021568,0.002944,,0.011104,0.001184,1,4,48,0,1
2087,0.112700,0.126600,0.007100,0.022200,0.023000,0.057000,0.003400,0.019168,0.003168,,0.010496,0.001120,1,4,48,0,1
2088,0.112700,0.125800,0.007200,0.022300,0.022700,0.057300,0.003200,0.019104,0.003104,,0.010496,0.001152,1,4,48,0,1
2089,0.111900,0.125500,0.007200,0.022300,0.022300,0.056600,0.003200,0.019488,0.003232,,0.012896,0.001152,1,4,48,0,1
2090,0.114000,0.124700,0.007200,0.022300,0.024200,0.057000,0.003100,0.021632,0.002976,,0.012448,0.001152,1,4,48,0,1
2091,0.121500,0.127000,0.007300,0.022300,0.022900,0.057800,0.011200,0.018560,0.003104,,0.010912,0.001152,1,4,48,0,1
2092,0.113800,0.134300,0.007300,0.022300,0.023300,0.057400,0.003300,0.019168,0.003200,,0.010432,0.001184,1,4,48,0,1
2093,0.113700,0.126900,0.007300,0.022800,0.022700,0.057800,0.003100,0.019072,0.003072,,0.010400,0.001184,1,4,48,0,1
2094,0.168800,0.126900,0.007800,0.022500,0.023300,0.099200,0.015700,0.018560,0.003040,,0.010880,0.001184,1,4,48,0,1
2095,0.263800,0.195000,0.015000,0.053200,0.049000,0.143700,0.002800,0.020032,0.003296,,0.013888,0.001120,1,4,48,0,1
2096,0.162600,0.281700,0.010100,0.031600,0.031600,0.086800,0.002200,0.019520,0.003008,,0.010304,0.001152,1,4,48,0,1
2097,0.158000,0.179500,0.009100,0.028300,0.030800,0.085000,0.004700,0.018912,0.003040,,0.010464,0.001152,1,4,48,0,1
2098,0.163500,0.174500,0.009000,0.027400,0.028600,0.094500,0.003800,0.018464,0.003072,,0.010912,0.001088,1,4,48,0,1
2099,0.140300,0.180200,0.009200,0.028000,0.028700,0.070900,0.003300,0.021824,0.003136,,0.011136,0.001120,1,4,48,0,1
2100,0.152600,0.156500,0.008900,0.027200,0.028700,0.084400,0.003300,0.019360,0.003296,,0.013056,0.001120,1,4,48,0,1
2101,0.144800,0.168700,0.009100,0.027800,0.031600,0.072200,0.003900,0.021632,0.003072,,0.011040,0.001152,1,4,48,0,1
2102,0.138500,0.160800,0.009300,0.027500,0.028300,0.069700,0.003600,0.019104,0.003104,,0.010496,0.001120,1,4,48,0,1
2103,0.138200,0.154500,0.008800,0.027400,0.028800,0.069400,0.003600,0.019072,0.002976,,0.013024,0.001184,1,4,48,0,1
2104,0.166600,0.154300,0.009000,0.026800,0.047200,0.079800,0.003600,0.019040,0.003104,,0.010400,0.001184,1,4,48,0,1
2105,0.131000,0.181600,0.008200,0.025800,0.025200,0.068700,0.002600,0.018496,0.003008,,0.010752,0.001152,1,4,48,0,1
2106,0.117700,0.144500,0.007500,0.023200,0.023600,0.059900,0.003100,0.019744,0.003072,,0.010240,0.001184,1,4,48,0,1
2107,0.115900,0.131100,0.007500,0.022900,0.023100,0.059300,0.003000,0.021792,0.003136,,0.011040,0.001152,1,4,48,0,1
2108,0.134600,0.129000,0.007100,0.024500,0.028000,0.070800,0.004200,0.021536,0.003328,,0.010976,0.001120,1,4,48,0,1
2109,0.139200,0.150700,0.008700,0.027300,0.028100,0.071000,0.003700,0.018848,0.003264,,0.010176,0.001120,1,4,48,0,1
2110,0.137700,0.155300,0.008600,0.027400,0.027700,0.070000,0.003700,0.019200,0.003264,,0.010400,0.001120,1,4,48,0,1
2111,0.138000,0.153700,0.008900,0.027100,0.027800,0.070400,0.003700,0.019072,0.002976,,0.010528,0.001184,1,4,48,0,1
2112,0.148200,0.153900,0.008500,0.038000,0.028000,0.069800,0.003800,0.019520,0.003072,,0.013024,0.001152,1,4,48,0,1
2113,0.139100,0.164100,0.008600,0.027300,0.027700,0.071700,0.003600,0.021600,0.002976,,0.011104,0.001152,1,4,48,0,1
2114,0.130700,0.155100,0.009000,0.027500,0.028400,0.062500,0.003200,0.018880,0.003136,,0.010176,0.001152,1,4,48,0,1
2115,0.115600,0.144100,0.007400,0.022600,0.023800,0.058600,0.003100,0.021504,0.002944,,0.011200,0.001152,1,4,48,0,1
2116,0.121800,0.128900,0.007200,0.028400,0.023700,0.059300,0.003100,0.020384,0.003072,,0.011488,0.001184,1,4,48,0,1
2117,0.114500,0.135400,0.007300,0.022700,0.023000,0.058400,0.003100,0.019456,0.003200,,0.010304,0.001120,1,4,48,0,1
2118,0.114600,0.127900,0.007100,0.022500,0.023100,0.058400,0.003100,0.019168,0.002912,,0.013056,0.001152,1,4,48,0,1
2119,0.150300,0.127800,0.007300,0.022500,0.036400,0.082200,0.001900,0.018944,0.002976,,0.012992,0.001088,1,4,48,0,1
2120,0.112800,0.163300,0.007400,0.022800,0.021100,0.059400,0.001900,0.019936,0.003456,,0.003808,0.001152,1,4,48,0,1
2121,0.112500,0.125800,0.007300,0.022600,0.020600,0.060000,0.001900,0.020928,0.003296,,0.011904,0.001184,1,4,48,0,1
2122,0.114400,0.125600,0.007000,0.022300,0.019900,0.061900,0.003300,0.019072,0.003040,,0.013088,0.001184,1,4,48,0,1
2123,0.133100,0.127400,0.007500,0.022400,0.034500,0.058200,0.010400,0.018464,0.003072,,0.010816,0.001120,1,4,48,0,1
2124,0.125500,0.146200,0.007300,0.022900,0.023800,0.059000,0.012500,0.019104,0.003072,,0.010528,0.001152,1,4,48,0,1
2125,0.114700,0.138500,0.007600,0.022500,0.023000,0.058500,0.003100,0.021664,0.003232,,0.011328,0.001120,1,4,48,0,1
2126,0.114400,0.127800,0.007500,0.022400,0.023100,0.058200,0.003100,0.021632,0.002944,,0.012416,0.001152,1,4,48,0,1
2127,0.113900,0.127600,0.007300,0.022300,0.022600,0.058400,0.003300,0.019264,0.002976,,0.012928,0.001152,1,4,48,0,1
2128,0.120700,0.126800,0.007200,0.022400,0.022900,0.058400,0.009700,0.018752,0.003072,,0.010176,0.001152,1,4,48,0,1
2129,0.114500,0.133600,0.007200,0.022500,0.023100,0.058400,0.003100,0.018944,0.003072,,0.010368,0.001152,1,4,48,0,1
2130,0.126300,0.127600,0.007200,0.022500,0.023000,0.071500,0.002100,0.018592,0.003008,,0.010848,0.001152,1,4,48,0,1
2131,0.153000,0.139900,0.008000,0.024300,0.024900,0.090500,0.005300,0.019840,0.003104,,0.010400,0.001152,1,4,48,0,1
2132,0.165600,0.168200,0.008900,0.030800,0.028300,0.091500,0.006100,0.019872,0.002976,,0.013952,0.001152,1,4,48,0,1
2133,0.146800,0.179800,0.008700,0.029900,0.027600,0.076600,0.004000,0.019840,0.002944,,0.013952,0.001152,1,4,48,0,1
2134,0.136400,0.168300,0.007900,0.024700,0.024400,0.077200,0.002000,0.018912,0.002944,,0.010400,0.001184,1,4,48,0,1
2135,0.117500,0.149800,0.007600,0.024000,0.024000,0.058700,0.003100,0.019616,0.002880,,0.013824,0.001120,1,4,48,0,1
2136,0.113000,0.130900,0.007400,0.022600,0.023100,0.057200,0.002400,0.018976,0.003104,,0.010304,0.001184,1,4,48,0,1
2137,0.113700,0.125900,0.007400,0.022500,0.022900,0.057500,0.003300,0.019232,0.003008,,0.013088,0.001184,1,4,48,0,1
2138,0.113700,0.126700,0.007300,0.022500,0.023100,0.057500,0.003200,0.021632,0.003008,,0.011072,0.001152,1,4,48,0,1
2139,0.113500,0.126900,0.007300,0.022500,0.023100,0.057300,0.003200,0.019008,0.003072,,0.010432,0.001152,1,4,48,0,1
2140,0.122400,0.126400,0.007200,0.022600,0.022900,0.057800,0.011600,0.018624,0.003008,,0.010848,0.001184,1,4,48,0,1
2141,0.114500,0.135300,0.007600,0.022600,0.023400,0.057400,0.003300,0.021504,0.002944,,0.011008,0.001184,1,4,48,0,1
2142,0.121100,0.127400,0.007400,0.022600,0.022800,0.057300,0.011000,0.018464,0.003040,,0.010624,0.001088,1,4,48,0,1
2143,0.113400,0.134200,0.007100,0.022400,0.023000,0.057300,0.003400,0.019136,0.003008,,0.013056,0.001152,1,4,48,0,1
2144,0.114900,0.126300,0.007400,0.022600,0.023400,0.058200,0.003200,0.018912,0.003104,,0.010304,0.001120,1,4,48,0,1
2145,0.114200,0.127700,0.007300,0.022400,0.022800,0.058400,0.003200,0.019008,0.002976,,0.013024,0.001152,1,4,48,0,1
2146,0.113500,0.127100,0.007200,0.022300,0.022800,0.057900,0.003200,0.019168,0.003072,,0.013024,0.001184,1,4,48,0,1
2147,0.120700,0.126600,0.007200,0.028500,0.023500,0.058400,0.003100,0.021504,0.002912,,0.011008,0.001152,1,4,48,0,1
2148,0.131600,0.134000,0.007500,0.022500,0.023300,0.074400,0.003800,0.021632,0.003008,,0.011072,0.001120,1,4,48,0,1
2149,0.114300,0.144800,0.007200,0.022300,0.023200,0.058400,0.003100,0.019232,0.003072,,0.013088,0.001152,1,4,48,0,1
2150,0.114000,0.127300,0.007300,0.022500,0.023000,0.058000,0.003200,0.018464,0.003008,,0.010848,0.001152,1,4,48,0,1
2151,0.114300,0.127000,0.007500,0.022600,0.022600,0.058100,0.003300,0.018976,0.002880,,0.012928,0.001152,1,4,48,0,1
2152,0.122900,0.127200,0.007300,0.022400,0.022900,0.057400,0.012700,0.018720,0.002848,,0.010336,0.001120,1,4,48,0,1
2153,0.122200,0.135800,0.007400,0.022700,0.022900,0.056400,0.012800,0.019200,0.003040,,0.012992,0.001152,1,4,48,0,1
2154,0.113200,0.135200,0.007400,0.022400,0.022700,0.057300,0.003300,0.019072,0.003072,,0.010464,0.001152,1,4,48,0,1
2155,0.112200,0.126300,0.007300,0.022600,0.022500,0.057300,0.002500,0.019232,0.003072,,0.012896,0.001152,1,4,48,0,1
2156,0.112200,0.125000,0.007300,0.022400,0.022500,0.056700,0.003300,0.021536,0.002976,,0.011104,0.001152,1,4,48,0,1
2157,0.112600,0.125100,0.007200,0.022300,0.022700,0.057000,0.003400,0.018528,0.003008,,0.010944,0.001152,1,4,48,0,1
2158,0.112500,0.125500,0.007300,0.022400,0.022700,0.056900,0.003100,0.019168,0.003168,,0.010464,0.001152,1,4,48,0,1
2159,0.120700,0.125600,0.007300,0.022600,0.022900,0.057100,0.010800,0.018752,0.003328,,0.010528,0.001120,1,4,48,0,1
2160,0.113300,0.133600,0.007300,0.022400,0.022900,0.057400,0.003200,0.021632,0.003040,,0.011072,0.001152,1,4,48,0,1
2161,0.112500,0.126200,0.007300,0.022400,0.022700,0.056700,0.003300,0.019232,0.002912,,0.012960,0.001152,1,4,48,0,1
2162,0.125800,0.125500,0.007300,0.022500,0.022800,0.062900,0.010100,0.021376,0.002880,,0.011104,0.001120,1,4,48,0,1
2163,0.113700,0.138900,0.007400,0.022800,0.022900,0.057400,0.003200,0.021600,0.003040,,0.011008,0.001152,1,4,48,0,1
2164,0.114000,0.126600,0.007300,0.022300,0.022800,0.057400,0.004000,0.018624,0.003104,,0.010912,0.001152,1,4,48,0,1
2165,0.112700,0.127000,0.007400,0.022400,0.023200,0.057000,0.002500,0.019104,0.003008,,0.013024,0.001184,1,4,48,0,1
2166,0.111600,0.125800,0.007200,0.022400,0.022900,0.056800,0.002200,0.019264,0.003040,,0.012960,0.001152,1,4,48,0,1
2167,0.111600,0.124400,0.007300,0.022400,0.023000,0.056400,0.002400,0.021504,0.003168,,0.011328,0.001152,1,4,48,0,1
2168,0.113900,0.124600,0.007200,0.022500,0.023200,0.057400,0.003400,0.019072,0.003040,,0.010464,0.001184,1,4,48,0,1
2169,0.126500,0.126900,0.007500,0.022400,0.022600,0.072200,0.001700,0.018528,0.003008,,0.010880,0.001184,1,4,48,0,1
2170,0.121300,0.139500,0.007400,0.022500,0.022800,0.057300,0.011200,0.018816,0.003168,,0.010240,0.001184,1,4,48,0,1
2171,0.113000,0.134300,0.007400,0.022400,0.022900,0.056700,0.003400,0.018784,0.003264,,0.010400,0.001152,1,4,48,0,1
2172,0.113300,0.126100,0.007200,0.022600,0.023200,0.057100,0.003200,0.018944,0.003040,,0.010336,0.001184,1,4,48,0,1
2173,0.127600,0.126100,0.007300,0.028100,0.023200,0.057400,0.011400,0.018784,0.003328,,0.010368,0.001088,1,4,48,0,1
2174,0.113100,0.140900,0.007300,0.022500,0.023300,0.056800,0.003200,0.019552,0.003040,,0.012640,0.001088,1,4,48,0,1
2175,0.114000,0.126000,0.007200,0.022800,0.023200,0.057300,0.003400,0.019328,0.003200,,0.010560,0.001152,1,4,48,0,1
2176,0.113400,0.127100,0.007400,0.022500,0.022800,0.057300,0.003200,0.019072,0.003072,,0.010400,0.001152,1,4,48,0,1
2177,0.113200,0.126400,0.007400,0.022400,0.022700,0.057300,0.003300,0.019264,0.003168,,0.010528,0.001152,1,4,48,0,1
2178,0.127600,0.126200,0.012000,0.023400,0.023800,0.066400,0.002000,0.018560,0.002976,,0.010944,0.001152,1,4,48,0,1
2179,0.114000,0.140800,0.007300,0.022700,0.023200,0.057500,0.003200,0.019232,0.002976,,0.012928,0.001152,1,4,48,0,1
2180,0.113500,0.127100,0.007500,0.022400,0.022900,0.057200,0.003500,0.018976,0.002976,,0.010432,0.001152,1,4,48,0,1
2181,0.112000,0.126500,0.007200,0.022400,0.023000,0.057300,0.001900,0.018528,0.003040,,0.010848,0.001184,1,4,48,0,1
2182,0.113700,0.125100,0.007300,0.022600,0.023400,0.056900,0.003400,0.019584,0.003168,,0.010432,0.001184,1,4,48,0,1
2183,0.111400,0.126900,0.007300,0.022700,0.022600,0.056700,0.002100,0.018976,0.003104,,0.010432,0.001184,1,4,48,0,1
2184,0.113300,0.124200,0.007200,0.022600,0.022800,0.057400,0.003300,0.019040,0.003040,,0.010432,0.001184,1,4,48,0,1
2185,0.124500,0.126400,0.007400,0.022800,0.023800,0.058200,0.012100,0.018368,0.003008,,0.010432,0.001088,1,4,48,0,1
2186,0.113900,0.137400,0.007300,0.022700,0.023300,0.057300,0.003200,0.021472,0.002944,,0.011104,0.001152,1,4,48,0,1
2187,0.124000,0.127100,0.007300,0.022400,0.023100,0.068500,0.002600,0.019040,0.003136,,0.010368,0.001120,1,4,48,0,1
2188,0.113700,0.136900,0.007200,0.022700,0.023200,0.057300,0.003300,0.019008,0.003072,,0.010368,0.001184,1,4,48,0,1
2189,0.112400,0.126800,0.007300,0.022400,0.023000,0.056300,0.003200,0.021600,0.003072,,0.011040,0.001152,1,4,48,0,1
2190,0.121600,0.125300,0.007200,0.022400,0.022900,0.057800,0.011100,0.018400,0.002976,,0.010880,0.001152,1,4,48,0,1
2191,0.113400,0.134500,0.007500,0.022600,0.022800,0.057300,0.003200,0.018880,0.002976,,0.010336,0.001184,1,4,48,0,1
2192,0.114100,0.126500,0.007200,0.022700,0.023000,0.057700,0.003100,0.019104,0.003136,,0.010432,0.001152,1,4,48,0,1
2193,0.121800,0.126900,0.007400,0.022600,0.023000,0.067000,0.001600,0.018624,0.003264,,0.010752,0.001120,1,4,48,0,1
2194,0.114700,0.135300,0.007400,0.022700,0.023600,0.057700,0.003100,0.021568,0.003040,,0.011040,0.001184,1,4,48,0,1
2195,0.112800,0.127600,0.007200,0.022500,0.022800,0.057100,0.003200,0.019232,0.003232,,0.010496,0.001152,1,4,48,0,1
2196,0.113600,0.125700,0.007300,0.022500,0.023200,0.057200,0.003300,0.021600,0.003008,,0.011104,0.001120,1,4,48,0,1
2197,0.112800,0.126500,0.007300,0.022200,0.022800,0.057100,0.003300,0.019008,0.003008,,0.010400,0.001152,1,4,48,0,1
2198,0.122300,0.126100,0.007200,0.022400,0.023000,0.057300,0.012300,0.018528,0.003072,,0.010752,0.001152,1,4,48,0,1
2199,0.112900,0.135300,0.007000,0.022400,0.023200,0.056800,0.003400,0.018528,0.003008,,0.010912,0.001152,1,4,48,0,1
2200,0.123000,0.125800,0.007200,0.022500,0.022900,0.068200,0.002000,0.018400,0.002880,,0.010848,0.001152,1,4,48,0,1
2201,0.114600,0.136000,0.007600,0.022700,0.023300,0.057700,0.003300,0.019328,0.003296,,0.010560,0.001120,1,4,48,0,1
2202,0.121600,0.127700,0.007500,0.022400,0.022600,0.057700,0.011200,0.019616,0.003008,,0.012736,0.001152,1,4,48,0,1
2203,0.114000,0.134600,0.007200,0.022300,0.023600,0.057500,0.003200,0.021952,0.003136,,0.011328,0.001088,1,4,48,0,1
2204,0.114100,0.127000,0.007500,0.022600,0.023000,0.057700,0.003200,0.018880,0.003040,,0.010336,0.001088,1,4,48,0,1
2205,0.241800,0.128800,0.009900,0.057600,0.037100,0.133600,0.003300,0.019488,0.002944,,0.010368,0.001152,1,4,48,0,1
2206,0.167700,0.260700,0.014500,0.037200,0.034800,0.077000,0.004100,0.019520,0.003168,,0.010368,0.001120,1,4,48,0,1
2207,0.144700,0.184600,0.009200,0.028800,0.029700,0.072900,0.004000,0.019200,0.003168,,0.010464,0.001184,1,4,48,0,1
2208,0.140200,0.161300,0.009000,0.027900,0.028300,0.070400,0.004400,0.021536,0.003008,,0.012512,0.001152,1,4,48,0,1
2209,0.144700,0.156400,0.009000,0.028000,0.028700,0.076800,0.002100,0.018624,0.003040,,0.010816,0.001184,1,4,48,0,1
2210,0.151800,0.160800,0.008800,0.027600,0.025600,0.086700,0.002900,0.020704,0.003072,,0.011744,0.001120,1,4,48,0,1
2211,0.136600,0.167700,0.008700,0.027900,0.027800,0.059600,0.012400,0.019872,0.003104,,0.013856,0.001120,1,4,48,0,1
2212,0.122900,0.149500,0.007500,0.022600,0.023500,0.059200,0.010000,0.019040,0.003040,,0.010464,0.001152,1,4,48,0,1
2213,0.122100,0.135900,0.007300,0.022300,0.023300,0.058600,0.010500,0.019072,0.003008,,0.010496,0.001152,1,4,48,0,1
2214,0.114900,0.135100,0.007300,0.022500,0.023100,0.058500,0.003100,0.021568,0.002880,,0.011104,0.001152,1,4,48,0,1
2215,0.120400,0.128000,0.007500,0.022300,0.022800,0.063800,0.003900,0.018912,0.003040,,0.010336,0.001152,1,4,48,0,1
2216,0.121300,0.133600,0.007100,0.022700,0.023400,0.064300,0.003800,0.018432,0.003072,,0.010656,0.001120,1,4,48,0,1
2217,0.137600,0.134500,0.007300,0.022600,0.029800,0.074000,0.003700,0.021632,0.003040,,0.012064,0.001184,1,4,48,0,1
2218,0.134600,0.150900,0.007600,0.030700,0.024400,0.059000,0.012700,0.019232,0.003104,,0.013120,0.001152,1,4,48,0,1
2219,0.116400,0.147700,0.007600,0.023100,0.023900,0.058400,0.003200,0.019072,0.003136,,0.010432,0.001120,1,4,48,0,1
2220,0.121000,0.129500,0.007300,0.022400,0.023100,0.058800,0.009300,0.018816,0.003232,,0.010272,0.001088,1,4,48,0,1
2221,0.115000,0.134100,0.007400,0.022400,0.023200,0.058700,0.003100,0.019200,0.003200,,0.010496,0.001120,1,4,48,0,1
2222,0.115200,0.127900,0.007300,0.022600,0.023800,0.058200,0.003000,0.021792,0.003104,,0.012480,0.001152,1,4,48,0,1
2223,0.114000,0.128200,0.007200,0.022300,0.022700,0.058600,0.003200,0.021760,0.003104,,0.011072,0.001184,1,4,48,0,1
2224,0.114600,0.127000,0.007000,0.022600,0.023200,0.058400,0.003100,0.019264,0.003328,,0.010464,0.001088,1,4,48,0,1
2225,0.121500,0.127600,0.007300,0.022500,0.023000,0.058800,0.009900,0.018432,0.002976,,0.010880,0.001152,1,4,48,0,1
2226,0.115500,0.134600,0.007300,0.022600,0.023300,0.059000,0.003200,0.019360,0.002912,,0.012992,0.001152,1,4,48,0,1
2227,0.114400,0.128500,0.007500,0.022400,0.022700,0.058600,0.003100,0.021664,0.003072,,0.011072,0.001152,1,4,48,0,1
2228,0.114200,0.127500,0.007500,0.022500,0.023000,0.058000,0.003100,0.019296,0.003168,,0.013056,0.001120,1,4,48,0,1
2229,0.114000,0.127100,0.007400,0.022500,0.022900,0.058000,0.003100,0.019072,0.003232,,0.010336,0.001088,1,4,48,0,1
2230,0.127900,0.127200,0.007100,0.022300,0.023100,0.058500,0.016600,0.019104,0.003104,,0.010496,0.001120,1,4,48,0,1
2231,0.114400,0.147400,0.007200,0.022600,0.023400,0.057900,0.003100,0.019552,0.003168,,0.012992,0.001184,1,4,48,0,1
2232,0.123400,0.127400,0.007200,0.022400,0.022700,0.069300,0.001700,0.019008,0.003008,,0.010432,0.001184,1,4,48,0,1
2233,0.114700,0.136300,0.007400,0.022800,0.023200,0.058100,0.003200,0.021632,0.002912,,0.011104,0.001184,1,4,48,0,1
2234,0.114600,0.127600,0.007300,0.022600,0.023300,0.058300,0.003100,0.021376,0.002944,,0.012416,0.001088,1,4,48,0,1
2235,0.114400,0.127500,0.007300,0.022600,0.023000,0.058300,0.003100,0.019232,0.003168,,0.010560,0.001120,1,4,48,0,1
2236,0.113900,0.127300,0.007200,0.022700,0.022700,0.057900,0.003000,0.018976,0.002976,,0.010432,0.001152,1,4,48,0,1
2237,0.113900,0.126900,0.007500,0.022500,0.023000,0.057700,0.003100,0.021536,0.002912,,0.011136,0.001184,1,4,48,0,1
2238,0.114300,0.126900,0.007300,0.022500,0.022900,0.058200,0.003400,0.019168,0.003232,,0.010368,0.001152,1,4,48,0,1
2239,0.123200,0.127500,0.007200,0.022300,0.022800,0.058500,0.012400,0.019168,0.003008,,0.010624,0.001152,1,4,48,0,1
2240,0.113900,0.136100,0.007300,0.022500,0.023300,0.057500,0.003100,0.019168,0.003104,,0.010528,0.001120,1,4,48,0,1
2241,0.122800,0.127100,0.007400,0.022300,0.023000,0.057600,0.012500,0.019392,0.003008,,0.013088,0.001152,1,4,48,0,1
2242,0.114200,0.135800,0.007600,0.022500,0.023000,0.057800,0.003300,0.021568,0.002912,,0.011104,0.001152,1,4,48,0,1
2243,0.113400,0.127400,0.007300,0.022600,0.023000,0.057900,0.002500,0.018656,0.003168,,0.010816,0.001184,1,4,48,0,1
2244,0.114000,0.126400,0.007300,0.022200,0.023600,0.057500,0.003200,0.018912,0.003136,,0.010272,0.001120,1,4,48,0,1
2245,0.113500,0.127000,0.007600,0.022900,0.023000,0.057500,0.002400,0.018496,0.003008,,0.010816,0.001152,1,4,48,0,1
2246,0.127200,0.126600,0.007400,0.022500,0.034100,0.061600,0.001500,0.019840,0.003520,,0.010336,0.001152,1,4,48,0,1
2247,0.125600,0.140400,0.007400,0.022400,0.023000,0.057500,0.015100,0.018720,0.003136,,0.010144,0.001120,1,4,48,0,1
2248,0.123300,0.139100,0.007400,0.023100,0.023500,0.058100,0.011100,0.018528,0.002976,,0.010944,0.001152,1,4,48,0,1
2249,0.114600,0.136600,0.007300,0.022600,0.023200,0.058300,0.003100,0.021472,0.003008,,0.012352,0.001152,1,4,48,0,1
2250,0.123500,0.127600,0.007300,0.022600,0.023200,0.058200,0.012100,0.019200,0.003264,,0.010464,0.001120,1,4,48,0,1
2251,0.114000,0.136800,0.007200,0.022600,0.022800,0.058200,0.003100,0.019040,0.003072,,0.010432,0.001152,1,4,48,0,1
2252,0.114100,0.127000,0.007400,0.022300,0.022800,0.058500,0.003100,0.018976,0.002976,,0.010432,0.001152,1,4,48,0,1
2253,0.113900,0.127300,0.007500,0.022300,0.022900,0.058100,0.003000,0.021632,0.003008,,0.011040,0.001152,1,4,48,0,1
2254,0.121300,0.126900,0.007300,0.022500,0.023300,0.058600,0.009500,0.018784,0.002976,,0.010240,0.001152,1,4,48,0,1
2255,0.113200,0.134400,0.007500,0.022500,0.023400,0.057500,0.002300,0.021216,0.003040,,0.011008,0.001120,1,4,48,0,1
2256,0.118000,0.126200,0.007500,0.022700,0.023400,0.062300,0.001900,0.019040,0.003040,,0.010464,0.001152,1,4,48,0,1
2257,0.116500,0.131000,0.007500,0.022600,0.023100,0.061400,0.001900,0.018848,0.002912,,0.010368,0.001152,1,4,48,0,1
2258,0.113500,0.129600,0.007600,0.022800,0.023300,0.057400,0.002300,0.019264,0.003264,,0.013056,0.001120,1,4,48,0,1
2259,0.122900,0.126500,0.007200,0.022800,0.023100,0.057200,0.012600,0.019136,0.003040,,0.013024,0.001120,1,4,48,0,1
2260,0.112900,0.136200,0.007200,0.022700,0.023400,0.057200,0.002400,0.019040,0.003072,,0.010464,0.001120,1,4,48,0,1
2261,0.112800,0.126000,0.007300,0.022500,0.023200,0.057200,0.002400,0.018912,0.003072,,0.010336,0.001120,1,4,48,0,1
2262,0.131400,0.125700,0.007500,0.022500,0.023500,0.072600,0.005200,0.018912,0.003072,,0.010336,0.001120,1,4,48,0,1
2263,0.129200,0.144600,0.007200,0.028700,0.023200,0.058900,0.010900,0.019072,0.002944,,0.013088,0.001152,1,4,48,0,1
2264,0.114800,0.142600,0.007200,0.022700,0.023400,0.058100,0.003200,0.018400,0.003008,,0.010880,0.001120,1,4,48,0,1
2265,0.117200,0.127800,0.007600,0.022700,0.025300,0.058500,0.003100,0.019200,0.003136,,0.010496,0.001184,1,4,48,0,1
2266,0.113900,0.130400,0.007000,0.022700,0.022700,0.058300,0.003000,0.021472,0.003136,,0.011040,0.001152,1,4,48,0,1
2267,0.113700,0.126900,0.007400,0.022300,0.023000,0.057800,0.003100,0.021664,0.003168,,0.011008,0.001120,1,4,48,0,1
2268,0.114400,0.126900,0.007300,0.022700,0.022700,0.058400,0.003200,0.018944,0.003104,,0.010272,0.001184,1,4,48,0,1
2269,0.114300,0.127600,0.007300,0.022500,0.023300,0.058000,0.003000,0.019328,0.003328,,0.010464,0.001120,1,4,48,0,1
2270,0.114200,0.127500,0.007400,0.022400,0.022900,0.058100,0.003200,0.019072,0.003040,,0.012992,0.001184,1,4,48,0,1
2271,0.114500,0.127200,0.007300,0.022500,0.022800,0.058500,0.003200,0.019296,0.003008,,0.013088,0.001184,1,4,48,0,1
2272,0.120600,0.127700,0.007300,0.022200,0.022800,0.058400,0.009700,0.018400,0.002944,,0.010816,0.001184,1,4,48,0,1
2273,0.123100,0.133600,0.007400,0.022800,0.022700,0.057800,0.012000,0.019072,0.003104,,0.010400,0.001184,1,4,48,0,1
2274,0.114400,0.136100,0.007200,0.022600,0.022900,0.058600,0.003000,0.021536,0.002944,,0.012480,0.001152,1,4,48,0,1
2275,0.114500,0.127500,0.007200,0.022600,0.023000,0.058400,0.003200,0.021568,0.003168,,0.011040,0.001120,1,4,48,0,1
2276,0.114500,0.127500,0.007300,0.022700,0.022900,0.058300,0.003100,0.019008,0.003136,,0.010368,0.001088,1,4,48,0,1
2277,0.115200,0.127700,0.007100,0.022900,0.023000,0.058700,0.003100,0.019136,0.003296,,0.010336,0.001088,1,4,48,0,1
2278,0.125600,0.128400,0.007400,0.022400,0.023100,0.068800,0.003900,0.019072,0.003136,,0.010400,0.001152,1,4,48,0,1
2279,0.115400,0.138800,0.007600,0.023100,0.023100,0.058400,0.003000,0.019040,0.003072,,0.010432,0.001152,1,4,48,0,1
2280,0.121500,0.128400,0.007400,0.022600,0.023300,0.057600,0.010500,0.018848,0.002976,,0.010368,0.001120,1,4,48,0,1
2281,0.113500,0.134500,0.007200,0.022600,0.023500,0.057000,0.003100,0.021600,0.003296,,0.011072,0.001152,1,4,48,0,1
2282,0.113200,0.126600,0.007300,0.022400,0.023000,0.057100,0.003400,0.019264,0.002976,,0.012960,0.001152,1,4,48,0,1
2283,0.112900,0.126200,0.007200,0.022600,0.022400,0.057500,0.003100,0.021696,0.003136,,0.011072,0.001152,1,4,48,0,1
2284,0.113800,0.125900,0.007300,0.022300,0.023400,0.057200,0.003400,0.018976,0.002880,,0.010560,0.001152,1,4,48,0,1
2285,0.126200,0.162200,0.007700,0.024100,0.024300,0.058900,0.011100,0.019136,0.003040,,0.010560,0.001184,1,4,48,0,1
2286,0.113500,0.139900,0.007200,0.022600,0.023000,0.057300,0.003300,0.018912,0.003200,,0.010208,0.001120,1,4,48,0,1
2287,0.115400,0.126600,0.007500,0.022500,0.023300,0.058600,0.003300,0.018848,0.003264,,0.010144,0.001120,1,4,48,0,1
2288,0.113100,0.128300,0.007300,0.022300,0.022700,0.057500,0.003200,0.018976,0.003136,,0.010336,0.001152,1,4,48,0,1
2289,0.121900,0.126200,0.007200,0.022600,0.023200,0.057600,0.011200,0.018880,0.002944,,0.010368,0.001184,1,4,48,0,1
2290,0.114100,0.134800,0.007300,0.022800,0.023100,0.057500,0.003100,0.018976,0.003040,,0.010464,0.001120,1,4,48,0,1
2291,0.123300,0.127200,0.007200,0.022700,0.023100,0.058100,0.012200,0.019136,0.003264,,0.010336,0.001152,1,4,48,0,1
2292,0.113400,0.136600,0.007200,0.022600,0.022700,0.057700,0.003100,0.022112,0.003040,,0.011456,0.001184,1,4,48,0,1
2293,0.121400,0.126500,0.007300,0.022600,0.023000,0.066700,0.001700,0.018400,0.002912,,0.010912,0.001120,1,4,48,0,1
2294,0.115400,0.134900,0.007400,0.023000,0.024000,0.057700,0.003200,0.021344,0.003072,,0.011072,0.001120,1,4,48,0,1
2295,0.126600,0.128800,0.007300,0.022600,0.023000,0.071800,0.001700,0.019200,0.003072,,0.010592,0.001152,1,4,48,0,1
2296,0.158400,0.140000,0.007700,0.024200,0.024200,0.097400,0.004800,0.019168,0.003136,,0.010496,0.001152,1,4,48,0,1
2297,0.124200,0.172200,0.007800,0.025200,0.029200,0.059300,0.002500,0.019872,0.003104,,0.013824,0.001152,1,4,48,0,1
2298,0.113200,0.137700,0.007400,0.022800,0.023100,0.057500,0.002400,0.021344,0.003104,,0.011008,0.001088,1,4,48,0,1
2299,0.114300,0.126200,0.007500,0.022500,0.023200,0.057500,0.003500,0.019104,0.003040,,0.010528,0.001152,1,4,48,0,1
2300,0.117200,0.127100,0.007100,0.022400,0.023600,0.060700,0.003200,0.019648,0.003104,,0.012672,0.001120,1,4,48,0,1
2301,0.128800,0.130300,0.007500,0.022400,0.023300,0.071400,0.004000,0.019008,0.003136,,0.010528,0.001152,1,4,48,0,1
2302,0.112000,0.142100,0.007300,0.022600,0.021200,0.058500,0.002300,0.021184,0.003200,,0.012000,0.001120,1,4,48,0,1
2303,0.113000,0.125100,0.007300,0.023000,0.023200,0.057100,0.002400,0.019168,0.003264,,0.010400,0.001088,1,4,48,0,1
2304,0.112600,0.126100,0.007500,0.022400,0.023200,0.057000,0.002400,0.021632,0.003008,,0.011072,0.001184,1,4,48,0,1
2305,0.113400,0.125700,0.007500,0.022300,0.023000,0.057200,0.003300,0.019168,0.003232,,0.010400,0.001120,1,4,48,0,1
2306,0.114100,0.126500,0.007300,0.022200,0.023100,0.058100,0.003200,0.021536,0.003040,,0.011104,0.001088,1,4,48,0,1
2307,0.113200,0.127000,0.007500,0.022300,0.023000,0.056900,0.003300,0.021376,0.002944,,0.011072,0.001152,1,4,48,0,1
2308,0.113200,0.126100,0.007400,0.022400,0.023200,0.057000,0.003100,0.021664,0.003104,,0.011392,0.001184,1,4,48,0,1
2309,0.113400,0.126200,0.007300,0.022300,0.023200,0.057300,0.003300,0.018752,0.003104,,0.010240,0.001152,1,4,48,0,1
2310,0.128400,0.126500,0.007300,0.022500,0.028600,0.058700,0.011100,0.019232,0.003264,,0.010496,0.001120,1,4,48,0,1
2311,0.115600,0.142000,0.007400,0.023000,0.023700,0.058000,0.003300,0.019072,0.003008,,0.010528,0.001152,1,4,48,0,1
2312,0.121800,0.128800,0.007200,0.022200,0.023300,0.058000,0.011000,0.018496,0.003072,,0.010912,0.001120,1,4,48,0,1
2313,0.113700,0.134600,0.007100,0.022500,0.023300,0.057400,0.003300,0.018976,0.003104,,0.010528,0.001120,1,4,48,0,1
2314,0.113300,0.126900,0.007300,0.022300,0.022700,0.057900,0.003100,0.021632,0.003136,,0.011328,0.001152,1,4,48,0,1
2315,0.113800,0.126500,0.007400,0.022600,0.023000,0.057400,0.003300,0.018688,0.003040,,0.010144,0.001152,1,4,48,0,1
2316,0.122400,0.126700,0.007400,0.022700,0.023000,0.058000,0.011300,0.018592,0.003040,,0.010912,0.001184,1,4,48,0,1
2317,0.113600,0.135400,0.007100,0.022400,0.023600,0.057100,0.003400,0.021248,0.002944,,0.011008,0.001184,1,4,48,0,1
2318,0.113000,0.126600,0.007200,0.022400,0.023000,0.057100,0.003100,0.022176,0.003392,,0.011328,0.001120,1,4,48,0,1
2319,0.113500,0.125900,0.007300,0.022700,0.023000,0.057200,0.003200,0.021696,0.003072,,0.011136,0.001184,1,4,48,0,1
2320,0.112900,0.126700,0.007200,0.022200,0.022800,0.057300,0.003300,0.021408,0.002880,,0.011104,0.001120,1,4,48,0,1
2321,0.113300,0.125800,0.007400,0.022200,0.023000,0.057300,0.003300,0.019392,0.003072,,0.013024,0.001152,1,4,48,0,1
2322,0.114000,0.126200,0.007500,0.022400,0.023000,0.057600,0.003100,0.019136,0.003200,,0.010432,0.001120,1,4,48,0,1
2323,0.195500,0.127000,0.008800,0.046700,0.034400,0.098700,0.006600,0.020896,0.002944,,0.012000,0.001120,1,4,48,0,1
2324,0.179700,0.216900,0.011800,0.035500,0.039600,0.088600,0.004100,0.020768,0.003136,,0.011360,0.001152,1,4,48,0,1
2325,0.136900,0.196500,0.009600,0.034500,0.027200,0.063000,0.002400,0.019136,0.003040,,0.013088,0.001120,1,4,48,0,1
2326,0.115200,0.151000,0.007500,0.023000,0.023200,0.057900,0.003200,0.019008,0.003136,,0.010368,0.001152,1,4,48,0,1
2327,0.123600,0.128300,0.007400,0.022300,0.023200,0.057800,0.012800,0.018496,0.002976,,0.010880,0.001152,1,4,48,0,1
2328,0.113400,0.136700,0.007400,0.022500,0.023500,0.057600,0.002400,0.021504,0.003040,,0.012512,0.001152,1,4,48,0,1
2329,0.115000,0.126700,0.007400,0.022500,0.023400,0.058300,0.003200,0.022176,0.003264,,0.011424,0.001120,1,4,48,0,1
2330,0.113400,0.128200,0.007200,0.022700,0.023600,0.057400,0.002400,0.018688,0.003136,,0.010336,0.001152,1,4,48,0,1
2331,0.113100,0.126700,0.007300,0.022600,0.023300,0.057400,0.002500,0.018880,0.003008,,0.010400,0.001152,1,4,48,0,1
2332,0.114500,0.126100,0.007400,0.022700,0.023200,0.057800,0.003300,0.021632,0.003072,,0.011072,0.001152,1,4,48,0,1
2333,0.114000,0.127600,0.007400,0.022500,0.022900,0.057900,0.003300,0.019136,0.003008,,0.010592,0.001152,1,4,48,0,1
2334,0.113500,0.127200,0.007300,0.022500,0.023200,0.057300,0.003200,0.018432,0.002912,,0.010784,0.001184,1,4,48,0,1
2335,0.120800,0.126400,0.007300,0.028300,0.023300,0.058400,0.003300,0.018976,0.003136,,0.010304,0.001152,1,4,48,0,1
2336,0.113700,0.134000,0.007600,0.022700,0.023300,0.056900,0.003100,0.021472,0.003008,,0.011040,0.001120,1,4,48,0,1
2337,0.113900,0.126700,0.007300,0.022700,0.022800,0.057700,0.003200,0.018720,0.003136,,0.010208,0.001184,1,4,48,0,1
2338,0.121900,0.126800,0.007400,0.022700,0.022800,0.057800,0.011100,0.018560,0.003008,,0.010656,0.001152,1,4,48,0,1
2339,0.123200,0.134900,0.007400,0.022800,0.023400,0.057200,0.012300,0.018720,0.003104,,0.010208,0.001120,1,4,48,0,1
2340,0.114000,0.136300,0.007300,0.022600,0.023100,0.057600,0.003300,0.019360,0.003104,,0.013152,0.001184,1,4,48,0,1
2341,0.114300,0.127100,0.007800,0.022500,0.023700,0.056900,0.003200,0.021312,0.002976,,0.012160,0.001152,1,4,48,0,1
2342,0.121700,0.127400,0.007400,0.022700,0.023000,0.057500,0.010800,0.018848,0.003008,,0.010336,0.001120,1,4,48,0,1
2343,0.113900,0.134800,0.007500,0.022500,0.023200,0.057400,0.003200,0.022176,0.003040,,0.011424,0.001184,1,4,48,0,1
2344,0.113900,0.127000,0.007700,0.022700,0.023000,0.057300,0.003200,0.019008,0.003008,,0.010432,0.001152,1,4,48,0,1
2345,0.122700,0.126900,0.007300,0.022600,0.023400,0.057400,0.011900,0.018528,0.003008,,0.010656,0.001152,1,4,48,0,1
2346,0.114200,0.135700,0.007700,0.022400,0.023300,0.057500,0.003200,0.019072,0.003136,,0.010336,0.001088,1,4,48,0,1
2347,0.119000,0.127200,0.007400,0.022500,0.023200,0.062400,0.003300,0.021696,0.003040,,0.012512,0.001216,1,4,48,0,1
2348,0.117100,0.132000,0.007400,0.022500,0.022900,0.061100,0.003100,0.018400,0.002976,,0.010464,0.001120,1,4,48,0,1
2349,0.113700,0.130000,0.007800,0.022500,0.023200,0.056900,0.003300,0.019456,0.003040,,0.012960,0.001184,1,4,48,0,1
2350,0.121800,0.126900,0.007400,0.022500,0.023100,0.067000,0.001800,0.018432,0.003008,,0.010848,0.001120,1,4,48,0,1
2351,0.124800,0.135100,0.007500,0.023100,0.023300,0.058200,0.012700,0.019328,0.003008,,0.012928,0.001152,1,4,48,0,1
2352,0.114800,0.137900,0.007300,0.022600,0.023500,0.057900,0.003200,0.022048,0.003200,,0.011296,0.001120,1,4,48,0,1
2353,0.121800,0.127800,0.007700,0.022500,0.023100,0.058200,0.010000,0.018528,0.003040,,0.010752,0.001184,1,4,48,0,1
2354,0.123100,0.134700,0.007300,0.022400,0.023100,0.058100,0.012100,0.019072,0.002880,,0.013088,0.001152,1,4,48,0,1
2355,0.145400,0.136300,0.007200,0.022300,0.023000,0.087400,0.005200,0.018656,0.003136,,0.010944,0.001088,1,4,48,0,1
2356,0.189400,0.164100,0.010500,0.039200,0.038800,0.094400,0.006400,0.019712,0.003104,,0.010528,0.001152,1,4,48,0,1
2357,0.142400,0.203900,0.008600,0.030600,0.028100,0.063800,0.011200,0.021312,0.002976,,0.012128,0.001184,1,4,48,0,1
2358,0.125400,0.156100,0.007700,0.023000,0.024000,0.059900,0.010500,0.019136,0.003136,,0.010464,0.001152,1,4,48,0,1
2359,0.116600,0.138600,0.007300,0.022700,0.023500,0.059700,0.003300,0.021760,0.003104,,0.011136,0.001152,1,4,48,0,1
2360,0.125300,0.129700,0.007500,0.022500,0.023300,0.058800,0.013000,0.019232,0.003040,,0.013088,0.001152,1,4,48,0,1
2361,0.122600,0.138400,0.007400,0.022600,0.023300,0.058700,0.010600,0.019168,0.003200,,0.010400,0.001152,1,4,48,0,1
2362,0.115300,0.135700,0.007300,0.022600,0.023400,0.058600,0.003200,0.021440,0.002912,,0.012416,0.001152,1,4,48,0,1
2363,0.124000,0.128500,0.007400,0.022600,0.023500,0.057900,0.012600,0.019200,0.003072,,0.013024,0.001184,1,4,48,0,1
2364,0.114600,0.137000,0.007300,0.022600,0.023200,0.058100,0.003300,0.021632,0.003040,,0.012384,0.001152,1,4,48,0,1
2365,0.123800,0.127700,0.007300,0.022600,0.023100,0.058600,0.012000,0.019232,0.003232,,0.010464,0.001120,1,4,48,0,1
2366,0.126900,0.136800,0.007300,0.022500,0.036000,0.057800,0.003200,0.018976,0.003008,,0.010432,0.001152,1,4,48,0,1
2367,0.112400,0.140000,0.007200,0.022500,0.022800,0.057300,0.002400,0.018880,0.002976,,0.010336,0.001152,1,4,48,0,1
2368,0.114600,0.125400,0.007400,0.022500,0.023300,0.058200,0.003200,0.019168,0.003040,,0.013120,0.001152,1,4,48,0,1
2369,0.124400,0.127700,0.007400,0.022700,0.023400,0.069100,0.001700,0.018912,0.003072,,0.010272,0.001184,1,4,48,0,1
2370,0.123200,0.137500,0.007300,0.022800,0.023500,0.058800,0.010400,0.018656,0.003104,,0.010912,0.001184,1,4,48,0,1
2371,0.121900,0.136300,0.007200,0.022500,0.022800,0.058700,0.010600,0.018368,0.002912,,0.010752,0.001184,1,4,48,0,1
2372,0.121900,0.135000,0.007500,0.022400,0.023200,0.058000,0.010800,0.018432,0.003008,,0.010432,0.001152,1,4,48,0,1
2373,0.122400,0.135000,0.007100,0.022400,0.023100,0.058500,0.011200,0.019040,0.003040,,0.010464,0.001152,1,4,48,0,1
2374,0.122200,0.135300,0.007400,0.022400,0.023200,0.058600,0.010500,0.018592,0.003008,,0.011008,0.001184,1,4,48,0,1
2375,0.124200,0.135200,0.007400,0.022600,0.023200,0.058200,0.012600,0.018912,0.003072,,0.010304,0.001152,1,4,48,0,1
2376,0.123800,0.137500,0.007200,0.022500,0.023400,0.058400,0.012200,0.019008,0.003072,,0.010432,0.001152,1,4,48,0,1
2377,0.115000,0.136900,0.007200,0.022600,0.023500,0.058300,0.003200,0.019104,0.003136,,0.010496,0.001088,1,4,48,0,1
2378,0.115100,0.128100,0.007500,0.022500,0.023300,0.058400,0.003200,0.018976,0.003200,,0.010272,0.001120,1,4,48,0,1
2379,0.121700,0.128100,0.007300,0.022500,0.023000,0.058400,0.010500,0.018848,0.003136,,0.010240,0.001152,1,4,48,0,1
2380,0.123100,0.134800,0.007400,0.022600,0.023300,0.058700,0.011100,0.019264,0.003424,,0.010272,0.001152,1,4,48,0,1
2381,0.114900,0.136500,0.007100,0.022300,0.023300,0.059000,0.003100,0.021280,0.003008,,0.012224,0.001152,1,4,48,0,1
2382,0.122200,0.128000,0.007300,0.022400,0.023400,0.058400,0.010700,0.019104,0.003072,,0.010464,0.001152,1,4,48,0,1
2383,0.114600,0.135300,0.007200,0.022600,0.023400,0.058000,0.003200,0.021376,0.003040,,0.011072,0.001152,1,4,48,0,1
2384,0.123500,0.127800,0.007400,0.022400,0.023400,0.068600,0.001700,0.018784,0.003008,,0.010240,0.001120,1,4,48,0,1
2385,0.115200,0.136600,0.007500,0.022700,0.023100,0.058600,0.003300,0.021632,0.003072,,0.011040,0.001120,1,4,48,0,1
2386,0.113900,0.128200,0.007300,0.022300,0.023100,0.058000,0.003100,0.019584,0.002976,,0.012064,0.001152,1,4,48,0,1
2387,0.113500,0.126800,0.007200,0.022400,0.022600,0.058000,0.003200,0.021664,0.003040,,0.012416,0.001184,1,4,48,0,1
2388,0.123100,0.126700,0.007300,0.022600,0.023000,0.058400,0.011600,0.019296,0.003168,,0.010560,0.001184,1,4,48,0,1
2389,0.115400,0.136100,0.007400,0.022700,0.023200,0.058800,0.003300,0.019104,0.003136,,0.010464,0.001120,1,4,48,0,1
2390,0.114100,0.128500,0.007400,0.022500,0.022600,0.058100,0.003300,0.018752,0.002880,,0.010432,0.001184,1,4,48,0,1
2391,0.132100,0.127400,0.007200,0.022700,0.022700,0.077100,0.002200,0.019200,0.003264,,0.010464,0.001088,1,4,48,0,1
2392,0.121600,0.145500,0.007300,0.022600,0.020700,0.068500,0.002300,0.021824,0.003040,,0.011712,0.001120,1,4,48,0,1
2393,0.115100,0.134600,0.007200,0.022500,0.022700,0.059200,0.003300,0.020832,0.003040,,0.012928,0.001120,1,4,48,0,1
2394,0.114600,0.128200,0.007400,0.022600,0.023400,0.057900,0.003200,0.021728,0.003040,,0.011136,0.001152,1,4,48,0,1
2395,0.114600,0.127600,0.007300,0.022400,0.023400,0.058200,0.003100,0.021568,0.002976,,0.011008,0.001152,1,4,48,0,1
2396,0.122200,0.127500,0.007300,0.022600,0.022900,0.057600,0.011400,0.018432,0.002944,,0.010752,0.001152,1,4,48,0,1
2397,0.132400,0.135500,0.007400,0.022600,0.023000,0.076000,0.003300,0.021568,0.002976,,0.012448,0.001152,1,4,48,0,1
2398,0.115400,0.146100,0.007700,0.023500,0.023100,0.057900,0.003100,0.022144,0.003232,,0.011328,0.001120,1,4,48,0,1
2399,0.123600,0.128400,0.007300,0.022700,0.022900,0.066900,0.003700,0.019072,0.003072,,0.010464,0.001184,1,4,48,0,1
2400,0.126600,0.137000,0.007500,0.023100,0.023200,0.061800,0.010900,0.021696,0.003104,,0.011360,0.001120,1,4,48,0,1
2401,0.114500,0.139900,0.007300,0.022800,0.023300,0.057700,0.003300,0.018912,0.003040,,0.010304,0.001184,1,4,48,0,1
2402,0.113700,0.127400,0.007400,0.022600,0.023000,0.057400,0.003200,0.019072,0.003200,,0.010368,0.001152,1,4,48,0,1
2403,0.114100,0.126800,0.007600,0.022700,0.023300,0.057300,0.003200,0.019200,0.003168,,0.010496,0.001152,1,4,48,0,1
2404,0.123200,0.127000,0.007300,0.022600,0.023200,0.057500,0.012500,0.019040,0.003072,,0.010464,0.001152,1,4,48,0,1
2405,0.113100,0.135900,0.007200,0.022700,0.023700,0.057400,0.002000,0.018880,0.002976,,0.010336,0.001184,1,4,48,0,1
2406,0.116400,0.126300,0.007600,0.022400,0.027100,0.056700,0.002500,0.021152,0.002976,,0.012064,0.001120,1,4,48,0,1
2407,0.113700,0.129400,0.007300,0.022800,0.023400,0.057100,0.003100,0.019072,0.002944,,0.013088,0.001152,1,4,48,0,1
2408,0.113500,0.126700,0.007200,0.022700,0.023400,0.057100,0.003100,0.019168,0.003232,,0.010432,0.001120,1,4,48,0,1
2409,0.113400,0.126600,0.007200,0.022400,0.023000,0.057200,0.003300,0.018944,0.003072,,0.010368,0.001120,1,4,48,0,1
2410,0.113100,0.126600,0.007500,0.022500,0.022900,0.056900,0.003100,0.021856,0.003168,,0.012544,0.001152,1,4,48,0,1
2411,0.114100,0.126100,0.007300,0.022400,0.023500,0.057500,0.003200,0.018624,0.003008,,0.010496,0.001152,1,4,48,0,1
2412,0.113200,0.127200,0.007300,0.022600,0.023000,0.057000,0.003200,0.021760,0.003072,,0.012544,0.001152,1,4,48,0,1
2413,0.122600,0.126600,0.007000,0.022500,0.023400,0.057200,0.012400,0.019264,0.003104,,0.013088,0.001152,1,4,48,0,1
2414,0.121100,0.135700,0.007400,0.022200,0.023400,0.062800,0.005000,0.018496,0.003040,,0.010880,0.001120,1,4,48,0,1
2415,0.119400,0.134100,0.007600,0.027500,0.023500,0.057500,0.003200,0.018976,0.003008,,0.010368,0.001120,1,4,48,0,1
2416,0.113800,0.132700,0.007500,0.022500,0.023100,0.057400,0.003100,0.021504,0.002912,,0.011040,0.001152,1,4,48,0,1
2417,0.113700,0.126900,0.007300,0.022700,0.023200,0.057100,0.003200,0.021664,0.003136,,0.011008,0.001152,1,4,48,0,1
2418,0.113000,0.126800,0.007500,0.022400,0.022600,0.057200,0.003200,0.021760,0.003040,,0.012512,0.001184,1,4,48,0,1
2419,0.113600,0.126300,0.007300,0.022600,0.022700,0.057700,0.003100,0.021504,0.003200,,0.011040,0.001152,1,4,48,0,1
2420,0.113500,0.126700,0.007200,0.022500,0.023000,0.057400,0.003200,0.018880,0.002976,,0.010432,0.001088,1,4,48,0,1
2421,0.114100,0.126600,0.007500,0.022600,0.023400,0.057300,0.003300,0.018880,0.003040,,0.010304,0.001152,1,4,48,0,1
2422,0.114200,0.127000,0.007200,0.022700,0.023700,0.057400,0.003100,0.019200,0.003200,,0.010496,0.001152,1,4,48,0,1
2423,0.113500,0.127400,0.007200,0.022800,0.023300,0.057000,0.003200,0.021536,0.002944,,0.011040,0.001184,1,4,48,0,1
2424,0.115400,0.126600,0.007300,0.022500,0.022900,0.059300,0.003200,0.018624,0.003008,,0.010368,0.001120,1,4,48,0,1
2425,0.113400,0.128400,0.007300,0.022300,0.022900,0.057700,0.003100,0.019168,0.002944,,0.013088,0.001184,1,4,48,0,1
2426,0.114300,0.126300,0.007200,0.022600,0.023200,0.058000,0.003300,0.021504,0.003008,,0.011040,0.001120,1,4,48,0,1
2427,0.114500,0.127400,0.007400,0.022600,0.023100,0.057900,0.003300,0.019232,0.003200,,0.010528,0.001088,1,4,48,0,1
2428,0.113500,0.127600,0.007300,0.022700,0.023300,0.056900,0.003300,0.018496,0.003008,,0.010912,0.001184,1,4,48,0,1
2429,0.113500,0.126600,0.007600,0.022400,0.023100,0.057000,0.003200,0.019104,0.003296,,0.010336,0.001088,1,4,48,0,1
2430,0.123200,0.126800,0.007600,0.022400,0.022700,0.061800,0.008600,0.019136,0.002912,,0.012960,0.001152,1,4,48,0,1
2431,0.125400,0.136400,0.007500,0.023200,0.025900,0.058200,0.010600,0.018560,0.002976,,0.011008,0.001184,1,4,48,0,1
2432,0.113600,0.138500,0.007200,0.022600,0.023500,0.056900,0.003200,0.021504,0.002976,,0.012416,0.001152,1,4,48,0,1
2433,0.174900,0.126800,0.007200,0.023600,0.030300,0.103900,0.009600,0.019744,0.003072,,0.010336,0.001152,1,4,48,0,1
2434,0.168400,0.209000,0.012200,0.037400,0.034700,0.079600,0.004300,0.019520,0.003232,,0.010400,0.001152,1,4,48,0,1
2435,0.157100,0.185200,0.009300,0.028500,0.029300,0.086200,0.003500,0.018880,0.002976,,0.010368,0.001120,1,4,48,0,1
2436,0.175900,0.175600,0.010500,0.040400,0.034400,0.084800,0.005400,0.020640,0.003040,,0.011744,0.001120,1,4,48,0,1
2437,0.143500,0.192900,0.009600,0.028800,0.029800,0.071300,0.003800,0.019072,0.003168,,0.010400,0.001120,1,4,48,0,1
2438,0.141500,0.159900,0.009000,0.027800,0.028100,0.072000,0.004400,0.018912,0.003168,,0.010208,0.001152,1,4,48,0,1
2439,0.141700,0.157600,0.009200,0.027600,0.029300,0.071800,0.003800,0.021760,0.003072,,0.011104,0.001184,1,4,48,0,1
2440,0.140000,0.157800,0.008800,0.027300,0.028300,0.071700,0.003500,0.021536,0.003040,,0.011072,0.001152,1,4,48,0,1
2441,0.140000,0.156100,0.008600,0.027200,0.028800,0.071600,0.003500,0.021536,0.002976,,0.011008,0.001120,1,4,48,0,1
2442,0.138700,0.156100,0.008700,0.027200,0.028200,0.071000,0.003300,0.021536,0.002912,,0.012448,0.001152,1,4,48,0,1
2443,0.139100,0.154700,0.008600,0.027500,0.028600,0.070400,0.003900,0.019104,0.003168,,0.010432,0.001088,1,4,48,0,1
2444,0.139800,0.161900,0.008700,0.026800,0.028300,0.073600,0.002100,0.021664,0.003104,,0.011424,0.001152,1,4,48,0,1
2445,0.135900,0.155700,0.008700,0.027300,0.028400,0.069300,0.002100,0.019200,0.002976,,0.012928,0.001152,1,4,48,0,1
2446,0.155100,0.152100,0.008700,0.027000,0.028600,0.086200,0.004600,0.018816,0.003264,,0.011040,0.001184,1,4,48,0,1
2447,0.136500,0.171100,0.008900,0.027600,0.028400,0.069400,0.001900,0.019200,0.003168,,0.010528,0.001120,1,4,48,0,1
2448,0.138200,0.152400,0.008800,0.027100,0.028500,0.071600,0.002100,0.021600,0.003008,,0.011072,0.001184,1,4,48,0,1
2449,0.115900,0.154100,0.008800,0.023700,0.023900,0.056900,0.002400,0.019168,0.003040,,0.013024,0.001152,1,4,48,0,1
2450,0.113800,0.129000,0.007400,0.022500,0.023200,0.056800,0.003600,0.021504,0.002944,,0.012480,0.001120,1,4,48,0,1
2451,0.111900,0.127100,0.007200,0.022600,0.022600,0.057100,0.002400,0.021568,0.003008,,0.011072,0.001120,1,4,48,0,1
2452,0.113200,0.125000,0.007200,0.022500,0.023200,0.058100,0.002200,0.021568,0.002944,,0.012448,0.001152,1,4,48,0,1
2453,0.112900,0.126300,0.007700,0.022600,0.023000,0.057100,0.002400,0.019072,0.003008,,0.010464,0.001152,1,4,48,0,1
2454,0.112400,0.126200,0.007400,0.022700,0.022700,0.057300,0.002100,0.019040,0.002976,,0.010496,0.001184,1,4,48,0,1
2455,0.123700,0.125500,0.007300,0.022700,0.023200,0.057900,0.012300,0.019040,0.003168,,0.010400,0.001120,1,4,48,0,1
2456,0.114400,0.136700,0.007300,0.022600,0.023300,0.057500,0.003700,0.019264,0.003296,,0.010432,0.001152,1,4,48,0,1
2457,0.112900,0.127400,0.007400,0.022800,0.022800,0.057200,0.002600,0.019008,0.003008,,0.010432,0.001184,1,4,48,0,1
2458,0.112100,0.126000,0.007400,0.022500,0.023400,0.056600,0.002100,0.019072,0.003264,,0.010304,0.001120,1,4,48,0,1
2459,0.127500,0.125300,0.007400,0.022400,0.023000,0.065400,0.009300,0.019168,0.003328,,0.010336,0.001120,1,4,48,0,1
2460,0.121300,0.140600,0.007200,0.022700,0.023800,0.057400,0.010200,0.018688,0.003072,,0.010912,0.001184,1,4,48,0,1
2461,0.127500,0.134300,0.007400,0.022500,0.023400,0.064400,0.009700,0.021344,0.002944,,0.012448,0.001120,1,4,48,0,1
2462,0.113600,0.140600,0.007400,0.022700,0.023300,0.057400,0.002600,0.021472,0.002912,,0.011072,0.001184,1,4,48,0,1
2463,0.112600,0.126600,0.007300,0.022300,0.023200,0.057500,0.002200,0.019232,0.003136,,0.010592,0.001152,1,4,48,0,1
2464,0.112900,0.125600,0.007100,0.022300,0.023400,0.057300,0.002400,0.018880,0.002976,,0.010368,0.001152,1,4,48,0,1
2465,0.112700,0.125800,0.007300,0.022600,0.022600,0.056600,0.003600,0.021600,0.002976,,0.012576,0.001152,1,4,48,0,1
2466,0.113300,0.125800,0.007200,0.022500,0.022900,0.057200,0.003500,0.019232,0.003360,,0.010432,0.001120,1,4,48,0,1
2467,0.113800,0.126300,0.007300,0.022800,0.022900,0.057100,0.003500,0.018912,0.003008,,0.010368,0.001184,1,4,48,0,1
2468,0.113600,0.127000,0.007300,0.022500,0.023300,0.056900,0.003500,0.019072,0.003168,,0.010400,0.001152,1,4,48,0,1
2469,0.112800,0.126700,0.007300,0.022800,0.022900,0.057500,0.002100,0.019200,0.003136,,0.010496,0.001184,1,4,48,0,1
2470,0.112100,0.125700,0.007200,0.022300,0.023100,0.057300,0.002100,0.019136,0.003040,,0.010528,0.001152,1,4,48,0,1
2471,0.112200,0.125200,0.007400,0.022500,0.023100,0.057100,0.002000,0.019104,0.003104,,0.010464,0.001152,1,4,48,0,1
2472,0.112300,0.125100,0.007100,0.022300,0.023000,0.057100,0.002400,0.018528,0.003008,,0.010816,0.001184,1,4,48,0,1
2473,0.112300,0.125500,0.007300,0.022700,0.023300,0.056900,0.002100,0.018944,0.003072,,0.010272,0.001184,1,4,48,0,1
2474,0.112400,0.125200,0.007300,0.022500,0.023300,0.056600,0.002600,0.021376,0.002976,,0.011104,0.001184,1,4,48,0,1
2475,0.111700,0.125300,0.007600,0.022300,0.022900,0.056700,0.002100,0.019072,0.003072,,0.010528,0.001088,1,4,48,0,1
2476,0.112500,0.124800,0.007600,0.022500,0.023000,0.057300,0.002100,0.018784,0.003104,,0.010336,0.001152,1,4,48,0,1
2477,0.120600,0.125400,0.007500,0.022500,0.028100,0.058600,0.003700,0.021376,0.002848,,0.011008,0.001152,1,4,48,0,1
2478,0.114100,0.133800,0.007300,0.022800,0.023600,0.056800,0.003500,0.018848,0.003232,,0.010144,0.001120,1,4,48,0,1
2479,0.113100,0.127000,0.007500,0.022600,0.023100,0.057500,0.002300,0.019936,0.003136,,0.013920,0.001088,1,4,48,0,1
2480,0.123600,0.126200,0.007300,0.022600,0.023300,0.067900,0.002300,0.020864,0.002880,,0.012096,0.001152,1,4,48,0,1
2481,0.133100,0.138600,0.015000,0.022300,0.023100,0.070400,0.002000,0.019456,0.002944,,0.010400,0.001120,1,4,48,0,1
2482,0.138800,0.146200,0.007300,0.022700,0.026200,0.077200,0.005300,0.020640,0.003008,,0.011904,0.001152,1,4,48,0,1
2483,0.112100,0.152000,0.007400,0.022400,0.023100,0.056800,0.002200,0.019328,0.003040,,0.010272,0.001120,1,4,48,0,1
2484,0.112600,0.125400,0.007200,0.022400,0.023200,0.057400,0.002300,0.019072,0.003072,,0.010528,0.001152,1,4,48,0,1
2485,0.112700,0.125800,0.007200,0.022500,0.023300,0.057400,0.002100,0.019136,0.003040,,0.010528,0.001152,1,4,48,0,1
2486,0.114500,0.125700,0.007500,0.022900,0.023300,0.057000,0.003700,0.019136,0.003040,,0.012960,0.001120,1,4,48,0,1
2487,0.111800,0.127400,0.007200,0.022500,0.022900,0.057000,0.002100,0.021632,0.003104,,0.011040,0.001152,1,4,48,0,1
2488,0.112700,0.124600,0.007000,0.022200,0.022700,0.057200,0.003500,0.021312,0.002912,,0.011104,0.001184,1,4,48,0,1
2489,0.112500,0.125700,0.007300,0.022500,0.023200,0.057400,0.002000,0.019296,0.003296,,0.010496,0.001120,1,4,48,0,1
2490,0.112400,0.125400,0.007600,0.022400,0.023000,0.057000,0.002300,0.021472,0.002976,,0.011040,0.001120,1,4,48,0,1
2491,0.112300,0.125500,0.007300,0.022400,0.023200,0.056900,0.002300,0.019040,0.003136,,0.010400,0.001120,1,4,48,0,1
2492,0.126200,0.125400,0.007700,0.022700,0.023300,0.061800,0.010600,0.019136,0.003328,,0.010304,0.001120,1,4,48,0,1
2493,0.113400,0.139700,0.007400,0.022700,0.023400,0.057400,0.002400,0.021600,0.003008,,0.011072,0.001184,1,4,48,0,1
2494,0.112300,0.126500,0.007300,0.022700,0.022800,0.057200,0.002200,0.019648,0.003104,,0.012352,0.001152,1,4,48,0,1
2495,0.112100,0.125100,0.007200,0.022600,0.023300,0.056800,0.002000,0.019264,0.003072,,0.013088,0.001184,1,4,48,0,1
2496,0.112600,0.125200,0.007500,0.022400,0.023200,0.057100,0.002200,0.019712,0.003104,,0.011872,0.001152,1,4,48,0,1
2497,0.112900,0.125600,0.007300,0.022400,0.023600,0.057000,0.002400,0.018752,0.003136,,0.010432,0.001184,1,4,48,0,1
2498,0.113400,0.126200,0.007100,0.022500,0.022900,0.057200,0.003600,0.019200,0.003296,,0.010400,0.001120,1,4,48,0,1
2499,0.144100,0.126700,0.007300,0.022400,0.022700,0.089900,0.001800,0.019200,0.003200,,0.010432,0.001120,1,4,48,0,1
2500,0.128700,0.157100,0.007400,0.023100,0.023500,0.061200,0.013400,0.021216,0.002976,,0.011040,0.001120,1,4,48,0,1
2501,0.113900,0.141800,0.007800,0.022700,0.023500,0.057500,0.002200,0.019136,0.003008,,0.013088,0.001184,1,4,48,0,1
2502,0.114400,0.126700,0.007400,0.022600,0.023000,0.058000,0.003300,0.019008,0.003040,,0.010400,0.001184,1,4,48,0,1
2503,0.112500,0.127700,0.007300,0.022500,0.023000,0.057400,0.002100,0.019264,0.003264,,0.010432,0.001184,1,4,48,0,1
2504,0.113700,0.125400,0.007300,0.022600,0.023200,0.056900,0.003700,0.018816,0.002944,,0.010336,0.001152,1,4,48,0,1
2505,0.113900,0.126900,0.007500,0.022700,0.023100,0.057100,0.003500,0.019040,0.003072,,0.010432,0.001120,1,4,48,0,1
2506,0.131700,0.127100,0.007300,0.022300,0.023000,0.076500,0.002400,0.019232,0.003360,,0.010336,0.001152,1,4,48,0,1
2507,0.123200,0.144800,0.007400,0.022600,0.023900,0.058400,0.010700,0.018464,0.003008,,0.010560,0.001152,1,4,48,0,1
2508,0.123200,0.141600,0.007600,0.023200,0.024100,0.058600,0.009700,0.018528,0.003008,,0.010688,0.001184,1,4,48,0,1
2509,0.113400,0.136200,0.007500,0.022700,0.023100,0.057300,0.002700,0.018976,0.003008,,0.013056,0.001184,1,4,48,0,1
2510,0.120800,0.126700,0.007300,0.022600,0.029900,0.058800,0.002200,0.019072,0.003136,,0.013024,0.001152,1,4,48,0,1
2511,0.113900,0.133900,0.007400,0.022500,0.023000,0.057000,0.003600,0.021696,0.003040,,0.011136,0.001184,1,4,48,0,1
2512,0.112300,0.126900,0.007400,0.022600,0.022800,0.057100,0.002100,0.021472,0.002944,,0.011040,0.001152,1,4,48,0,1
2513,0.114600,0.125300,0.007500,0.022700,0.023500,0.058200,0.002600,0.019520,0.002976,,0.012096,0.001152,1,4,48,0,1
2514,0.113000,0.127800,0.007500,0.022600,0.023000,0.057700,0.002200,0.018848,0.002880,,0.010400,0.001152,1,4,48,0,1
2515,0.113600,0.126300,0.007400,0.022500,0.022800,0.057500,0.003300,0.021632,0.003008,,0.011232,0.001152,1,4,48,0,1
2516,0.112900,0.126700,0.007300,0.022600,0.022800,0.057500,0.002500,0.019136,0.003072,,0.010496,0.001152,1,4,48,0,1
2517,0.112600,0.125900,0.007100,0.022600,0.022800,0.057800,0.002200,0.019040,0.003136,,0.010400,0.001152,1,4,48,0,1
2518,0.111900,0.125700,0.007200,0.022400,0.022900,0.057300,0.001800,0.018464,0.003008,,0.010848,0.001120,1,4,48,0,1
2519,0.164700,0.125100,0.008300,0.022400,0.023400,0.108600,0.001800,0.020000,0.003072,,0.010496,0.001152,1,4,48,0,1
2520,0.149600,0.178200,0.007700,0.024600,0.024300,0.086800,0.006200,0.019872,0.003168,,0.013856,0.001088,1,4,48,0,1
2521,0.188800,0.172300,0.010500,0.037400,0.037500,0.098600,0.004600,0.019840,0.003040,,0.013856,0.001184,1,4,48,0,1
2522,0.214500,0.211300,0.012400,0.044300,0.042600,0.103400,0.011700,0.019712,0.003232,,0.010272,0.001152,1,4,48,0,1
2523,0.181100,0.234800,0.012200,0.036100,0.034000,0.086100,0.012500,0.019680,0.003072,,0.010400,0.001184,1,4,48,0,1
2524,0.170800,0.197700,0.009200,0.028200,0.028800,0.099600,0.004800,0.020864,0.003008,,0.012992,0.001184,1,4,48,0,1
2525,0.169000,0.188400,0.010000,0.035000,0.032800,0.085600,0.005300,0.019424,0.003296,,0.010368,0.001088,1,4,48,0,1
2526,0.141100,0.185500,0.009000,0.028000,0.029200,0.071400,0.003400,0.021696,0.003040,,0.012480,0.001184,1,4,48,0,1
2527,0.139600,0.157400,0.009000,0.027700,0.028300,0.071200,0.003300,0.021664,0.003072,,0.011072,0.001184,1,4,48,0,1
2528,0.139500,0.155800,0.008900,0.027700,0.028800,0.070700,0.003400,0.021536,0.002944,,0.011104,0.001152,1,4,48,0,1
2529,0.142100,0.155600,0.009100,0.028100,0.029200,0.070100,0.005500,0.019040,0.003008,,0.010496,0.001152,1,4,48,0,1
2530,0.140700,0.162200,0.008800,0.027700,0.028700,0.073500,0.002000,0.019040,0.003104,,0.010368,0.001152,1,4,48,0,1
2531,0.140100,0.156900,0.009400,0.027800,0.028300,0.072500,0.002100,0.019040,0.003296,,0.010272,0.001120,1,4,48,0,1
2532,0.139700,0.156200,0.009000,0.027400,0.028300,0.070800,0.003900,0.018400,0.002912,,0.010752,0.001088,1,4,48,0,1
2533,0.138800,0.155700,0.008800,0.027500,0.027800,0.070500,0.003900,0.018400,0.002976,,0.010592,0.001120,1,4,48,0,1
2534,0.139800,0.155200,0.009100,0.027600,0.027800,0.071300,0.003900,0.019680,0.003168,,0.012992,0.001152,1,4,48,0,1
2535,0.157100,0.156000,0.008700,0.027800,0.027700,0.089000,0.003600,0.018400,0.003040,,0.010752,0.001088,1,4,48,0,1
2536,0.132900,0.173300,0.008900,0.027800,0.026600,0.059700,0.009900,0.019168,0.003264,,0.010464,0.001120,1,4,48,0,1
2537,0.123100,0.146000,0.007400,0.022700,0.023500,0.058900,0.010500,0.019008,0.003008,,0.010432,0.001184,1,4,48,0,1
2538,0.121900,0.136300,0.007300,0.022700,0.023400,0.058700,0.009700,0.020672,0.003008,,0.011840,0.001152,1,4,48,0,1
2539,0.115200,0.135000,0.007500,0.022600,0.022900,0.059000,0.003200,0.021248,0.002912,,0.011072,0.001152,1,4,48,0,1
2540,0.121800,0.128200,0.007300,0.022700,0.023400,0.059100,0.009300,0.020832,0.003424,,0.011552,0.001088,1,4,48,0,1
2541,0.115300,0.134900,0.007300,0.022700,0.023200,0.059000,0.003100,0.018976,0.003136,,0.010336,0.001120,1,4,48,0,1
2542,0.115700,0.128400,0.007500,0.022500,0.023200,0.059200,0.003200,0.021344,0.002976,,0.012448,0.001152,1,4,48,0,1
2543,0.162800,0.128800,0.007500,0.030300,0.035300,0.083500,0.006100,0.020512,0.003200,,0.011328,0.001120,1,4,48,0,1
2544,0.140300,0.176900,0.008100,0.035100,0.024200,0.059600,0.013200,0.019200,0.002976,,0.012960,0.001152,1,4,48,0,1
2545,0.125800,0.153500,0.007500,0.022900,0.023500,0.058800,0.013100,0.019296,0.003264,,0.010528,0.001120,1,4,48,0,1
2546,0.124900,0.138800,0.007200,0.022700,0.023600,0.058900,0.012300,0.019296,0.003168,,0.013088,0.001152,1,4,48,0,1
2547,0.122400,0.137900,0.007200,0.022600,0.023700,0.067000,0.001900,0.018688,0.003040,,0.010208,0.001184,1,4,48,0,1
2548,0.115300,0.135700,0.007200,0.022800,0.023200,0.058900,0.003100,0.021632,0.003104,,0.011104,0.001152,1,4,48,0,1
2549,0.120400,0.128400,0.007300,0.022500,0.023300,0.064200,0.003000,0.018464,0.002976,,0.010784,0.001184,1,4,48,0,1
2550,0.158900,0.146400,0.009100,0.032900,0.032000,0.081900,0.002800,0.019072,0.002976,,0.013088,0.001152,1,4,48,0,1
2551,0.130700,0.174400,0.007600,0.024300,0.033100,0.062300,0.003300,0.019456,0.002944,,0.010368,0.001152,1,4,48,0,1
2552,0.117600,0.144000,0.007100,0.023300,0.023800,0.060000,0.003200,0.019264,0.003072,,0.013152,0.001152,1,4,48,0,1
2553,0.116600,0.130900,0.007300,0.023000,0.023600,0.059500,0.003200,0.021696,0.003040,,0.011136,0.001152,1,4,48,0,1
2554,0.114900,0.129800,0.007200,0.022300,0.023100,0.058900,0.003200,0.019232,0.003136,,0.012960,0.001088,1,4,48,0,1
2555,0.123900,0.128000,0.007700,0.022500,0.023000,0.059100,0.011500,0.018560,0.003136,,0.010784,0.001152,1,4,48,0,1
2556,0.123900,0.137200,0.007200,0.022800,0.023600,0.065500,0.004700,0.018816,0.003008,,0.010272,0.001152,1,4,48,0,1
2557,0.115500,0.136800,0.007300,0.022600,0.023300,0.058900,0.003200,0.019200,0.003104,,0.010528,0.001152,1,4,48,0,1
2558,0.115100,0.128400,0.007100,0.022600,0.023100,0.058900,0.003100,0.019584,0.003168,,0.010208,0.001120,1,4,48,0,1
2559,0.115000,0.128100,0.007200,0.022500,0.023200,0.059000,0.003100,0.021728,0.003168,,0.011008,0.001152,1,4,48,0,1
2560,0.115000,0.128300,0.007400,0.022500,0.023300,0.058400,0.003100,0.019296,0.003424,,0.010336,0.001152,1,4,48,0,1
2561,0.124700,0.128100,0.007200,0.022400,0.023200,0.058900,0.012900,0.018880,0.003008,,0.010368,0.001120,1,4,48,0,1
2562,0.126600,0.137800,0.007500,0.022500,0.022800,0.069600,0.004100,0.018880,0.003200,,0.010144,0.001152,1,4,48,0,1
2563,0.124400,0.139700,0.007600,0.023000,0.023700,0.059600,0.010200,0.018944,0.003232,,0.010208,0.001120,1,4,48,0,1
2564,0.123100,0.137400,0.007600,0.022600,0.023100,0.058800,0.010900,0.019264,0.003104,,0.013024,0.001184,1,4,48,0,1
2565,0.119500,0.136200,0.007200,0.022600,0.023000,0.063800,0.002900,0.018880,0.003232,,0.010144,0.001088,1,4,48,0,1
2566,0.117100,0.132700,0.007300,0.022500,0.023400,0.061700,0.001900,0.019488,0.002912,,0.009920,0.001120,1,4,48,0,1
2567,0.115900,0.130300,0.007300,0.022600,0.021800,0.062200,0.001900,0.020352,0.003008,,0.013056,0.001184,1,4,48,0,1
2568,0.122700,0.129200,0.007200,0.022400,0.030100,0.059600,0.003100,0.020768,0.003072,,0.012928,0.001152,1,4,48,0,1
2569,0.114300,0.135900,0.007100,0.022500,0.023200,0.058300,0.003100,0.021600,0.002944,,0.011072,0.001152,1,4,48,0,1
2570,0.114100,0.127300,0.007600,0.022600,0.023000,0.057800,0.003100,0.019040,0.003008,,0.010496,0.001152,1,4,48,0,1
2571,0.121400,0.127200,0.007300,0.022400,0.022900,0.058600,0.010100,0.018560,0.003040,,0.010400,0.001152,1,4,48,0,1
2572,0.112800,0.134300,0.007100,0.022500,0.023200,0.057900,0.001900,0.021632,0.003040,,0.011040,0.001152,1,4,48,0,1
2573,0.155100,0.126100,0.008500,0.022700,0.023200,0.096400,0.004200,0.019200,0.003136,,0.010496,0.001184,1,4,48,0,1
2574,0.166700,0.172700,0.010200,0.036300,0.033100,0.082700,0.004100,0.019904,0.003104,,0.010368,0.001120,1,4,48,0,1
2575,0.141400,0.183200,0.008800,0.028000,0.028800,0.072100,0.003500,0.021568,0.003040,,0.012512,0.001152,1,4,48,0,1
2576,0.140600,0.157400,0.009200,0.027500,0.028200,0.071700,0.004000,0.018400,0.002976,,0.010848,0.001184,1,4,48,0,1
2577,0.138800,0.157300,0.009100,0.027100,0.028500,0.070500,0.003600,0.019168,0.003168,,0.010496,0.001120,1,4,48,0,1
2578,0.137700,0.155000,0.009200,0.027100,0.028000,0.069900,0.003300,0.019168,0.003008,,0.013088,0.001184,1,4,48,0,1
2579,0.139300,0.153900,0.008700,0.027200,0.029000,0.070500,0.003800,0.018400,0.002944,,0.010464,0.001152,1,4,48,0,1
2580,0.142100,0.155400,0.008900,0.027500,0.028900,0.071600,0.005000,0.019712,0.003264,,0.010368,0.001184,1,4,48,0,1
2581,0.138400,0.158100,0.008800,0.027300,0.027900,0.070200,0.004000,0.019200,0.003296,,0.010368,0.001152,1,4,48,0,1
2582,0.138900,0.154300,0.008700,0.027000,0.028200,0.070800,0.004000,0.021664,0.003200,,0.011008,0.001184,1,4,48,0,1
2583,0.141100,0.154900,0.008900,0.027300,0.028100,0.072900,0.003700,0.018656,0.003008,,0.010496,0.001152,1,4,48,0,1
2584,0.159100,0.157200,0.009000,0.027300,0.028100,0.091200,0.003400,0.019232,0.003168,,0.010528,0.001184,1,4,48,0,1
2585,0.132600,0.173000,0.008100,0.025300,0.025200,0.061400,0.012400,0.021824,0.003040,,0.011328,0.001120,1,4,48,0,1
2586,0.124300,0.145700,0.007200,0.022900,0.023900,0.058400,0.011700,0.019776,0.002976,,0.010912,0.001184,1,4,48,0,1
2587,0.116300,0.137300,0.007600,0.022500,0.023800,0.059300,0.003100,0.018976,0.002976,,0.010400,0.001184,1,4,48,0,1
2588,0.122700,0.129400,0.007500,0.022700,0.022800,0.059000,0.010600,0.018688,0.003072,,0.010400,0.001152,1,4,48,0,1
2589,0.114100,0.136000,0.007300,0.022700,0.022600,0.058300,0.003100,0.019200,0.003072,,0.010528,0.001152,1,4,48,0,1
2590,0.122600,0.127000,0.007300,0.022300,0.022300,0.058100,0.012500,0.018560,0.003040,,0.010752,0.001184,1,4,48,0,1
2591,0.114100,0.135700,0.007300,0.022300,0.022800,0.058400,0.003200,0.019104,0.003040,,0.010496,0.001152,1,4,48,0,1
2592,0.113800,0.127000,0.007400,0.022300,0.022500,0.058500,0.003100,0.018976,0.003008,,0.010400,0.001184,1,4,48,0,1
2593,0.122900,0.126900,0.007200,0.022400,0.022500,0.058500,0.012200,0.019136,0.003072,,0.010496,0.001184,1,4,48,0,1
2594,0.114200,0.136200,0.007100,0.022600,0.023000,0.058400,0.003100,0.021568,0.003072,,0.011008,0.001120,1,4,48,0,1
2595,0.113600,0.127100,0.007200,0.022600,0.022700,0.058000,0.003000,0.021344,0.003040,,0.011040,0.001152,1,4,48,0,1
2596,0.114400,0.126600,0.007500,0.022500,0.023000,0.058200,0.003100,0.019360,0.003136,,0.013056,0.001184,1,4,48,0,1
2597,0.127800,0.127600,0.007300,0.022400,0.025500,0.068800,0.003800,0.019104,0.002944,,0.013024,0.001152,1,4,48,0,1
2598,0.124600,0.141300,0.007700,0.023000,0.023200,0.058800,0.011800,0.019424,0.003232,,0.013152,0.001120,1,4,48,0,1
2599,0.115000,0.137900,0.007200,0.022700,0.023100,0.058800,0.003200,0.021664,0.003072,,0.011104,0.001152,1,4,48,0,1
2600,0.125500,0.128300,0.007200,0.022600,0.023400,0.068600,0.003600,0.019040,0.002976,,0.010496,0.001184,1,4,48,0,1
2601,0.114900,0.138900,0.007200,0.022800,0.022800,0.058900,0.003100,0.018656,0.003104,,0.010240,0.001152,1,4,48,0,1
2602,0.114600,0.128100,0.007300,0.022500,0.022800,0.058700,0.003200,0.019520,0.003040,,0.013024,0.001152,1,4,48,0,1
2603,0.119000,0.127700,0.007100,0.022300,0.022700,0.058400,0.008500,0.018624,0.003008,,0.010336,0.001184,1,4,48,0,1
2604,0.114900,0.131900,0.007300,0.022400,0.023400,0.058600,0.003100,0.021344,0.003008,,0.011008,0.001120,1,4,48,0,1
2605,0.122800,0.128000,0.007400,0.022300,0.022800,0.057900,0.012200,0.019232,0.003360,,0.010368,0.001120,1,4,48,0,1
2606,0.114600,0.135900,0.007300,0.022300,0.023100,0.058600,0.003100,0.021664,0.003008,,0.011104,0.001184,1,4,48,0,1
2607,0.121700,0.127800,0.007200,0.022300,0.022700,0.057900,0.011500,0.019072,0.002944,,0.013152,0.001152,1,4,48,0,1
2608,0.124000,0.134800,0.007200,0.022300,0.022800,0.058900,0.012600,0.019008,0.003104,,0.010400,0.001120,1,4,48,0,1
2609,0.114100,0.136800,0.007400,0.022300,0.023200,0.058000,0.003200,0.021632,0.003104,,0.012032,0.001120,1,4,48,0,1
2610,0.125500,0.127300,0.007500,0.022300,0.023200,0.058600,0.013700,0.019104,0.003168,,0.010368,0.001184,1,4,48,0,1
2611,0.124900,0.138500,0.007500,0.022500,0.023100,0.059000,0.012600,0.019008,0.003136,,0.010432,0.001152,1,4,48,0,1
2612,0.135700,0.137900,0.007200,0.022400,0.023100,0.079100,0.003800,0.019008,0.003104,,0.010400,0.001120,1,4,48,0,1
2613,0.127800,0.149100,0.007500,0.023500,0.024400,0.060200,0.012200,0.018848,0.002976,,0.010432,0.001152,1,4,48,0,1
2614,0.115300,0.140800,0.007200,0.022700,0.023400,0.058700,0.003200,0.021568,0.003008,,0.011040,0.001184,1,4,48,0,1
2615,0.115100,0.128100,0.007600,0.022600,0.022900,0.058800,0.003100,0.019296,0.003168,,0.013056,0.001088,1,4,48,0,1
2616,0.124500,0.128000,0.007300,0.022700,0.023200,0.059200,0.012100,0.019264,0.003168,,0.010528,0.001152,1,4,48,0,1
2617,0.124200,0.149400,0.007300,0.022400,0.023500,0.058800,0.012000,0.019264,0.003296,,0.010400,0.001152,1,4,48,0,1
2618,0.123600,0.137100,0.007500,0.022900,0.023000,0.058000,0.012200,0.019040,0.003136,,0.010336,0.001184,1,4,48,0,1
2619,0.123100,0.136400,0.007100,0.022500,0.023600,0.057800,0.011900,0.019296,0.003264,,0.010560,0.001120,1,4,48,0,1
2620,0.112700,0.136000,0.007600,0.022600,0.023200,0.057300,0.002000,0.018464,0.002880,,0.012608,0.001184,1,4,48,0,1
2621,0.113900,0.125500,0.007500,0.022700,0.023300,0.057200,0.003100,0.018912,0.003040,,0.010336,0.001152,1,4,48,0,1
2622,0.113500,0.127000,0.007300,0.022500,0.023200,0.057300,0.003100,0.019488,0.003040,,0.012992,0.001152,1,4,48,0,1
2623,0.125100,0.126400,0.007400,0.022700,0.023400,0.058900,0.012500,0.018912,0.003040,,0.010368,0.001120,1,4,48,0,1
2624,0.127400,0.138000,0.007100,0.022700,0.026900,0.059900,0.010600,0.019136,0.003232,,0.010432,0.001088,1,4,48,0,1
2625,0.122200,0.140300,0.007300,0.022500,0.023400,0.059000,0.009900,0.018624,0.003072,,0.010144,0.001152,1,4,48,0,1
2626,0.122400,0.135200,0.007300,0.022400,0.023200,0.059200,0.010200,0.018560,0.002976,,0.010464,0.001152,1,4,48,0,1
2627,0.121900,0.135400,0.007200,0.022600,0.022800,0.067100,0.002000,0.018496,0.003072,,0.010848,0.001184,1,4,48,0,1
2628,0.114600,0.135100,0.007300,0.023000,0.023200,0.057900,0.003200,0.019904,0.003072,,0.013888,0.001152,1,4,48,0,1
2629,0.114400,0.127800,0.007200,0.022400,0.023400,0.058100,0.003000,0.021504,0.002976,,0.012480,0.001152,1,4,48,0,1
2630,0.114000,0.127100,0.007200,0.022200,0.022700,0.058300,0.003100,0.019072,0.003104,,0.010432,0.001152,1,4,48,0,1
2631,0.114900,0.126900,0.007700,0.022800,0.023300,0.057900,0.003100,0.021632,0.003040,,0.011072,0.001152,1,4,48,0,1
2632,0.121900,0.127800,0.007500,0.022600,0.023000,0.058100,0.010500,0.019328,0.003104,,0.013024,0.001152,1,4,48,0,1
2633,0.115100,0.134800,0.007400,0.022600,0.023000,0.058700,0.003100,0.019200,0.003296,,0.010368,0.001152,1,4,48,0,1
2634,0.121900,0.128400,0.007300,0.022400,0.022900,0.058200,0.011000,0.019168,0.003136,,0.010528,0.001152,1,4,48,0,1
2635,0.124400,0.134700,0.007300,0.022500,0.023000,0.058800,0.012600,0.019104,0.003072,,0.010496,0.001152,1,4,48,0,1
2636,0.114200,0.137300,0.007200,0.022800,0.023100,0.057800,0.003200,0.019328,0.003424,,0.010400,0.001120,1,4,48,0,1
2637,0.123000,0.127200,0.007200,0.022700,0.023300,0.058900,0.010800,0.018432,0.003040,,0.010816,0.001120,1,4,48,0,1
2638,0.122400,0.135900,0.007200,0.022200,0.023300,0.057500,0.012100,0.018624,0.002976,,0.010400,0.001184,1,4,48,0,1
2639,0.114900,0.135300,0.007500,0.022600,0.023200,0.058600,0.003000,0.021568,0.002944,,0.011104,0.001184,1,4,48,0,1
2640,0.114100,0.127800,0.007500,0.022600,0.022700,0.058200,0.003100,0.019136,0.003264,,0.010368,0.001088,1,4,48,0,1
2641,0.123200,0.126900,0.007300,0.022100,0.023000,0.059000,0.011700,0.019136,0.003136,,0.010432,0.001152,1,4,48,0,1
2642,0.130700,0.136400,0.007100,0.022300,0.023100,0.063300,0.014600,0.018880,0.003424,,0.010336,0.001120,1,4,48,0,1
2643,0.114600,0.143800,0.007500,0.023000,0.023100,0.057600,0.003200,0.019008,0.003040,,0.010432,0.001184,1,4,48,0,1
2644,0.123600,0.127500,0.007600,0.022700,0.023300,0.058100,0.011900,0.019008,0.002944,,0.013024,0.001120,1,4,48,0,1
2645,0.123100,0.136600,0.007500,0.022500,0.023200,0.058300,0.011600,0.018656,0.003232,,0.010752,0.001184,1,4,48,0,1
2646,0.114300,0.136000,0.007200,0.022600,0.023300,0.058000,0.003000,0.021632,0.002976,,0.011104,0.001184,1,4,48,0,1
2647,0.122600,0.127500,0.007300,0.022500,0.023000,0.059800,0.010000,0.018496,0.002944,,0.010912,0.001184,1,4,48,0,1
2648,0.114400,0.135600,0.007500,0.022600,0.022900,0.058100,0.003100,0.021376,0.003008,,0.011040,0.001216,1,4,48,0,1
2649,0.114600,0.127500,0.007300,0.022400,0.023000,0.058800,0.003000,0.021600,0.002944,,0.011072,0.001152,1,4,48,0,1
2650,0.112600,0.127800,0.007200,0.022400,0.022800,0.057000,0.003200,0.018912,0.003008,,0.010368,0.001152,1,4,48,0,1
2651,0.114000,0.125800,0.007200,0.022500,0.023300,0.057800,0.003000,0.021600,0.003104,,0.011040,0.001184,1,4,48,0,1
2652,0.113600,0.126900,0.007300,0.022400,0.023100,0.057400,0.003200,0.019136,0.003040,,0.010592,0.001120,1,4,48,0,1
2653,0.114300,0.126500,0.007100,0.022300,0.022900,0.058500,0.003100,0.019136,0.002880,,0.013088,0.001184,1,4,48,0,1
2654,0.113400,0.127300,0.007100,0.022100,0.022700,0.058200,0.003000,0.018976,0.003072,,0.010336,0.001184,1,4,48,0,1
2655,0.139600,0.126300,0.007100,0.022400,0.022600,0.079400,0.008100,0.019200,0.002912,,0.010528,0.001120,1,4,48,0,1
2656,0.115100,0.152600,0.007300,0.022500,0.020700,0.062200,0.002200,0.020960,0.003040,,0.013056,0.001152,1,4,48,0,1
2657,0.114500,0.128100,0.007300,0.023100,0.023500,0.057500,0.003100,0.019520,0.003168,,0.010176,0.001120,1,4,48,0,1
2658,0.263600,0.133200,0.009900,0.031500,0.073500,0.145600,0.002900,0.019072,0.002880,,0.010368,0.001184,1,4,48,0,1
2659,0.168700,0.286000,0.011900,0.037700,0.035400,0.079500,0.004000,0.019296,0.002976,,0.010304,0.001152,1,4,48,0,1
2660,0.148800,0.185600,0.009300,0.028200,0.029100,0.077200,0.004800,0.018400,0.002976,,0.010816,0.001152,1,4,48,0,1
2661,0.149000,0.165200,0.009000,0.027600,0.028100,0.080300,0.003800,0.018944,0.003008,,0.010400,0.001152,1,4,48,0,1
2662,0.140600,0.165200,0.008900,0.027600,0.028400,0.071400,0.004200,0.018752,0.003104,,0.010528,0.001152,1,4,48,0,1
2663,0.152000,0.156900,0.008700,0.027800,0.035500,0.075300,0.004500,0.019008,0.003040,,0.010496,0.001152,1,4,48,0,1
2664,0.140100,0.168100,0.008900,0.027500,0.028400,0.071300,0.003800,0.019200,0.003168,,0.010464,0.001184,1,4,48,0,1
2665,0.142600,0.156600,0.009000,0.027500,0.028000,0.072200,0.005700,0.021632,0.003040,,0.012416,0.001152,1,4,48,0,1
2666,0.145300,0.158700,0.008600,0.027600,0.028600,0.076100,0.004300,0.021696,0.003072,,0.011072,0.001184,1,4,48,0,1
2667,0.142400,0.161400,0.008700,0.027400,0.027900,0.074000,0.004100,0.021568,0.002912,,0.011040,0.001184,1,4,48,0,1
2668,0.172400,0.158500,0.022500,0.031100,0.039600,0.075500,0.003400,0.018944,0.003072,,0.010368,0.001120,1,4,48,0,1
2669,0.116400,0.186400,0.007700,0.023100,0.023800,0.059600,0.002200,0.022016,0.003104,,0.011360,0.001088,1,4,48,0,1
2670,0.127000,0.129500,0.007200,0.022600,0.023300,0.060400,0.013400,0.018432,0.003008,,0.010848,0.001152,1,4,48,0,1
2671,0.124000,0.140500,0.007200,0.022700,0.023400,0.059200,0.011500,0.019104,0.003072,,0.010496,0.001152,1,4,48,0,1
2672,0.123400,0.137000,0.007200,0.022600,0.023600,0.067700,0.002200,0.018720,0.003136,,0.010240,0.001152,1,4,48,0,1
2673,0.123400,0.136400,0.007300,0.022700,0.023000,0.058700,0.011600,0.018688,0.003232,,0.010624,0.001152,1,4,48,0,1
2674,0.122800,0.136500,0.007300,0.022800,0.023100,0.059100,0.010400,0.018432,0.002944,,0.010528,0.001152,1,4,48,0,1
2675,0.114900,0.135800,0.007400,0.022600,0.023100,0.059400,0.002300,0.021408,0.003008,,0.012480,0.001152,1,4,48,0,1
2676,0.115200,0.128200,0.007400,0.022500,0.023400,0.059600,0.002200,0.019200,0.003168,,0.010496,0.001152,1,4,48,0,1
2677,0.138600,0.128400,0.007600,0.037300,0.024000,0.067400,0.002100,0.018592,0.003104,,0.010848,0.001152,1,4,48,0,1
2678,0.115600,0.151900,0.007700,0.022700,0.023600,0.059200,0.002400,0.021376,0.003040,,0.011008,0.001152,1,4,48,0,1
2679,0.116500,0.128800,0.007200,0.024000,0.023300,0.060000,0.002000,0.018848,0.003008,,0.010368,0.001120,1,4,48,0,1
2680,0.157000,0.129700,0.007300,0.022900,0.023000,0.099100,0.004600,0.019872,0.003040,,0.013952,0.001152,1,4,48,0,1
2681,0.189400,0.177600,0.010600,0.040100,0.038800,0.094700,0.005000,0.019296,0.003136,,0.013120,0.001152,1,4,48,0,1
2682,0.147400,0.203500,0.008500,0.028600,0.026700,0.081600,0.001900,0.019904,0.003040,,0.013888,0.001152,1,4,48,0,1
2683,0.120900,0.164000,0.008600,0.024700,0.025400,0.060000,0.002100,0.019744,0.002976,,0.013888,0.001184,1,4,48,0,1
2684,0.127500,0.134100,0.007400,0.023100,0.026600,0.067900,0.002500,0.019936,0.003008,,0.010432,0.001184,1,4,48,0,1
2685,0.115900,0.140800,0.007600,0.024200,0.023000,0.057700,0.003200,0.019680,0.003072,,0.010272,0.001152,1,4,48,0,1
2686,0.123800,0.129400,0.007300,0.022600,0.023400,0.058900,0.011500,0.019008,0.003424,,0.010144,0.001088,1,4,48,0,1
2687,0.123700,0.136800,0.007400,0.022600,0.022900,0.058500,0.012100,0.019072,0.003296,,0.010400,0.001088,1,4,48,0,1
2688,0.112700,0.137200,0.007700,0.022600,0.023200,0.057000,0.002200,0.018432,0.003040,,0.012544,0.001120,1,4,48,0,1
2689,0.114100,0.125700,0.007400,0.022700,0.024600,0.057300,0.002000,0.019232,0.003040,,0.010304,0.001152,1,4,48,0,1
2690,0.127200,0.128200,0.008300,0.023800,0.023800,0.057400,0.013700,0.018592,0.003072,,0.010912,0.001184,1,4,48,0,1
2691,0.126900,0.140500,0.007500,0.022600,0.023300,0.061200,0.012300,0.019392,0.003104,,0.010432,0.001152,1,4,48,0,1
2692,0.117500,0.139900,0.008400,0.022700,0.024300,0.058900,0.003100,0.019136,0.003136,,0.010432,0.001184,1,4,48,0,1
2693,0.114100,0.130800,0.007400,0.022300,0.023100,0.058000,0.003000,0.021728,0.003072,,0.012512,0.001184,1,4,48,0,1
2694,0.116100,0.127200,0.008300,0.024400,0.022800,0.057800,0.002700,0.021440,0.003008,,0.012448,0.001120,1,4,48,0,1
2695,0.120100,0.129400,0.007300,0.022700,0.023600,0.063200,0.003100,0.019104,0.003040,,0.013024,0.001184,1,4,48,0,1
2696,0.123400,0.133200,0.007600,0.023200,0.026200,0.064200,0.002000,0.019136,0.003072,,0.013088,0.001152,1,4,48,0,1
2697,0.110400,0.136400,0.007500,0.022800,0.020800,0.057200,0.002000,0.019040,0.003040,,0.010464,0.001152,1,4,48,0,1
2698,0.129200,0.123700,0.007300,0.022300,0.033500,0.064000,0.001900,0.019840,0.003168,,0.010464,0.001184,1,4,48,0,1
2699,0.123500,0.141900,0.007700,0.022000,0.020600,0.070100,0.003100,0.021792,0.003008,,0.011168,0.001120,1,4,48,0,1
2700,0.121200,0.136600,0.007400,0.022600,0.023700,0.065500,0.001800,0.018400,0.003040,,0.010752,0.001120,1,4,48,0,1
2701,0.115500,0.134500,0.007300,0.022600,0.023500,0.058900,0.003200,0.021248,0.002976,,0.011008,0.001152,1,4,48,0,1
2702,0.116600,0.128500,0.007200,0.022300,0.023300,0.061900,0.001700,0.018560,0.003136,,0.010656,0.001152,1,4,48,0,1
2703,0.121300,0.129800,0.007600,0.022500,0.023500,0.059000,0.008700,0.019136,0.003040,,0.010528,0.001152,1,4,48,0,1
2704,0.120000,0.134300,0.007500,0.022700,0.022800,0.058700,0.008100,0.018944,0.003104,,0.010368,0.001088,1,4,48,0,1
2705,0.121700,0.133000,0.007200,0.022600,0.023200,0.058700,0.009900,0.021600,0.003008,,0.012384,0.001120,1,4,48,0,1
2706,0.114000,0.134700,0.007100,0.022400,0.023200,0.058900,0.002300,0.019584,0.003136,,0.010368,0.001152,1,4,48,0,1
2707,0.121700,0.127100,0.007400,0.022800,0.022800,0.057900,0.010500,0.019072,0.003008,,0.013120,0.001152,1,4,48,0,1
2708,0.113100,0.134700,0.007300,0.022700,0.022800,0.058100,0.002100,0.018912,0.003072,,0.010272,0.001120,1,4,48,0,1
2709,0.121900,0.126400,0.007500,0.022700,0.023400,0.058000,0.010300,0.019616,0.003136,,0.012960,0.001184,1,4,48,0,1
2710,0.123600,0.135000,0.007200,0.022300,0.023200,0.058200,0.012600,0.019104,0.003232,,0.010368,0.001120,1,4,48,0,1
2711,0.123200,0.137000,0.007500,0.023300,0.023800,0.058100,0.010500,0.019232,0.003040,,0.013024,0.001152,1,4,48,0,1
2712,0.122800,0.136300,0.007300,0.022500,0.023300,0.058600,0.010900,0.021504,0.003008,,0.011040,0.001184,1,4,48,0,1
2713,0.123800,0.135800,0.007200,0.022500,0.023500,0.059000,0.011500,0.019328,0.003072,,0.012992,0.001152,1,4,48,0,1
2714,0.123000,0.140800,0.007600,0.024000,0.027700,0.061300,0.002400,0.020672,0.003072,,0.011648,0.001184,1,4,48,0,1
2715,0.127500,0.136600,0.007400,0.022800,0.022900,0.062200,0.012200,0.021568,0.002944,,0.011136,0.001184,1,4,48,0,1
2716,0.122500,0.140600,0.007300,0.023000,0.023600,0.059200,0.009300,0.019264,0.003168,,0.013056,0.001152,1,4,48,0,1
2717,0.118100,0.135500,0.007300,0.023000,0.023800,0.059200,0.004600,0.019136,0.003232,,0.010400,0.001120,1,4,48,0,1
2718,0.120900,0.131600,0.007500,0.022400,0.023200,0.065200,0.002300,0.019680,0.003072,,0.012576,0.001152,1,4,48,0,1
2719,0.124700,0.134000,0.007500,0.022600,0.023200,0.067100,0.004100,0.018496,0.003008,,0.010880,0.001152,1,4,48,0,1
2720,0.119400,0.138000,0.007200,0.022600,0.024000,0.063500,0.001900,0.018912,0.003136,,0.010208,0.001184,1,4,48,0,1
2721,0.120400,0.132400,0.007100,0.028200,0.023600,0.058700,0.002800,0.018784,0.003072,,0.010336,0.001120,1,4,48,0,1
2722,0.114400,0.134000,0.007500,0.022700,0.023400,0.058400,0.002400,0.019104,0.003232,,0.010432,0.001120,1,4,48,0,1
2723,0.116900,0.127400,0.007300,0.022400,0.023100,0.062000,0.002000,0.020832,0.003136,,0.011424,0.001152,1,4,48,0,1
2724,0.121600,0.130100,0.007700,0.022500,0.023100,0.057900,0.010200,0.019072,0.003072,,0.010464,0.001152,1,4,48,0,1
2725,0.123100,0.134600,0.007100,0.022400,0.022900,0.066700,0.004000,0.021632,0.003200,,0.012448,0.001120,1,4,48,0,1
2726,0.118600,0.136100,0.007700,0.022800,0.023500,0.058200,0.006200,0.019072,0.003168,,0.010400,0.001120,1,4,48,0,1
2727,0.113800,0.131500,0.007400,0.022600,0.023300,0.057700,0.002600,0.021536,0.002976,,0.011072,0.001184,1,4,48,0,1
2728,0.122000,0.127200,0.007400,0.022400,0.023000,0.057900,0.011300,0.019008,0.003008,,0.010496,0.001120,1,4,48,0,1
2729,0.120100,0.135300,0.007200,0.022500,0.023200,0.064600,0.002500,0.018464,0.003008,,0.010848,0.001152,1,4,48,0,1
2730,0.118600,0.133300,0.007200,0.022700,0.022800,0.058400,0.007200,0.019520,0.003392,,0.010624,0.001152,1,4,48,0,1
2731,0.144900,0.132000,0.007900,0.023000,0.023000,0.085600,0.005400,0.019456,0.003008,,0.012960,0.001184,1,4,48,0,1
2732,0.173400,0.162900,0.010500,0.037400,0.034200,0.076900,0.014400,0.018432,0.002976,,0.010880,0.001152,1,4,48,0,1
2733,0.143400,0.190200,0.009500,0.027900,0.029400,0.072600,0.003900,0.018624,0.003168,,0.010528,0.001152,1,4,48,0,1
2734,0.140500,0.159800,0.008900,0.027300,0.027800,0.071500,0.004500,0.021376,0.002976,,0.011392,0.001184,1,4,48,0,1
2735,0.137800,0.156500,0.008700,0.027500,0.028300,0.069600,0.003600,0.021536,0.002976,,0.011008,0.001152,1,4,48,0,1
2736,0.145700,0.154000,0.008700,0.027000,0.028500,0.070800,0.010400,0.019136,0.002880,,0.013120,0.001152,1,4,48,0,1
2737,0.146900,0.161800,0.008800,0.027400,0.028000,0.071400,0.011100,0.018592,0.003104,,0.010944,0.001152,1,4,48,0,1
2738,0.147000,0.163200,0.008800,0.027300,0.028400,0.080400,0.002100,0.018880,0.002976,,0.010336,0.001184,1,4,48,0,1
2739,0.146200,0.163000,0.008700,0.027200,0.028100,0.079800,0.002100,0.021440,0.003072,,0.011328,0.001184,1,4,48,0,1
2740,0.140900,0.162300,0.009000,0.028900,0.025800,0.074700,0.002300,0.018912,0.003072,,0.010336,0.001152,1,4,48,0,1
2741,0.169300,0.157100,0.008900,0.028200,0.044100,0.083700,0.004200,0.018976,0.002976,,0.013056,0.001152,1,4,48,0,1
2742,0.184800,0.185400,0.009000,0.027100,0.060300,0.077500,0.010600,0.020032,0.003072,,0.013920,0.001152,1,4,48,0,1
2743,0.118700,0.201500,0.009500,0.023900,0.023600,0.059200,0.002400,0.019168,0.003200,,0.010528,0.001088,1,4,48,0,1
2744,0.115700,0.131800,0.007700,0.022700,0.023300,0.058000,0.003800,0.018976,0.003136,,0.010304,0.001152,1,4,48,0,1
2745,0.124500,0.129000,0.007800,0.022800,0.023200,0.058300,0.012300,0.019328,0.003040,,0.012992,0.001152,1,4,48,0,1
2746,0.112100,0.137600,0.007400,0.022500,0.022900,0.057100,0.002100,0.019968,0.003072,,0.013920,0.001152,1,4,48,0,1
2747,0.113800,0.125200,0.007400,0.023100,0.023500,0.057100,0.002700,0.019360,0.002944,,0.012032,0.001152,1,4,48,0,1
2748,0.122700,0.127000,0.007300,0.022600,0.023700,0.066900,0.001900,0.019232,0.003328,,0.010400,0.001120,1,4,48,0,1
2749,0.125600,0.135900,0.007600,0.022600,0.023600,0.059300,0.012500,0.019008,0.003136,,0.010400,0.001120,1,4,48,0,1
2750,0.132300,0.138800,0.007500,0.022800,0.034000,0.063500,0.004500,0.018464,0.003008,,0.010848,0.001120,1,4,48,0,1
2751,0.122200,0.145600,0.007400,0.023900,0.023400,0.063200,0.004200,0.018976,0.003040,,0.010400,0.001152,1,4,48,0,1
2752,0.120300,0.135300,0.007200,0.022500,0.023600,0.058800,0.008000,0.019136,0.003072,,0.012992,0.001152,1,4,48,0,1
2753,0.122600,0.133600,0.007100,0.022800,0.023500,0.063600,0.005300,0.018912,0.003040,,0.010336,0.001184,1,4,48,0,1
2754,0.114000,0.135500,0.007300,0.022600,0.023400,0.057800,0.002600,0.019104,0.003072,,0.010528,0.001152,1,4,48,0,1
2755,0.124800,0.132500,0.007700,0.023300,0.024500,0.059500,0.009700,0.021536,0.002880,,0.011008,0.001152,1,4,48,0,1
2756,0.115800,0.138300,0.007300,0.022500,0.023900,0.058700,0.003400,0.019488,0.003040,,0.012480,0.001120,1,4,48,0,1
2757,0.120400,0.128800,0.007100,0.022600,0.023200,0.065400,0.001900,0.018912,0.003008,,0.010400,0.001088,1,4,48,0,1
2758,0.118200,0.133600,0.007300,0.022500,0.023500,0.063200,0.001700,0.018432,0.003040,,0.010720,0.001152,1,4,48,0,1
2759,0.122100,0.131200,0.007300,0.022700,0.023600,0.066600,0.001800,0.018944,0.003040,,0.010368,0.001152,1,4,48,0,1
2760,0.114900,0.135300,0.007200,0.022800,0.023700,0.059100,0.001900,0.019584,0.003200,,0.010400,0.001152,1,4,48,0,1
2761,0.121500,0.128000,0.007400,0.022700,0.027700,0.061600,0.001900,0.019808,0.003072,,0.013856,0.001088,1,4,48,0,1
2762,0.114700,0.134700,0.007200,0.022900,0.023300,0.058200,0.003000,0.019904,0.003104,,0.013856,0.001152,1,4,48,0,1
2763,0.122900,0.127800,0.007200,0.022500,0.023300,0.058200,0.011400,0.019360,0.003360,,0.010528,0.001120,1,4,48,0,1
2764,0.112700,0.135900,0.007300,0.022800,0.023200,0.057500,0.001800,0.019072,0.003040,,0.010496,0.001152,1,4,48,0,1
2765,0.242100,0.129200,0.009300,0.031100,0.065700,0.132800,0.002900,0.019648,0.003168,,0.010400,0.001120,1,4,48,0,1
2766,0.162200,0.261100,0.010900,0.033400,0.032000,0.080600,0.005200,0.021600,0.003136,,0.011136,0.001184,1,4,48,0,1
2767,0.153900,0.179500,0.008900,0.028600,0.029000,0.083000,0.004300,0.021504,0.002912,,0.011072,0.001184,1,4,48,0,1
2768,0.139600,0.170300,0.009300,0.027600,0.028300,0.070800,0.003400,0.021696,0.003040,,0.011136,0.001152,1,4,48,0,1
2769,0.141700,0.156000,0.008900,0.027900,0.028500,0.071200,0.005100,0.019328,0.003136,,0.012960,0.001152,1,4,48,0,1
2770,0.138400,0.158000,0.008700,0.027300,0.028900,0.069600,0.003700,0.019136,0.003008,,0.010560,0.001184,1,4,48,0,1
2771,0.176300,0.154500,0.009100,0.027400,0.028400,0.106500,0.004700,0.018944,0.002944,,0.010464,0.001152,1,4,48,0,1
2772,0.231000,0.195300,0.010900,0.037600,0.037300,0.142100,0.003000,0.018880,0.002944,,0.010368,0.001152,1,4,48,0,1
2773,0.204800,0.248200,0.009500,0.058400,0.036600,0.084900,0.015100,0.019168,0.003200,,0.010464,0.001088,1,4,48,0,1
2774,0.153200,0.223600,0.009900,0.029500,0.030000,0.079200,0.004400,0.019072,0.002912,,0.013088,0.001120,1,4,48,0,1
2775,0.209000,0.170300,0.009000,0.028200,0.028500,0.135900,0.007200,0.019104,0.003008,,0.013120,0.001184,1,4,48,0,1
2776,0.149400,0.226200,0.009500,0.030600,0.030700,0.074300,0.004100,0.021568,0.002976,,0.012416,0.001184,1,4,48,0,1
2777,0.146700,0.165800,0.009000,0.027500,0.028500,0.069900,0.011700,0.022080,0.003232,,0.011392,0.001120,1,4,48,0,1
2778,0.144400,0.163000,0.008800,0.027700,0.029100,0.074100,0.004400,0.018976,0.003136,,0.010400,0.001120,1,4,48,0,1
2779,0.131900,0.160700,0.009100,0.027600,0.025400,0.067300,0.002200,0.020704,0.003136,,0.011616,0.001120,1,4,48,0,1
2780,0.144300,0.147700,0.008800,0.027100,0.024500,0.079600,0.004100,0.021632,0.002976,,0.012448,0.001152,1,4,48,0,1
2781,0.153900,0.160400,0.009300,0.027700,0.028400,0.086300,0.002200,0.019136,0.003232,,0.010400,0.001120,1,4,48,0,1
2782,0.135300,0.167500,0.007400,0.023200,0.023300,0.077700,0.003700,0.018976,0.003072,,0.012992,0.001152,1,4,48,0,1
2783,0.119900,0.149000,0.007900,0.024400,0.024900,0.059400,0.003200,0.019072,0.003200,,0.010368,0.001120,1,4,48,0,1
2784,0.121300,0.133000,0.007400,0.022700,0.023300,0.058100,0.009800,0.018880,0.003232,,0.010496,0.001152,1,4,48,0,1
2785,0.116600,0.134200,0.007400,0.022900,0.023300,0.059600,0.003300,0.018944,0.003008,,0.010368,0.001152,1,4,48,0,1
2786,0.121800,0.129700,0.007300,0.022500,0.023800,0.066200,0.001900,0.018400,0.002976,,0.010784,0.001120,1,4,48,0,1
2787,0.238100,0.134800,0.007400,0.022600,0.023400,0.181600,0.003000,0.018976,0.003008,,0.010400,0.001152,1,4,48,0,1
2788,0.142800,0.253800,0.008600,0.031000,0.028800,0.069300,0.005000,0.019776,0.002976,,0.013888,0.001120,1,4,48,0,1
2789,0.126100,0.156800,0.007700,0.023700,0.024400,0.068100,0.001900,0.019008,0.003008,,0.010432,0.001152,1,4,48,0,1
2790,0.124100,0.139600,0.007500,0.023200,0.024400,0.060400,0.008500,0.019264,0.003200,,0.010496,0.001184,1,4,48,0,1
2791,0.123300,0.137400,0.007500,0.023000,0.023600,0.064600,0.004300,0.018624,0.003072,,0.010464,0.001152,1,4,48,0,1
2792,0.115400,0.136500,0.007200,0.022700,0.023300,0.058800,0.003200,0.018400,0.003008,,0.010560,0.001152,1,4,48,0,1
2793,0.123900,0.128600,0.007300,0.022900,0.023200,0.060000,0.010300,0.019680,0.003136,,0.012960,0.001184,1,4,48,0,1
2794,0.114300,0.136900,0.007300,0.022400,0.023200,0.058000,0.003200,0.022080,0.003584,,0.010976,0.001184,1,4,48,0,1
2795,0.122800,0.127600,0.007600,0.022700,0.022900,0.058500,0.011000,0.019456,0.003456,,0.010496,0.001152,1,4,48,0,1
2796,0.116100,0.135800,0.007100,0.022500,0.023500,0.059700,0.003100,0.018816,0.003104,,0.010208,0.001120,1,4,48,0,1
2797,0.124600,0.129300,0.007400,0.022900,0.023300,0.060800,0.010200,0.018912,0.002976,,0.010496,0.001152,1,4,48,0,1
2798,0.124200,0.138000,0.007200,0.022900,0.023400,0.068900,0.001800,0.018496,0.003008,,0.010848,0.001184,1,4,48,0,1
2799,0.115500,0.138600,0.007500,0.022400,0.024600,0.057400,0.003200,0.019168,0.003200,,0.010464,0.001120,1,4,48,0,1
2800,0.142200,0.128800,0.007700,0.022900,0.022900,0.086900,0.001800,0.018912,0.002976,,0.010400,0.001152,1,4,48,0,1
2801,0.115600,0.155600,0.007400,0.023200,0.023000,0.058700,0.003200,0.020000,0.003104,,0.013888,0.001120,1,4,48,0,1
2802,0.123200,0.128900,0.007200,0.022600,0.023500,0.058800,0.011000,0.021600,0.003104,,0.011104,0.001120,1,4,48,0,1
2803,0.115200,0.136300,0.007300,0.022500,0.023600,0.058600,0.003200,0.021728,0.003104,,0.011072,0.001184,1,4,48,0,1
2804,0.112600,0.128400,0.007400,0.022800,0.023000,0.057300,0.002100,0.019136,0.003040,,0.010368,0.001184,1,4,48,0,1
2805,0.128900,0.125600,0.007500,0.022700,0.038500,0.058000,0.002200,0.020992,0.003296,,0.011552,0.001088,1,4,48,0,1
2806,0.113900,0.141900,0.007400,0.023100,0.023900,0.057500,0.001900,0.019968,0.003072,,0.013952,0.001152,1,4,48,0,1
2807,0.132600,0.127100,0.007200,0.023100,0.023500,0.063900,0.014700,0.018848,0.003104,,0.010272,0.001152,1,4,48,0,1
2808,0.131100,0.148800,0.008600,0.028900,0.027400,0.062900,0.003300,0.019072,0.003072,,0.010464,0.001152,1,4,48,0,1
2809,0.125300,0.144400,0.007500,0.022900,0.023700,0.059100,0.011800,0.019136,0.003168,,0.010432,0.001088,1,4,48,0,1
2810,0.120700,0.138400,0.007500,0.022400,0.023400,0.058500,0.008900,0.019136,0.002912,,0.013024,0.001152,1,4,48,0,1
2811,0.121500,0.134200,0.007300,0.022400,0.024300,0.058600,0.008800,0.019872,0.003040,,0.013920,0.001152,1,4,48,0,1
2812,0.120000,0.134600,0.007500,0.022500,0.022800,0.065300,0.001900,0.019552,0.003328,,0.013056,0.001184,1,4,48,0,1
2813,0.119400,0.133100,0.007300,0.022400,0.023400,0.058200,0.008100,0.018528,0.003040,,0.010848,0.001152,1,4,48,0,1
2814,0.114800,0.132300,0.007200,0.022400,0.022600,0.059400,0.003200,0.019168,0.003168,,0.010528,0.001120,1,4,48,0,1
2815,0.120400,0.127800,0.007200,0.022300,0.028600,0.058800,0.003300,0.019072,0.003136,,0.010400,0.001152,1,4,48,0,1
2816,0.114000,0.133600,0.007500,0.023000,0.023200,0.057700,0.002500,0.018496,0.003072,,0.010496,0.001152,1,4,48,0,1
2817,0.121200,0.127000,0.007400,0.022400,0.023100,0.057700,0.010600,0.018912,0.003040,,0.010304,0.001152,1,4,48,0,1
2818,0.120300,0.134400,0.007400,0.022300,0.023000,0.057900,0.009600,0.019072,0.003104,,0.010400,0.001120,1,4,48,0,1
2819,0.139900,0.133300,0.007200,0.022700,0.026800,0.080300,0.002800,0.021568,0.003008,,0.011072,0.001152,1,4,48,0,1
2820,0.138500,0.155200,0.008600,0.030900,0.028500,0.067000,0.003400,0.019168,0.003232,,0.010400,0.001152,1,4,48,0,1
2821,0.124600,0.152300,0.007800,0.023900,0.028800,0.060600,0.003400,0.018784,0.003072,,0.010336,0.001184,1,4,48,0,1
2822,0.143700,0.138300,0.007400,0.022800,0.021400,0.088200,0.003800,0.018944,0.002944,,0.013120,0.001120,1,4,48,0,1
2823,0.131500,0.157300,0.007600,0.023900,0.033100,0.065000,0.001700,0.018912,0.003008,,0.010336,0.001152,1,4,48,0,1
2824,0.126600,0.144800,0.007400,0.023000,0.023700,0.059600,0.012900,0.018912,0.003008,,0.010368,0.001152,1,4,48,0,1
2825,0.115300,0.139800,0.007200,0.022800,0.024000,0.058000,0.003200,0.019296,0.003392,,0.010432,0.001120,1,4,48,0,1
2826,0.115100,0.128600,0.007200,0.022900,0.024300,0.057600,0.003100,0.019840,0.002880,,0.013888,0.001184,1,4,48,0,1
2827,0.117300,0.128700,0.007400,0.022800,0.024300,0.059600,0.003200,0.019104,0.003264,,0.010368,0.001120,1,4,48,0,1
2828,0.113700,0.130600,0.007300,0.022800,0.023300,0.057100,0.003100,0.019264,0.003328,,0.010432,0.001120,1,4,48,0,1
2829,0.114700,0.126900,0.007600,0.022500,0.023300,0.058000,0.003100,0.019072,0.003072,,0.010432,0.001152,1,4,48,0,1
2830,0.117400,0.127900,0.007300,0.022400,0.025700,0.058700,0.003200,0.021632,0.002976,,0.011136,0.001184,1,4,48,0,1
2831,0.114100,0.130600,0.007400,0.022500,0.023200,0.057900,0.003100,0.019040,0.003008,,0.010528,0.001152,1,4,48,0,1
2832,0.125600,0.127200,0.007400,0.023300,0.024000,0.067300,0.003500,0.018528,0.003104,,0.010848,0.001120,1,4,48,0,1
2833,0.116100,0.139100,0.007500,0.023500,0.024200,0.057700,0.003200,0.019712,0.003008,,0.010368,0.001152,1,4,48,0,1
2834,0.115600,0.129100,0.007400,0.022800,0.023800,0.058300,0.003100,0.021280,0.003008,,0.011040,0.001120,1,4,48,0,1
2835,0.114900,0.128700,0.007300,0.022700,0.023300,0.058500,0.003100,0.019392,0.003104,,0.013088,0.001184,1,4,48,0,1
2836,0.156000,0.128100,0.007700,0.022600,0.023100,0.100600,0.001800,0.019488,0.003008,,0.010304,0.001152,1,4,48,0,1
2837,0.125600,0.169800,0.008100,0.024800,0.024700,0.059600,0.008100,0.018592,0.002976,,0.010304,0.001152,1,4,48,0,1
2838,0.156000,0.139000,0.007500,0.022900,0.023300,0.096700,0.005500,0.019584,0.003168,,0.010368,0.001120,1,4,48,0,1
2839,0.212500,0.174700,0.010300,0.037400,0.037100,0.122700,0.004800,0.019712,0.003168,,0.010048,0.001152,1,4,48,0,1
2840,0.166300,0.227000,0.008000,0.025900,0.025500,0.101900,0.005000,0.019552,0.003008,,0.010304,0.001152,1,4,48,0,1
2841,0.151100,0.180300,0.007900,0.024800,0.025000,0.089300,0.004000,0.018688,0.003200,,0.010720,0.001184,1,4,48,0,1
2842,0.150400,0.164900,0.007700,0.024000,0.024500,0.090300,0.003800,0.021600,0.003008,,0.011072,0.001152,1,4,48,0,1
2843,0.145300,0.164400,0.007800,0.024300,0.024600,0.085000,0.003500,0.021632,0.003040,,0.011040,0.001152,1,4,48,0,1
2844,0.134400,0.160700,0.008300,0.026600,0.026900,0.068500,0.003900,0.021696,0.003072,,0.011136,0.001152,1,4,48,0,1
2845,0.122200,0.148200,0.007500,0.023500,0.024400,0.064900,0.001800,0.019232,0.003200,,0.010496,0.001184,1,4,48,0,1
2846,0.118100,0.135500,0.007600,0.023500,0.024100,0.059600,0.003100,0.019520,0.003008,,0.012288,0.001120,1,4,48,0,1
2847,0.116900,0.131400,0.007300,0.024000,0.023500,0.058900,0.003200,0.019168,0.003040,,0.013152,0.001152,1,4,48,0,1
2848,0.120200,0.130200,0.007700,0.023800,0.023600,0.061900,0.003200,0.022016,0.003104,,0.011424,0.001184,1,4,48,0,1
2849,0.114300,0.133200,0.007500,0.022400,0.023200,0.058100,0.002900,0.021376,0.003040,,0.012128,0.001184,1,4,48,0,1
2850,0.121900,0.127600,0.007400,0.022700,0.023100,0.065800,0.002800,0.018496,0.002976,,0.010848,0.001184,1,4,48,0,1
2851,0.116200,0.135600,0.007600,0.022800,0.023500,0.059000,0.003200,0.019296,0.003200,,0.010560,0.001152,1,4,48,0,1
2852,0.119900,0.129400,0.007600,0.022700,0.023700,0.062500,0.003200,0.018656,0.003040,,0.010208,0.001152,1,4,48,0,1
2853,0.128800,0.133400,0.007500,0.023400,0.024800,0.062400,0.010500,0.019040,0.003040,,0.010464,0.001152,1,4,48,0,1
2854,0.117500,0.142300,0.007700,0.023400,0.023300,0.059700,0.003200,0.019168,0.003040,,0.013056,0.001152,1,4,48,0,1
2855,0.120600,0.132100,0.009900,0.023500,0.024300,0.059500,0.003200,0.020576,0.002912,,0.012960,0.001152,1,4,48,0,1
2856,0.129500,0.134000,0.007500,0.023200,0.023800,0.070800,0.004100,0.021728,0.003104,,0.011104,0.001184,1,4,48,0,1
2857,0.121400,0.143300,0.007700,0.023500,0.023800,0.064500,0.001700,0.018912,0.003040,,0.010304,0.001152,1,4,48,0,1
2858,0.126600,0.135100,0.007400,0.023200,0.024400,0.060000,0.011400,0.021696,0.003072,,0.011040,0.001152,1,4,48,0,1
2859,0.125700,0.140100,0.007300,0.023200,0.024200,0.060200,0.010700,0.022080,0.003040,,0.011424,0.001152,1,4,48,0,1
2860,0.120600,0.139100,0.007700,0.023200,0.027300,0.059100,0.003100,0.021600,0.003008,,0.011104,0.001152,1,4,48,0,1
2861,0.120200,0.133500,0.007500,0.022600,0.023200,0.058800,0.007900,0.019168,0.003136,,0.010464,0.001184,1,4,48,0,1
2862,0.115800,0.133300,0.007200,0.022700,0.023700,0.058800,0.003200,0.021600,0.003104,,0.011072,0.001120,1,4,48,0,1
2863,0.115300,0.129100,0.007200,0.022700,0.023300,0.059000,0.003100,0.019040,0.002976,,0.010496,0.001184,1,4,48,0,1
2864,0.124200,0.128600,0.007300,0.022500,0.024500,0.066600,0.003200,0.019200,0.003296,,0.010464,0.001088,1,4,48,0,1
2865,0.138200,0.137400,0.007200,0.022900,0.020500,0.081500,0.005900,0.018816,0.003136,,0.010304,0.001088,1,4,48,0,1
2866,0.158900,0.153500,0.008900,0.031000,0.037800,0.076000,0.005100,0.019520,0.002944,,0.012800,0.001184,1,4,48,0,1
2867,0.120200,0.172700,0.007900,0.023900,0.024600,0.061700,0.002100,0.021280,0.002976,,0.011072,0.001088,1,4,48,0,1
2868,0.116700,0.133600,0.007400,0.023000,0.024100,0.060000,0.002100,0.021536,0.002944,,0.011072,0.001184,1,4,48,0,1
2869,0.208400,0.129800,0.007400,0.024500,0.067400,0.105200,0.003900,0.018752,0.002912,,0.010368,0.001120,1,4,48,0,1
2870,0.168100,0.227400,0.010000,0.031800,0.032400,0.091600,0.002100,0.021568,0.003040,,0.011008,0.001120,1,4,48,0,1
2871,0.147600,0.185200,0.009300,0.028800,0.029000,0.076700,0.003700,0.019296,0.003072,,0.010400,0.001152,1,4,48,0,1
2872,0.144200,0.164200,0.008600,0.028000,0.028600,0.073800,0.005100,0.021632,0.003072,,0.011040,0.001152,1,4,48,0,1
2873,0.146100,0.160900,0.009000,0.027800,0.028500,0.074800,0.005900,0.021664,0.003136,,0.011040,0.001184,1,4,48,0,1
2874,0.140800,0.162600,0.009000,0.028200,0.028800,0.070300,0.004500,0.018496,0.002944,,0.011040,0.001184,1,4,48,0,1
2875,0.138400,0.157100,0.008900,0.027600,0.028100,0.070000,0.003600,0.021888,0.003360,,0.011168,0.001152,1,4,48,0,1
2876,0.140900,0.154500,0.008900,0.027700,0.028800,0.071400,0.003900,0.021568,0.003008,,0.012416,0.001088,1,4,48,0,1
2877,0.155200,0.157100,0.008900,0.027900,0.028600,0.084600,0.005100,0.019456,0.003072,,0.012960,0.001184,1,4,48,0,1
2878,0.147000,0.171300,0.008900,0.027500,0.028900,0.071500,0.010200,0.019040,0.003136,,0.010400,0.001152,1,4,48,0,1
2879,0.168200,0.163300,0.009100,0.027600,0.028900,0.099700,0.002900,0.018784,0.003104,,0.010240,0.001184,1,4,48,0,1
2880,0.135300,0.183100,0.008400,0.026300,0.026200,0.072500,0.001800,0.020064,0.003104,,0.009952,0.001184,1,4,48,0,1
2881,0.122700,0.148700,0.007700,0.023500,0.024100,0.064700,0.002700,0.019008,0.003008,,0.010464,0.001152,1,4,48,0,1
2882,0.121700,0.136000,0.007500,0.023200,0.023900,0.064400,0.002600,0.019072,0.003104,,0.010400,0.001184,1,4,48,0,1
2883,0.121000,0.134800,0.007500,0.022800,0.024000,0.063900,0.002800,0.021568,0.002912,,0.011072,0.001152,1,4,48,0,1
2884,0.124000,0.134400,0.007500,0.022800,0.023300,0.059600,0.010800,0.019104,0.003040,,0.010528,0.001152,1,4,48,0,1
2885,0.123700,0.137000,0.007500,0.022800,0.023100,0.057500,0.012600,0.018944,0.003072,,0.010368,0.001152,1,4,48,0,1
2886,0.144600,0.137200,0.007400,0.022900,0.023300,0.074900,0.016100,0.019872,0.003072,,0.013888,0.001152,1,4,48,0,1
2887,0.119100,0.158100,0.007900,0.024500,0.024800,0.059200,0.002600,0.018944,0.003104,,0.010368,0.001152,1,4,48,0,1
2888,0.204000,0.132100,0.007600,0.022900,0.057700,0.113000,0.002700,0.019648,0.003072,,0.010464,0.001152,1,4,48,0,1
2889,0.190500,0.226400,0.011800,0.037100,0.037600,0.097300,0.006600,0.018400,0.002880,,0.012544,0.001184,1,4,48,0,1
2890,0.237500,0.210800,0.010800,0.034200,0.034500,0.153900,0.004000,0.019232,0.003200,,0.010560,0.001120,1,4,48,0,1
2891,0.167800,0.252500,0.008800,0.031000,0.027300,0.098000,0.002600,0.021408,0.003008,,0.011712,0.001120,1,4,48,0,1
2892,0.178800,0.185000,0.009800,0.030600,0.031500,0.101100,0.005600,0.019808,0.002944,,0.013952,0.001152,1,4,48,0,1
2893,0.285600,0.202900,0.013100,0.048600,0.043500,0.173600,0.006800,0.019648,0.003136,,0.010368,0.001184,1,4,48,0,1
2894,0.261300,0.308400,0.012900,0.041400,0.040300,0.162200,0.004300,0.019072,0.003232,,0.010400,0.001184,1,4,48,0,1
2895,0.149900,0.280400,0.010100,0.032200,0.031300,0.072000,0.004200,0.019232,0.003168,,0.013056,0.001120,1,4,48,0,1
2896,0.132800,0.163700,0.007600,0.023700,0.024500,0.060500,0.016300,0.018784,0.003168,,0.010496,0.001152,1,4,48,0,1
2897,0.116400,0.146200,0.007900,0.023500,0.023500,0.059500,0.002000,0.019104,0.003136,,0.010464,0.001120,1,4,48,0,1
2898,0.115600,0.129800,0.007500,0.023000,0.023600,0.058300,0.003100,0.018784,0.003136,,0.010208,0.001152,1,4,48,0,1
2899,0.127000,0.128900,0.007600,0.022700,0.023600,0.059900,0.013200,0.021344,0.002976,,0.011072,0.001184,1,4,48,0,1
2900,0.122200,0.140200,0.007500,0.023000,0.023900,0.064300,0.003200,0.018976,0.003168,,0.010400,0.001152,1,4,48,0,1
2901,0.123500,0.135500,0.007400,0.022800,0.034500,0.056700,0.001900,0.019136,0.003136,,0.010528,0.001152,1,4,48,0,1
2902,0.627600,0.136500,0.007300,0.022600,0.024400,0.059900,0.511500,0.021824,0.002976,,0.011328,0.001120,1,4,48,0,1
2903,0.148900,0.643300,0.009100,0.031400,0.026900,0.075800,0.005700,0.019904,0.003072,,0.012352,0.001184,1,4,48,0,1
2904,0.141600,0.163000,0.007500,0.024100,0.035000,0.062900,0.011700,0.021312,0.002944,,0.011104,0.001184,1,4,48,0,1
2905,0.121600,0.155100,0.007500,0.023400,0.024200,0.060600,0.005700,0.019008,0.003072,,0.010400,0.001184,1,4,48,0,1
2906,0.120400,0.134900,0.007600,0.023300,0.023800,0.060400,0.005000,0.019040,0.003104,,0.010400,0.001152,1,4,48,0,1
2907,0.119300,0.134000,0.007300,0.023200,0.023500,0.059500,0.005700,0.019168,0.003040,,0.013088,0.001184,1,4,48,0,1
2908,0.119100,0.132700,0.007400,0.022900,0.024100,0.059100,0.005600,0.019104,0.003104,,0.010560,0.001152,1,4,48,0,1
2909,0.122700,0.132700,0.007400,0.023000,0.023500,0.063800,0.005000,0.018816,0.003008,,0.010304,0.001120,1,4,48,0,1
2910,0.125800,0.135800,0.007200,0.022800,0.023300,0.067800,0.004700,0.019168,0.003104,,0.010496,0.001184,1,4,48,0,1
2911,0.119100,0.139100,0.007900,0.023600,0.024500,0.059500,0.003500,0.021120,0.002912,,0.012064,0.001152,1,4,48,0,1
2912,0.122500,0.132400,0.007500,0.022800,0.024000,0.061200,0.006800,0.019200,0.003168,,0.010528,0.001152,1,4,48,0,1
2913,0.125200,0.135600,0.007400,0.023100,0.024600,0.068100,0.001800,0.019520,0.003232,,0.012992,0.001120,1,4,48,0,1
2914,0.120100,0.138200,0.007500,0.023200,0.023800,0.063900,0.001700,0.018528,0.003040,,0.010944,0.001152,1,4,48,0,1
2915,0.136300,0.133400,0.007400,0.022800,0.030400,0.073700,0.001900,0.018464,0.003008,,0.010848,0.001152,1,4,48,0,1
2916,0.116600,0.149700,0.007300,0.023200,0.023700,0.058800,0.003200,0.019104,0.003136,,0.010432,0.001152,1,4,48,0,1
2917,0.115400,0.129500,0.007500,0.022600,0.023100,0.058800,0.003300,0.018528,0.003040,,0.010912,0.001152,1,4,48,0,1
2918,0.113700,0.128700,0.007200,0.022700,0.023100,0.057300,0.003200,0.019104,0.003264,,0.010432,0.001056,1,4,48,0,1
2919,0.116600,0.126900,0.007400,0.022900,0.024200,0.058200,0.003800,0.018688,0.003104,,0.010944,0.001184,1,4,48,0,1
2920,0.145200,0.129900,0.007500,0.028800,0.023900,0.081900,0.003100,0.018848,0.002976,,0.010304,0.001184,1,4,48,0,1
2921,0.144600,0.164700,0.009200,0.031400,0.028700,0.065300,0.009900,0.019488,0.002976,,0.010464,0.001184,1,4,48,0,1
2922,0.119900,0.158600,0.007900,0.023900,0.024500,0.060900,0.002500,0.019136,0.003104,,0.010496,0.001152,1,4,48,0,1
2923,0.117700,0.133500,0.007600,0.023200,0.024600,0.060000,0.002200,0.019744,0.003008,,0.010432,0.001184,1,4,48,0,1
2924,0.116300,0.131100,0.007500,0.023500,0.024500,0.058500,0.002200,0.019744,0.002944,,0.013888,0.001152,1,4,48,0,1
2925,0.116100,0.130000,0.007500,0.023300,0.024100,0.058800,0.002300,0.019168,0.002944,,0.013088,0.001152,1,4,48,0,1
2926,0.115800,0.129700,0.007300,0.023000,0.025100,0.058200,0.002200,0.019808,0.003008,,0.013856,0.001184,1,4,48,0,1
2927,0.138700,0.129100,0.007300,0.022900,0.028800,0.076800,0.002800,0.018752,0.003232,,0.010016,0.001184,1,4,48,0,1
2928,0.158300,0.152500,0.007800,0.024900,0.029000,0.094700,0.001900,0.019008,0.003072,,0.010400,0.001184,1,4,48,0,1
2929,0.121100,0.172200,0.007700,0.025500,0.025400,0.059800,0.002600,0.018944,0.003040,,0.010336,0.001152,1,4,48,0,1
2930,0.114400,0.134100,0.007600,0.022900,0.023600,0.057600,0.002600,0.018976,0.002944,,0.013120,0.001152,1,4,48,0,1
2931,0.124300,0.127600,0.007600,0.023000,0.023900,0.058300,0.011300,0.019424,0.003392,,0.010464,0.001152,1,4,48,0,1
2932,0.116000,0.137500,0.007700,0.023000,0.024300,0.058400,0.002400,0.018976,0.002944,,0.010496,0.001152,1,4,48,0,1
2933,0.115100,0.129100,0.007800,0.022700,0.023200,0.059400,0.002000,0.018752,0.003232,,0.010400,0.001088,1,4,48,0,1
2934,0.120000,0.128100,0.007700,0.022800,0.023500,0.058500,0.007500,0.018784,0.003264,,0.010272,0.001088,1,4,48,0,1
2935,0.119500,0.133100,0.007600,0.022500,0.023800,0.058800,0.006700,0.018880,0.003232,,0.010464,0.001152,1,4,48,0,1
2936,0.113400,0.132600,0.007600,0.022500,0.023300,0.057400,0.002300,0.019072,0.003232,,0.010336,0.001120,1,4,48,0,1
2937,0.123600,0.126400,0.007400,0.022700,0.024000,0.057900,0.011100,0.018976,0.003104,,0.010368,0.001120,1,4,48,0,1
2938,0.113700,0.136700,0.007500,0.022200,0.023400,0.057800,0.002600,0.021504,0.002912,,0.011104,0.001184,1,4,48,0,1
2939,0.114700,0.126800,0.007500,0.022800,0.023500,0.058000,0.002600,0.018496,0.003008,,0.010848,0.001184,1,4,48,0,1
2940,0.120400,0.127700,0.007300,0.022800,0.027800,0.058800,0.003600,0.021248,0.003104,,0.012000,0.001152,1,4,48,0,1
2941,0.107000,0.133700,0.007500,0.022600,0.020500,0.054500,0.001800,0.019328,0.003328,,0.010560,0.001120,1,4,48,0,1
2942,0.500200,0.119900,0.007400,0.030300,0.024200,0.055300,0.382800,0.021120,0.003232,,0.011648,0.001120,1,4,48,0,1
2943,0.144200,0.514800,0.008700,0.030600,0.026400,0.075000,0.003500,0.021120,0.003072,,0.012384,0.001152,1,4,48,0,1
2944,0.116500,0.157700,0.007600,0.023000,0.024600,0.059000,0.002200,0.019136,0.003136,,0.010464,0.001152,1,4,48,0,1
2945,0.124000,0.129700,0.007400,0.022700,0.024300,0.058500,0.011000,0.019040,0.003040,,0.010464,0.001152,1,4,48,0,1
2946,0.119700,0.136900,0.007500,0.022800,0.024100,0.058300,0.006800,0.019264,0.003104,,0.012928,0.001120,1,4,48,0,1
2947,0.126800,0.132700,0.007100,0.022600,0.023900,0.061800,0.011300,0.021888,0.003200,,0.012480,0.001152,1,4,48,0,1
2948,0.114300,0.140100,0.007300,0.022700,0.023600,0.058300,0.002300,0.021408,0.003104,,0.011072,0.001120,1,4,48,0,1
2949,0.115100,0.127600,0.007400,0.022700,0.023700,0.058600,0.002500,0.021600,0.002976,,0.011104,0.001152,1,4,48,0,1
2950,0.115700,0.128300,0.007300,0.023100,0.024000,0.058800,0.002300,0.021312,0.002944,,0.011104,0.001152,1,4,48,0,1
2951,0.114600,0.129000,0.007300,0.022800,0.023800,0.058200,0.002200,0.021632,0.003008,,0.011104,0.001152,1,4,48,0,1
2952,0.120000,0.127600,0.007300,0.022800,0.024100,0.058200,0.007400,0.018880,0.002976,,0.010368,0.001152,1,4,48,0,1
2953,0.120200,0.133100,0.007400,0.023300,0.023500,0.058400,0.007400,0.019264,0.003040,,0.013088,0.001184,1,4,48,0,1
2954,0.122600,0.133200,0.007800,0.022700,0.023700,0.064500,0.003800,0.018912,0.003072,,0.010304,0.001152,1,4,48,0,1
2955,0.129300,0.135800,0.007300,0.023000,0.023400,0.064900,0.010700,0.018464,0.002944,,0.012576,0.001152,1,4,48,0,1
2956,0.116100,0.142700,0.007500,0.023600,0.024100,0.058400,0.002300,0.019744,0.002944,,0.013856,0.001152,1,4,48,0,1
2957,0.114600,0.129200,0.007500,0.022800,0.023500,0.058700,0.002000,0.019488,0.003136,,0.010368,0.001184,1,4,48,0,1
2958,0.112800,0.127900,0.007400,0.023100,0.023100,0.056900,0.002200,0.019904,0.003360,,0.010496,0.001088,1,4,48,0,1
2959,0.117800,0.126100,0.007400,0.022900,0.027900,0.057500,0.002000,0.019584,0.003008,,0.010336,0.001152,1,4,48,0,1
2960,0.113400,0.130800,0.007800,0.022900,0.023400,0.057200,0.001900,0.019744,0.003168,,0.010272,0.001184,1,4,48,0,1
2961,0.114500,0.126700,0.007300,0.023000,0.023200,0.058400,0.002400,0.019904,0.003168,,0.010496,0.001152,1,4,48,0,1
2962,0.114500,0.127600,0.007400,0.023000,0.022200,0.059600,0.002100,0.019776,0.002976,,0.013856,0.001184,1,4,48,0,1
2963,0.113200,0.127700,0.007300,0.022700,0.024100,0.056700,0.002200,0.019168,0.003136,,0.010528,0.001120,1,4,48,0,1
2964,0.113000,0.126100,0.007700,0.022700,0.022900,0.057300,0.002300,0.019168,0.003296,,0.010368,0.001088,1,4,48,0,1
2965,0.116000,0.126100,0.007200,0.022800,0.023700,0.060000,0.002000,0.018976,0.003072,,0.010368,0.001152,1,4,48,0,1
2966,0.141300,0.129100,0.007600,0.023000,0.023900,0.081000,0.005700,0.021536,0.003040,,0.011072,0.001120,1,4,48,0,1
2967,0.119600,0.155200,0.007800,0.024700,0.024800,0.059600,0.002600,0.019104,0.003168,,0.010464,0.001120,1,4,48,0,1
2968,0.174000,0.137100,0.007700,0.024900,0.030700,0.105500,0.005200,0.019648,0.003136,,0.010400,0.001152,1,4,48,0,1
2969,0.273400,0.194800,0.011200,0.041900,0.034700,0.182400,0.002900,0.019296,0.003136,,0.010368,0.001152,1,4,48,0,1
2970,0.298200,0.291400,0.008900,0.031100,0.031000,0.220900,0.006100,0.019520,0.003072,,0.010432,0.001152,1,4,48,0,1
2971,0.196100,0.313700,0.008700,0.031400,0.028200,0.124600,0.003200,0.019264,0.003040,,0.012992,0.001184,1,4,48,0,1
2972,0.163300,0.211500,0.008800,0.031100,0.029000,0.091600,0.002800,0.019584,0.003040,,0.010272,0.001152,1,4,48,0,1
2973,0.165700,0.178300,0.008600,0.030500,0.027300,0.094200,0.005000,0.019712,0.003136,,0.010208,0.001152,1,4,48,0,1
2974,0.194000,0.186800,0.010900,0.039000,0.037300,0.101500,0.005200,0.020096,0.003136,,0.010528,0.001184,1,4,48,0,1
2975,0.198800,0.208800,0.009900,0.043900,0.033300,0.105900,0.005600,0.018528,0.003072,,0.012512,0.001152,1,4,48,0,1
2976,0.195700,0.216700,0.010100,0.039900,0.030900,0.110600,0.003900,0.019616,0.003264,,0.010432,0.001120,1,4,48,0,1
2977,0.231800,0.210600,0.008700,0.031900,0.026900,0.158800,0.005400,0.019776,0.003072,,0.010496,0.001184,1,4,48,0,1
2978,0.167200,0.246500,0.008900,0.030700,0.025700,0.097800,0.003900,0.019424,0.003072,,0.010304,0.001152,1,4,48,0,1
2979,0.279800,0.185300,0.010700,0.075300,0.033800,0.154000,0.005800,0.019936,0.003008,,0.013888,0.001184,1,4,48,0,1
2980,0.180700,0.294600,0.008300,0.026900,0.025700,0.114700,0.004800,0.019680,0.003232,,0.010464,0.001152,1,4,48,0,1
2981,0.159500,0.196300,0.008900,0.031500,0.030000,0.087100,0.001900,0.019072,0.003072,,0.010432,0.001184,1,4,48,0,1
2982,0.217400,0.173800,0.008400,0.025500,0.026500,0.153400,0.003400,0.019712,0.003008,,0.010432,0.001152,1,4,48,0,1
2983,0.159600,0.232100,0.008800,0.031200,0.028300,0.085900,0.005400,0.021728,0.003104,,0.011104,0.001184,1,4,48,0,1
2984,0.132200,0.173600,0.008400,0.025800,0.027600,0.067800,0.002600,0.019200,0.003136,,0.013056,0.001120,1,4,48,0,1
2985,0.146800,0.145800,0.007800,0.024600,0.025600,0.083000,0.005400,0.019552,0.003072,,0.010208,0.001152,1,4,48,0,1
2986,0.153200,0.161800,0.008100,0.026000,0.027000,0.088400,0.003600,0.018912,0.002944,,0.010432,0.001184,1,4,48,0,1
2987,0.162000,0.167200,0.010000,0.035000,0.026700,0.086100,0.004000,0.019744,0.003104,,0.010336,0.001184,1,4,48,0,1
2988,0.193100,0.181200,0.010700,0.038200,0.035100,0.106100,0.003000,0.019264,0.003072,,0.012960,0.001120,1,4,48,0,1
2989,0.192800,0.211100,0.009900,0.032000,0.032200,0.115600,0.003100,0.020192,0.003296,,0.013856,0.001152,1,4,48,0,1
2990,0.186000,0.207800,0.009200,0.031400,0.028900,0.112200,0.003900,0.019776,0.003232,,0.010304,0.001152,1,4,48,0,1
2991,0.240300,0.201300,0.008900,0.032900,0.028300,0.163800,0.006300,0.018528,0.003040,,0.010624,0.001152,1,4,48,0,1
2992,0.188100,0.261400,0.010500,0.039700,0.036300,0.096900,0.004500,0.019968,0.003008,,0.013888,0.001184,1,4,48,0,1
2993,0.155000,0.203700,0.009200,0.031400,0.028400,0.083900,0.002000,0.019296,0.003008,,0.013088,0.001152,1,4,48,0,1
2994,0.176500,0.169600,0.008600,0.028400,0.025900,0.110500,0.003100,0.019968,0.003008,,0.013920,0.001184,1,4,48,0,1
2995,0.175400,0.196200,0.013300,0.033100,0.031400,0.093300,0.004100,0.019904,0.003296,,0.010464,0.001152,1,4,48,0,1
2996,0.157100,0.190300,0.008800,0.026600,0.025200,0.090700,0.005700,0.019520,0.002976,,0.012384,0.001152,1,4,48,0,1
2997,0.164100,0.172600,0.009800,0.031900,0.028900,0.089500,0.004000,0.019040,0.003072,,0.010432,0.001152,1,4,48,0,1
2998,0.163300,0.179100,0.008800,0.030900,0.028000,0.092600,0.003000,0.020000,0.003008,,0.013952,0.001184,1,4,48,0,1
2999,0.201800,0.182000,0.009300,0.029200,0.027700,0.132300,0.003200,0.018752,0.002976,,0.010336,0.001120,1,4,48,0,1
3000,0.218100,0.217500,0.009000,0.032300,0.029600,0.135100,0.012000,0.019456,0.003072,,0.010368,0.001184,1,4,48,0,1
3001,0.201200,0.233400,0.008500,0.026900,0.026700,0.134000,0.004900,0.020576,0.003008,,0.011744,0.001152,1,4,48,0,1
3002,0.161100,0.220900,0.012400,0.031900,0.030300,0.083300,0.003000,0.018560,0.002976,,0.010944,0.001152,1,4,48,0,1
3003,0.139200,0.176300,0.009000,0.031700,0.028400,0.066900,0.002900,0.019200,0.003104,,0.013120,0.001152,1,4,48,0,1
3004,0.137300,0.157400,0.008200,0.024500,0.025400,0.076900,0.002100,0.019808,0.003168,,0.010240,0.001184,1,4,48,0,1
3005,0.185500,0.151500,0.008200,0.024600,0.025500,0.124000,0.003000,0.019552,0.002912,,0.010432,0.001152,1,4,48,0,1
3006,0.162700,0.200600,0.008900,0.032100,0.029500,0.089900,0.002000,0.019648,0.003008,,0.009984,0.001184,1,4,48,0,1
3007,0.130900,0.177400,0.008400,0.027000,0.027300,0.064300,0.003500,0.019744,0.003360,,0.010080,0.001088,1,4,48,0,1
3008,0.207800,0.145100,0.008300,0.024500,0.040100,0.128400,0.006400,0.019104,0.003040,,0.010528,0.001184,1,4,48,0,1
3009,0.177100,0.225600,0.010100,0.040100,0.028200,0.095300,0.003300,0.021056,0.002976,,0.012064,0.001152,1,4,48,0,1
3010,0.242700,0.192600,0.009200,0.032300,0.031700,0.090600,0.078600,0.021472,0.003104,,0.011072,0.001184,1,4,48,0,1
3011,0.174800,0.259200,0.009400,0.033300,0.027700,0.097300,0.006900,0.021568,0.002976,,0.011712,0.001184,1,4,48,0,1
3012,0.194600,0.193900,0.008900,0.030400,0.038000,0.099200,0.017900,0.021792,0.003168,,0.012480,0.001152,1,4,48,0,1
3013,0.184400,0.213300,0.010900,0.035700,0.036500,0.090000,0.011200,0.019552,0.003040,,0.010272,0.001184,1,4,48,0,1
3014,0.187000,0.204000,0.010500,0.038700,0.034800,0.100800,0.002100,0.019168,0.003040,,0.013056,0.001120,1,4,48,0,1
3015,0.156600,0.204900,0.009100,0.027900,0.031100,0.082000,0.006300,0.019872,0.003104,,0.013856,0.001184,1,4,48,0,1
3016,0.209500,0.175900,0.009000,0.031600,0.034400,0.126800,0.007600,0.019872,0.003296,,0.010304,0.001152,1,4,48,0,1
3017,0.141900,0.225200,0.009300,0.032400,0.029200,0.067400,0.003600,0.019520,0.003104,,0.010400,0.001184,1,4,48,0,1
3018,0.154400,0.156400,0.008300,0.024900,0.025200,0.093000,0.002600,0.019008,0.003136,,0.010368,0.001152,1,4,48,0,1
3019,0.149600,0.169000,0.008200,0.025300,0.030400,0.083700,0.002000,0.019712,0.003296,,0.010208,0.001056,1,4,48,0,1
3020,0.157100,0.168500,0.011300,0.027800,0.030600,0.084400,0.002900,0.019872,0.003296,,0.010464,0.001184,1,4,48,0,1
3021,0.173000,0.172600,0.008600,0.027300,0.024100,0.107500,0.005500,0.021344,0.003040,,0.012160,0.001184,1,4,48,0,1
3022,0.199200,0.192500,0.011700,0.041400,0.035500,0.108000,0.002500,0.019712,0.002944,,0.012288,0.001152,1,4,48,0,1
3023,0.192500,0.217900,0.010100,0.030800,0.031500,0.114700,0.005100,0.019936,0.003040,,0.010112,0.001184,1,4,48,0,1
3024,0.187900,0.209100,0.009300,0.033000,0.030400,0.108100,0.007000,0.019808,0.003072,,0.010432,0.001184,1,4,48,0,1
3025,0.171800,0.203100,0.009200,0.032600,0.030100,0.097700,0.002100,0.019808,0.002944,,0.010080,0.001184,1,4,48,0,1
3026,0.177700,0.190900,0.012500,0.034200,0.034700,0.088900,0.007300,0.019584,0.003136,,0.010208,0.001152,1,4,48,0,1
3027,0.151800,0.193600,0.009100,0.030200,0.029100,0.067300,0.015900,0.019552,0.003168,,0.010368,0.001152,1,4,48,0,1
3028,0.133400,0.166500,0.008100,0.025400,0.030100,0.065800,0.003900,0.019872,0.003040,,0.013888,0.001184,1,4,48,0,1
3029,0.177000,0.148100,0.008200,0.025600,0.025800,0.106500,0.010700,0.019808,0.003040,,0.013856,0.001152,1,4,48,0,1
3030,0.198400,0.192200,0.009200,0.032400,0.036400,0.114800,0.005500,0.019392,0.003008,,0.010176,0.001184,1,4,48,0,1
3031,0.143400,0.213600,0.009200,0.031900,0.029900,0.068800,0.003600,0.018880,0.003104,,0.010400,0.001088,1,4,48,0,1
3032,0.123600,0.158000,0.008300,0.025100,0.025600,0.062300,0.002300,0.021472,0.002976,,0.011040,0.001152,1,4,48,0,1
3033,0.142800,0.137700,0.008300,0.024400,0.025700,0.082200,0.002100,0.019360,0.003072,,0.010400,0.001152,1,4,48,0,1
3034,0.131100,0.157300,0.008600,0.026500,0.026900,0.065600,0.003500,0.019200,0.002976,,0.010400,0.001152,1,4,48,0,1
3035,0.134400,0.145300,0.007900,0.024900,0.025200,0.074000,0.002100,0.019168,0.003232,,0.010464,0.001088,1,4,48,0,1
3036,0.131200,0.148300,0.008000,0.024100,0.025300,0.063600,0.009900,0.021728,0.003040,,0.012448,0.001152,1,4,48,0,1
3037,0.121400,0.145500,0.008300,0.024500,0.025600,0.060900,0.002000,0.019520,0.003168,,0.010464,0.001184,1,4,48,0,1
3038,0.132700,0.135800,0.008300,0.024200,0.033300,0.064600,0.002100,0.021856,0.003200,,0.011456,0.001152,1,4,48,0,1
3039,0.131500,0.146800,0.008100,0.024600,0.024900,0.069200,0.004600,0.019136,0.003168,,0.013056,0.001120,1,4,48,0,1
3040,0.121300,0.145600,0.007800,0.024200,0.025500,0.061400,0.002100,0.019808,0.003072,,0.013856,0.001120,1,4,48,0,1
3041,0.124200,0.135600,0.007800,0.024600,0.025400,0.063000,0.003400,0.019200,0.003104,,0.010432,0.001120,1,4,48,0,1
3042,0.133200,0.138300,0.008000,0.024400,0.028100,0.069100,0.003600,0.020896,0.003136,,0.011424,0.001184,1,4,48,0,1
3043,0.154000,0.147500,0.008000,0.024500,0.022100,0.067000,0.032200,0.019008,0.003008,,0.010400,0.001184,1,4,48,0,1
3044,0.323000,0.174200,0.011900,0.033000,0.033300,0.070400,0.174300,0.020960,0.003296,,0.011360,0.001088,1,4,48,0,1
3045,0.182200,0.342200,0.012500,0.038600,0.029600,0.097300,0.004200,0.019200,0.003008,,0.013056,0.001152,1,4,48,0,1
3046,0.153200,0.197700,0.008500,0.026500,0.035000,0.080500,0.002400,0.019872,0.003072,,0.013856,0.001152,1,4,48,0,1
3047,0.148400,0.172700,0.008600,0.026900,0.028200,0.067300,0.017400,0.021280,0.003040,,0.012160,0.001184,1,4,48,0,1
3048,0.127000,0.163400,0.008100,0.025000,0.025800,0.064300,0.003500,0.019136,0.003072,,0.013088,0.001152,1,4,48,0,1
3049,0.140100,0.142500,0.008000,0.025800,0.026900,0.077100,0.002100,0.018880,0.003072,,0.010368,0.001184,1,4,48,0,1
3050,0.135400,0.154500,0.008200,0.024800,0.025400,0.065500,0.011500,0.019264,0.002976,,0.012960,0.001088,1,4,48,0,1
3051,0.192700,0.149400,0.008200,0.025700,0.026900,0.122300,0.009400,0.019680,0.003168,,0.010400,0.001152,1,4,48,0,1
3052,0.153300,0.213600,0.010100,0.029200,0.031900,0.069700,0.012200,0.019424,0.003296,,0.010400,0.001120,1,4,48,0,1
3053,0.127400,0.168500,0.008400,0.025400,0.026100,0.063700,0.003700,0.020128,0.003136,,0.013920,0.001184,1,4,48,0,1
3054,0.124300,0.141600,0.008100,0.024600,0.025200,0.062700,0.003400,0.019360,0.003040,,0.010368,0.001152,1,4,48,0,1
3055,0.135800,0.138600,0.008500,0.026700,0.026300,0.070200,0.004000,0.019872,0.003040,,0.013856,0.001184,1,4,48,0,1
3056,0.126600,0.151200,0.008200,0.024500,0.026800,0.063600,0.003400,0.019168,0.002976,,0.010496,0.001184,1,4,48,0,1
3057,0.132300,0.140900,0.008400,0.024100,0.025000,0.062000,0.012500,0.019008,0.003168,,0.010336,0.001120,1,4,48,0,1
3058,0.130700,0.146300,0.008000,0.024100,0.024900,0.071500,0.002000,0.018528,0.003072,,0.010912,0.001152,1,4,48,0,1
3059,0.131600,0.144700,0.008000,0.025700,0.024900,0.062700,0.010200,0.021472,0.002912,,0.011008,0.001120,1,4,48,0,1
3060,0.141200,0.145600,0.008000,0.024000,0.025900,0.078200,0.004700,0.019648,0.003168,,0.010240,0.001152,1,4,48,0,1
3061,0.159100,0.161200,0.009700,0.035500,0.032800,0.079200,0.001900,0.019008,0.003104,,0.010336,0.001152,1,4,48,0,1
3062,0.145900,0.178600,0.011200,0.028500,0.028500,0.071900,0.005800,0.021632,0.003104,,0.010976,0.001152,1,4,48,0,1
3063,0.138800,0.160800,0.008000,0.025100,0.025500,0.076100,0.004000,0.019104,0.003136,,0.010432,0.001152,1,4,48,0,1
3064,0.149300,0.156500,0.009700,0.030300,0.030600,0.073900,0.004700,0.019264,0.002976,,0.013088,0.001152,1,4,48,0,1
3065,0.167500,0.168000,0.009900,0.035000,0.032000,0.083200,0.007300,0.019904,0.003104,,0.013856,0.001152,1,4,48,0,1
3066,0.186300,0.186800,0.011000,0.038200,0.036700,0.095300,0.004800,0.019520,0.003200,,0.010432,0.001088,1,4,48,0,1
3067,0.166200,0.204800,0.009200,0.037900,0.030600,0.083300,0.005000,0.019360,0.003072,,0.010464,0.001184,1,4,48,0,1
3068,0.163400,0.185600,0.010900,0.032800,0.031700,0.085000,0.002800,0.019264,0.003136,,0.012960,0.001152,1,4,48,0,1
3069,0.181200,0.180000,0.008800,0.027400,0.031300,0.110800,0.002900,0.019808,0.003328,,0.010528,0.001120,1,4,48,0,1
3070,0.182700,0.199700,0.011200,0.050700,0.037600,0.080000,0.003000,0.021472,0.002944,,0.011040,0.001152,1,4,48,0,1
3071,0.144100,0.202300,0.010600,0.027800,0.028200,0.074300,0.003000,0.019072,0.003008,,0.013056,0.001184,1,4,48,0,1
3072,0.150000,0.158500,0.007900,0.024700,0.025400,0.074200,0.017700,0.018464,0.002976,,0.010912,0.001184,1,4,48,0,1
3073,0.148800,0.167400,0.010000,0.028300,0.028600,0.077100,0.004700,0.018880,0.002976,,0.010400,0.001120,1,4,48,0,1
3074,0.132100,0.163700,0.008000,0.024700,0.026800,0.069500,0.002800,0.019200,0.003200,,0.010464,0.001152,1,4,48,0,1
3075,0.137200,0.146600,0.008600,0.025200,0.026200,0.064900,0.012000,0.021632,0.003008,,0.011072,0.001184,1,4,48,0,1
3076,0.125800,0.151300,0.008200,0.024200,0.025800,0.065600,0.001900,0.018592,0.003168,,0.010880,0.001152,1,4,48,0,1
3077,0.125100,0.140200,0.008300,0.024600,0.025300,0.063300,0.003500,0.021632,0.003072,,0.011040,0.001120,1,4,48,0,1
3078,0.141300,0.139100,0.008100,0.027900,0.028200,0.072400,0.004300,0.020704,0.003008,,0.011808,0.001184,1,4,48,0,1
3079,0.151300,0.160300,0.011100,0.029400,0.027300,0.080900,0.002600,0.018944,0.003008,,0.010496,0.001184,1,4,48,0,1
3080,1.054900,0.169700,0.011600,0.031800,0.030000,0.064600,0.916700,0.021376,0.003040,,0.012384,0.001120,1,4,48,0,1
3081,0.158200,1.071900,0.010000,0.034000,0.029900,0.080100,0.004100,0.018848,0.003072,,0.010304,0.001120,1,4,48,0,1
3082,0.147400,0.173100,0.008300,0.025900,0.030100,0.068100,0.014800,0.020448,0.003040,,0.011360,0.001152,1,4,48,0,1
3083,0.157800,0.162100,0.008200,0.024900,0.028200,0.091800,0.004500,0.019616,0.003072,,0.010336,0.001120,1,4,48,0,1
3084,0.204700,0.178800,0.011400,0.041200,0.038100,0.108900,0.004900,0.019776,0.003104,,0.010560,0.001152,1,4,48,0,1
3085,0.190600,0.221200,0.009500,0.033000,0.030700,0.112700,0.004500,0.019712,0.003040,,0.010304,0.001184,1,4,48,0,1
3086,0.198400,0.208700,0.009500,0.033100,0.031700,0.121100,0.003000,0.019776,0.002912,,0.013920,0.001152,1,4,48,0,1
3087,0.155300,0.213900,0.009200,0.030800,0.029600,0.083400,0.002100,0.019456,0.002976,,0.010464,0.001184,1,4,48,0,1
3088,0.127200,0.169900,0.008600,0.025300,0.025900,0.064600,0.002500,0.019968,0.003072,,0.013920,0.001216,1,4,48,0,1
3089,0.223300,0.141700,0.008100,0.025500,0.025400,0.160900,0.003200,0.019264,0.003072,,0.013120,0.001184,1,4,48,0,1
3090,0.145500,0.239300,0.009300,0.033000,0.030100,0.069400,0.003500,0.019840,0.002880,,0.013920,0.001120,1,4,48,0,1
3091,0.134800,0.160100,0.008100,0.025200,0.031400,0.064200,0.005900,0.021536,0.003200,,0.011392,0.001120,1,4,48,0,1
3092,0.129100,0.149100,0.008100,0.024900,0.025600,0.062800,0.007600,0.019104,0.003264,,0.010304,0.001184,1,4,48,0,1
3093,0.122300,0.144500,0.007900,0.024400,0.025400,0.061900,0.002700,0.019424,0.003104,,0.010464,0.001088,1,4,48,0,1
3094,0.253300,0.136700,0.009700,0.028100,0.027200,0.184700,0.003500,0.019712,0.003104,,0.010336,0.001152,1,4,48,0,1
3095,0.219700,0.270300,0.009500,0.037500,0.034800,0.135500,0.002200,0.019936,0.003168,,0.013920,0.001120,1,4,48,0,1
3096,0.225700,0.235200,0.008800,0.028300,0.027100,0.155700,0.005700,0.019104,0.003200,,0.010336,0.001152,1,4,48,0,1
3097,0.167400,0.246900,0.010100,0.033400,0.030900,0.089700,0.003100,0.019712,0.003072,,0.010176,0.001120,1,4,48,0,1
3098,0.182900,0.187100,0.011300,0.038400,0.037800,0.090300,0.004800,0.019264,0.003040,,0.010464,0.001152,1,4,48,0,1
3099,0.181800,0.202800,0.010700,0.035900,0.036000,0.096000,0.003100,0.018880,0.003040,,0.010464,0.001152,1,4,48,0,1
3100,0.185600,0.201200,0.011500,0.035500,0.035700,0.098700,0.004000,0.019168,0.003040,,0.013056,0.001184,1,4,48,0,1
3101,0.176600,0.205200,0.010700,0.036800,0.035200,0.088400,0.005400,0.018496,0.003072,,0.010784,0.001152,1,4,48,0,1
3102,0.171000,0.196400,0.011400,0.035700,0.035100,0.085700,0.002900,0.019424,0.003040,,0.010368,0.001184,1,4,48,0,1
3103,0.131800,0.186100,0.008500,0.026700,0.027800,0.064900,0.003900,0.022176,0.003232,,0.011392,0.001088,1,4,48,0,1
3104,0.126000,0.146100,0.008300,0.024900,0.025600,0.063500,0.003600,0.018752,0.003360,,0.010720,0.001152,1,4,48,0,1
3105,0.285100,0.140100,0.007900,0.024500,0.025100,0.225200,0.002300,0.019232,0.003168,,0.010528,0.001184,1,4,48,0,1
3106,0.130600,0.304100,0.011700,0.029300,0.025200,0.062100,0.002100,0.019392,0.002912,,0.010656,0.001152,1,4,48,0,1
3107,0.181700,0.145300,0.008200,0.024200,0.025900,0.074900,0.048300,0.019968,0.003136,,0.013856,0.001184,1,4,48,0,1
3108,0.141700,0.196300,0.008100,0.025800,0.024900,0.077000,0.005800,0.020128,0.003328,,0.013856,0.001088,1,4,48,0,1
3109,0.139600,0.155800,0.008300,0.024200,0.039400,0.063700,0.003800,0.019168,0.002976,,0.013024,0.001152,1,4,48,0,1
3110,0.123400,0.153700,0.008000,0.024400,0.025300,0.062100,0.003500,0.019904,0.003040,,0.013952,0.001152,1,4,48,0,1
3111,0.124600,0.137500,0.007900,0.024300,0.025100,0.063900,0.003400,0.018464,0.003040,,0.010912,0.001120,1,4,48,0,1
3112,0.124600,0.138600,0.007800,0.024300,0.025900,0.062900,0.003700,0.021792,0.003104,,0.012480,0.001184,1,4,48,0,1
3113,0.123500,0.138600,0.008000,0.024200,0.024900,0.062900,0.003500,0.019264,0.003328,,0.010432,0.001120,1,4,48,0,1
3114,0.136500,0.137500,0.007800,0.024000,0.025000,0.062600,0.017000,0.018720,0.003008,,0.010432,0.001152,1,4,48,0,1
3115,0.133000,0.150400,0.007800,0.024000,0.025300,0.063800,0.012100,0.018720,0.003200,,0.010240,0.001120,1,4,48,0,1
3116,0.124200,0.147100,0.008000,0.024200,0.025400,0.063000,0.003500,0.019168,0.003008,,0.013024,0.001152,1,4,48,0,1
3117,0.132100,0.138400,0.008100,0.023900,0.024900,0.062800,0.012200,0.018464,0.003008,,0.010816,0.001152,1,4,48,0,1
3118,0.123300,0.146000,0.008300,0.023900,0.024900,0.062600,0.003500,0.019424,0.002976,,0.010400,0.001184,1,4,48,0,1
3119,0.126500,0.137100,0.007800,0.024100,0.028700,0.062300,0.003400,0.019008,0.003040,,0.010464,0.001120,1,4,48,0,1
3120,0.144800,0.140500,0.015000,0.024800,0.025700,0.064000,0.015100,0.019040,0.002976,,0.010528,0.001152,1,4,48,0,1
3121,0.123700,0.159000,0.007900,0.024300,0.025100,0.062900,0.003500,0.019104,0.003008,,0.010560,0.001184,1,4,48,0,1
3122,0.129900,0.137600,0.007700,0.024000,0.024700,0.070700,0.002600,0.022240,0.003264,,0.011424,0.001152,1,4,48,0,1
3123,0.158000,0.145000,0.010700,0.037800,0.035500,0.069900,0.004000,0.019616,0.003136,,0.010400,0.001120,1,4,48,0,1
3124,0.137200,0.173000,0.008600,0.025300,0.028900,0.070600,0.003700,0.019936,0.003072,,0.012448,0.001152,1,4,48,0,1
3125,0.160800,0.152700,0.010300,0.030900,0.027800,0.072800,0.018900,0.019904,0.003136,,0.013824,0.001152,1,4,48,0,1
3126,0.178100,0.182300,0.012400,0.041400,0.035900,0.071200,0.016800,0.019552,0.003008,,0.010240,0.001184,1,4,48,0,1
3127,0.131400,0.197900,0.008600,0.027800,0.027700,0.064900,0.002200,0.018464,0.003040,,0.012512,0.001152,1,4,48,0,1
3128,0.125000,0.145900,0.008000,0.025000,0.025500,0.064000,0.002300,0.018848,0.003008,,0.010336,0.001152,1,4,48,0,1
3129,0.126200,0.139000,0.007800,0.024500,0.025900,0.066000,0.001900,0.018400,0.003008,,0.010752,0.001088,1,4,48,0,1
3130,0.130800,0.140100,0.007900,0.024200,0.025600,0.069400,0.003700,0.019616,0.003104,,0.012896,0.001088,1,4,48,0,1
3131,0.131400,0.144800,0.008100,0.024200,0.025600,0.071300,0.002000,0.019200,0.003328,,0.010400,0.001120,1,4,48,0,1
3132,0.130300,0.145900,0.007800,0.024300,0.025500,0.062400,0.010100,0.019168,0.003136,,0.010432,0.001152,1,4,48,0,1
3133,0.125000,0.150500,0.008000,0.025300,0.025600,0.063000,0.002900,0.019296,0.003072,,0.013024,0.001152,1,4,48,0,1
3134,0.130300,0.139400,0.007900,0.024200,0.025300,0.062600,0.010200,0.018976,0.003040,,0.010432,0.001152,1,4,48,0,1
3135,0.131300,0.144400,0.007900,0.024400,0.025100,0.063000,0.010800,0.018720,0.003168,,0.010816,0.001184,1,4,48,0,1
3136,0.187300,0.145500,0.007900,0.023900,0.025400,0.128000,0.002100,0.019104,0.002880,,0.013088,0.001152,1,4,48,0,1
3137,0.181600,0.201900,0.008400,0.026500,0.027100,0.114100,0.005500,0.019040,0.002976,,0.010496,0.001152,1,4,48,0,1
3138,0.153700,0.198200,0.009700,0.033500,0.030500,0.075600,0.004200,0.019904,0.003040,,0.013920,0.001152,1,4,48,0,1
3139,0.134900,0.168500,0.008200,0.025300,0.026100,0.071700,0.003400,0.021408,0.002944,,0.012512,0.001152,1,4,48,0,1
3140,0.128700,0.149300,0.008200,0.024500,0.025900,0.068100,0.001900,0.018784,0.003040,,0.010176,0.001184,1,4,48,0,1
3141,0.124900,0.143300,0.008100,0.024700,0.025600,0.063000,0.003300,0.021216,0.003008,,0.012064,0.001120,1,4,48,0,1
3142,0.261400,0.140200,0.010700,0.032600,0.049800,0.165600,0.002700,0.019456,0.003072,,0.010400,0.001152,1,4,48,0,1
3143,0.374600,0.281800,0.010900,0.154000,0.038300,0.166300,0.004600,0.019776,0.003296,,0.010368,0.001120,1,4,48,0,1
3144,0.252900,0.394200,0.010500,0.039700,0.037800,0.159100,0.005500,0.019712,0.002880,,0.013920,0.001120,1,4,48,0,1
3145,0.164200,0.272800,0.023900,0.034200,0.032100,0.069700,0.004000,0.019200,0.003072,,0.010208,0.001152,1,4,48,0,1
3146,0.127900,0.179800,0.008100,0.025400,0.026600,0.064100,0.003500,0.021600,0.002912,,0.011072,0.001152,1,4,48,0,1
3147,0.129300,0.142200,0.008200,0.024400,0.026000,0.068600,0.001900,0.018944,0.002944,,0.010432,0.001184,1,4,48,0,1
3148,0.128900,0.143400,0.007900,0.024300,0.026000,0.068800,0.001700,0.018592,0.003040,,0.010688,0.001152,1,4,48,0,1
3149,0.133500,0.143100,0.007800,0.024000,0.024800,0.062500,0.014200,0.019168,0.003072,,0.010528,0.001184,1,4,48,0,1
3150,0.134100,0.147500,0.007900,0.025900,0.025100,0.073100,0.002100,0.018880,0.002848,,0.010496,0.001152,1,4,48,0,1
3151,0.132500,0.148300,0.008200,0.024400,0.025400,0.072500,0.001900,0.018528,0.002944,,0.011008,0.001152,1,4,48,0,1
3152,0.132500,0.146400,0.008000,0.024100,0.025000,0.063100,0.012200,0.021664,0.002976,,0.012480,0.001184,1,4,48,0,1
3153,0.130400,0.152000,0.008100,0.026600,0.027400,0.066300,0.001800,0.018816,0.003456,,0.010720,0.001152,1,4,48,0,1
3154,0.131000,0.144700,0.008400,0.024200,0.025000,0.062700,0.010700,0.018688,0.003040,,0.010272,0.001152,1,4,48,0,1
3155,0.130400,0.145000,0.008300,0.024100,0.025600,0.068700,0.003600,0.019200,0.003008,,0.013088,0.001184,1,4,48,0,1
3156,0.130100,0.144400,0.007700,0.024500,0.025500,0.068700,0.003500,0.019776,0.003392,,0.010176,0.001120,1,4,48,0,1
3157,0.125200,0.144400,0.008300,0.024600,0.025600,0.063200,0.003400,0.018848,0.003360,,0.012512,0.001184,1,4,48,0,1
3158,0.119700,0.139600,0.007800,0.024200,0.024900,0.060600,0.002000,0.019904,0.003072,,0.013920,0.001152,1,4,48,0,1
3159,0.124100,0.133700,0.007900,0.024000,0.025000,0.062900,0.004200,0.019072,0.003008,,0.013056,0.001152,1,4,48,0,1
3160,0.122100,0.138100,0.008400,0.024100,0.024800,0.061200,0.003400,0.019488,0.003264,,0.010400,0.001088,1,4,48,0,1
3161,0.132200,0.136000,0.008300,0.024300,0.024300,0.061900,0.013100,0.019072,0.003104,,0.010400,0.001152,1,4,48,0,1
3162,0.122300,0.146000,0.008200,0.024000,0.024700,0.061900,0.003400,0.019168,0.003136,,0.010496,0.001152,1,4,48,0,1
3163,0.120700,0.136000,0.007700,0.023900,0.024700,0.062200,0.002000,0.019296,0.002944,,0.012928,0.001152,1,4,48,0,1
3164,0.123500,0.134500,0.007900,0.024000,0.025200,0.063400,0.002600,0.019136,0.003168,,0.010432,0.001152,1,4,48,0,1
3165,0.140200,0.141700,0.009900,0.026900,0.029900,0.069800,0.003400,0.019296,0.002976,,0.010368,0.001184,1,4,48,0,1
3166,0.128400,0.158400,0.008300,0.026200,0.026400,0.063800,0.003600,0.021312,0.002944,,0.011104,0.001152,1,4,48,0,1
3167,0.158100,0.142400,0.008100,0.024200,0.029400,0.092000,0.004100,0.019328,0.002976,,0.012928,0.001152,1,4,48,0,1
3168,0.145900,0.173300,0.008500,0.027500,0.029600,0.078500,0.001800,0.019904,0.003264,,0.010336,0.001120,1,4,48,0,1
3169,0.130500,0.164400,0.009200,0.025900,0.028200,0.063300,0.003700,0.018880,0.003040,,0.010336,0.001152,1,4,48,0,1
3170,0.135100,0.145300,0.007900,0.024500,0.025100,0.070400,0.007100,0.019040,0.003168,,0.010496,0.001152,1,4,48,0,1
3171,0.124700,0.149300,0.008200,0.024600,0.025600,0.062800,0.003400,0.021504,0.002976,,0.010976,0.001152,1,4,48,0,1
3172,0.130100,0.138900,0.008000,0.024100,0.024800,0.062100,0.011100,0.019072,0.003040,,0.010496,0.001184,1,4,48,0,1
3173,0.123300,0.145000,0.008000,0.024000,0.025100,0.062600,0.003500,0.019168,0.003072,,0.013088,0.001152,1,4,48,0,1
3174,0.122400,0.137100,0.007700,0.024100,0.024500,0.063100,0.002700,0.021664,0.003040,,0.011072,0.001152,1,4,48,0,1
3175,0.123800,0.136500,0.008000,0.023900,0.025400,0.063000,0.003400,0.021504,0.003008,,0.012384,0.001152,1,4,48,0,1
3176,0.126000,0.137900,0.007900,0.024700,0.027800,0.062000,0.003300,0.019072,0.003104,,0.012992,0.001152,1,4,48,0,1
3177,0.121400,0.139700,0.007800,0.023700,0.024300,0.061900,0.003400,0.019232,0.002944,,0.012960,0.001152,1,4,48,0,1
3178,0.121600,0.135300,0.008000,0.023900,0.024300,0.061800,0.003500,0.018816,0.003168,,0.010368,0.001152,1,4,48,0,1
3179,0.119900,0.135800,0.007800,0.023700,0.024100,0.061000,0.003300,0.018400,0.003040,,0.010688,0.001088,1,4,48,0,1
3180,0.122400,0.140500,0.007800,0.024700,0.025400,0.062100,0.002300,0.018976,0.003008,,0.013056,0.001120,1,4,48,0,1
3181,0.121600,0.136500,0.007900,0.024100,0.024500,0.061400,0.003400,0.019104,0.003136,,0.010432,0.001152,1,4,48,0,1
3182,0.121300,0.135500,0.007800,0.023900,0.024700,0.061500,0.003300,0.019136,0.003232,,0.010400,0.001120,1,4,48,0,1
3183,0.143600,0.135300,0.007800,0.024200,0.033300,0.075400,0.002800,0.020640,0.003072,,0.011840,0.001120,1,4,48,0,1
3184,0.326500,0.162900,0.011400,0.039600,0.039900,0.083900,0.151400,0.019840,0.003040,,0.009952,0.001184,1,4,48,0,1
3185,0.136400,0.341700,0.008800,0.028200,0.025100,0.070000,0.003900,0.019072,0.003168,,0.010368,0.001152,1,4,48,0,1
3186,0.154900,0.150300,0.008300,0.024300,0.027000,0.090900,0.004400,0.018848,0.003008,,0.010432,0.001152,1,4,48,0,1
3187,0.178500,0.169700,0.008700,0.030200,0.031500,0.100100,0.007700,0.019552,0.003200,,0.010304,0.001088,1,4,48,0,1
3188,0.181800,0.198400,0.009500,0.029100,0.028800,0.108600,0.005800,0.018752,0.002976,,0.010304,0.001120,1,4,48,0,1
3189,0.148400,0.198300,0.009400,0.033000,0.030100,0.073900,0.001900,0.018496,0.003008,,0.010848,0.001152,1,4,48,0,1
3190,0.137700,0.163100,0.008200,0.025300,0.025500,0.064700,0.013900,0.018912,0.002944,,0.013056,0.001152,1,4,48,0,1
3191,0.133700,0.152000,0.008200,0.024400,0.025500,0.062400,0.013200,0.019936,0.003008,,0.013952,0.001184,1,4,48,0,1
3192,0.122200,0.147700,0.007800,0.024100,0.025100,0.061300,0.003500,0.019136,0.003040,,0.013152,0.001184,1,4,48,0,1
3193,0.125100,0.136400,0.007800,0.025800,0.025100,0.062900,0.003300,0.019104,0.003072,,0.010496,0.001152,1,4,48,0,1
3194,0.129900,0.139000,0.008100,0.024300,0.025200,0.061200,0.011000,0.019616,0.003040,,0.010336,0.001152,1,4,48,0,1
3195,0.123300,0.144000,0.007800,0.024100,0.025000,0.062800,0.003600,0.018976,0.003008,,0.010400,0.001184,1,4,48,0,1
3196,0.122600,0.137400,0.008000,0.024600,0.024800,0.061800,0.003400,0.020640,0.002976,,0.012128,0.001152,1,4,48,0,1
3197,0.130300,0.136700,0.008000,0.024100,0.025100,0.062400,0.010300,0.021536,0.003008,,0.011072,0.001152,1,4,48,0,1
3198,0.125200,0.144500,0.007700,0.024100,0.024900,0.066400,0.001800,0.018528,0.003008,,0.010880,0.001152,1,4,48,0,1
3199,0.131800,0.139200,0.007700,0.023800,0.025200,0.061900,0.013200,0.021632,0.002976,,0.011072,0.001152,1,4,48,0,1
3200,0.143700,0.145900,0.007600,0.023800,0.024800,0.082800,0.004500,0.021248,0.003040,,0.012096,0.001152,1,4,48,0,1
3201,0.160600,0.160100,0.009400,0.034400,0.030500,0.081900,0.004200,0.019200,0.003136,,0.010368,0.001152,1,4,48,0,1
3202,0.128000,0.175300,0.008200,0.025100,0.026100,0.065100,0.003300,0.018944,0.003104,,0.010400,0.001152,1,4,48,0,1
3203,0.124500,0.142300,0.007900,0.024200,0.025400,0.063600,0.003300,0.019072,0.003072,,0.013024,0.001120,1,4,48,0,1
3204,0.123800,0.138600,0.008100,0.024000,0.025300,0.063000,0.003300,0.018464,0.003008,,0.010784,0.001152,1,4,48,0,1
3205,0.121700,0.137900,0.008000,0.024100,0.025200,0.060900,0.003300,0.018976,0.003008,,0.010432,0.001152,1,4,48,0,1
3206,0.123200,0.135700,0.007900,0.024600,0.024900,0.062400,0.003300,0.018880,0.002944,,0.010432,0.001120,1,4,48,0,1
3207,0.122800,0.137200,0.008000,0.024200,0.024900,0.062300,0.003300,0.021440,0.003040,,0.011008,0.001120,1,4,48,0,1
3208,0.122800,0.136800,0.007900,0.024200,0.024500,0.062800,0.003400,0.019200,0.003008,,0.012992,0.001152,1,4,48,0,1
3209,0.119600,0.137100,0.007800,0.024000,0.024700,0.061000,0.001900,0.021536,0.002976,,0.011104,0.001184,1,4,48,0,1
3210,0.120800,0.133400,0.008000,0.024400,0.025300,0.060500,0.002600,0.019104,0.003040,,0.013088,0.001184,1,4,48,0,1
3211,0.181900,0.134900,0.007900,0.024100,0.024800,0.118600,0.006200,0.019232,0.003200,,0.010496,0.001152,1,4,48,0,1
3212,0.265400,0.215200,0.012100,0.042100,0.043400,0.164900,0.002700,0.022080,0.003104,,0.011328,0.001184,1,4,48,0,1
3213,0.241900,0.285800,0.011100,0.037200,0.037500,0.150400,0.005500,0.019840,0.003392,,0.010432,0.001120,1,4,48,0,1
3214,0.223400,0.261400,0.011300,0.037400,0.037400,0.130800,0.006300,0.019424,0.003104,,0.010368,0.001152,1,4,48,0,1
3215,0.145500,0.240100,0.009600,0.032900,0.030400,0.069400,0.003100,0.018592,0.003104,,0.010016,0.001184,1,4,48,0,1
3216,0.137700,0.160300,0.008000,0.025100,0.026600,0.066700,0.011200,0.021024,0.003040,,0.012960,0.001184,1,4,48,0,1
3217,0.130100,0.151700,0.007800,0.024200,0.025500,0.063600,0.008700,0.019296,0.003168,,0.013088,0.001088,1,4,48,0,1
3218,0.150000,0.144300,0.007800,0.024300,0.024900,0.088300,0.004600,0.020992,0.002912,,0.010720,0.001120,1,4,48,0,1
3219,0.174400,0.166300,0.009500,0.033200,0.031000,0.098200,0.002300,0.019776,0.003136,,0.010304,0.001152,1,4,48,0,1
3220,0.136400,0.192700,0.009100,0.027100,0.025100,0.072800,0.002100,0.019136,0.003232,,0.010496,0.001088,1,4,48,0,1
3221,0.334100,0.150900,0.008100,0.024100,0.027300,0.062100,0.212300,0.018912,0.003168,,0.013024,0.001120,1,4,48,0,1
3222,0.159600,0.349600,0.009800,0.031900,0.027700,0.084900,0.004800,0.019424,0.003040,,0.010528,0.001152,1,4,48,0,1
3223,0.153700,0.175400,0.009400,0.032900,0.030500,0.076200,0.004600,0.018912,0.002880,,0.010432,0.001184,1,4,48,0,1
3224,0.185200,0.168200,0.008100,0.031300,0.027800,0.113000,0.004800,0.019104,0.003168,,0.010528,0.001120,1,4,48,0,1
3225,0.133300,0.200000,0.008600,0.028200,0.027600,0.065000,0.003500,0.019776,0.002976,,0.013856,0.001152,1,4,48,0,1
3226,0.154000,0.147400,0.007700,0.024500,0.025200,0.091900,0.004500,0.019744,0.002944,,0.013856,0.001184,1,4,48,0,1
3227,0.127000,0.168400,0.008400,0.026100,0.026000,0.062800,0.003500,0.019776,0.003328,,0.010272,0.001184,1,4,48,0,1
3228,0.121600,0.141400,0.007800,0.024000,0.025000,0.061300,0.003400,0.019840,0.003008,,0.013952,0.001152,1,4,48,0,1
3229,0.148500,0.135800,0.008100,0.023900,0.024700,0.088500,0.003100,0.019168,0.003040,,0.013056,0.001184,1,4,48,0,1
3230,0.179000,0.164900,0.009200,0.032800,0.030200,0.103600,0.003100,0.019328,0.003104,,0.010304,0.001152,1,4,48,0,1
3231,0.152700,0.195300,0.009400,0.032900,0.029500,0.069800,0.011000,0.020128,0.003200,,0.013888,0.001152,1,4,48,0,1
3232,0.146000,0.167600,0.008600,0.025500,0.026100,0.083500,0.002000,0.019232,0.003072,,0.010304,0.001152,1,4,48,0,1
3233,0.142300,0.160800,0.008500,0.026400,0.027100,0.064500,0.015500,0.018816,0.003008,,0.010304,0.001088,1,4,48,0,1
3234,0.225800,0.156600,0.007900,0.025900,0.043500,0.142000,0.006300,0.019232,0.003200,,0.010304,0.001088,1,4,48,0,1
3235,0.223600,0.245600,0.011400,0.041000,0.040800,0.126200,0.003800,0.019072,0.003040,,0.010400,0.001152,1,4,48,0,1
3236,0.232500,0.240200,0.009300,0.032600,0.029800,0.156700,0.003900,0.019840,0.002976,,0.013888,0.001152,1,4,48,0,1
3237,0.164200,0.247700,0.009000,0.032600,0.030700,0.088400,0.003300,0.019744,0.003072,,0.010368,0.001152,1,4,48,0,1
3238,0.166400,0.179700,0.009200,0.032000,0.029700,0.091700,0.003700,0.019296,0.003264,,0.010560,0.001120,1,4,48,0,1
3239,0.172100,0.181300,0.008600,0.027200,0.027100,0.105100,0.003900,0.021888,0.003136,,0.011648,0.001152,1,4,48,0,1
3240,0.207900,0.187900,0.009400,0.032500,0.033400,0.130400,0.002100,0.019424,0.003200,,0.010432,0.001152,1,4,48,0,1
3241,0.232200,0.222800,0.008600,0.026700,0.028400,0.165100,0.003200,0.019360,0.003264,,0.010336,0.001088,1,4,48,0,1
3242,0.160800,0.247400,0.009000,0.032000,0.028700,0.087100,0.003900,0.019200,0.003072,,0.013056,0.001088,1,4,48,0,1
3243,0.159800,0.176100,0.008900,0.031000,0.028900,0.088100,0.002600,0.019968,0.003104,,0.013856,0.001120,1,4,48,0,1
3244,0.167900,0.179800,0.011800,0.031700,0.030200,0.089800,0.004200,0.019776,0.003008,,0.013888,0.001152,1,4,48,0,1
3245,0.201200,0.184400,0.009400,0.033000,0.030100,0.124200,0.004500,0.018528,0.003040,,0.012576,0.001184,1,4,48,0,1
3246,0.168600,0.216400,0.008700,0.029600,0.028100,0.099700,0.002100,0.019040,0.003136,,0.010336,0.001184,1,4,48,0,1
3247,0.129200,0.183300,0.008500,0.027100,0.027300,0.063400,0.002700,0.019744,0.002944,,0.013856,0.001184,1,4,48,0,1
3248,0.147600,0.143400,0.008300,0.024600,0.025400,0.087300,0.002000,0.019392,0.003136,,0.010432,0.001120,1,4,48,0,1
3249,0.149500,0.162400,0.008200,0.026200,0.026400,0.085400,0.003200,0.019776,0.003040,,0.012352,0.001184,1,4,48,0,1
3250,0.164800,0.165300,0.009300,0.032500,0.029900,0.088100,0.004900,0.019616,0.003040,,0.010368,0.001152,1,4,48,0,1
3251,0.145700,0.180000,0.008900,0.030900,0.031800,0.071000,0.002900,0.019680,0.003200,,0.009984,0.001152,1,4,48,0,1
3252,0.129200,0.160200,0.008100,0.025200,0.026900,0.066300,0.002600,0.018912,0.002976,,0.010528,0.001152,1,4,48,0,1
3253,0.134200,0.143400,0.008000,0.024900,0.022500,0.075200,0.003400,0.019424,0.003040,,0.010880,0.001152,1,4,48,0,1
3254,0.355500,0.150200,0.009200,0.032500,0.031000,0.088300,0.194300,0.020992,0.003104,,0.010592,0.001120,1,4,48,0,1
3255,0.161600,0.372000,0.010700,0.035500,0.029000,0.083300,0.003000,0.021536,0.003008,,0.011168,0.001152,1,4,48,0,1
3256,0.154300,0.176600,0.008400,0.025200,0.023000,0.092700,0.004800,0.020992,0.003200,,0.013088,0.001120,1,4,48,0,1
3257,0.179400,0.173400,0.011000,0.037900,0.038400,0.087500,0.004500,0.019040,0.002944,,0.013120,0.001184,1,4,48,0,1
3258,0.142300,0.199100,0.011100,0.032400,0.028200,0.066900,0.003500,0.019520,0.002880,,0.010496,0.001184,1,4,48,0,1
3259,0.124300,0.157000,0.008500,0.025000,0.025500,0.062500,0.002600,0.019552,0.003040,,0.010304,0.001152,1,4,48,0,1
3260,0.189600,0.138500,0.007800,0.032700,0.035500,0.096100,0.017300,0.021344,0.002976,,0.011072,0.001152,1,4,48,0,1
3261,0.215400,0.207900,0.011400,0.040100,0.038200,0.120100,0.005400,0.019072,0.003008,,0.010400,0.001152,1,4,48,0,1
3262,0.143000,0.233900,0.008800,0.029500,0.034000,0.068400,0.002100,0.019584,0.003104,,0.010432,0.001184,1,4,48,0,1
3263,0.136500,0.157500,0.008300,0.025300,0.033600,0.065600,0.003500,0.020512,0.003104,,0.011456,0.001184,1,4,48,0,1
3264,0.186000,0.152800,0.011300,0.036400,0.032100,0.100900,0.005200,0.019168,0.003072,,0.013120,0.001152,1,4,48,0,1
3265,0.216000,0.202400,0.009300,0.033000,0.030600,0.140800,0.002100,0.019520,0.003168,,0.010400,0.001152,1,4,48,0,1
3266,0.158200,0.231200,0.009000,0.027300,0.028000,0.088600,0.005100,0.019680,0.003200,,0.010336,0.001152,1,4,48,0,1
3267,0.162000,0.174300,0.009200,0.033100,0.029600,0.070700,0.019100,0.021600,0.003008,,0.011712,0.001152,1,4,48,0,1
3268,0.131700,0.179600,0.008600,0.026500,0.027600,0.065100,0.003600,0.019840,0.003040,,0.013888,0.001152,1,4,48,0,1
3269,0.162000,0.146200,0.008200,0.025200,0.025400,0.097000,0.006000,0.019456,0.003200,,0.010368,0.001120,1,4,48,0,1
3270,0.165700,0.178200,0.010000,0.035200,0.031200,0.085600,0.003600,0.018560,0.003072,,0.012576,0.001152,1,4,48,0,1
3271,0.134800,0.182000,0.009600,0.027300,0.027900,0.066200,0.003600,0.019200,0.003104,,0.012928,0.001088,1,4,48,0,1
3272,0.147700,0.149400,0.008300,0.024600,0.025400,0.087200,0.002100,0.019712,0.003104,,0.010304,0.001152,1,4,48,0,1
3273,0.130300,0.165700,0.008500,0.026900,0.028000,0.064700,0.002100,0.019808,0.003200,,0.010432,0.001120,1,4,48,0,1
3274,0.132800,0.144600,0.008100,0.024400,0.025700,0.063100,0.011100,0.019040,0.003072,,0.010400,0.001184,1,4,48,0,1
3275,0.149800,0.146900,0.008000,0.024200,0.025200,0.089000,0.003200,0.019840,0.003136,,0.013856,0.001120,1,4,48,0,1
3276,0.168500,0.165800,0.009300,0.032600,0.030000,0.093000,0.003600,0.019744,0.002944,,0.013824,0.001184,1,4,48,0,1
3277,0.154300,0.184200,0.009500,0.032600,0.029800,0.067400,0.015000,0.019488,0.003072,,0.010464,0.001120,1,4,48,0,1
3278,0.124300,0.169100,0.008100,0.024700,0.025600,0.062300,0.003500,0.019584,0.003040,,0.010240,0.001184,1,4,48,0,1
3279,0.159100,0.138600,0.010700,0.032900,0.027500,0.083200,0.004800,0.021568,0.003008,,0.011104,0.001152,1,4,48,0,1
3280,0.129400,0.173900,0.008600,0.026300,0.026600,0.064600,0.003300,0.019776,0.002976,,0.013920,0.001120,1,4,48,0,1
3281,0.147600,0.143500,0.008400,0.024400,0.024500,0.087000,0.003100,0.019104,0.003136,,0.010400,0.001152,1,4,48,0,1
3282,0.153400,0.163400,0.009300,0.032700,0.030000,0.079100,0.002200,0.019744,0.003104,,0.010336,0.001152,1,4,48,0,1
3283,0.125600,0.168400,0.008000,0.024700,0.026500,0.062600,0.003500,0.019328,0.003072,,0.010400,0.001152,1,4,48,0,1
3284,0.129600,0.139700,0.007900,0.024400,0.024900,0.062400,0.009700,0.019008,0.003200,,0.010304,0.001120,1,4,48,0,1
3285,0.122300,0.143700,0.007900,0.024300,0.025200,0.062600,0.002000,0.019488,0.003072,,0.012992,0.001088,1,4,48,0,1
3286,0.249300,0.136600,0.007800,0.024000,0.028700,0.184900,0.003700,0.019808,0.002912,,0.012416,0.001152,1,4,48,0,1
3287,0.151300,0.270100,0.011200,0.042300,0.028200,0.067300,0.002200,0.019200,0.003296,,0.010496,0.001120,1,4,48,0,1
3288,0.576000,0.166300,0.008100,0.025500,0.027700,0.095900,0.418800,0.020576,0.003136,,0.012960,0.001152,1,4,48,0,1
3289,0.163900,0.592700,0.009200,0.037000,0.029200,0.084300,0.004100,0.021184,0.003264,,0.011392,0.001120,1,4,48,0,1
3290,0.172800,0.178900,0.008300,0.026000,0.041800,0.091300,0.005300,0.021216,0.002912,,0.011072,0.001152,1,4,48,0,1
3291,0.170300,0.187600,0.008100,0.026200,0.026800,0.106800,0.002100,0.021408,0.003040,,0.011136,0.001152,1,4,48,0,1
3292,0.161400,0.184900,0.008100,0.026000,0.031100,0.090600,0.005500,0.019744,0.003104,,0.010528,0.001184,1,4,48,0,1
3293,0.156100,0.176000,0.008200,0.026500,0.027100,0.091100,0.003200,0.019552,0.003104,,0.010240,0.001152,1,4,48,0,1
3294,0.145600,0.171600,0.009100,0.032600,0.029400,0.067800,0.006700,0.019136,0.003040,,0.010304,0.001152,1,4,48,0,1
3295,0.134300,0.159900,0.008000,0.024600,0.026500,0.072600,0.002500,0.018752,0.002848,,0.010368,0.001152,1,4,48,0,1
3296,0.141200,0.148500,0.007900,0.024700,0.024700,0.080100,0.003800,0.019552,0.003264,,0.010336,0.001120,1,4,48,0,1
3297,0.136800,0.155700,0.008200,0.026100,0.025900,0.062300,0.014200,0.019200,0.003168,,0.010368,0.001120,1,4,48,0,1
3298,0.125800,0.151200,0.007900,0.023700,0.025000,0.060800,0.008400,0.019168,0.003072,,0.013056,0.001184,1,4,48,0,1
3299,0.119000,0.139900,0.008000,0.023900,0.024600,0.060300,0.002200,0.020096,0.003168,,0.011424,0.001184,1,4,48,0,1
3300,0.136900,0.133200,0.007900,0.024000,0.024600,0.073500,0.006700,0.019424,0.003136,,0.010368,0.001184,1,4,48,0,1
3301,0.121300,0.151100,0.008400,0.024100,0.025300,0.061100,0.002100,0.019936,0.003008,,0.013888,0.001184,1,4,48,0,1
3302,0.119800,0.135200,0.007900,0.024100,0.025100,0.060100,0.002600,0.019264,0.002944,,0.010464,0.001152,1,4,48,0,1
3303,0.120300,0.133800,0.007900,0.024200,0.024800,0.060300,0.003000,0.019968,0.003104,,0.013856,0.001120,1,4,48,0,1
3304,0.120300,0.134100,0.007800,0.023900,0.024600,0.061400,0.002400,0.021344,0.003040,,0.012096,0.001152,1,4,48,0,1
3305,0.120000,0.134100,0.007900,0.024000,0.025200,0.060100,0.002800,0.021792,0.003008,,0.011328,0.001088,1,4,48,0,1
3306,0.142600,0.134000,0.007900,0.023900,0.024900,0.082400,0.003500,0.021856,0.003200,,0.011648,0.001120,1,4,48,0,1
3307,0.173000,0.158600,0.009200,0.032500,0.032000,0.092500,0.006700,0.019136,0.002944,,0.010368,0.001120,1,4,48,0,1
3308,0.159300,0.188500,0.009100,0.032200,0.029500,0.083700,0.004600,0.019072,0.003008,,0.013120,0.001184,1,4,48,0,1
3309,0.165300,0.175200,0.009200,0.032800,0.030600,0.090200,0.002500,0.019104,0.003328,,0.010304,0.001120,1,4,48,0,1
3310,0.139600,0.181400,0.008300,0.027000,0.027400,0.068200,0.008500,0.021440,0.002912,,0.011104,0.001152,1,4,48,0,1
3311,0.156900,0.154000,0.011100,0.031900,0.028200,0.082200,0.003300,0.019872,0.003168,,0.013824,0.001152,1,4,48,0,1
3312,0.169700,0.173500,0.009200,0.032800,0.030000,0.093000,0.004500,0.021568,0.003136,,0.011040,0.001152,1,4,48,0,1
3313,0.164500,0.188000,0.011400,0.033600,0.030900,0.085300,0.002900,0.019328,0.003008,,0.010368,0.001152,1,4,48,0,1
3314,0.168000,0.179900,0.008900,0.031300,0.029200,0.091500,0.007100,0.022048,0.003104,,0.011360,0.001152,1,4,48,0,1
3315,0.159300,0.183700,0.008900,0.032700,0.029800,0.085000,0.002900,0.019776,0.003040,,0.013856,0.001120,1,4,48,0,1
3316,0.148400,0.174200,0.008300,0.026500,0.026700,0.083500,0.003300,0.019552,0.003040,,0.010304,0.001184,1,4,48,0,1
3317,0.159900,0.164100,0.009300,0.032400,0.030200,0.085100,0.002800,0.019648,0.003040,,0.010336,0.001120,1,4,48,0,1
3318,0.183200,0.176000,0.008600,0.026600,0.027100,0.113600,0.007200,0.019104,0.003008,,0.013184,0.001152,1,4,48,0,1
3319,0.196200,0.203300,0.013700,0.033400,0.036800,0.105900,0.006300,0.021600,0.002976,,0.011744,0.001152,1,4,48,0,1
3320,0.197000,0.211600,0.008500,0.031500,0.028400,0.118100,0.010500,0.021632,0.003072,,0.011648,0.001120,1,4,48,0,1
3321,0.155700,0.213100,0.010600,0.033100,0.027200,0.082400,0.002200,0.019360,0.003296,,0.010592,0.001152,1,4,48,0,1
3322,0.787300,0.170600,0.008700,0.026300,0.027500,0.060900,0.663800,0.021024,0.003104,,0.012384,0.001120,1,4,48,0,1
3323,0.196200,0.808400,0.012100,0.034200,0.030900,0.114800,0.003900,0.020224,0.002976,,0.011744,0.001120,1,4,48,0,1
3324,0.142600,0.211100,0.008600,0.027800,0.028000,0.065900,0.012000,0.021152,0.003040,,0.012096,0.001120,1,4,48,0,1
3325,0.143200,0.157200,0.007900,0.024600,0.025700,0.081600,0.003300,0.021152,0.003008,,0.012032,0.001152,1,4,48,0,1
3326,0.144300,0.158700,0.009500,0.031600,0.029400,0.071500,0.002200,0.019872,0.003264,,0.010496,0.001088,1,4,48,0,1
3327,0.125100,0.158700,0.008800,0.024800,0.025400,0.062600,0.003500,0.019872,0.003040,,0.013888,0.001184,1,4,48,0,1
3328,0.140800,0.139300,0.008300,0.024100,0.025100,0.078300,0.004900,0.019680,0.003200,,0.010240,0.001152,1,4,48,0,1
3329,0.125000,0.155400,0.008200,0.026100,0.026000,0.061700,0.002700,0.019808,0.002944,,0.012384,0.001184,1,4,48,0,1
3330,0.128100,0.139400,0.008100,0.023800,0.024500,0.060300,0.011100,0.019648,0.003232,,0.010464,0.001120,1,4,48,0,1
3331,0.121900,0.142200,0.007900,0.024000,0.025200,0.061300,0.003200,0.019648,0.003136,,0.010368,0.001088,1,4,48,0,1
3332,0.184100,0.135700,0.007900,0.023900,0.046600,0.103100,0.002500,0.019680,0.002944,,0.013824,0.001152,1,4,48,0,1
3333,0.129700,0.197800,0.007600,0.027200,0.026400,0.065100,0.003200,0.019072,0.003072,,0.010432,0.001184,1,4,48,0,1
3334,0.136900,0.143600,0.008100,0.023600,0.024600,0.075300,0.005100,0.021536,0.002976,,0.011040,0.001152,1,4,48,0,1
3335,0.135300,0.151000,0.008000,0.025400,0.026100,0.069600,0.005900,0.019712,0.003104,,0.010336,0.001152,1,4,48,0,1
3336,0.157800,0.149100,0.007900,0.023600,0.028300,0.094800,0.002800,0.019328,0.003104,,0.010464,0.001152,1,4,48,0,1
3337,0.213400,0.176800,0.011200,0.038500,0.036900,0.120800,0.005700,0.019744,0.003296,,0.010368,0.001120,1,4,48,0,1
3338,0.223200,0.233400,0.009200,0.029400,0.029400,0.152300,0.002700,0.019872,0.003040,,0.010048,0.001184,1,4,48,0,1
3339,0.138300,0.238200,0.011300,0.027500,0.028700,0.067000,0.003600,0.019840,0.003296,,0.010368,0.001120,1,4,48,0,1
3340,0.177500,0.153700,0.010100,0.033900,0.033700,0.094700,0.005100,0.019072,0.003136,,0.010464,0.001184,1,4,48,0,1
3341,0.310400,0.196800,0.010000,0.033000,0.033900,0.229600,0.003700,0.019648,0.003072,,0.010336,0.001152,1,4,48,0,1
3342,0.193800,0.330200,0.010800,0.038200,0.036600,0.087400,0.020600,0.019200,0.002976,,0.010496,0.001152,1,4,48,0,1
3343,0.322500,0.213600,0.010800,0.033500,0.034100,0.237600,0.006500,0.019840,0.003072,,0.013856,0.001152,1,4,48,0,1
3344,0.206400,0.339200,0.009600,0.033100,0.030300,0.128000,0.005200,0.019648,0.003136,,0.010176,0.001088,1,4,48,0,1
3345,0.148900,0.222700,0.009600,0.033200,0.030900,0.072000,0.003200,0.019488,0.002944,,0.010432,0.001152,1,4,48,0,1
3346,0.213900,0.163600,0.017000,0.033300,0.031000,0.130300,0.002000,0.019936,0.003296,,0.010368,0.001088,1,4,48,0,1
3347,0.183100,0.230000,0.008700,0.026000,0.026200,0.119800,0.002200,0.019680,0.003168,,0.010432,0.001120,1,4,48,0,1
3348,0.162800,0.199200,0.009200,0.029500,0.032400,0.087100,0.004500,0.019680,0.003168,,0.010336,0.001152,1,4,48,0,1
3349,0.172400,0.182200,0.009000,0.029000,0.054300,0.075200,0.004600,0.020544,0.002912,,0.012992,0.001152,1,4,48,0,1
3350,0.127800,0.187000,0.008700,0.025500,0.022800,0.068600,0.002100,0.019136,0.003232,,0.010464,0.001152,1,4,48,0,1
3351,0.942700,0.142500,0.008200,0.025200,0.027000,0.060900,0.821300,0.021248,0.003040,,0.013120,0.001152,1,4,48,0,1
3352,0.167800,0.960400,0.010300,0.035500,0.031000,0.086700,0.004300,0.019936,0.003136,,0.010464,0.001152,1,4,48,0,1
3353,0.155400,0.183000,0.008600,0.025900,0.043500,0.075300,0.002000,0.020704,0.002976,,0.011456,0.001152,1,4,48,0,1
3354,0.226000,0.169900,0.008600,0.025500,0.025400,0.161400,0.005100,0.019168,0.003168,,0.010464,0.001152,1,4,48,0,1
3355,0.132400,0.240800,0.008900,0.026200,0.027400,0.066200,0.003400,0.019904,0.003008,,0.013920,0.001184,1,4,48,0,1
3356,0.126100,0.146700,0.008400,0.024400,0.025100,0.064600,0.003400,0.019104,0.003232,,0.010400,0.001120,1,4,48,0,1
3357,0.141100,0.140300,0.008000,0.024100,0.025300,0.079300,0.004400,0.019072,0.002976,,0.013152,0.001152,1,4,48,0,1
3358,0.130300,0.155700,0.008400,0.026200,0.026600,0.065200,0.003600,0.021088,0.002976,,0.012096,0.001152,1,4,48,0,1
3359,0.122500,0.144400,0.007800,0.024100,0.025400,0.061500,0.003600,0.019008,0.003008,,0.013024,0.001120,1,4,48,0,1
3360,0.123100,0.136400,0.008000,0.024600,0.025100,0.061700,0.003500,0.021504,0.002944,,0.011040,0.001184,1,4,48,0,1
3361,0.136900,0.137000,0.008200,0.024300,0.025000,0.076800,0.002500,0.018848,0.003232,,0.010432,0.001152,1,4,48,0,1
3362,0.122400,0.151000,0.008000,0.024200,0.024900,0.062700,0.002500,0.021344,0.003072,,0.012064,0.001152,1,4,48,0,1
3363,0.122800,0.136300,0.007800,0.024200,0.025000,0.062200,0.003500,0.018912,0.002976,,0.010368,0.001152,1,4,48,0,1
3364,0.121400,0.136800,0.007900,0.024700,0.024800,0.061300,0.002700,0.019776,0.003008,,0.013856,0.001152,1,4,48,0,1
3365,0.122600,0.135300,0.008100,0.024000,0.025100,0.061800,0.003600,0.020064,0.003264,,0.013888,0.001152,1,4,48,0,1
3366,0.122900,0.136700,0.008100,0.024300,0.025500,0.061300,0.003500,0.019584,0.003008,,0.010432,0.001184,1,4,48,0,1
3367,0.121900,0.137000,0.007900,0.024200,0.024500,0.061600,0.003500,0.021664,0.003008,,0.012512,0.001152,1,4,48,0,1
3368,0.136300,0.135900,0.008100,0.023800,0.024900,0.076400,0.003000,0.019136,0.003104,,0.010496,0.001152,1,4,48,0,1
3369,0.121300,0.150100,0.007900,0.023900,0.024700,0.061200,0.003400,0.019072,0.003136,,0.010400,0.001184,1,4,48,0,1
3370,0.129800,0.135400,0.007900,0.023700,0.031700,0.063000,0.003400,0.021536,0.002944,,0.012416,0.001152,1,4,48,0,1
3371,0.131300,0.143700,0.008600,0.024000,0.024400,0.068700,0.005500,0.019200,0.003200,,0.010496,0.001120,1,4,48,0,1
3372,0.135700,0.145300,0.007900,0.023700,0.025000,0.062300,0.016800,0.019168,0.003072,,0.010592,0.001120,1,4,48,0,1
3373,0.120700,0.149900,0.007700,0.024000,0.024900,0.062000,0.002000,0.018528,0.003072,,0.010912,0.001120,1,4,48,0,1
3374,0.122400,0.134700,0.008100,0.023600,0.024700,0.062200,0.003600,0.019232,0.003104,,0.010304,0.001120,1,4,48,0,1
3375,0.120800,0.136200,0.008100,0.024100,0.024500,0.060400,0.003500,0.019264,0.003168,,0.010560,0.001152,1,4,48,0,1
3376,0.121500,0.134600,0.007700,0.024000,0.024400,0.061800,0.003400,0.019008,0.003136,,0.010368,0.001184,1,4,48,0,1
3377,0.120300,0.135500,0.007900,0.023900,0.024500,0.060200,0.003600,0.019040,0.002976,,0.012992,0.001120,1,4,48,0,1
3378,0.120800,0.134100,0.008000,0.024000,0.024800,0.060200,0.003600,0.020032,0.003168,,0.013920,0.001152,1,4,48,0,1
3379,0.119300,0.134800,0.007900,0.023800,0.024100,0.059900,0.003500,0.019424,0.003008,,0.010336,0.001152,1,4,48,0,1
3380,0.120600,0.134400,0.008000,0.024000,0.025100,0.060400,0.002900,0.019104,0.003040,,0.010528,0.001152,1,4,48,0,1
3381,0.149300,0.134400,0.008100,0.023700,0.024000,0.089500,0.003900,0.019168,0.003232,,0.010368,0.001152,1,4,48,0,1
3382,0.153700,0.165500,0.009300,0.032700,0.029800,0.079200,0.002700,0.019616,0.003072,,0.010336,0.001152,1,4,48,0,1
3383,0.125400,0.168600,0.008300,0.025300,0.025800,0.063900,0.002000,0.019168,0.003040,,0.013120,0.001184,1,4,48,0,1
3384,0.152300,0.139600,0.008200,0.024300,0.025300,0.090900,0.003500,0.019488,0.003008,,0.010720,0.001152,1,4,48,0,1
3385,0.127700,0.166900,0.008500,0.026300,0.023300,0.067500,0.001900,0.019008,0.002944,,0.010560,0.001184,1,4,48,0,1
3386,0.349400,0.141500,0.007700,0.023900,0.024700,0.079400,0.213500,0.019488,0.003008,,0.010272,0.001152,1,4,48,0,1
3387,0.185200,0.365000,0.009400,0.032500,0.028000,0.111300,0.004000,0.019808,0.003136,,0.010432,0.001120,1,4,48,0,1
3388,0.157500,0.199900,0.008400,0.026700,0.027300,0.091900,0.003200,0.021088,0.002912,,0.010880,0.001152,1,4,48,0,1
3389,0.191600,0.173500,0.009700,0.032400,0.029800,0.115300,0.004100,0.019104,0.003424,,0.010336,0.001152,1,4,48,0,1
3390,0.147800,0.206800,0.009100,0.031700,0.029300,0.072000,0.005400,0.019040,0.003040,,0.010464,0.001184,1,4,48,0,1
3391,0.121500,0.162200,0.007800,0.024300,0.024900,0.062200,0.002000,0.019264,0.003200,,0.013056,0.001152,1,4,48,0,1
3392,0.121000,0.135500,0.007900,0.023900,0.025000,0.060900,0.003300,0.019360,0.002976,,0.010400,0.001152,1,4,48,0,1
3393,0.144700,0.134700,0.007600,0.023800,0.024800,0.083000,0.005500,0.021760,0.003200,,0.011392,0.001088,1,4,48,0,1
3394,0.154200,0.159700,0.008700,0.028400,0.027600,0.085800,0.003600,0.019712,0.003072,,0.010336,0.001152,1,4,48,0,1
3395,0.168900,0.174800,0.011500,0.042500,0.033200,0.079500,0.002100,0.020000,0.003136,,0.013888,0.001120,1,4,48,0,1
3396,0.198500,0.184400,0.009700,0.036900,0.036700,0.112100,0.003000,0.019808,0.003136,,0.010336,0.001184,1,4,48,0,1
3397,0.152800,0.214700,0.009000,0.032600,0.029600,0.079400,0.002100,0.019424,0.002912,,0.010304,0.001184,1,4,48,0,1
3398,0.147100,0.167700,0.009500,0.025100,0.025500,0.084900,0.002000,0.019168,0.003264,,0.010400,0.001152,1,4,48,0,1
3399,0.128200,0.161800,0.008100,0.026700,0.026600,0.063100,0.003600,0.019008,0.002976,,0.013088,0.001152,1,4,48,0,1
3400,0.158300,0.142500,0.007700,0.024700,0.024700,0.099100,0.002000,0.019072,0.003008,,0.013056,0.001184,1,4,48,0,1
3401,0.129300,0.173000,0.008200,0.025700,0.025700,0.067800,0.001800,0.019136,0.003200,,0.010464,0.001120,1,4,48,0,1
3402,0.129900,0.143500,0.007900,0.025000,0.025300,0.069700,0.001900,0.019136,0.003136,,0.010432,0.001152,1,4,48,0,1
3403,0.147600,0.143900,0.007700,0.024000,0.024700,0.087700,0.003500,0.019072,0.003168,,0.010464,0.001088,1,4,48,0,1
3404,0.188100,0.162800,0.009500,0.032200,0.031800,0.108700,0.005800,0.019488,0.003072,,0.010464,0.001184,1,4,48,0,1
3405,0.165400,0.204400,0.008700,0.029300,0.035400,0.089800,0.002000,0.019584,0.003104,,0.010144,0.001088,1,4,48,0,1
3406,0.150800,0.180400,0.008300,0.026600,0.027000,0.084300,0.004600,0.019776,0.003392,,0.010432,0.001088,1,4,48,0,1
3407,0.152000,0.165300,0.008400,0.026100,0.026500,0.085900,0.005000,0.019648,0.003136,,0.010144,0.001152,1,4,48,0,1
3408,0.156100,0.168300,0.009200,0.032100,0.029400,0.079900,0.005500,0.018944,0.003104,,0.010368,0.001120,1,4,48,0,1
3409,0.159800,0.170900,0.008900,0.030800,0.028800,0.084800,0.006300,0.019712,0.003168,,0.010464,0.001152,1,4,48,0,1
3410,0.221600,0.175700,0.009900,0.035100,0.034800,0.137400,0.004300,0.019936,0.003040,,0.012416,0.001216,1,4,48,0,1
3411,0.156900,0.236600,0.010100,0.032200,0.029400,0.079700,0.005300,0.019648,0.003104,,0.010272,0.001120,1,4,48,0,1
3412,0.123600,0.171000,0.007800,0.024300,0.025400,0.062600,0.003500,0.019040,0.002912,,0.013152,0.001152,1,4,48,0,1
3413,0.135400,0.137300,0.007800,0.023800,0.024400,0.077200,0.002000,0.019456,0.003008,,0.010272,0.001152,1,4,48,0,1
3414,0.148200,0.149600,0.008400,0.025500,0.025500,0.084000,0.004600,0.019616,0.002944,,0.010528,0.001184,1,4,48,0,1
3415,0.146800,0.163100,0.009300,0.031600,0.028300,0.075200,0.002100,0.019968,0.003456,,0.010304,0.001088,1,4,48,0,1
3416,0.123500,0.160800,0.008300,0.024200,0.025100,0.062300,0.003500,0.019008,0.003072,,0.010368,0.001184,1,4,48,0,1
3417,0.122500,0.137600,0.008200,0.024000,0.025400,0.061600,0.003300,0.021024,0.003296,,0.011424,0.001120,1,4,48,0,1
3418,0.120600,0.136500,0.007900,0.023900,0.024300,0.061000,0.003400,0.019648,0.003200,,0.010336,0.001120,1,4,48,0,1
3419,0.119200,0.134300,0.007800,0.023800,0.023700,0.060500,0.003300,0.018976,0.003040,,0.010368,0.001184,1,4,48,0,1
3420,0.132700,0.132800,0.007500,0.023200,0.037800,0.060600,0.003400,0.021440,0.003104,,0.012224,0.001152,1,4,48,0,1
3421,0.169300,0.146300,0.007600,0.023600,0.021400,0.057600,0.059000,0.018912,0.003008,,0.010464,0.001152,1,4,48,0,1
3422,0.592400,0.183600,0.008400,0.025300,0.027900,0.059800,0.470800,0.020928,0.003296,,0.012992,0.001120,1,4,48,0,1
3423,0.200100,0.607700,0.009200,0.033600,0.047200,0.103900,0.006100,0.021536,0.003136,,0.011008,0.001088,1,4,48,0,1
3424,0.196100,0.216400,0.010100,0.033900,0.029800,0.116300,0.005900,0.019936,0.003168,,0.010432,0.001120,1,4,48,0,1
3425,0.136200,0.210900,0.008600,0.031400,0.029000,0.064500,0.002600,0.019648,0.003104,,0.010336,0.001184,1,4,48,0,1
3426,0.145200,0.150200,0.007700,0.038600,0.025800,0.068900,0.003900,0.018784,0.003136,,0.010432,0.001152,1,4,48,0,1
3427,0.128600,0.159200,0.007900,0.027800,0.024400,0.066400,0.002000,0.018528,0.002880,,0.010336,0.001152,1,4,48,0,1
3428,0.119000,0.142100,0.007700,0.023400,0.025200,0.060300,0.002300,0.021600,0.002976,,0.012512,0.001152,1,4,48,0,1
3429,0.123300,0.132700,0.007800,0.023200,0.024700,0.060200,0.007400,0.021728,0.003104,,0.011136,0.001184,1,4,48,0,1
3430,0.126300,0.136900,0.008000,0.023100,0.024000,0.068400,0.002700,0.018528,0.003008,,0.010784,0.001152,1,4,48,0,1
3431,0.126000,0.139700,0.007800,0.023300,0.023900,0.060000,0.010900,0.018976,0.002944,,0.010496,0.001152,1,4,48,0,1
3432,0.133200,0.139600,0.007600,0.023300,0.024200,0.076000,0.002100,0.018880,0.003040,,0.010304,0.001184,1,4,48,0,1
3433,0.127800,0.152900,0.008500,0.025600,0.026000,0.061500,0.006100,0.019168,0.003232,,0.010464,0.001120,1,4,48,0,1
3434,0.134800,0.141500,0.008100,0.023400,0.027800,0.073000,0.002400,0.018848,0.002976,,0.010336,0.001120,1,4,48,0,1
3435,0.124000,0.148400,0.007800,0.024200,0.025100,0.061400,0.005400,0.019264,0.003200,,0.010528,0.001120,1,4,48,0,1
3436,0.118800,0.137200,0.007300,0.022600,0.022800,0.060500,0.005500,0.018784,0.003200,,0.010272,0.001120,1,4,48,0,1
3437,0.114900,0.132000,0.007500,0.022600,0.023600,0.057800,0.003300,0.019488,0.002976,,0.010208,0.001152,1,4,48,0,1
3438,0.114800,0.127800,0.007700,0.023000,0.023300,0.057300,0.003300,0.018624,0.003104,,0.010944,0.001152,1,4,48,0,1
3439,0.116200,0.127900,0.007300,0.022700,0.023500,0.059100,0.003300,0.021504,0.002848,,0.011104,0.001152,1,4,48,0,1
3440,0.113900,0.129300,0.007500,0.022700,0.023400,0.057500,0.002800,0.019264,0.002880,,0.010400,0.001184,1,4,48,0,1
3441,0.126400,0.127100,0.007600,0.022700,0.023900,0.068100,0.004100,0.018880,0.002912,,0.010400,0.001184,1,4,48,0,1
3442,0.174800,0.139700,0.007500,0.022900,0.023900,0.113200,0.006900,0.019008,0.003072,,0.010368,0.001152,1,4,48,0,1
3443,0.195500,0.193200,0.011000,0.037700,0.034900,0.107700,0.004100,0.019488,0.003008,,0.010400,0.001088,1,4,48,0,1
3444,0.162000,0.209800,0.008300,0.027000,0.026500,0.095600,0.004500,0.019680,0.003200,,0.010496,0.001152,1,4,48,0,1
3445,0.163600,0.176200,0.007800,0.025700,0.025800,0.099600,0.004400,0.019872,0.003040,,0.013888,0.001152,1,4,48,0,1
3446,0.142600,0.179400,0.009100,0.031500,0.029000,0.066300,0.006600,0.018496,0.003040,,0.012512,0.001152,1,4,48,0,1
3447,0.127300,0.156600,0.007700,0.024100,0.029100,0.062600,0.003500,0.019104,0.003072,,0.010496,0.001184,1,4,48,0,1
3448,0.132500,0.141500,0.008100,0.024300,0.025100,0.063200,0.011800,0.018944,0.003104,,0.010432,0.001152,1,4,48,0,1
3449,0.127800,0.146700,0.007900,0.023500,0.024300,0.068700,0.003300,0.018464,0.003136,,0.010816,0.001120,1,4,48,0,1
3450,0.121400,0.141600,0.007700,0.023800,0.024800,0.061600,0.003400,0.021632,0.002976,,0.012448,0.001120,1,4,48,0,1
3451,0.128200,0.135000,0.007700,0.023500,0.024400,0.060700,0.011700,0.018784,0.003424,,0.010656,0.001152,1,4,48,0,1
3452,0.118800,0.141900,0.007600,0.023500,0.024400,0.060500,0.002700,0.021664,0.003008,,0.011168,0.001152,1,4,48,0,1
3453,0.119600,0.132400,0.007700,0.023700,0.024200,0.060000,0.003900,0.018432,0.002976,,0.012512,0.001120,1,4,48,0,1
3454,0.122300,0.133400,0.007800,0.023600,0.024100,0.063000,0.003700,0.019104,0.003040,,0.010528,0.001152,1,4,48,0,1
3455,0.139300,0.136100,0.007500,0.023000,0.023300,0.083100,0.002200,0.021504,0.003040,,0.011040,0.001184,1,4,48,0,1
3456,0.127200,0.153500,0.007800,0.025100,0.025300,0.065500,0.003300,0.018944,0.002976,,0.010496,0.001152,1,4,48,0,1
3457,0.151600,0.141300,0.007600,0.023800,0.042500,0.073900,0.003600,0.019072,0.003200,,0.010432,0.001152,1,4,48,0,1
3458,0.149000,0.165300,0.007800,0.024000,0.021600,0.091700,0.003900,0.019072,0.003200,,0.010432,0.001120,1,4,48,0,1
3459,0.550100,0.167700,0.011000,0.038200,0.035100,0.104100,0.361500,0.021056,0.002912,,0.011936,0.001152,1,4,48,0,1
3460,0.162700,0.565900,0.009100,0.031400,0.027100,0.091700,0.003200,0.021120,0.002944,,0.011936,0.001184,1,4,48,0,1
3461,0.172200,0.177100,0.008300,0.030300,0.027000,0.104200,0.002400,0.019520,0.003040,,0.010368,0.001184,1,4,48,0,1
3462,0.166100,0.186500,0.008400,0.025100,0.026100,0.103200,0.003200,0.020864,0.003040,,0.011392,0.001184,1,4,48,0,1
3463,0.150900,0.181300,0.009000,0.031200,0.029300,0.075900,0.005500,0.019328,0.003040,,0.010496,0.001152,1,4,48,0,1
3464,0.146400,0.165000,0.008100,0.024600,0.028700,0.077800,0.006900,0.019424,0.002976,,0.010400,0.001152,1,4,48,0,1
3465,0.158000,0.160800,0.008600,0.029200,0.026700,0.088900,0.004500,0.019840,0.002976,,0.013920,0.001152,1,4,48,0,1
3466,0.151900,0.172300,0.008300,0.028700,0.026900,0.082200,0.005800,0.019616,0.003104,,0.010368,0.001152,1,4,48,0,1
3467,0.161300,0.165800,0.008300,0.025500,0.025200,0.097700,0.004400,0.019392,0.003136,,0.010368,0.001152,1,4,48,0,1
3468,0.176300,0.176600,0.008500,0.031800,0.028600,0.103200,0.003900,0.019040,0.003072,,0.010432,0.001184,1,4,48,0,1
3469,0.165200,0.190900,0.008400,0.028800,0.027200,0.098300,0.002500,0.019872,0.003008,,0.013920,0.001184,1,4,48,0,1
3470,0.157100,0.183300,0.007900,0.025200,0.026400,0.095600,0.002000,0.019424,0.003104,,0.010240,0.001184,1,4,48,0,1
3471,0.159000,0.171100,0.007800,0.025100,0.026000,0.096000,0.004000,0.021632,0.002976,,0.011712,0.001152,1,4,48,0,1
3472,0.153800,0.173100,0.007900,0.025000,0.025800,0.090800,0.004000,0.019840,0.002944,,0.013920,0.001184,1,4,48,0,1
3473,0.162400,0.167600,0.007900,0.025000,0.025700,0.101400,0.002200,0.019712,0.003360,,0.010400,0.001120,1,4,48,0,1
3474,0.137300,0.176200,0.007700,0.025000,0.025300,0.076900,0.002300,0.019264,0.002976,,0.010336,0.001152,1,4,48,0,1
3475,0.139800,0.151200,0.007700,0.024800,0.025700,0.078300,0.003200,0.019456,0.003040,,0.010464,0.001152,1,4,48,0,1
3476,0.167800,0.155300,0.008900,0.031500,0.029300,0.092700,0.005200,0.019840,0.003104,,0.012384,0.001120,1,4,48,0,1
3477,0.152400,0.183500,0.008400,0.032000,0.030000,0.079300,0.002500,0.019616,0.003200,,0.010464,0.001120,1,4,48,0,1
3478,0.153300,0.166400,0.007800,0.025600,0.026100,0.089200,0.004300,0.019008,0.003008,,0.010496,0.001152,1,4,48,0,1
3479,0.175500,0.168100,0.008600,0.030600,0.027900,0.104400,0.003900,0.020096,0.003200,,0.013952,0.001184,1,4,48,0,1
3480,0.173200,0.189800,0.008300,0.032000,0.029500,0.099100,0.004300,0.019968,0.003008,,0.013888,0.001184,1,4,48,0,1
3481,0.155300,0.187300,0.007800,0.026100,0.025100,0.092400,0.003800,0.019840,0.003008,,0.013888,0.001152,1,4,48,0,1
3482,0.182000,0.169800,0.008900,0.030800,0.028000,0.108900,0.005200,0.019776,0.002944,,0.012384,0.001088,1,4,48,0,1
3483,0.166100,0.197000,0.008700,0.029000,0.028000,0.095300,0.005100,0.019104,0.003168,,0.010368,0.001152,1,4,48,0,1
3484,0.194600,0.182500,0.008600,0.030700,0.028900,0.121800,0.004400,0.019232,0.003136,,0.010560,0.001184,1,4,48,0,1
3485,0.170300,0.208600,0.008000,0.028200,0.027200,0.103600,0.003100,0.018848,0.003104,,0.010240,0.001120,1,4,48,0,1
3486,0.171800,0.185100,0.008600,0.030600,0.027900,0.100800,0.003900,0.019840,0.002976,,0.013920,0.001152,1,4,48,0,1
3487,0.149100,0.190100,0.008200,0.029800,0.027100,0.080300,0.003600,0.019456,0.003136,,0.010336,0.001088,1,4,48,0,1
3488,0.136200,0.163200,0.008100,0.025000,0.025400,0.072600,0.005100,0.019232,0.003040,,0.013152,0.001184,1,4,48,0,1
3489,0.164500,0.150700,0.008500,0.031000,0.029700,0.092000,0.003300,0.020704,0.003008,,0.012032,0.001184,1,4,48,0,1
3490,0.141300,0.179000,0.008400,0.028900,0.024000,0.077600,0.002100,0.019584,0.002976,,0.010400,0.001184,1,4,48,0,1
3491,0.145600,0.155200,0.008400,0.024900,0.023000,0.086500,0.002800,0.019296,0.003168,,0.010368,0.001120,1,4,48,0,1
3492,0.175800,0.159300,0.007800,0.024900,0.022800,0.114700,0.005400,0.020800,0.003040,,0.011360,0.001152,1,4,48,0,1
3493,0.166400,0.194200,0.011000,0.038000,0.032300,0.081300,0.003600,0.019072,0.003040,,0.010464,0.001184,1,4,48,0,1
3494,0.157100,0.181500,0.008200,0.026100,0.028200,0.091500,0.003100,0.019104,0.003136,,0.010432,0.001152,1,4,48,0,1
3495,0.155900,0.172000,0.008500,0.030900,0.028600,0.083300,0.004500,0.021312,0.003008,,0.011616,0.001152,1,4,48,0,1
3496,0.150400,0.170200,0.008000,0.025600,0.025900,0.085900,0.004900,0.019744,0.002976,,0.013856,0.001088,1,4,48,0,1
3497,0.137500,0.164500,0.008100,0.025200,0.026100,0.076000,0.002000,0.019104,0.003104,,0.010432,0.001152,1,4,48,0,1
3498,0.134100,0.151400,0.007700,0.025000,0.025400,0.073500,0.002400,0.019488,0.002912,,0.010240,0.001152,1,4,48,0,1
3499,0.168800,0.151000,0.007600,0.024500,0.024500,0.109200,0.002800,0.019040,0.003040,,0.010432,0.001184,1,4,48,0,1
3500,0.194500,0.183000,0.008400,0.030200,0.027800,0.125100,0.002800,0.019552,0.002976,,0.010240,0.001184,1,4,48,0,1
3501,0.153800,0.208900,0.008800,0.031600,0.028000,0.080100,0.005000,0.019072,0.003104,,0.010432,0.001088,1,4,48,0,1
3502,0.137900,0.167600,0.007700,0.025000,0.025600,0.074500,0.005000,0.019296,0.003008,,0.013024,0.001152,1,4,48,0,1
3503,0.133500,0.151500,0.007600,0.024600,0.024700,0.074000,0.002500,0.018464,0.002976,,0.010560,0.001184,1,4,48,0,1
3504,0.164400,0.147300,0.007700,0.025000,0.025300,0.101400,0.005000,0.019680,0.003232,,0.010240,0.001152,1,4,48,0,1
3505,0.152700,0.178900,0.008600,0.030600,0.028000,0.081300,0.003800,0.018912,0.002976,,0.013024,0.001088,1,4,48,0,1
3506,0.149400,0.166800,0.008600,0.030500,0.027300,0.077800,0.005100,0.019616,0.003232,,0.010272,0.001152,1,4,48,0,1
3507,0.155500,0.163700,0.008600,0.029900,0.027400,0.086400,0.003000,0.019168,0.003168,,0.010400,0.001184,1,4,48,0,1
3508,0.161000,0.169600,0.008200,0.028800,0.027400,0.093200,0.003300,0.019776,0.002880,,0.012416,0.001184,1,4,48,0,1
3509,0.154500,0.175600,0.008700,0.030500,0.028000,0.084000,0.003200,0.019872,0.003008,,0.013920,0.001152,1,4,48,0,1
3510,0.157200,0.168600,0.007900,0.025300,0.025400,0.096500,0.002000,0.019776,0.003168,,0.010464,0.001152,1,4,48,0,1
3511,0.149700,0.171100,0.007900,0.025100,0.025600,0.087900,0.003200,0.021824,0.003168,,0.011360,0.001152,1,4,48,0,1
3512,0.162100,0.164700,0.008800,0.031000,0.028700,0.089900,0.003400,0.019104,0.002944,,0.010272,0.001152,1,4,48,0,1
3513,0.143500,0.176500,0.008600,0.029500,0.027700,0.074500,0.003100,0.018880,0.003040,,0.010336,0.001120,1,4,48,0,1
3514,0.165800,0.158000,0.008600,0.030300,0.028000,0.097000,0.001900,0.019776,0.002944,,0.013920,0.001152,1,4,48,0,1
3515,0.159400,0.180000,0.007900,0.025200,0.025600,0.097300,0.003200,0.019360,0.003008,,0.010400,0.001120,1,4,48,0,1
3516,0.157600,0.173700,0.008500,0.030400,0.027800,0.089000,0.001900,0.019168,0.003264,,0.010400,0.001120,1,4,48,0,1
3517,0.159600,0.171600,0.008000,0.025100,0.025700,0.097500,0.003100,0.019424,0.003168,,0.010368,0.001184,1,4,48,0,1
3518,0.171400,0.175100,0.008700,0.031200,0.028100,0.099200,0.004100,0.019072,0.003008,,0.013024,0.001088,1,4,48,0,1
3519,0.151100,0.185500,0.007900,0.025900,0.026000,0.087400,0.003800,0.021600,0.002976,,0.012544,0.001152,1,4,48,0,1
3520,0.133000,0.164900,0.007900,0.024700,0.025000,0.073300,0.001800,0.019008,0.003232,,0.010464,0.001088,1,4,48,0,1
3521,0.149800,0.146600,0.007700,0.024800,0.024600,0.088000,0.004500,0.018784,0.002976,,0.010336,0.001120,1,4,48,0,1
3522,0.133200,0.163600,0.007800,0.024700,0.025100,0.073700,0.001900,0.019584,0.002848,,0.012352,0.001184,1,4,48,0,1
3523,0.147800,0.146700,0.007700,0.023700,0.024600,0.086600,0.005200,0.020032,0.003168,,0.013856,0.001152,1,4,48,0,1
3524,0.149600,0.162100,0.008400,0.030000,0.027600,0.078700,0.004600,0.019584,0.002944,,0.010368,0.001184,1,4,48,0,1
3525,0.167700,0.163500,0.007800,0.024800,0.024900,0.104700,0.005200,0.019424,0.002912,,0.010016,0.001152,1,4,48,0,1
3526,0.163500,0.182300,0.008800,0.030700,0.026100,0.092600,0.005100,0.019264,0.003296,,0.010560,0.001088,1,4,48,0,1
3527,0.199500,0.182300,0.010900,0.038100,0.030400,0.108000,0.012000,0.020832,0.003104,,0.013056,0.001184,1,4,48,0,1
3528,0.158400,0.214500,0.008600,0.030600,0.028400,0.083900,0.006600,0.021024,0.003040,,0.011712,0.001184,1,4,48,0,1
3529,0.160800,0.173000,0.008900,0.033900,0.028100,0.086500,0.003400,0.019744,0.003072,,0.010496,0.001184,1,4,48,0,1
3530,0.154800,0.175600,0.008800,0.030900,0.028600,0.081300,0.005200,0.019456,0.002976,,0.010368,0.001152,1,4,48,0,1
3531,0.171200,0.170200,0.008300,0.030800,0.028100,0.100100,0.003800,0.021568,0.003040,,0.011040,0.001184,1,4,48,0,1
3532,0.143500,0.186200,0.007800,0.025200,0.025900,0.080000,0.004500,0.019552,0.003072,,0.010304,0.001120,1,4,48,0,1
3533,0.166000,0.157600,0.007700,0.024500,0.024900,0.105600,0.003200,0.018880,0.003008,,0.010368,0.001152,1,4,48,0,1
3534,0.134000,0.179700,0.008000,0.024500,0.024900,0.074600,0.001800,0.018752,0.003200,,0.010208,0.001120,1,4,48,0,1
3535,0.135300,0.147500,0.007600,0.024600,0.024900,0.074500,0.003600,0.019648,0.003072,,0.010336,0.001120,1,4,48,0,1
3536,0.162000,0.149900,0.008900,0.030400,0.028100,0.090000,0.004500,0.019552,0.002976,,0.010240,0.001152,1,4,48,0,1
3537,0.160800,0.177800,0.008100,0.028900,0.027600,0.094100,0.001900,0.019584,0.003264,,0.010368,0.001120,1,4,48,0,1
3538,0.144700,0.174600,0.007800,0.025100,0.025100,0.083000,0.003400,0.019712,0.003296,,0.010272,0.001120,1,4,48,0,1
3539,0.148300,0.159400,0.008700,0.030700,0.028300,0.078300,0.002300,0.019424,0.003008,,0.010464,0.001152,1,4,48,0,1
3540,0.165400,0.162400,0.008700,0.028400,0.026600,0.098300,0.003300,0.019520,0.003008,,0.010432,0.001120,1,4,48,0,1
3541,0.157300,0.179800,0.008400,0.029200,0.029600,0.085200,0.004600,0.019104,0.002976,,0.013024,0.001152,1,4,48,0,1
3542,0.166500,0.171400,0.008900,0.032000,0.029200,0.091000,0.005100,0.019552,0.003008,,0.010464,0.001152,1,4,48,0,1
3543,0.135100,0.180800,0.008700,0.030200,0.027600,0.065000,0.003500,0.019488,0.002976,,0.010272,0.001152,1,4,48,0,1
3544,0.120400,0.148600,0.008200,0.023800,0.024400,0.060600,0.003400,0.019104,0.003136,,0.010496,0.001184,1,4,48,0,1
3545,0.133000,0.133600,0.008000,0.023200,0.023600,0.075200,0.002800,0.019520,0.003072,,0.010400,0.001152,1,4,48,0,1
3546,0.139600,0.147100,0.008500,0.031800,0.029600,0.066200,0.003300,0.019584,0.003072,,0.010272,0.001184,1,4,48,0,1
3547,0.124500,0.153500,0.007800,0.023900,0.024000,0.063000,0.005300,0.018560,0.003040,,0.010816,0.001152,1,4,48,0,1
3548,0.122100,0.137800,0.007200,0.022900,0.023400,0.059300,0.009300,0.018784,0.003200,,0.010208,0.001152,1,4,48,0,1
3549,0.124600,0.135300,0.007500,0.023100,0.023100,0.059400,0.011400,0.022176,0.003296,,0.011392,0.001056,1,4,48,0,1
3550,0.115700,0.137800,0.007300,0.022700,0.023600,0.058700,0.003200,0.018944,0.002944,,0.010432,0.001184,1,4,48,0,1
3551,0.120400,0.128800,0.007400,0.022700,0.023400,0.058600,0.008200,0.019008,0.003072,,0.010400,0.001152,1,4,48,0,1
3552,0.120600,0.133700,0.007300,0.022800,0.023400,0.064200,0.002700,0.021664,0.003040,,0.012448,0.001152,1,4,48,0,1
3553,0.120800,0.133700,0.007400,0.022600,0.023400,0.058500,0.008600,0.019072,0.003104,,0.010432,0.001152,1,4,48,0,1
3554,0.119700,0.133800,0.007300,0.022600,0.023200,0.058500,0.008100,0.021600,0.003072,,0.011040,0.001120,1,4,48,0,1
3555,0.122300,0.132700,0.007300,0.022600,0.023400,0.058900,0.009900,0.021632,0.003040,,0.011104,0.001152,1,4,48,0,1
3556,0.120000,0.135500,0.007200,0.022500,0.023000,0.058000,0.009200,0.019072,0.003328,,0.010368,0.001120,1,4,48,0,1
3557,0.120000,0.133000,0.007300,0.022500,0.023600,0.062700,0.003700,0.018656,0.003136,,0.010240,0.001120,1,4,48,0,1
3558,0.130100,0.133300,0.007500,0.022900,0.023400,0.073700,0.002500,0.021696,0.003104,,0.012384,0.001120,1,4,48,0,1
3559,0.115700,0.143400,0.007400,0.023200,0.023400,0.058300,0.003200,0.019488,0.002976,,0.011744,0.001152,1,4,48,0,1
3560,0.123700,0.128800,0.007300,0.022500,0.023300,0.057800,0.012500,0.019040,0.003040,,0.010496,0.001120,1,4,48,0,1
3561,0.114400,0.137100,0.007100,0.022600,0.023300,0.058000,0.003200,0.019104,0.003040,,0.013056,0.001120,1,4,48,0,1
3562,0.113600,0.127400,0.007200,0.022700,0.023000,0.057600,0.003000,0.021664,0.003072,,0.012416,0.001152,1,4,48,0,1
3563,0.146200,0.126700,0.007300,0.022400,0.022700,0.088700,0.004900,0.018336,0.003008,,0.010592,0.001152,1,4,48,0,1
3564,0.136500,0.161000,0.008900,0.030800,0.028200,0.064900,0.003600,0.019552,0.003360,,0.010304,0.001184,1,4,48,0,1
3565,0.127200,0.150400,0.007800,0.023900,0.024900,0.064500,0.006100,0.018656,0.003072,,0.010912,0.001184,1,4,48,0,1
3566,0.111700,0.140700,0.007500,0.023200,0.021700,0.057500,0.001800,0.021792,0.003104,,0.011584,0.001152,1,4,48,0,1
3567,0.158600,0.124900,0.007300,0.022400,0.024400,0.058100,0.046000,0.021056,0.003040,,0.011968,0.001120,1,4,48,0,1
3568,0.123000,0.172400,0.007800,0.024800,0.023600,0.063300,0.003500,0.020032,0.003104,,0.013920,0.001152,1,4,48,0,1
3569,0.122300,0.136500,0.007500,0.023300,0.026400,0.063100,0.001800,0.018560,0.003168,,0.010816,0.001120,1,4,48,0,1
3570,0.123900,0.135600,0.007600,0.022900,0.023700,0.060400,0.009200,0.019072,0.003296,,0.010336,0.001088,1,4,48,0,1
3571,0.125700,0.137200,0.007200,0.022700,0.023700,0.060500,0.011500,0.021536,0.002944,,0.011264,0.001152,1,4,48,0,1
3572,0.122700,0.138700,0.007400,0.023000,0.024000,0.058900,0.009400,0.021472,0.002944,,0.011040,0.001184,1,4,48,0,1
3573,0.159000,0.136000,0.007300,0.022600,0.024200,0.100900,0.003900,0.019008,0.002976,,0.010464,0.001184,1,4,48,0,1
3574,0.124100,0.172700,0.008300,0.024700,0.025400,0.063700,0.001700,0.018752,0.003168,,0.010144,0.001184,1,4,48,0,1
3575,0.124400,0.137400,0.007400,0.022700,0.023900,0.058300,0.011900,0.019008,0.003008,,0.010432,0.001152,1,4,48,0,1
3576,0.116700,0.137500,0.007500,0.022800,0.024200,0.058800,0.003300,0.019744,0.002944,,0.013888,0.001184,1,4,48,0,1
3577,0.114900,0.129900,0.007800,0.022600,0.023900,0.058700,0.001900,0.019136,0.002944,,0.013056,0.001184,1,4,48,0,1
3578,0.113700,0.128100,0.007300,0.022900,0.023700,0.057200,0.002500,0.019680,0.002912,,0.013984,0.001152,1,4,48,0,1
3579,0.113000,0.126800,0.007600,0.022700,0.023500,0.057000,0.002100,0.019584,0.002976,,0.012608,0.001152,1,4,48,0,1
3580,0.114200,0.126100,0.007400,0.022700,0.023500,0.057100,0.003400,0.019040,0.002976,,0.013024,0.001152,1,4,48,0,1
3581,0.121800,0.127400,0.007300,0.022900,0.023200,0.057600,0.010700,0.018432,0.002976,,0.010816,0.001184,1,4,48,0,1
3582,0.113800,0.134800,0.007300,0.022900,0.023700,0.057300,0.002400,0.018976,0.002944,,0.013088,0.001120,1,4,48,0,1
3583,0.118700,0.126800,0.007300,0.026300,0.023700,0.057800,0.003500,0.019424,0.003296,,0.013056,0.001184,1,4,48,0,1
3584,0.123400,0.132200,0.007600,0.022800,0.023700,0.059100,0.009900,0.018752,0.003360,,0.010688,0.001120,1,4,48,0,1
3585,0.113600,0.136600,0.007200,0.022500,0.023800,0.057500,0.002300,0.019648,0.003072,,0.010208,0.001152,1,4,48,0,1
3586,0.114000,0.126700,0.007300,0.022400,0.023700,0.058300,0.002300,0.018688,0.003040,,0.010272,0.001120,1,4,48,0,1
3587,0.127800,0.127100,0.007300,0.029000,0.030200,0.057900,0.003300,0.018880,0.003104,,0.010336,0.001184,1,4,48,0,1
3588,0.112600,0.141700,0.007600,0.022400,0.022900,0.057200,0.002300,0.019392,0.003136,,0.010464,0.001088,1,4,48,0,1
3589,0.112700,0.125700,0.007400,0.022500,0.023300,0.057300,0.002000,0.018848,0.002976,,0.010336,0.001152,1,4,48,0,1
3590,0.116400,0.125700,0.007400,0.022600,0.023500,0.060800,0.002000,0.019776,0.002976,,0.013824,0.001184,1,4,48,0,1
3591,0.113900,0.129600,0.007300,0.022500,0.023400,0.057300,0.003200,0.019072,0.003040,,0.010464,0.001152,1,4,48,0,1
3592,0.115000,0.127100,0.007300,0.022600,0.024200,0.057500,0.003100,0.019040,0.003008,,0.013056,0.001120,1,4,48,0,1
3593,0.114800,0.128200,0.007400,0.022800,0.023500,0.057700,0.003200,0.020000,0.003328,,0.013888,0.001152,1,4,48,0,1
3594,0.182700,0.127900,0.007600,0.022800,0.023500,0.119400,0.009100,0.019680,0.003296,,0.010208,0.001152,1,4,48,0,1
3595,0.172700,0.201800,0.011200,0.035600,0.036900,0.086100,0.002700,0.019040,0.002976,,0.013088,0.001152,1,4,48,0,1
3596,0.165500,0.191700,0.010600,0.034400,0.031200,0.084000,0.005200,0.019040,0.003104,,0.010368,0.001184,1,4,48,0,1
3597,0.152500,0.182600,0.008800,0.028400,0.029000,0.071800,0.014400,0.021536,0.003008,,0.011072,0.001152,1,4,48,0,1
3598,0.177400,0.169700,0.008700,0.028400,0.057300,0.080700,0.002100,0.018976,0.003008,,0.010496,0.001120,1,4,48,0,1
3599,0.129700,0.192800,0.008100,0.026000,0.026600,0.064700,0.004100,0.021440,0.003008,,0.011040,0.001184,1,4,48,0,1
3600,0.147400,0.147600,0.009200,0.026500,0.027700,0.079200,0.004700,0.019200,0.003264,,0.010432,0.001120,1,4,48,0,1
3601,0.138700,0.161200,0.007800,0.025400,0.025500,0.066400,0.013400,0.019168,0.003104,,0.010560,0.001088,1,4,48,0,1
3602,0.139700,0.152900,0.007800,0.026400,0.026200,0.068900,0.010100,0.019008,0.003136,,0.010400,0.001120,1,4,48,0,1
3603,0.143000,0.154600,0.007600,0.029600,0.026000,0.066300,0.013300,0.019136,0.003328,,0.010336,0.001152,1,4,48,0,1
3604,0.149000,0.157700,0.007600,0.027000,0.025900,0.085200,0.003300,0.019200,0.003040,,0.013088,0.001152,1,4,48,0,1
3605,0.144400,0.164500,0.008500,0.032600,0.031100,0.068700,0.003500,0.021536,0.003040,,0.012608,0.001152,1,4,48,0,1
3606,0.121300,0.158800,0.008200,0.024500,0.024100,0.061100,0.003300,0.020800,0.003328,,0.011424,0.001120,1,4,48,0,1
3607,0.118000,0.135000,0.008100,0.023800,0.024200,0.059500,0.002300,0.018880,0.002912,,0.010528,0.001120,1,4,48,0,1
3608,0.116600,0.131300,0.007800,0.022900,0.020900,0.062800,0.001900,0.021120,0.003136,,0.012992,0.001152,1,4,48,0,1
3609,0.144500,0.130000,0.007400,0.023200,0.021100,0.088000,0.004600,0.019232,0.003040,,0.013024,0.001184,1,4,48,0,1
3610,0.133600,0.160600,0.007800,0.024400,0.030000,0.062000,0.009200,0.020672,0.002976,,0.012928,0.001152,1,4,48,0,1
3611,0.121400,0.147000,0.007400,0.022800,0.023500,0.059200,0.008300,0.019008,0.003072,,0.010496,0.001120,1,4,48,0,1
3612,0.119500,0.134500,0.007600,0.022300,0.023300,0.062500,0.003700,0.018752,0.003136,,0.010368,0.001152,1,4,48,0,1
3613,0.123900,0.132700,0.007300,0.022700,0.023500,0.059100,0.011200,0.019136,0.003104,,0.012992,0.001120,1,4,48,0,1
3614,0.114900,0.137200,0.007600,0.022600,0.023000,0.058600,0.003100,0.021568,0.003040,,0.011168,0.001184,1,4,48,0,1
3615,0.120200,0.128100,0.007200,0.022700,0.023000,0.058800,0.008200,0.019296,0.003136,,0.013152,0.001184,1,4,48,0,1
3616,0.119500,0.133300,0.007900,0.022700,0.023000,0.062200,0.003600,0.018624,0.003072,,0.010432,0.001152,1,4,48,0,1
3617,0.122500,0.132700,0.007700,0.022400,0.023300,0.058200,0.010800,0.021600,0.003040,,0.010976,0.001184,1,4,48,0,1
3618,0.120500,0.135700,0.007400,0.022600,0.024000,0.058600,0.007800,0.019296,0.003328,,0.010464,0.001120,1,4,48,0,1
3619,0.117600,0.133900,0.007300,0.022700,0.023600,0.062100,0.001600,0.018464,0.003008,,0.010880,0.001120,1,4,48,0,1
3620,0.113900,0.130600,0.007400,0.022500,0.023100,0.057800,0.003100,0.019040,0.003168,,0.010304,0.001184,1,4,48,0,1
3621,0.148700,0.127000,0.007300,0.049400,0.024300,0.064800,0.002900,0.019168,0.003072,,0.010528,0.001184,1,4,48,0,1
3622,0.127100,0.162200,0.007300,0.022900,0.023200,0.070100,0.003600,0.021184,0.002944,,0.012064,0.001184,1,4,48,0,1
3623,0.121300,0.140400,0.007600,0.023300,0.023200,0.059100,0.008100,0.021536,0.002880,,0.012448,0.001184,1,4,48,0,1
3624,0.123800,0.134400,0.007300,0.022600,0.023300,0.066800,0.003500,0.018944,0.003104,,0.010336,0.001120,1,4,48,0,1
3625,0.113900,0.136900,0.007200,0.022200,0.023300,0.057900,0.003000,0.021536,0.003040,,0.011008,0.001152,1,4,48,0,1
3626,0.122800,0.127000,0.007200,0.022700,0.022800,0.058100,0.011800,0.018944,0.003040,,0.010336,0.001184,1,4,48,0,1
3627,0.113500,0.135800,0.007100,0.022600,0.023300,0.057400,0.003100,0.021312,0.003008,,0.011008,0.001152,1,4,48,0,1
3628,0.121900,0.126400,0.007200,0.023000,0.023400,0.058000,0.010300,0.018944,0.003104,,0.010272,0.001120,1,4,48,0,1
3629,0.114200,0.134800,0.007000,0.022500,0.023500,0.058000,0.003100,0.020800,0.003168,,0.011424,0.001152,1,4,48,0,1
3630,0.121100,0.127300,0.007400,0.022600,0.022700,0.058100,0.010200,0.019040,0.002976,,0.013056,0.001152,1,4,48,0,1
3631,0.114600,0.134100,0.007200,0.022500,0.023200,0.058400,0.003200,0.021472,0.003040,,0.011072,0.001120,1,4,48,0,1
3632,0.124200,0.127600,0.007100,0.022800,0.023300,0.058800,0.012100,0.019104,0.003040,,0.010496,0.001152,1,4,48,0,1
3633,0.119600,0.137200,0.007500,0.022400,0.023000,0.063600,0.002900,0.018560,0.003008,,0.010944,0.001184,1,4,48,0,1
3634,0.123000,0.132500,0.007200,0.022700,0.023100,0.057800,0.011800,0.018880,0.003136,,0.010272,0.001152,1,4,48,0,1
3635,0.114000,0.136000,0.007200,0.022200,0.023200,0.058100,0.003100,0.021760,0.003104,,0.012416,0.001152,1,4,48,0,1
3636,0.122000,0.127100,0.007500,0.022500,0.023300,0.058200,0.010400,0.019008,0.003040,,0.010400,0.001152,1,4,48,0,1
3637,0.123400,0.135000,0.007500,0.022400,0.023200,0.066600,0.003700,0.018752,0.003072,,0.010176,0.001152,1,4,48,0,1
3638,0.122900,0.136500,0.007500,0.023100,0.023900,0.066700,0.001700,0.018464,0.003008,,0.010656,0.001152,1,4,48,0,1
3639,0.114400,0.136100,0.007300,0.022500,0.023300,0.057700,0.003300,0.021536,0.003040,,0.012416,0.001152,1,4,48,0,1
3640,0.121600,0.127300,0.007200,0.022800,0.023200,0.058200,0.010100,0.019040,0.003072,,0.010400,0.001152,1,4,48,0,1
3641,0.114000,0.134500,0.007200,0.022400,0.023100,0.058000,0.003200,0.021600,0.002976,,0.012416,0.001120,1,4,48,0,1
3642,0.123700,0.126900,0.007300,0.022600,0.023300,0.058000,0.012400,0.019680,0.003136,,0.012064,0.001120,1,4,48,0,1
3643,0.121300,0.136600,0.007000,0.022500,0.023200,0.058700,0.009900,0.019552,0.003264,,0.012928,0.001120,1,4,48,0,1
3644,0.122800,0.134300,0.007100,0.022400,0.023000,0.057800,0.012300,0.018976,0.003072,,0.010336,0.001184,1,4,48,0,1
3645,0.122400,0.135700,0.007200,0.022900,0.023500,0.058300,0.010400,0.019360,0.003200,,0.013088,0.001152,1,4,48,0,1
3646,0.121500,0.135600,0.007300,0.022600,0.022900,0.058500,0.010100,0.019168,0.003264,,0.010432,0.001120,1,4,48,0,1
3647,0.114400,0.134500,0.007200,0.022600,0.023300,0.058000,0.003200,0.019872,0.003104,,0.013888,0.001120,1,4,48,0,1
3648,0.114500,0.127400,0.007300,0.022600,0.023700,0.057700,0.003200,0.021696,0.003104,,0.012320,0.001152,1,4,48,0,1
3649,0.113300,0.127400,0.007300,0.022500,0.023100,0.057200,0.003200,0.019328,0.003296,,0.010464,0.001184,1,4,48,0,1
3650,0.113800,0.126300,0.007300,0.022800,0.022800,0.057700,0.003200,0.019136,0.003040,,0.013088,0.001152,1,4,48,0,1
3651,0.113700,0.126700,0.007500,0.022800,0.022800,0.057300,0.003200,0.019872,0.003040,,0.013888,0.001152,1,4,48,0,1
3652,0.126100,0.126600,0.007200,0.022500,0.029500,0.063400,0.003400,0.019104,0.003040,,0.010432,0.001184,1,4,48,0,1
3653,0.185100,0.139200,0.007500,0.023400,0.020800,0.055200,0.077900,0.018912,0.003008,,0.010400,0.001120,1,4,48,0,1
3654,0.564100,0.198600,0.007800,0.024200,0.026500,0.057900,0.447600,0.019808,0.003168,,0.010432,0.001184,1,4,48,0,1
3655,0.136400,0.577800,0.007900,0.027700,0.025800,0.072200,0.002600,0.020608,0.003008,,0.011648,0.001152,1,4,48,0,1
3656,0.137500,0.149800,0.007600,0.023000,0.033900,0.068800,0.004200,0.019552,0.003200,,0.010400,0.001152,1,4,48,0,1
3657,0.113600,0.151100,0.007400,0.022700,0.023100,0.057700,0.002400,0.021024,0.003008,,0.012064,0.001152,1,4,48,0,1
3658,0.112500,0.126600,0.007400,0.022500,0.023100,0.056900,0.002400,0.018784,0.002944,,0.010272,0.001184,1,4,48,0,1
3659,0.113300,0.125400,0.007500,0.022500,0.023300,0.057300,0.002500,0.019424,0.003456,,0.010368,0.001152,1,4,48,0,1
3660,0.112700,0.126500,0.007300,0.022600,0.023300,0.057100,0.002400,0.020032,0.003104,,0.013888,0.001120,1,4,48,0,1
3661,0.112000,0.125800,0.007200,0.022600,0.022700,0.056900,0.002500,0.018848,0.003072,,0.010400,0.001152,1,4,48,0,1
3662,0.122200,0.124900,0.007400,0.022600,0.022900,0.057300,0.011900,0.018976,0.003168,,0.010400,0.001120,1,4,48,0,1
3663,0.112900,0.135200,0.007400,0.022600,0.023100,0.057500,0.002100,0.019744,0.003168,,0.010528,0.001120,1,4,48,0,1
3664,0.112300,0.125900,0.007300,0.022800,0.023200,0.056400,0.002500,0.019776,0.002944,,0.012320,0.001184,1,4,48,0,1
3665,0.136300,0.125300,0.007100,0.022700,0.023300,0.080400,0.002700,0.019680,0.003136,,0.010304,0.001120,1,4,48,0,1
3666,0.113100,0.149100,0.007400,0.022800,0.023000,0.057400,0.002400,0.019552,0.003008,,0.010336,0.001120,1,4,48,0,1
3667,0.113200,0.126100,0.007000,0.022600,0.023100,0.057600,0.002600,0.018976,0.003136,,0.010304,0.001152,1,4,48,0,1
3668,0.117400,0.126100,0.010900,0.023200,0.023700,0.057200,0.002300,0.018976,0.003136,,0.010304,0.001120,1,4,48,0,1
3669,0.122600,0.130500,0.007400,0.022600,0.023300,0.057200,0.012000,0.018720,0.003200,,0.010880,0.001152,1,4,48,0,1
3670,0.129300,0.135900,0.007300,0.022500,0.023100,0.064300,0.011900,0.019776,0.002944,,0.013920,0.001152,1,4,48,0,1
3671,0.122900,0.142400,0.007600,0.022600,0.023500,0.057500,0.011700,0.019104,0.003232,,0.010368,0.001088,1,4,48,0,1
3672,0.113100,0.136000,0.007300,0.022500,0.023500,0.057300,0.002400,0.020032,0.003072,,0.013920,0.001152,1,4,48,0,1
3673,0.112700,0.126300,0.007200,0.022500,0.023100,0.057200,0.002400,0.020320,0.003456,,0.013888,0.001120,1,4,48,0,1
3674,0.113400,0.125700,0.007300,0.022900,0.022800,0.057900,0.002400,0.019232,0.002816,,0.010432,0.001152,1,4,48,0,1
3675,0.123900,0.126600,0.007300,0.022700,0.023200,0.057400,0.013100,0.019104,0.003232,,0.010336,0.001152,1,4,48,0,1
3676,0.122000,0.136800,0.007200,0.022600,0.022800,0.057200,0.012100,0.018912,0.003072,,0.010304,0.001152,1,4,48,0,1
3677,0.113300,0.134900,0.007300,0.022700,0.023300,0.057300,0.002600,0.019904,0.003104,,0.013920,0.001088,1,4,48,0,1
3678,0.112300,0.126300,0.007200,0.022800,0.022800,0.056800,0.002700,0.019872,0.003008,,0.013920,0.001184,1,4,48,0,1
3679,0.113100,0.125400,0.007400,0.022700,0.023000,0.057600,0.002300,0.019040,0.003072,,0.010432,0.001152,1,4,48,0,1
3680,0.112400,0.125900,0.007200,0.022500,0.023100,0.057100,0.002300,0.018496,0.002976,,0.012544,0.001184,1,4,48,0,1
3681,0.119800,0.125500,0.007300,0.022600,0.028900,0.058200,0.002700,0.021344,0.003008,,0.011040,0.001152,1,4,48,0,1
3682,0.113200,0.132900,0.007300,0.022600,0.023400,0.057300,0.002600,0.019616,0.002848,,0.012416,0.001184,1,4,48,0,1
3683,0.129900,0.126100,0.007600,0.022900,0.023100,0.072000,0.004100,0.019072,0.003040,,0.013088,0.001184,1,4,48,0,1
3684,0.113300,0.143000,0.007300,0.022700,0.023200,0.057500,0.002500,0.019008,0.003136,,0.010432,0.001152,1,4,48,0,1
3685,0.112900,0.126200,0.007500,0.022500,0.023000,0.057300,0.002500,0.019872,0.003072,,0.013888,0.001120,1,4,48,0,1
3686,0.134500,0.125900,0.007600,0.022800,0.023100,0.078900,0.001900,0.019040,0.003104,,0.010400,0.001152,1,4,48,0,1
3687,0.137000,0.148100,0.007800,0.024500,0.024400,0.078200,0.001800,0.018592,0.003072,,0.012576,0.001184,1,4,48,0,1
3688,0.128500,0.150400,0.007700,0.024500,0.029800,0.064000,0.002500,0.019328,0.002976,,0.010496,0.001152,1,4,48,0,1
3689,0.140000,0.141800,0.007600,0.023100,0.024100,0.081300,0.003900,0.019776,0.002944,,0.010368,0.001152,1,4,48,0,1
3690,0.134400,0.153700,0.008000,0.024800,0.025000,0.074700,0.001900,0.019808,0.003264,,0.010272,0.001120,1,4,48,0,1
3691,0.117600,0.148000,0.007500,0.024400,0.024400,0.058500,0.002600,0.019136,0.003072,,0.013056,0.001184,1,4,48,0,1
3692,0.123000,0.130600,0.007400,0.022600,0.023500,0.056900,0.012500,0.019200,0.003104,,0.013056,0.001120,1,4,48,0,1
3693,0.120400,0.136100,0.007300,0.022600,0.022700,0.065000,0.002500,0.020672,0.003136,,0.011680,0.001152,1,4,48,0,1
3694,0.108200,0.133400,0.007300,0.022300,0.021700,0.055000,0.001700,0.019328,0.003360,,0.010496,0.001152,1,4,48,0,1
3695,0.432100,0.121100,0.007200,0.022000,0.022700,0.054100,0.326100,0.020416,0.002976,,0.013056,0.001152,1,4,48,0,1
3696,0.137700,0.448800,0.008600,0.030300,0.026300,0.068800,0.003500,0.020672,0.003008,,0.011776,0.001152,1,4,48,0,1
3697,0.132500,0.151800,0.007400,0.022900,0.028900,0.066400,0.006700,0.019648,0.003136,,0.010272,0.001120,1,4,48,0,1
3698,0.114700,0.145600,0.007400,0.022700,0.023800,0.058200,0.002600,0.019072,0.003104,,0.010528,0.001152,1,4,48,0,1
3699,0.113600,0.127800,0.007200,0.022500,0.023600,0.057800,0.002300,0.021408,0.003104,,0.012384,0.001152,1,4,48,0,1
3700,0.124000,0.126700,0.007100,0.022800,0.023200,0.066500,0.004200,0.019232,0.003232,,0.010432,0.001184,1,4,48,0,1
3701,0.116300,0.137100,0.007500,0.023000,0.023400,0.058900,0.003200,0.021632,0.003264,,0.011392,0.001120,1,4,48,0,1
3702,0.125100,0.129300,0.007300,0.022700,0.023200,0.059000,0.012800,0.019232,0.003008,,0.013056,0.001152,1,4,48,0,1
3703,0.125100,0.138200,0.007300,0.022700,0.023300,0.059000,0.012700,0.019232,0.003136,,0.012960,0.001120,1,4,48,0,1
3704,0.115800,0.138200,0.007300,0.022700,0.023700,0.058900,0.003100,0.021376,0.003040,,0.011072,0.001152,1,4,48,0,1
3705,0.116300,0.128800,0.007200,0.022400,0.023200,0.060300,0.003100,0.019008,0.003168,,0.010304,0.001152,1,4,48,0,1
3706,0.152300,0.130200,0.007500,0.030000,0.046000,0.066300,0.002500,0.020864,0.003040,,0.012672,0.001184,1,4,48,0,1
3707,0.115700,0.176600,0.007900,0.023900,0.023400,0.057600,0.002700,0.019360,0.003392,,0.010432,0.001120,1,4,48,0,1
3708,0.121900,0.128800,0.007500,0.023000,0.023600,0.065500,0.002300,0.019424,0.002944,,0.010432,0.001184,1,4,48,0,1
3709,0.115000,0.135000,0.007500,0.023000,0.023600,0.057500,0.003200,0.019200,0.003104,,0.010592,0.001152,1,4,48,0,1
3710,0.118200,0.128000,0.007400,0.022800,0.022800,0.061900,0.003100,0.021568,0.003072,,0.011136,0.001184,1,4,48,0,1
3711,0.113600,0.131300,0.007300,0.022600,0.023200,0.057200,0.003100,0.018944,0.003072,,0.010336,0.001152,1,4,48,0,1
3712,0.114400,0.126800,0.007400,0.022500,0.023100,0.058000,0.003300,0.021440,0.002848,,0.012384,0.001152,1,4,48,0,1
3713,0.118900,0.127800,0.007400,0.022500,0.023800,0.058200,0.006900,0.019136,0.003072,,0.010528,0.001120,1,4,48,0,1
3714,0.115400,0.132000,0.007400,0.022700,0.023200,0.058700,0.003100,0.019072,0.003200,,0.010368,0.001088,1,4,48,0,1
3715,0.115800,0.128600,0.007300,0.022900,0.023100,0.059100,0.003300,0.019040,0.003072,,0.010432,0.001184,1,4,48,0,1
3716,0.123600,0.128700,0.007300,0.022300,0.023200,0.057200,0.013400,0.019104,0.003136,,0.010432,0.001152,1,4,48,0,1
3717,0.114000,0.136600,0.007200,0.022500,0.023300,0.057600,0.003100,0.019168,0.003200,,0.010496,0.001088,1,4,48,0,1
3718,0.114000,0.127100,0.007100,0.022700,0.022900,0.058100,0.003200,0.021440,0.002976,,0.011008,0.001120,1,4,48,0,1
3719,0.113900,0.127100,0.007500,0.022700,0.022900,0.057500,0.003100,0.021344,0.003040,,0.011008,0.001152,1,4,48,0,1
3720,0.113100,0.127000,0.007200,0.022800,0.023000,0.057300,0.002500,0.019200,0.003232,,0.010400,0.001184,1,4,48,0,1
3721,0.114300,0.126100,0.007200,0.022500,0.023200,0.058000,0.003100,0.019296,0.003008,,0.012960,0.001152,1,4,48,0,1
3722,0.112500,0.127500,0.007300,0.022300,0.022500,0.057200,0.003100,0.021280,0.002976,,0.011072,0.001152,1,4,48,0,1
3723,0.117600,0.125600,0.007500,0.022500,0.022500,0.058800,0.006100,0.018592,0.003040,,0.010816,0.001152,1,4,48,0,1
3724,0.117100,0.135200,0.007500,0.023200,0.024000,0.059100,0.003100,0.021472,0.002976,,0.011072,0.001152,1,4,48,0,1
3725,0.124700,0.130500,0.007200,0.022700,0.023300,0.058300,0.013200,0.019136,0.002912,,0.012992,0.001152,1,4,48,0,1
3726,0.118900,0.137700,0.007300,0.022600,0.023600,0.058700,0.006600,0.018944,0.003008,,0.010496,0.001184,1,4,48,0,1
3727,0.123600,0.132000,0.007600,0.022400,0.023200,0.058200,0.012100,0.019040,0.003168,,0.010368,0.001152,1,4,48,0,1
3728,0.122500,0.136500,0.007100,0.022500,0.030400,0.059300,0.003100,0.020736,0.002912,,0.011936,0.001152,1,4,48,0,1
3729,0.123700,0.135500,0.007400,0.023100,0.023000,0.058100,0.012000,0.019008,0.003072,,0.010368,0.001184,1,4,48,0,1
3730,0.115500,0.136700,0.007300,0.022800,0.023300,0.058800,0.003100,0.019008,0.003072,,0.012992,0.001120,1,4,48,0,1
3731,0.113400,0.128600,0.007300,0.022600,0.023200,0.057000,0.003300,0.019168,0.003008,,0.013088,0.001152,1,4,48,0,1
3732,0.111900,0.126800,0.007200,0.022600,0.022900,0.057400,0.001800,0.019200,0.003168,,0.010464,0.001184,1,4,48,0,1
3733,0.117600,0.124900,0.007300,0.022800,0.027500,0.056700,0.003200,0.019136,0.003104,,0.010496,0.001152,1,4,48,0,1
3734,0.116200,0.130600,0.007300,0.022800,0.023500,0.059400,0.003200,0.021440,0.002976,,0.012384,0.001120,1,4,48,0,1
3735,0.124200,0.129200,0.007600,0.022800,0.022800,0.058600,0.012400,0.019072,0.003104,,0.010400,0.001184,1,4,48,0,1
3736,0.114400,0.137300,0.007400,0.022500,0.023300,0.058100,0.003100,0.021856,0.003104,,0.011328,0.001120,1,4,48,0,1
3737,0.123000,0.127600,0.007300,0.022600,0.026100,0.063700,0.003200,0.018848,0.003072,,0.010304,0.001152,1,4,48,0,1
3738,0.108300,0.136200,0.007400,0.022800,0.020800,0.055400,0.001800,0.019584,0.002976,,0.010272,0.001184,1,4,48,0,1
3739,0.122600,0.121300,0.007100,0.027700,0.021200,0.061600,0.004800,0.020512,0.002976,,0.011744,0.001152,1,4,48,0,1
3740,0.118800,0.135800,0.007400,0.023000,0.024800,0.060300,0.003100,0.020608,0.003168,,0.011584,0.001120,1,4,48,0,1
3741,0.114700,0.132000,0.007400,0.022700,0.023000,0.058400,0.003100,0.021536,0.003008,,0.011040,0.001184,1,4,48,0,1
3742,0.114100,0.127700,0.007300,0.022500,0.023200,0.057900,0.003000,0.018976,0.003040,,0.010400,0.001152,1,4,48,0,1
3743,0.114100,0.127000,0.007300,0.022200,0.022800,0.058600,0.003000,0.021600,0.003008,,0.011040,0.001088,1,4,48,0,1
3744,0.123400,0.127400,0.007200,0.022600,0.022900,0.058200,0.012400,0.019040,0.003168,,0.010336,0.001184,1,4,48,0,1
3745,0.121900,0.136600,0.007300,0.022500,0.023600,0.066100,0.002100,0.018880,0.003008,,0.010304,0.001152,1,4,48,0,1
3746,0.114500,0.134800,0.007100,0.022600,0.023000,0.058400,0.003200,0.021472,0.002944,,0.011072,0.001152,1,4,48,0,1
3747,0.122900,0.127400,0.007300,0.022400,0.022600,0.058100,0.012300,0.019104,0.003136,,0.010400,0.001184,1,4,48,0,1
3748,0.114000,0.135900,0.007300,0.022400,0.023200,0.057900,0.003200,0.018912,0.003072,,0.010400,0.001184,1,4,48,0,1
3749,0.124400,0.127100,0.007300,0.022700,0.023200,0.058300,0.012900,0.019616,0.003136,,0.012960,0.001120,1,4,48,0,1
3750,0.121900,0.137200,0.007500,0.022600,0.023000,0.058200,0.010600,0.018624,0.003136,,0.010880,0.001152,1,4,48,0,1
3751,0.122400,0.134900,0.007100,0.022500,0.022800,0.058700,0.011100,0.018816,0.003072,,0.010176,0.001152,1,4,48,0,1
3752,0.114400,0.135500,0.007300,0.022600,0.023200,0.058200,0.003100,0.021440,0.003040,,0.012384,0.001120,1,4,48,0,1
3753,0.128200,0.127500,0.007500,0.022400,0.027600,0.058600,0.012100,0.019520,0.003040,,0.012928,0.001152,1,4,48,0,1
3754,0.129100,0.141300,0.007400,0.022800,0.029900,0.059700,0.009300,0.020736,0.003104,,0.011872,0.001184,1,4,48,0,1
3755,0.113900,0.142600,0.007200,0.022900,0.022800,0.057800,0.003000,0.019072,0.003008,,0.010528,0.001152,1,4,48,0,1
3756,0.114500,0.127100,0.007100,0.022600,0.023000,0.058500,0.003100,0.019072,0.002976,,0.010528,0.001152,1,4,48,0,1
3757,0.111800,0.127300,0.007400,0.022600,0.022900,0.056800,0.002000,0.019424,0.003072,,0.012928,0.001152,1,4,48,0,1
3758,0.115100,0.124700,0.007400,0.022400,0.023400,0.058700,0.003200,0.018848,0.003136,,0.010560,0.001120,1,4,48,0,1
3759,0.114200,0.128300,0.007400,0.022500,0.022600,0.058400,0.003100,0.019264,0.003072,,0.013024,0.001120,1,4,48,0,1
3760,0.114000,0.127300,0.007200,0.022500,0.023500,0.057500,0.003100,0.021568,0.002976,,0.011072,0.001152,1,4,48,0,1
3761,0.113100,0.127200,0.007400,0.022600,0.022300,0.058700,0.001900,0.019040,0.003040,,0.010496,0.001120,1,4,48,0,1
3762,0.114600,0.126300,0.007200,0.022700,0.023100,0.058800,0.002700,0.021632,0.003008,,0.011168,0.001152,1,4,48,0,1
3763,0.114500,0.127700,0.007400,0.022500,0.023000,0.058400,0.003000,0.021504,0.002944,,0.011008,0.001152,1,4,48,0,1
3764,0.113900,0.127600,0.007300,0.022600,0.022800,0.057900,0.003000,0.018976,0.003200,,0.010240,0.001152,1,4,48,0,1
3765,0.113900,0.127000,0.007100,0.022600,0.022600,0.058400,0.003100,0.021728,0.003136,,0.011040,0.001152,1,4,48,0,1
3766,0.114500,0.126800,0.007400,0.022800,0.023100,0.057900,0.003000,0.019072,0.002944,,0.013056,0.001184,1,4,48,0,1
3767,0.113900,0.127500,0.007200,0.022600,0.022800,0.058000,0.003200,0.019008,0.003136,,0.010336,0.001152,1,4,48,0,1
3768,0.114400,0.127000,0.007300,0.022500,0.022700,0.058500,0.003200,0.019136,0.003040,,0.010560,0.001152,1,4,48,0,1
3769,0.115100,0.127500,0.007200,0.022600,0.023300,0.058700,0.003200,0.019232,0.003104,,0.010528,0.001152,1,4,48,0,1
3770,0.123500,0.133000,0.007400,0.023100,0.023600,0.058900,0.010400,0.019360,0.003136,,0.013024,0.001088,1,4,48,0,1
3771,0.123300,0.136500,0.007400,0.022200,0.023200,0.058200,0.012100,0.019072,0.003104,,0.010400,0.001184,1,4,48,0,1
3772,0.120300,0.136200,0.007100,0.022600,0.023300,0.058400,0.008900,0.018848,0.002944,,0.010400,0.001120,1,4,48,0,1
3773,0.113900,0.133300,0.007200,0.022500,0.022900,0.058200,0.003100,0.018944,0.003104,,0.010272,0.001152,1,4,48,0,1
3774,0.114700,0.126900,0.007500,0.022300,0.023100,0.058600,0.003100,0.019008,0.003200,,0.010336,0.001088,1,4,48,0,1
3775,0.122900,0.127800,0.007300,0.022400,0.022500,0.057900,0.012700,0.019136,0.003072,,0.013056,0.001120,1,4,48,0,1
3776,0.114500,0.135800,0.007300,0.022600,0.023300,0.058200,0.003000,0.021568,0.003072,,0.011072,0.001120,1,4,48,0,1
3777,0.122900,0.127500,0.007100,0.022300,0.022500,0.058400,0.012400,0.019136,0.003232,,0.010368,0.001120,1,4,48,0,1
3778,0.122400,0.135700,0.007100,0.022300,0.023100,0.057900,0.011600,0.019424,0.003008,,0.012224,0.001120,1,4,48,0,1
3779,0.114200,0.135400,0.007400,0.022400,0.023200,0.058000,0.003000,0.021664,0.003072,,0.011040,0.001152,1,4,48,0,1
3780,0.122100,0.127200,0.007200,0.022500,0.022800,0.058000,0.011500,0.019168,0.002912,,0.013024,0.001152,1,4,48,0,1
3781,0.123000,0.135300,0.007100,0.022400,0.023200,0.058200,0.011900,0.019232,0.003040,,0.013088,0.001120,1,4,48,0,1
3782,0.121400,0.135800,0.007100,0.022700,0.023600,0.057800,0.010100,0.018912,0.003136,,0.010240,0.001152,1,4,48,0,1
3783,0.116100,0.134400,0.007100,0.022600,0.023300,0.059600,0.003200,0.021376,0.002976,,0.011200,0.001152,1,4,48,0,1
3784,0.113100,0.129100,0.007200,0.022700,0.020600,0.060600,0.001900,0.020224,0.002944,,0.012960,0.001152,1,4,48,0,1
3785,0.130500,0.125900,0.007500,0.027700,0.024200,0.058700,0.012100,0.019104,0.003104,,0.013056,0.001120,1,4,48,0,1
3786,0.115000,0.143900,0.007300,0.022400,0.023600,0.058600,0.003100,0.018656,0.003264,,0.010656,0.001120,1,4,48,0,1
3787,0.122700,0.128000,0.007300,0.022200,0.023100,0.058200,0.011800,0.019136,0.003072,,0.013088,0.001152,1,4,48,0,1
3788,0.121300,0.135800,0.007100,0.022300,0.023500,0.058100,0.010000,0.019328,0.003200,,0.013152,0.001152,1,4,48,0,1
3789,0.123400,0.134300,0.007100,0.022600,0.023300,0.057900,0.012300,0.019264,0.003168,,0.010592,0.001120,1,4,48,0,1
3790,0.114300,0.136300,0.007200,0.022500,0.022900,0.058400,0.003200,0.019232,0.003360,,0.010464,0.001088,1,4,48,0,1
3791,0.113700,0.127300,0.007100,0.022200,0.022500,0.060100,0.001700,0.018432,0.002944,,0.010688,0.001152,1,4,48,0,1
3792,0.120000,0.126600,0.007200,0.022300,0.023100,0.063300,0.004100,0.021824,0.003040,,0.011328,0.001152,1,4,48,0,1
3793,0.125000,0.132900,0.007100,0.022600,0.023800,0.058200,0.013200,0.020160,0.003328,,0.013824,0.001120,1,4,48,0,1
3794,0.122200,0.138500,0.007200,0.022500,0.023200,0.058600,0.010300,0.019008,0.003104,,0.010400,0.001152,1,4,48,0,1
3795,0.120700,0.135400,0.007200,0.022600,0.022600,0.058200,0.010000,0.018880,0.002976,,0.010336,0.001152,1,4,48,0,1
3796,0.120800,0.133900,0.007200,0.022200,0.023100,0.058100,0.010100,0.018848,0.002976,,0.010368,0.001152,1,4,48,0,1
3797,0.134900,0.133800,0.007300,0.035600,0.023100,0.065800,0.003000,0.018816,0.003008,,0.010304,0.001184,1,4,48,0,1
3798,0.120900,0.148300,0.007400,0.022600,0.023100,0.065900,0.001800,0.018496,0.002976,,0.010720,0.001184,1,4,48,0,1
3799,0.127000,0.134300,0.007200,0.022400,0.022600,0.058400,0.016300,0.019104,0.003104,,0.010464,0.001152,1,4,48,0,1
3800,0.121800,0.140100,0.007700,0.023000,0.023800,0.065500,0.001700,0.018560,0.003136,,0.010592,0.001184,1,4,48,0,1
3801,0.121300,0.134800,0.007400,0.022200,0.023000,0.058100,0.010200,0.019200,0.003168,,0.010464,0.001184,1,4,48,0,1
3802,0.114300,0.134100,0.007200,0.022600,0.023200,0.058000,0.003200,0.019040,0.003200,,0.010336,0.001120,1,4,48,0,1
3803,0.122700,0.127400,0.007200,0.022500,0.022900,0.057900,0.012200,0.019104,0.003136,,0.010400,0.001184,1,4,48,0,1
3804,0.113000,0.135900,0.007100,0.022300,0.022600,0.057900,0.003000,0.019008,0.003488,,0.010400,0.001152,1,4,48,0,1
3805,0.122100,0.126000,0.007200,0.022500,0.022500,0.058000,0.011800,0.019104,0.003392,,0.010304,0.001152,1,4,48,0,1
3806,0.120600,0.135100,0.007300,0.022300,0.023300,0.057600,0.009800,0.019136,0.003072,,0.010528,0.001152,1,4,48,0,1
3807,0.122100,0.133500,0.007200,0.022300,0.022600,0.058300,0.011500,0.018944,0.003200,,0.010400,0.001120,1,4,48,0,1
3808,0.113300,0.135200,0.007100,0.022400,0.023000,0.058600,0.002100,0.021728,0.003104,,0.011072,0.001152,1,4,48,0,1
3809,0.113300,0.126300,0.007200,0.022100,0.023200,0.057500,0.003100,0.021824,0.003168,,0.012416,0.001184,1,4,48,0,1
3810,0.123000,0.126200,0.007200,0.022500,0.022900,0.058400,0.011900,0.019136,0.003008,,0.013088,0.001152,1,4,48,0,1
3811,0.123000,0.135800,0.007400,0.022500,0.022900,0.058600,0.011600,0.018944,0.003104,,0.010336,0.001152,1,4,48,0,1
3812,0.121700,0.136000,0.007200,0.022700,0.023500,0.058100,0.010200,0.018880,0.003104,,0.010368,0.001120,1,4,48,0,1
3813,0.123400,0.134900,0.007300,0.022400,0.023000,0.058800,0.011700,0.019232,0.003104,,0.013088,0.001120,1,4,48,0,1
3814,0.114400,0.136200,0.007400,0.022400,0.023200,0.058100,0.003100,0.021664,0.002944,,0.012576,0.001184,1,4,48,0,1
3815,0.120000,0.127500,0.011800,0.022700,0.023700,0.058400,0.003200,0.019040,0.003072,,0.010432,0.001152,1,4,48,0,1
3816,0.113300,0.133100,0.007300,0.022600,0.022600,0.057500,0.003300,0.019232,0.002976,,0.012928,0.001120,1,4,48,0,1
3817,0.113700,0.126300,0.007400,0.022400,0.023000,0.057600,0.003300,0.019104,0.003040,,0.010464,0.001184,1,4,48,0,1
3818,0.112900,0.126900,0.007200,0.022200,0.023200,0.057000,0.003200,0.021120,0.003168,,0.011328,0.001120,1,4,48,0,1
3819,0.123000,0.126000,0.007300,0.022400,0.022800,0.057500,0.012900,0.019040,0.002976,,0.010560,0.001152,1,4,48,0,1
3820,0.113000,0.135800,0.007200,0.022100,0.023300,0.056900,0.003200,0.019168,0.002944,,0.012896,0.001152,1,4,48,0,1
3821,0.112900,0.125800,0.007300,0.022500,0.022300,0.057400,0.003300,0.019168,0.003232,,0.010432,0.001120,1,4,48,0,1
3822,0.113500,0.125900,0.007700,0.022400,0.022500,0.057600,0.003200,0.019616,0.003040,,0.010336,0.001152,1,4,48,0,1
3823,0.113300,0.126600,0.007200,0.022500,0.022800,0.057500,0.003300,0.021184,0.002944,,0.012128,0.001120,1,4,48,0,1
3824,0.192000,0.126600,0.007200,0.023400,0.036900,0.118200,0.006200,0.019648,0.003200,,0.010432,0.001088,1,4,48,0,1
3825,0.145700,0.206300,0.008500,0.026000,0.025600,0.081200,0.004300,0.019104,0.003040,,0.010400,0.001152,1,4,48,0,1
3826,0.144600,0.159300,0.007800,0.025000,0.024600,0.084900,0.002200,0.019008,0.003104,,0.010336,0.001184,1,4,48,0,1
3827,0.118100,0.158100,0.007900,0.024500,0.024400,0.058700,0.002200,0.018560,0.003072,,0.010944,0.001184,1,4,48,0,1
3828,0.125200,0.131100,0.007100,0.022800,0.032600,0.059400,0.003200,0.019168,0.003104,,0.012992,0.001152,1,4,48,0,1
3829,0.117100,0.138200,0.007500,0.022800,0.021100,0.063700,0.001900,0.019104,0.003072,,0.010400,0.001152,1,4,48,0,1
3830,0.114600,0.130100,0.007200,0.022600,0.021800,0.059900,0.003000,0.020544,0.003008,,0.011488,0.001152,1,4,48,0,1
3831,0.114900,0.127800,0.007200,0.022700,0.023100,0.058700,0.003100,0.021184,0.002944,,0.012160,0.001152,1,4,48,0,1
3832,0.121800,0.127900,0.007200,0.022400,0.023400,0.058600,0.010000,0.019040,0.002944,,0.010528,0.001184,1,4,48,0,1
3833,0.114500,0.134900,0.007200,0.022300,0.023000,0.058800,0.003000,0.021568,0.002944,,0.011040,0.001152,1,4,48,0,1
3834,0.123500,0.127600,0.007300,0.022600,0.023100,0.058800,0.011600,0.019456,0.003136,,0.013056,0.001184,1,4,48,0,1
3835,0.121200,0.136500,0.007200,0.022600,0.023200,0.066200,0.001900,0.018752,0.003104,,0.010272,0.001184,1,4,48,0,1
3836,0.114900,0.134400,0.007200,0.022400,0.023200,0.058700,0.003200,0.019072,0.003072,,0.010464,0.001152,1,4,48,0,1
3837,0.121700,0.128000,0.007300,0.022600,0.023300,0.058600,0.009800,0.019456,0.003008,,0.012928,0.001184,1,4,48,0,1
3838,0.146700,0.134700,0.007200,0.022500,0.046200,0.061200,0.009500,0.019200,0.003296,,0.010336,0.001152,1,4,48,0,1
3839,0.126800,0.159900,0.007400,0.023100,0.023300,0.069200,0.003700,0.021600,0.003104,,0.012320,0.001120,1,4,48,0,1
3840,0.122100,0.139900,0.007400,0.022900,0.023300,0.058800,0.009600,0.018880,0.002976,,0.010368,0.001152,1,4,48,0,1
3841,0.123000,0.135300,0.007200,0.022400,0.023100,0.058400,0.011700,0.018880,0.003008,,0.010368,0.001120,1,4,48,0,1
3842,0.121400,0.135900,0.007100,0.022700,0.023500,0.058700,0.009400,0.019072,0.003104,,0.010400,0.001152,1,4,48,0,1
3843,0.121700,0.134400,0.007100,0.022500,0.023000,0.058400,0.010500,0.019200,0.003104,,0.010560,0.001152,1,4,48,0,1
3844,0.120000,0.134700,0.007100,0.022700,0.023100,0.058400,0.008600,0.018624,0.003040,,0.010400,0.001184,1,4,48,0,1
3845,0.144200,0.133000,0.007200,0.022600,0.023500,0.087200,0.003600,0.019136,0.003296,,0.010336,0.001088,1,4,48,0,1
3846,0.129900,0.157300,0.007100,0.030600,0.023900,0.064500,0.003700,0.018592,0.003040,,0.010944,0.001152,1,4,48,0,1
3847,0.122400,0.143200,0.007200,0.022500,0.023700,0.059100,0.009800,0.019456,0.003072,,0.012960,0.001184,1,4,48,0,1
3848,0.120000,0.135300,0.007500,0.022700,0.023100,0.058300,0.008300,0.018816,0.003264,,0.010912,0.001152,1,4,48,0,1
3849,0.122300,0.133100,0.007300,0.022500,0.023000,0.057700,0.011700,0.019168,0.003136,,0.010496,0.001152,1,4,48,0,1
3850,0.114300,0.135200,0.007000,0.022500,0.023600,0.058000,0.003100,0.019072,0.002976,,0.013120,0.001184,1,4,48,0,1
3851,0.124400,0.127100,0.007300,0.022300,0.020300,0.071000,0.003200,0.021376,0.003104,,0.012032,0.001184,1,4,48,0,1
3852,0.120700,0.137300,0.007100,0.022500,0.022700,0.058400,0.009900,0.019680,0.002912,,0.013888,0.001184,1,4,48,0,1
3853,0.114000,0.133800,0.007300,0.022500,0.023300,0.057300,0.003400,0.021696,0.003200,,0.011040,0.001152,1,4,48,0,1
3854,0.119200,0.126900,0.007300,0.022200,0.028400,0.058000,0.003100,0.021664,0.002976,,0.011968,0.001184,1,4,48,0,1
3855,0.113500,0.132500,0.007300,0.022800,0.022900,0.057100,0.003300,0.021312,0.003072,,0.011008,0.001152,1,4,48,0,1
3856,0.113300,0.126500,0.007100,0.022400,0.022800,0.057600,0.003200,0.021600,0.003040,,0.011008,0.001152,1,4,48,0,1
3857,0.113300,0.126400,0.007700,0.022200,0.022800,0.057200,0.003300,0.019264,0.003328,,0.010432,0.001120,1,4,48,0,1
3858,0.113800,0.126400,0.007300,0.022500,0.023000,0.057800,0.003100,0.021824,0.003136,,0.012448,0.001184,1,4,48,0,1
3859,0.114200,0.126800,0.007300,0.022300,0.023200,0.058000,0.003300,0.018944,0.003008,,0.010400,0.001152,1,4,48,0,1
3860,0.113100,0.127500,0.007200,0.022300,0.022700,0.057500,0.003200,0.021568,0.003008,,0.011040,0.001184,1,4,48,0,1
3861,0.112800,0.126100,0.007200,0.022300,0.022500,0.057600,0.003100,0.021568,0.003008,,0.011040,0.001152,1,4,48,0,1
3862,0.122300,0.126000,0.007100,0.022600,0.022600,0.057600,0.012300,0.018624,0.003072,,0.010336,0.001120,1,4,48,0,1
3863,0.113300,0.135300,0.007200,0.022700,0.023100,0.056900,0.003300,0.021536,0.003040,,0.011008,0.001120,1,4,48,0,1
3864,0.113600,0.126200,0.007200,0.022600,0.022800,0.057500,0.003300,0.019200,0.002976,,0.013056,0.001184,1,4,48,0,1
3865,0.121400,0.126600,0.007400,0.022300,0.022800,0.057800,0.010800,0.019008,0.003168,,0.010336,0.001120,1,4,48,0,1
3866,0.113800,0.134300,0.007500,0.022400,0.023500,0.057200,0.003100,0.021824,0.003104,,0.012448,0.001184,1,4,48,0,1
3867,0.121800,0.127000,0.007200,0.023000,0.022800,0.057700,0.010900,0.018592,0.003040,,0.010432,0.001184,1,4,48,0,1
3868,0.112700,0.134900,0.007100,0.022400,0.022700,0.057100,0.003300,0.021632,0.003136,,0.011040,0.001120,1,4,48,0,1
3869,0.130100,0.125700,0.007100,0.022400,0.023000,0.057200,0.020000,0.018400,0.002912,,0.010848,0.001152,1,4,48,0,1
3870,0.115500,0.143500,0.007400,0.023400,0.023600,0.057800,0.003200,0.021504,0.002944,,0.011104,0.001184,1,4,48,0,1
3871,0.130100,0.128900,0.007400,0.022800,0.023200,0.074900,0.001700,0.021472,0.003008,,0.011008,0.001152,1,4,48,0,1
3872,0.113600,0.143100,0.007200,0.022400,0.023200,0.057500,0.003200,0.021504,0.002944,,0.011072,0.001120,1,4,48,0,1
3873,0.142200,0.126500,0.007400,0.022500,0.023200,0.087300,0.001600,0.020832,0.003104,,0.011360,0.001184,1,4,48,0,1
3874,0.127400,0.155300,0.007400,0.022200,0.020600,0.073500,0.003700,0.019552,0.003104,,0.010496,0.001152,1,4,48,0,1
3875,0.115100,0.140800,0.007400,0.022900,0.023800,0.057800,0.003200,0.019552,0.002912,,0.010336,0.001120,1,4,48,0,1
3876,0.121500,0.128300,0.007400,0.022500,0.022900,0.057500,0.011000,0.018528,0.003072,,0.010848,0.001152,1,4,48,0,1
3877,0.123100,0.134500,0.007200,0.022700,0.023200,0.057600,0.012400,0.018976,0.002976,,0.013024,0.001152,1,4,48,0,1
3878,0.123200,0.136300,0.007200,0.022500,0.023400,0.057600,0.012400,0.019008,0.002976,,0.010464,0.001120,1,4,48,0,1
3879,0.113900,0.146300,0.007300,0.022700,0.023300,0.057200,0.003200,0.019360,0.002976,,0.010304,0.001184,1,4,48,0,1
3880,0.123300,0.126900,0.007100,0.022600,0.023400,0.057600,0.012600,0.019008,0.003104,,0.010368,0.001152,1,4,48,0,1
3881,0.113700,0.136500,0.007200,0.022400,0.023000,0.057700,0.003100,0.019104,0.003200,,0.010368,0.001152,1,4,48,0,1
3882,0.121400,0.126700,0.007300,0.022400,0.023300,0.062800,0.005600,0.018624,0.002944,,0.010336,0.001152,1,4,48,0,1
3883,0.113500,0.134400,0.007100,0.022300,0.023100,0.058300,0.002600,0.019264,0.003136,,0.013120,0.001184,1,4,48,0,1
3884,0.133200,0.126500,0.007700,0.026500,0.023600,0.063000,0.012300,0.018848,0.003040,,0.010304,0.001088,1,4,48,0,1
3885,0.122000,0.146300,0.007300,0.022600,0.023000,0.057800,0.011100,0.018432,0.002976,,0.010976,0.001120,1,4,48,0,1
3886,0.113800,0.135100,0.007400,0.022400,0.023000,0.057800,0.003000,0.019072,0.003136,,0.010432,0.001152,1,4,48,0,1
3887,0.112800,0.126700,0.007200,0.022400,0.023000,0.056700,0.003300,0.019360,0.003328,,0.010496,0.001120,1,4,48,0,1
3888,0.114100,0.125900,0.007300,0.022500,0.023300,0.057700,0.003200,0.019104,0.003264,,0.010368,0.001120,1,4,48,0,1
3889,0.123300,0.127200,0.007100,0.022600,0.023000,0.057800,0.012700,0.019136,0.003136,,0.013088,0.001184,1,4,48,0,1
3890,0.120700,0.136500,0.007100,0.022400,0.022700,0.058200,0.010200,0.018880,0.002912,,0.010464,0.001120,1,4,48,0,1
3891,0.113400,0.133700,0.007200,0.022300,0.022800,0.057600,0.003300,0.019168,0.003040,,0.013056,0.001120,1,4,48,0,1
3892,0.113800,0.126400,0.007300,0.022600,0.022900,0.057600,0.003300,0.021600,0.003008,,0.011040,0.001184,1,4,48,0,1
3893,0.113600,0.126900,0.007400,0.022600,0.022900,0.057500,0.003200,0.019392,0.003008,,0.012992,0.001120,1,4,48,0,1
3894,0.113500,0.126700,0.007500,0.022400,0.023000,0.057400,0.003100,0.019072,0.003200,,0.010336,0.001152,1,4,48,0,1
3895,0.122100,0.126600,0.007200,0.022400,0.023000,0.058100,0.011200,0.018976,0.003520,,0.010720,0.001152,1,4,48,0,1
3896,0.113500,0.135100,0.007400,0.022400,0.023100,0.057200,0.003300,0.019264,0.003104,,0.013056,0.001152,1,4,48,0,1
3897,0.113700,0.126500,0.007000,0.022200,0.022700,0.058500,0.003100,0.021440,0.002976,,0.011008,0.001120,1,4,48,0,1
3898,0.123000,0.126800,0.007500,0.022600,0.023000,0.058200,0.011500,0.019040,0.002976,,0.013088,0.001152,1,4,48,0,1
3899,0.113700,0.136000,0.007000,0.022400,0.023200,0.058000,0.003000,0.021568,0.003040,,0.011424,0.001120,1,4,48,0,1
3900,0.127200,0.126600,0.012000,0.023000,0.023500,0.066800,0.001700,0.018784,0.002912,,0.010336,0.001152,1,4,48,0,1
3901,0.124500,0.140500,0.007500,0.022500,0.023600,0.058500,0.012200,0.018336,0.002976,,0.010880,0.001152,1,4,48,0,1
3902,0.120600,0.137500,0.007100,0.022200,0.023300,0.066100,0.001900,0.018464,0.002976,,0.010848,0.001152,1,4,48,0,1
3903,0.114700,0.133500,0.007300,0.022500,0.023100,0.058600,0.003200,0.021824,0.003136,,0.012480,0.001184,1,4,48,0,1
3904,0.126800,0.127600,0.007200,0.022400,0.022800,0.071000,0.003200,0.018528,0.003072,,0.010784,0.001152,1,4,48,0,1
3905,0.113100,0.139700,0.007400,0.022400,0.022500,0.057400,0.003200,0.019360,0.003392,,0.010464,0.001120,1,4,48,0,1
3906,0.113600,0.126200,0.007200,0.022300,0.023000,0.057900,0.003100,0.021408,0.002848,,0.011104,0.001152,1,4,48,0,1
3907,0.123400,0.126700,0.007400,0.022300,0.023100,0.057900,0.012600,0.018880,0.002976,,0.010336,0.001184,1,4,48,0,1
3908,0.113900,0.136300,0.007100,0.022600,0.023500,0.057500,0.003200,0.021632,0.003072,,0.012384,0.001184,1,4,48,0,1
3909,0.113400,0.126800,0.007200,0.022400,0.023200,0.057400,0.003200,0.019008,0.003040,,0.010464,0.001152,1,4,48,0,1
3910,0.114400,0.126400,0.007100,0.022400,0.023000,0.058500,0.003000,0.021632,0.003008,,0.011072,0.001152,1,4,48,0,1
3911,0.114800,0.127300,0.007300,0.022400,0.023500,0.058200,0.003300,0.018720,0.002912,,0.010432,0.001152,1,4,48,0,1
3912,0.112900,0.127700,0.007200,0.022600,0.022800,0.057200,0.003100,0.021760,0.003136,,0.011072,0.001152,1,4,48,0,1
3913,0.113600,0.125900,0.007200,0.022400,0.023100,0.057600,0.003200,0.019232,0.003008,,0.013088,0.001184,1,4,48,0,1
3914,0.120800,0.126800,0.007000,0.022400,0.022700,0.057500,0.011200,0.018496,0.003040,,0.010848,0.001152,1,4,48,0,1
3915,0.127500,0.133800,0.007100,0.022400,0.027500,0.059500,0.010900,0.019136,0.003200,,0.010464,0.001120,1,4,48,0,1
3916,0.119700,0.140600,0.007500,0.022600,0.023300,0.062700,0.003600,0.018496,0.002976,,0.010848,0.001152,1,4,48,0,1
3917,0.116500,0.132800,0.007300,0.022500,0.025900,0.057200,0.003300,0.018944,0.003008,,0.010368,0.001184,1,4,48,0,1
3918,0.112700,0.129400,0.007100,0.022600,0.022600,0.057100,0.003300,0.021376,0.003008,,0.011040,0.001184,1,4,48,0,1
3919,0.113700,0.125700,0.007300,0.022400,0.022700,0.058000,0.003200,0.020608,0.003136,,0.011616,0.001184,1,4,48,0,1
3920,0.112000,0.126600,0.007300,0.022500,0.021800,0.057900,0.002400,0.019488,0.003072,,0.010272,0.001152,1,4,48,0,1
3921,0.122000,0.124800,0.007200,0.021700,0.020500,0.069200,0.003200,0.021408,0.002976,,0.012128,0.001184,1,4,48,0,1
3922,0.117600,0.134900,0.007200,0.022600,0.026200,0.058400,0.003200,0.021632,0.003040,,0.011072,0.001184,1,4,48,0,1
3923,0.113800,0.130500,0.007200,0.022500,0.023500,0.057300,0.003100,0.019072,0.003200,,0.010368,0.001120,1,4,48,0,1
3924,0.113400,0.127100,0.007000,0.022500,0.022700,0.057900,0.003200,0.021632,0.003008,,0.011232,0.001184,1,4,48,0,1
3925,0.113400,0.126400,0.007400,0.022200,0.022800,0.057700,0.003300,0.019168,0.003136,,0.013024,0.001152,1,4,48,0,1
3926,0.113400,0.126500,0.007300,0.022400,0.022400,0.057900,0.003300,0.019296,0.003328,,0.013024,0.001152,1,4,48,0,1
3927,0.113100,0.126400,0.007300,0.022400,0.023100,0.057200,0.003100,0.021472,0.002848,,0.012384,0.001184,1,4,48,0,1
3928,0.122400,0.126200,0.007100,0.022500,0.023200,0.058100,0.011200,0.018400,0.002976,,0.010656,0.001152,1,4,48,0,1
3929,0.124000,0.135300,0.007100,0.022500,0.024000,0.057500,0.012700,0.019136,0.003136,,0.010496,0.001120,1,4,48,0,1
3930,0.124000,0.136900,0.007000,0.022500,0.023100,0.062200,0.009100,0.019040,0.003072,,0.010592,0.001152,1,4,48,0,1
3931,0.124800,0.137000,0.007400,0.022900,0.023600,0.058200,0.012400,0.019424,0.003232,,0.013056,0.001152,1,4,48,0,1
3932,0.112800,0.137900,0.007100,0.022300,0.022900,0.057000,0.003200,0.021664,0.003072,,0.011040,0.001120,1,4,48,0,1
3933,0.113200,0.125900,0.007100,0.022300,0.023000,0.057400,0.003300,0.019264,0.003232,,0.010560,0.001088,1,4,48,0,1
3934,0.113100,0.126300,0.007600,0.022400,0.023000,0.056900,0.003200,0.019136,0.003072,,0.010496,0.001152,1,4,48,0,1
3935,0.121700,0.126300,0.007400,0.022500,0.023000,0.062900,0.005600,0.018560,0.003104,,0.010880,0.001184,1,4,48,0,1
3936,0.113400,0.134600,0.007200,0.022400,0.023000,0.057400,0.003300,0.019072,0.003168,,0.010400,0.001120,1,4,48,0,1
3937,0.121300,0.126300,0.007500,0.022300,0.022800,0.057700,0.010900,0.018592,0.003072,,0.010656,0.001152,1,4,48,0,1
3938,0.113200,0.134300,0.007200,0.022700,0.022800,0.057200,0.003300,0.021472,0.002912,,0.011072,0.001152,1,4,48,0,1
3939,0.113400,0.126100,0.007400,0.022700,0.022900,0.057100,0.003100,0.019168,0.003232,,0.010400,0.001152,1,4,48,0,1
3940,0.112700,0.126600,0.007100,0.022400,0.022900,0.056900,0.003200,0.018464,0.003072,,0.010912,0.001120,1,4,48,0,1
3941,0.117200,0.125800,0.007300,0.022400,0.023000,0.060100,0.004300,0.019136,0.003136,,0.010496,0.001120,1,4,48,0,1
3942,0.233100,0.134600,0.020100,0.046000,0.037900,0.124600,0.004100,0.019776,0.003328,,0.010304,0.001088,1,4,48,0,1
3943,0.187600,0.251900,0.010600,0.037900,0.036800,0.096200,0.005900,0.019936,0.003104,,0.013888,0.001152,1,4,48,0,1
3944,0.162300,0.206400,0.010300,0.035700,0.034000,0.077500,0.004700,0.019744,0.003136,,0.010496,0.001120,1,4,48,0,1
3945,0.146000,0.179000,0.009000,0.028500,0.029800,0.073500,0.005200,0.019872,0.003136,,0.013856,0.001120,1,4,48,0,1
3946,0.150700,0.162600,0.009000,0.027900,0.029100,0.080000,0.004400,0.019168,0.003232,,0.010528,0.001152,1,4,48,0,1
3947,0.143300,0.166900,0.008800,0.027800,0.028800,0.073300,0.004300,0.021632,0.003040,,0.011200,0.001184,1,4,48,0,1
3948,0.143400,0.159300,0.008900,0.027600,0.028500,0.074300,0.004000,0.021408,0.002912,,0.011040,0.001152,1,4,48,0,1
3949,0.140400,0.159200,0.008700,0.027500,0.028700,0.071200,0.004000,0.019232,0.003296,,0.010432,0.001120,1,4,48,0,1
3950,0.167100,0.156700,0.008900,0.051800,0.029600,0.072900,0.003900,0.021728,0.003136,,0.012416,0.001152,1,4,48,0,1
3951,0.145700,0.183700,0.009200,0.027400,0.033200,0.071800,0.003900,0.019136,0.003136,,0.010432,0.001184,1,4,48,0,1
3952,0.140300,0.161600,0.008900,0.027100,0.028400,0.071300,0.004400,0.021600,0.002944,,0.012448,0.001184,1,4,48,0,1
3953,0.140100,0.156400,0.009000,0.027300,0.028300,0.071500,0.003800,0.019168,0.003008,,0.013088,0.001152,1,4,48,0,1
3954,0.176000,0.156200,0.008900,0.027400,0.049800,0.080500,0.009200,0.019808,0.002976,,0.013856,0.001152,1,4,48,0,1
3955,0.122300,0.190600,0.008200,0.025300,0.025000,0.060500,0.003200,0.021312,0.003040,,0.011040,0.001184,1,4,48,0,1
3956,0.116800,0.135700,0.007500,0.023200,0.023500,0.059200,0.003400,0.020064,0.003136,,0.013920,0.001152,1,4,48,0,1
3957,0.123200,0.130200,0.007600,0.022700,0.023400,0.058300,0.011200,0.018464,0.003008,,0.010816,0.001152,1,4,48,0,1
3958,0.120900,0.136100,0.007300,0.022500,0.022900,0.066200,0.001800,0.018848,0.003424,,0.010848,0.001152,1,4,48,0,1
3959,0.115100,0.134100,0.007300,0.022700,0.023400,0.058300,0.003100,0.019456,0.003328,,0.010272,0.001120,1,4,48,0,1
3960,0.137800,0.128100,0.007400,0.034000,0.022600,0.071900,0.001700,0.019008,0.003040,,0.010432,0.001152,1,4,48,0,1
3961,0.133400,0.150700,0.007200,0.022400,0.023200,0.077300,0.003200,0.021728,0.003008,,0.012128,0.001152,1,4,48,0,1
3962,0.153200,0.146500,0.007300,0.022600,0.020000,0.064000,0.039100,0.019296,0.002912,,0.010784,0.001088,1,4,48,0,1
3963,0.123000,0.166700,0.007500,0.024000,0.023100,0.064900,0.003400,0.020608,0.002976,,0.011872,0.001152,1,4,48,0,1
3964,0.123400,0.136300,0.007600,0.022900,0.031100,0.058700,0.003100,0.019168,0.003264,,0.010400,0.001120,1,4,48,0,1
3965,0.114100,0.136200,0.007500,0.022600,0.023100,0.057700,0.003200,0.018944,0.003168,,0.010272,0.001152,1,4,48,0,1
3966,0.113800,0.127400,0.007200,0.022500,0.022900,0.057900,0.003200,0.019552,0.003168,,0.013024,0.001184,1,4,48,0,1
3967,0.114200,0.126800,0.007200,0.022500,0.023300,0.057900,0.003200,0.019040,0.003200,,0.010432,0.001152,1,4,48,0,1
3968,0.124200,0.127100,0.007300,0.022300,0.022700,0.058700,0.013000,0.018400,0.002944,,0.010624,0.001152,1,4,48,0,1
3969,0.114100,0.137200,0.007300,0.022400,0.023200,0.057800,0.003300,0.021696,0.003040,,0.012480,0.001184,1,4,48,0,1
3970,0.113800,0.127200,0.007300,0.022500,0.022700,0.057900,0.003200,0.021536,0.003072,,0.011008,0.001120,1,4,48,0,1
3971,0.113400,0.126800,0.007300,0.022400,0.023100,0.057300,0.003200,0.021408,0.002944,,0.011008,0.001120,1,4,48,0,1
3972,0.113400,0.126300,0.007400,0.022500,0.022500,0.057600,0.003300,0.021632,0.003136,,0.011136,0.001120,1,4,48,0,1
3973,0.113300,0.126400,0.007100,0.022300,0.023100,0.057400,0.003300,0.018528,0.003008,,0.010944,0.001184,1,4,48,0,1
3974,0.119600,0.126100,0.007800,0.022500,0.022200,0.063000,0.004000,0.018592,0.003136,,0.010560,0.001152,1,4,48,0,1
3975,0.120600,0.132500,0.007200,0.022400,0.023200,0.065800,0.001900,0.018464,0.003040,,0.010880,0.001088,1,4,48,0,1
3976,0.128600,0.133500,0.007300,0.022500,0.029200,0.058800,0.010800,0.019008,0.002944,,0.013024,0.001152,1,4,48,0,1
3977,0.114000,0.141800,0.007400,0.022900,0.023100,0.057300,0.003300,0.018912,0.003360,,0.010400,0.001120,1,4,48,0,1
3978,0.120800,0.126800,0.007400,0.022300,0.022300,0.057500,0.011000,0.018688,0.003040,,0.010368,0.001184,1,4,48,0,1
3979,0.122700,0.133700,0.007500,0.022400,0.023100,0.058300,0.011200,0.021408,0.003072,,0.011104,0.001184,1,4,48,0,1
3980,0.114200,0.135500,0.007300,0.022700,0.022900,0.057700,0.003300,0.019104,0.003168,,0.010400,0.001152,1,4,48,0,1
3981,0.113300,0.127400,0.007200,0.022300,0.022900,0.057400,0.003200,0.019168,0.003104,,0.010496,0.001184,1,4,48,0,1
3982,0.120600,0.126100,0.007500,0.022400,0.022700,0.066000,0.001900,0.018592,0.003008,,0.010432,0.001184,1,4,48,0,1
3983,0.113200,0.133500,0.007200,0.022500,0.022900,0.057300,0.003100,0.019232,0.003200,,0.010560,0.001120,1,4,48,0,1
3984,0.113800,0.126000,0.007300,0.022500,0.023000,0.057600,0.003300,0.019168,0.003200,,0.010432,0.001120,1,4,48,0,1
3985,0.122900,0.127100,0.007500,0.022200,0.022800,0.057700,0.012400,0.019232,0.003232,,0.010464,0.001120,1,4,48,0,1
3986,0.113300,0.136000,0.007200,0.022400,0.022600,0.057900,0.003200,0.021600,0.003104,,0.011040,0.001152,1,4,48,0,1
3987,0.113900,0.126400,0.007500,0.022300,0.023200,0.057400,0.003200,0.021568,0.002976,,0.012384,0.001120,1,4,48,0,1
3988,0.112400,0.126600,0.007200,0.022400,0.022500,0.057100,0.003200,0.019072,0.003072,,0.010464,0.001120,1,4,48,0,1
3989,0.113000,0.125600,0.007100,0.022400,0.022800,0.057500,0.003200,0.019104,0.002976,,0.013088,0.001152,1,4,48,0,1
3990,0.142300,0.125800,0.007300,0.022400,0.022500,0.088200,0.001600,0.018976,0.003168,,0.010336,0.001120,1,4,48,0,1
3991,0.127300,0.155200,0.007200,0.022500,0.023300,0.072400,0.001900,0.021504,0.002976,,0.011008,0.001152,1,4,48,0,1
3992,0.114300,0.140500,0.007400,0.022900,0.023100,0.057400,0.003300,0.018976,0.003040,,0.010336,0.001184,1,4,48,0,1
3993,0.113000,0.127500,0.007300,0.022500,0.022800,0.057200,0.003100,0.021600,0.002944,,0.012416,0.001184,1,4,48,0,1
3994,0.113200,0.126100,0.007400,0.022600,0.022800,0.057100,0.003300,0.019040,0.003104,,0.010368,0.001184,1,4,48,0,1
3995,0.120200,0.126100,0.007300,0.022400,0.022900,0.065600,0.001900,0.018464,0.003008,,0.010528,0.001120,1,4,48,0,1
3996,0.113300,0.133200,0.007300,0.022300,0.023200,0.057200,0.003300,0.019168,0.003200,,0.010496,0.001120,1,4,48,0,1
3997,0.113200,0.126200,0.007200,0.022500,0.022900,0.057200,0.003200,0.019072,0.003072,,0.010464,0.001120,1,4,48,0,1
3998,0.112900,0.126600,0.007200,0.022500,0.022600,0.057300,0.003200,0.021632,0.003008,,0.012352,0.001184,1,4,48,0,1
3999,0.129900,0.126100,0.007200,0.022400,0.022700,0.074200,0.003200,0.018816,0.003136,,0.010368,0.001184,1,4,48,0,1
4000,0.127600,0.143200,0.007500,0.022800,0.022800,0.061700,0.012600,0.018976,0.003072,,0.010464,0.001120,1,4,48,0,1
4001,0.114100,0.140700,0.007500,0.022800,0.023000,0.057500,0.003300,0.021280,0.002976,,0.011040,0.001152,1,4,48,0,1
4002,0.113500,0.127100,0.007300,0.022400,0.022900,0.057600,0.003300,0.021536,0.003008,,0.011072,0.001152,1,4,48,0,1
4003,0.113300,0.126300,0.007200,0.022500,0.022400,0.057700,0.003100,0.019328,0.003008,,0.013056,0.001184,1,4,48,0,1
4004,0.119300,0.126300,0.007300,0.022300,0.022900,0.063200,0.003500,0.018464,0.003008,,0.010912,0.001152,1,4,48,0,1
4005,0.113200,0.132400,0.007300,0.022400,0.022700,0.057400,0.003300,0.019104,0.003136,,0.010368,0.001184,1,4,48,0,1
4006,0.117600,0.126100,0.007100,0.022400,0.022900,0.057400,0.007700,0.019104,0.002912,,0.013056,0.001152,1,4,48,0,1
4007,0.127200,0.130800,0.007700,0.023100,0.023500,0.071200,0.001700,0.019904,0.003232,,0.009984,0.001152,1,4,48,0,1
4008,0.106300,0.140200,0.007300,0.022500,0.020500,0.054100,0.001700,0.019264,0.003328,,0.010528,0.001120,1,4,48,0,1
4009,0.456300,0.119200,0.007200,0.022100,0.022600,0.054000,0.350400,0.021312,0.003008,,0.011040,0.001152,1,4,48,0,1
4010,0.135700,0.470000,0.008200,0.026200,0.024000,0.073900,0.003300,0.020640,0.002944,,0.011936,0.001184,1,4,48,0,1
4011,0.124600,0.148700,0.007500,0.022400,0.030100,0.062200,0.002200,0.021440,0.003072,,0.011104,0.001184,1,4,48,0,1
4012,0.113100,0.137600,0.007300,0.022400,0.023600,0.057400,0.002400,0.019136,0.003104,,0.010464,0.001184,1,4,48,0,1
4013,0.113500,0.126100,0.007500,0.022700,0.023600,0.057100,0.002600,0.021600,0.003072,,0.011360,0.001184,1,4,48,0,1
4014,0.112300,0.126500,0.007500,0.022200,0.023000,0.057200,0.002300,0.019040,0.003040,,0.010464,0.001152,1,4,48,0,1
4015,0.113200,0.125300,0.007400,0.022600,0.023300,0.057400,0.002400,0.019040,0.003040,,0.010464,0.001088,1,4,48,0,1
4016,0.118300,0.126200,0.007400,0.022300,0.023300,0.058100,0.007200,0.019136,0.003072,,0.010528,0.001152,1,4,48,0,1
4017,0.113600,0.131200,0.007400,0.022600,0.023300,0.057500,0.002600,0.019168,0.003168,,0.010464,0.001152,1,4,48,0,1
4018,0.112800,0.126600,0.007400,0.022600,0.023500,0.056800,0.002400,0.021536,0.002976,,0.011040,0.001152,1,4,48,0,1
4019,0.112000,0.125600,0.007100,0.022400,0.022900,0.057000,0.002400,0.019168,0.003232,,0.010400,0.001152,1,4,48,0,1
4020,0.112900,0.124900,0.007400,0.022400,0.023100,0.057500,0.002400,0.021568,0.003008,,0.011072,0.001152,1,4,48,0,1
4021,0.112900,0.125900,0.007200,0.022100,0.024000,0.057100,0.002400,0.019840,0.002944,,0.013920,0.001184,1,4,48,0,1
4022,0.121100,0.125900,0.007200,0.022500,0.023000,0.063600,0.004800,0.018848,0.003008,,0.010272,0.001152,1,4,48,0,1
4023,0.129200,0.134300,0.007100,0.022600,0.028700,0.058500,0.012100,0.019104,0.003136,,0.010432,0.001152,1,4,48,0,1
4024,0.112800,0.142500,0.007400,0.022500,0.022800,0.057500,0.002400,0.020928,0.003104,,0.012192,0.001152,1,4,48,0,1
4025,0.112300,0.125900,0.007300,0.022100,0.023400,0.057000,0.002300,0.019872,0.003040,,0.013920,0.001120,1,4,48,0,1
4026,0.121000,0.125300,0.007400,0.022400,0.023100,0.063200,0.004800,0.018784,0.003136,,0.010528,0.001184,1,4,48,0,1
4027,0.122500,0.134000,0.007300,0.022600,0.023100,0.057700,0.011800,0.019328,0.003040,,0.012960,0.001152,1,4,48,0,1
4028,0.112700,0.135400,0.007200,0.022600,0.023000,0.057100,0.002700,0.019008,0.003168,,0.010336,0.001120,1,4,48,0,1
4029,0.112200,0.125800,0.007200,0.022500,0.023100,0.056800,0.002500,0.019936,0.003040,,0.013920,0.001152,1,4,48,0,1
4030,0.135000,0.125200,0.007200,0.035700,0.023100,0.056800,0.012100,0.019200,0.003296,,0.010368,0.001088,1,4,48,0,1
4031,0.111400,0.148200,0.007300,0.022400,0.022600,0.056600,0.002500,0.021600,0.003008,,0.011008,0.001152,1,4,48,0,1
4032,0.113000,0.124500,0.007400,0.022700,0.023200,0.057100,0.002600,0.019008,0.003072,,0.010432,0.001152,1,4,48,0,1
4033,0.112800,0.125900,0.007400,0.022400,0.022700,0.057400,0.002700,0.019712,0.003008,,0.010080,0.001152,1,4,48,0,1
4034,0.121800,0.125700,0.007300,0.022300,0.023100,0.057200,0.011800,0.019232,0.003360,,0.010400,0.001088,1,4,48,0,1
4035,0.112300,0.134700,0.007500,0.022300,0.022700,0.057200,0.002400,0.019264,0.003040,,0.012960,0.001120,1,4,48,0,1
4036,0.112100,0.125400,0.007300,0.022500,0.022900,0.057100,0.002300,0.019200,0.003168,,0.010496,0.001152,1,4,48,0,1
4037,0.111500,0.125200,0.007200,0.022400,0.022800,0.056700,0.002300,0.019008,0.003104,,0.010400,0.001088,1,4,48,0,1
4038,0.127300,0.124500,0.007400,0.022100,0.022700,0.068200,0.006800,0.019040,0.002976,,0.010496,0.001152,1,4,48,0,1
4039,0.123800,0.140400,0.007500,0.023100,0.023200,0.057900,0.011800,0.019040,0.003008,,0.010496,0.001152,1,4,48,0,1
4040,0.122800,0.136800,0.007300,0.022600,0.023500,0.057300,0.012100,0.019136,0.003008,,0.013024,0.001152,1,4,48,0,1
4041,0.112700,0.136100,0.007500,0.022300,0.022900,0.057300,0.002600,0.021504,0.003008,,0.011040,0.001152,1,4,48,0,1
4042,0.112500,0.125800,0.007500,0.022500,0.023100,0.056800,0.002500,0.019168,0.003008,,0.013056,0.001152,1,4,48,0,1
4043,0.116100,0.125600,0.007200,0.022500,0.023300,0.057000,0.005900,0.018880,0.003008,,0.010304,0.001152,1,4,48,0,1
4044,0.111700,0.128900,0.007100,0.022300,0.022800,0.056900,0.002400,0.019200,0.003200,,0.010496,0.001120,1,4,48,0,1
4045,0.112100,0.124800,0.007200,0.022300,0.022900,0.057100,0.002500,0.021280,0.002976,,0.011040,0.001184,1,4,48,0,1
4046,0.112000,0.125200,0.007100,0.022300,0.023100,0.056900,0.002400,0.020032,0.003104,,0.013888,0.001152,1,4,48,0,1
4047,0.112000,0.124800,0.007200,0.022400,0.022900,0.056900,0.002400,0.019168,0.003040,,0.013056,0.001184,1,4,48,0,1
4048,0.112600,0.125000,0.007200,0.022600,0.022900,0.057200,0.002500,0.019264,0.003328,,0.010368,0.001184,1,4,48,0,1
4049,0.121300,0.125400,0.007100,0.022300,0.022800,0.057000,0.011900,0.019104,0.003104,,0.010464,0.001184,1,4,48,0,1
4050,0.112500,0.134300,0.007300,0.022300,0.023100,0.057200,0.002300,0.021568,0.003072,,0.012352,0.001152,1,4,48,0,1
4051,0.159500,0.125500,0.007500,0.022600,0.023000,0.104400,0.001900,0.019488,0.003264,,0.010400,0.001120,1,4,48,0,1
4052,0.525400,0.173000,0.007800,0.024400,0.022800,0.455200,0.015200,0.021440,0.002912,,0.011104,0.001184,1,4,48,0,1
4053,0.176400,0.543700,0.010400,0.032000,0.038000,0.090300,0.005600,0.019552,0.003200,,0.010272,0.001152,1,4,48,0,1
4054,0.148000,0.192900,0.009200,0.029900,0.030500,0.074200,0.004100,0.021696,0.003104,,0.012384,0.001120,1,4,48,0,1
4055,0.171000,0.164100,0.012100,0.036100,0.038600,0.079900,0.003900,0.019744,0.002944,,0.013888,0.001152,1,4,48,0,1
4056,0.175000,0.210300,0.011700,0.042800,0.035000,0.073500,0.011700,0.019424,0.003136,,0.010432,0.001152,1,4,48,0,1
4057,0.139400,0.191700,0.008900,0.028100,0.028800,0.070200,0.003300,0.019264,0.002912,,0.012992,0.001184,1,4,48,0,1
4058,0.151900,0.155400,0.009000,0.027900,0.028500,0.071300,0.015200,0.018272,0.002848,,0.010560,0.001152,1,4,48,0,1
4059,0.149300,0.168100,0.008900,0.027700,0.028700,0.071200,0.012700,0.018560,0.003136,,0.010592,0.001152,1,4,48,0,1
4060,0.133800,0.165300,0.008700,0.027600,0.027000,0.058600,0.011900,0.019264,0.003232,,0.010496,0.001152,1,4,48,0,1
4061,0.115800,0.146900,0.007600,0.022600,0.023500,0.058800,0.003300,0.021728,0.003104,,0.011072,0.001152,1,4,48,0,1
4062,0.127600,0.140900,0.007200,0.022400,0.023500,0.058300,0.015900,0.018752,0.003232,,0.010720,0.001120,1,4,48,0,1
4063,0.126300,0.140800,0.007700,0.023100,0.023800,0.059200,0.012400,0.019200,0.002976,,0.013088,0.001184,1,4,48,0,1
4064,0.116100,0.139500,0.007600,0.022800,0.023400,0.059000,0.003300,0.018944,0.003040,,0.010336,0.001184,1,4,48,0,1
4065,0.121900,0.129600,0.007300,0.022400,0.023200,0.058400,0.010500,0.019168,0.003264,,0.010496,0.001088,1,4,48,0,1
4066,0.126300,0.134800,0.007600,0.024100,0.023100,0.058900,0.012600,0.019232,0.002912,,0.013056,0.001184,1,4,48,0,1
4067,0.125600,0.139400,0.007500,0.022700,0.024000,0.058700,0.012700,0.019072,0.003104,,0.010400,0.001152,1,4,48,0,1
4068,0.126000,0.138600,0.007600,0.023000,0.023800,0.059200,0.012300,0.019040,0.003040,,0.010528,0.001088,1,4,48,0,1
4069,0.123300,0.139300,0.007300,0.022900,0.024100,0.058700,0.010300,0.018976,0.002944,,0.010464,0.001152,1,4,48,0,1
4070,0.116600,0.136300,0.007200,0.022800,0.023400,0.059900,0.003100,0.019424,0.002944,,0.010304,0.001152,1,4,48,0,1
4071,0.125000,0.129700,0.007600,0.022700,0.023500,0.058700,0.012500,0.019040,0.003200,,0.010368,0.001088,1,4,48,0,1
4072,0.115300,0.138200,0.007500,0.022800,0.023300,0.058300,0.003300,0.019072,0.003040,,0.010496,0.001184,1,4,48,0,1
4073,0.125200,0.128500,0.007300,0.022500,0.023300,0.060500,0.011500,0.021632,0.003040,,0.011072,0.001184,1,4,48,0,1
4074,0.119000,0.138300,0.007500,0.022600,0.023500,0.062000,0.003300,0.019072,0.003104,,0.010400,0.001184,1,4,48,0,1
4075,0.128900,0.132100,0.007500,0.022600,0.022800,0.071900,0.004000,0.019328,0.003072,,0.013088,0.001152,1,4,48,0,1
4076,0.121500,0.142000,0.007300,0.022500,0.023200,0.058400,0.010100,0.018624,0.003040,,0.010304,0.001152,1,4,48,0,1
4077,0.119800,0.134500,0.007200,0.022100,0.023500,0.064900,0.002000,0.018464,0.002880,,0.010272,0.001152,1,4,48,0,1
4078,0.116400,0.133000,0.007400,0.023100,0.023600,0.059100,0.003200,0.018688,0.003008,,0.010144,0.001152,1,4,48,0,1
4079,0.114500,0.129400,0.007300,0.022500,0.023400,0.058000,0.003200,0.018976,0.003040,,0.010432,0.001120,1,4,48,0,1
4080,0.137700,0.127500,0.007300,0.022600,0.022900,0.080200,0.004600,0.019072,0.003264,,0.010400,0.001088,1,4,48,0,1
4081,0.114300,0.150700,0.007300,0.022500,0.023100,0.058200,0.003200,0.019680,0.003040,,0.012960,0.001152,1,4,48,0,1
4082,0.121800,0.127400,0.007300,0.022600,0.023400,0.058500,0.009900,0.019072,0.002912,,0.013024,0.001152,1,4,48,0,1
4083,0.115800,0.134800,0.007700,0.022500,0.023400,0.058900,0.003100,0.019008,0.003200,,0.010336,0.001088,1,4,48,0,1
4084,0.122300,0.129000,0.007400,0.022700,0.023500,0.059000,0.009600,0.019232,0.003392,,0.010368,0.001088,1,4,48,0,1
4085,0.122200,0.135300,0.007600,0.022700,0.023200,0.058200,0.010400,0.018976,0.003072,,0.010400,0.001120,1,4,48,0,1
4086,0.124400,0.135200,0.007400,0.022600,0.023800,0.058700,0.011600,0.021568,0.003008,,0.011072,0.001152,1,4,48,0,1
4087,0.121600,0.137400,0.007100,0.022900,0.023400,0.059300,0.008900,0.019104,0.003296,,0.010368,0.001088,1,4,48,0,1
4088,0.115200,0.134600,0.007400,0.022700,0.023200,0.058700,0.003200,0.020800,0.003072,,0.011360,0.001120,1,4,48,0,1
4089,0.123300,0.128400,0.007300,0.022500,0.023300,0.059000,0.011000,0.021152,0.003104,,0.012032,0.001152,1,4,48,0,1
4090,0.115400,0.136600,0.007300,0.022500,0.023300,0.059100,0.003100,0.021312,0.002976,,0.012128,0.001152,1,4,48,0,1
4091,0.107900,0.128500,0.007500,0.022600,0.020500,0.055400,0.001700,0.019040,0.003040,,0.010432,0.001184,1,4,48,0,1
4092,0.184700,0.120700,0.007200,0.027200,0.023300,0.068600,0.058300,0.018944,0.003072,,0.012992,0.001120,1,4,48,0,1
4093,0.176000,0.203100,0.010600,0.037600,0.036000,0.087600,0.003900,0.019232,0.003072,,0.012992,0.001152,1,4,48,0,1
4094,0.152800,0.192700,0.009400,0.028600,0.029000,0.072300,0.013300,0.020000,0.003072,,0.013856,0.001152,1,4,48,0,1
4095,0.142600,0.168700,0.008700,0.027500,0.028800,0.072500,0.005000,0.019040,0.003040,,0.010464,0.001152,1,4,48,0,1
4096,0.144200,0.158500,0.008700,0.027900,0.028000,0.076000,0.003400,0.019072,0.003136,,0.010400,0.001184,1,4,48,0,1
4097,0.148400,0.160200,0.008800,0.027600,0.028400,0.080900,0.002500,0.019680,0.003328,,0.010336,0.001120,1,4,48,0,1
4098,0.161800,0.165000,0.008900,0.033900,0.036000,0.070300,0.012600,0.021056,0.002976,,0.011968,0.001120,1,4,48,0,1
4099,0.139000,0.177800,0.008800,0.027800,0.028000,0.069900,0.004300,0.018784,0.002912,,0.012992,0.001184,1,4,48,0,1
4100,0.157000,0.155100,0.008700,0.027200,0.027900,0.088900,0.004200,0.019072,0.003040,,0.013056,0.001120,1,4,48,0,1
4101,0.138500,0.173400,0.008800,0.028000,0.028400,0.069400,0.003800,0.021600,0.003008,,0.011200,0.001184,1,4,48,0,1
4102,0.116800,0.154700,0.008800,0.024400,0.023300,0.056900,0.003100,0.019840,0.003360,,0.010400,0.001184,1,4,48,0,1
4103,0.130600,0.129900,0.007400,0.022400,0.023100,0.074900,0.002600,0.021600,0.003040,,0.011072,0.001088,1,4,48,0,1
4104,0.124600,0.143900,0.007500,0.023100,0.023900,0.059200,0.010900,0.018624,0.003008,,0.010912,0.001216,1,4,48,0,1
4105,0.113700,0.137700,0.007400,0.022600,0.023400,0.056800,0.003400,0.019328,0.003232,,0.010528,0.001184,1,4,48,0,1
4106,0.121800,0.126700,0.007400,0.022700,0.023100,0.066700,0.001900,0.018560,0.002976,,0.010720,0.001184,1,4,48,0,1
4107,0.113700,0.135000,0.007600,0.022400,0.023000,0.058600,0.001900,0.021600,0.002976,,0.011040,0.001184,1,4,48,0,1
4108,0.121500,0.126700,0.007200,0.022500,0.023600,0.057300,0.010800,0.018976,0.002944,,0.010464,0.001184,1,4,48,0,1
4109,0.115300,0.134600,0.007200,0.022500,0.023400,0.058800,0.003200,0.018976,0.003136,,0.010272,0.001152,1,4,48,0,1
4110,0.121900,0.128400,0.007700,0.022900,0.023200,0.058700,0.009300,0.019168,0.003072,,0.010528,0.001184,1,4,48,0,1
4111,0.121800,0.135000,0.007300,0.022700,0.023500,0.058900,0.009300,0.021504,0.002944,,0.011040,0.001152,1,4,48,0,1
4112,0.120400,0.134800,0.007600,0.022700,0.023300,0.058100,0.008600,0.019072,0.003296,,0.010240,0.001120,1,4,48,0,1
4113,0.121000,0.133600,0.007600,0.022800,0.023500,0.058400,0.008600,0.019104,0.003232,,0.010368,0.001120,1,4,48,0,1
4114,0.120600,0.134300,0.007100,0.022700,0.023300,0.059100,0.008300,0.019040,0.003008,,0.010496,0.001152,1,4,48,0,1
4115,0.114900,0.133400,0.007300,0.022800,0.023500,0.058000,0.003100,0.021600,0.003168,,0.011456,0.001152,1,4,48,0,1
4116,0.120200,0.128100,0.007200,0.022500,0.023500,0.058500,0.008300,0.019392,0.003040,,0.012928,0.001056,1,4,48,0,1
4117,0.120300,0.133400,0.007200,0.022500,0.023300,0.065200,0.001900,0.019264,0.003168,,0.010528,0.001152,1,4,48,0,1
4118,0.119900,0.133200,0.007400,0.022400,0.023300,0.064900,0.001800,0.018944,0.002944,,0.013024,0.001120,1,4,48,0,1
4119,0.116900,0.133200,0.007400,0.022900,0.024200,0.058800,0.003200,0.021568,0.003136,,0.011456,0.001184,1,4,48,0,1
4120,0.120200,0.130100,0.007200,0.022400,0.024000,0.058200,0.008100,0.021568,0.002912,,0.011104,0.001152,1,4,48,0,1
4121,0.114700,0.133100,0.007300,0.022500,0.023400,0.058200,0.003100,0.022080,0.003040,,0.011392,0.001152,1,4,48,0,1
4122,0.117500,0.127800,0.007400,0.022600,0.026800,0.058500,0.002100,0.019104,0.003168,,0.010432,0.001152,1,4,48,0,1
4123,0.122700,0.130600,0.007300,0.029300,0.026100,0.057300,0.002700,0.021248,0.003008,,0.010016,0.001184,1,4,48,0,1
4124,0.116800,0.135800,0.007400,0.022700,0.023600,0.060600,0.002400,0.018688,0.003008,,0.010240,0.001152,1,4,48,0,1
4125,0.115000,0.130100,0.007400,0.022800,0.023800,0.057400,0.003200,0.020672,0.002976,,0.011424,0.001120,1,4,48,0,1
4126,0.118300,0.128300,0.007600,0.023000,0.023900,0.060400,0.003300,0.021216,0.003040,,0.012128,0.001184,1,4,48,0,1
4127,0.115200,0.131400,0.007500,0.023000,0.023200,0.059200,0.002300,0.021408,0.003104,,0.011072,0.001152,1,4,48,0,1
4128,0.127500,0.128600,0.007400,0.023000,0.023800,0.058900,0.014400,0.019040,0.003008,,0.010432,0.001216,1,4,48,0,1
4129,0.115400,0.140900,0.007400,0.023000,0.023700,0.058600,0.002500,0.019680,0.003072,,0.010496,0.001152,1,4,48,0,1
4130,0.116600,0.128800,0.007500,0.023100,0.023600,0.060400,0.001900,0.019776,0.003104,,0.009952,0.001152,1,4,48,0,1
4131,0.116700,0.129800,0.007600,0.023000,0.024000,0.058800,0.003200,0.018592,0.003104,,0.010912,0.001152,1,4,48,0,1
4132,0.124600,0.130200,0.007300,0.022900,0.023400,0.059400,0.011300,0.019072,0.003072,,0.010464,0.001184,1,4,48,0,1
4133,0.128300,0.137900,0.007400,0.023100,0.023200,0.058500,0.015900,0.018976,0.003104,,0.010432,0.001152,1,4,48,0,1
4134,0.126200,0.141700,0.007500,0.023400,0.024000,0.059600,0.011400,0.021728,0.003104,,0.012448,0.001152,1,4,48,0,1
4135,0.120800,0.139400,0.007200,0.022700,0.021500,0.066000,0.003100,0.019968,0.003104,,0.013888,0.001088,1,4,48,0,1
4136,0.123200,0.134000,0.007400,0.022800,0.023400,0.058400,0.011100,0.021536,0.003104,,0.011040,0.001120,1,4,48,0,1
4137,0.115700,0.136400,0.007300,0.022900,0.023800,0.058600,0.003100,0.019456,0.003328,,0.013120,0.001088,1,4,48,0,1
4138,0.114300,0.129000,0.007200,0.022700,0.023800,0.057300,0.003200,0.019040,0.003104,,0.010368,0.001152,1,4,48,0,1
4139,0.114100,0.127400,0.007400,0.022900,0.023400,0.058200,0.002000,0.019456,0.003040,,0.010208,0.001152,1,4,48,0,1
4140,0.126300,0.127100,0.007600,0.026300,0.023800,0.066200,0.002300,0.018528,0.002976,,0.010944,0.001152,1,4,48,0,1
4141,0.122000,0.139500,0.007300,0.022800,0.023200,0.058400,0.010200,0.019168,0.003168,,0.010432,0.001184,1,4,48,0,1
4142,0.113500,0.135000,0.007100,0.022700,0.023300,0.057100,0.003000,0.019296,0.003072,,0.013056,0.001184,1,4,48,0,1
4143,0.123000,0.126600,0.007300,0.022700,0.023500,0.058000,0.011300,0.019264,0.003072,,0.013056,0.001152,1,4,48,0,1
4144,0.114100,0.136100,0.007400,0.022200,0.023100,0.057900,0.003000,0.019104,0.003040,,0.013056,0.001152,1,4,48,0,1
4145,0.112000,0.127100,0.007500,0.022500,0.022800,0.056600,0.002600,0.019584,0.003072,,0.010368,0.001152,1,4,48,0,1
4146,0.113500,0.125300,0.007200,0.022600,0.023600,0.056800,0.003300,0.019168,0.003136,,0.010496,0.001152,1,4,48,0,1
4147,0.117700,0.126600,0.007500,0.022500,0.023700,0.060700,0.003100,0.019104,0.003008,,0.013088,0.001184,1,4,48,0,1
4148,0.121900,0.130800,0.007300,0.022700,0.023500,0.057700,0.010300,0.018464,0.002976,,0.010848,0.001152,1,4,48,0,1
4149,0.124000,0.139600,0.007400,0.023300,0.024100,0.058800,0.010300,0.019360,0.003136,,0.013056,0.001152,1,4,48,0,1
4150,0.115300,0.137200,0.007300,0.022800,0.023500,0.058700,0.002600,0.018528,0.002976,,0.010880,0.001184,1,4,48,0,1
4151,0.112400,0.128300,0.007300,0.022500,0.023200,0.057400,0.001900,0.021920,0.003264,,0.011616,0.001088,1,4,48,0,1
4152,0.113800,0.125700,0.007400,0.022800,0.023600,0.057500,0.002500,0.019232,0.003232,,0.010464,0.001152,1,4,48,0,1
4153,0.122700,0.126800,0.007300,0.022400,0.031300,0.058600,0.003100,0.019072,0.003104,,0.010432,0.001152,1,4,48,0,1
4154,0.115800,0.135900,0.007400,0.022800,0.023400,0.058900,0.003200,0.019296,0.003104,,0.013024,0.001152,1,4,48,0,1
4155,0.115400,0.128800,0.007300,0.022300,0.023900,0.058400,0.003100,0.021952,0.003072,,0.011328,0.001120,1,4,48,0,1
4156,0.114500,0.128600,0.007200,0.022700,0.022700,0.058500,0.003200,0.018496,0.003040,,0.010912,0.001152,1,4,48,0,1
4157,0.139400,0.127700,0.007200,0.022400,0.023100,0.084600,0.001900,0.019168,0.003232,,0.010464,0.001120,1,4,48,0,1
4158,0.120300,0.152800,0.007500,0.024300,0.025100,0.060000,0.003100,0.021408,0.003008,,0.012544,0.001152,1,4,48,0,1
4159,0.114500,0.133300,0.007300,0.022700,0.023500,0.057700,0.003200,0.019200,0.003168,,0.010496,0.001152,1,4,48,0,1
4160,0.118900,0.127500,0.007400,0.022100,0.026600,0.059400,0.003100,0.021504,0.003104,,0.010976,0.001120,1,4,48,0,1
4161,0.117000,0.131900,0.007200,0.022300,0.023500,0.062200,0.001700,0.018624,0.003104,,0.010656,0.001184,1,4,48,0,1
4162,0.114200,0.130300,0.007300,0.022500,0.023800,0.056900,0.003600,0.018528,0.003072,,0.010688,0.001120,1,4,48,0,1
4163,0.219500,0.127200,0.007200,0.022500,0.023200,0.142800,0.023500,0.019200,0.003168,,0.013024,0.001120,1,4,48,0,1
4164,0.216900,0.239300,0.010500,0.036300,0.034400,0.129300,0.006200,0.019488,0.003072,,0.010400,0.001152,1,4,48,0,1
4165,0.149800,0.237300,0.010500,0.032400,0.029600,0.065700,0.011500,0.019264,0.003296,,0.010496,0.001088,1,4,48,0,1
4166,0.124000,0.163600,0.007500,0.023200,0.024200,0.059000,0.010000,0.018400,0.002912,,0.010880,0.001184,1,4,48,0,1
4167,0.112700,0.137300,0.007300,0.022500,0.023500,0.057500,0.001900,0.021408,0.003104,,0.011040,0.001184,1,4,48,0,1
4168,0.115300,0.125800,0.007300,0.022500,0.020700,0.059800,0.004600,0.018432,0.002944,,0.010560,0.001152,1,4,48,0,1
4169,0.115100,0.128200,0.007600,0.022300,0.020800,0.061100,0.003300,0.021536,0.002976,,0.011040,0.001184,1,4,48,0,1
4170,0.131500,0.128000,0.007800,0.022700,0.031200,0.067800,0.002000,0.019296,0.003264,,0.010528,0.001120,1,4,48,0,1
4171,0.114900,0.144800,0.007300,0.022600,0.023400,0.058300,0.003000,0.021088,0.002976,,0.012064,0.001152,1,4,48,0,1
4172,0.120700,0.128000,0.007100,0.022300,0.023300,0.057800,0.010000,0.019232,0.003328,,0.010400,0.001120,1,4,48,0,1
4173,0.120500,0.133800,0.007200,0.022100,0.023800,0.058100,0.009100,0.018400,0.002976,,0.010880,0.001152,1,4,48,0,1
4174,0.112600,0.133600,0.007200,0.022600,0.022800,0.058000,0.001900,0.018496,0.002912,,0.011008,0.001184,1,4,48,0,1
4175,0.112100,0.125500,0.007400,0.022600,0.023000,0.056500,0.002500,0.019136,0.003008,,0.013088,0.001184,1,4,48,0,1
4176,0.115300,0.125100,0.007300,0.022700,0.023300,0.058700,0.003200,0.021280,0.002912,,0.012384,0.001152,1,4,48,0,1
4177,0.122100,0.128500,0.007300,0.022700,0.023600,0.065400,0.003100,0.018880,0.003136,,0.010240,0.001152,1,4,48,0,1
4178,0.115700,0.135700,0.007500,0.022800,0.023300,0.058700,0.003400,0.018912,0.002976,,0.010432,0.001152,1,4,48,0,1
4179,0.285600,0.128900,0.007300,0.022700,0.021400,0.229900,0.004200,0.020640,0.003040,,0.011680,0.001152,1,4,48,0,1
4180,0.126100,0.299400,0.007700,0.024700,0.024800,0.066400,0.002500,0.019296,0.003040,,0.013088,0.001152,1,4,48,0,1
4181,0.122300,0.139400,0.007400,0.022500,0.023400,0.065700,0.003200,0.019296,0.002976,,0.012992,0.001152,1,4,48,0,1
4182,0.120700,0.135600,0.007400,0.022500,0.023300,0.059100,0.008300,0.019296,0.003008,,0.013024,0.001152,1,4,48,0,1
4183,0.121800,0.133600,0.007500,0.022500,0.023700,0.064200,0.003900,0.021440,0.002912,,0.011040,0.001120,1,4,48,0,1
4184,0.115200,0.134900,0.007400,0.022800,0.023800,0.058100,0.003100,0.022176,0.003232,,0.011392,0.001184,1,4,48,0,1
4185,0.113700,0.128200,0.007300,0.022600,0.023200,0.057300,0.003100,0.018752,0.003072,,0.010368,0.001120,1,4,48,0,1
4186,0.122000,0.127100,0.007300,0.022500,0.023000,0.063900,0.005200,0.019104,0.003232,,0.010304,0.001152,1,4,48,0,1
4187,0.116700,0.135000,0.007300,0.022700,0.023200,0.061600,0.001800,0.018720,0.003136,,0.010144,0.001152,1,4,48,0,1
4188,0.120700,0.129600,0.007500,0.022500,0.023300,0.063300,0.003900,0.019040,0.003040,,0.010432,0.001184,1,4,48,0,1
4189,0.119500,0.133700,0.007300,0.022400,0.023200,0.064500,0.001900,0.019264,0.003168,,0.010560,0.001152,1,4,48,0,1
4190,0.119600,0.132300,0.007400,0.022500,0.023300,0.064500,0.001800,0.019040,0.003104,,0.010400,0.001152,1,4,48,0,1
4191,0.119400,0.132800,0.007300,0.022400,0.023000,0.064800,0.001800,0.021664,0.002976,,0.011104,0.001184,1,4,48,0,1
4192,0.124200,0.132700,0.007300,0.022700,0.023100,0.057800,0.013300,0.021504,0.003104,,0.011072,0.001184,1,4,48,0,1
4193,0.122400,0.137400,0.007600,0.023000,0.022800,0.058300,0.010700,0.019360,0.003008,,0.010400,0.001152,1,4,48,0,1
4194,0.122100,0.135300,0.007800,0.022800,0.023800,0.058700,0.009000,0.021408,0.003072,,0.011072,0.001088,1,4,48,0,1
4195,0.115200,0.135200,0.007500,0.022500,0.023100,0.058700,0.003200,0.019584,0.003264,,0.012864,0.001152,1,4,48,0,1
4196,0.123000,0.128200,0.007300,0.022500,0.023300,0.058800,0.010800,0.018464,0.002944,,0.010816,0.001120,1,4,48,0,1
4197,0.111800,0.136300,0.007400,0.022800,0.022700,0.056900,0.001900,0.019712,0.003008,,0.010368,0.001152,1,4,48,0,1
4198,0.111800,0.125300,0.007400,0.022700,0.023000,0.056300,0.002400,0.019040,0.003168,,0.010400,0.001152,1,4,48,0,1
4199,0.111900,0.125000,0.007400,0.022600,0.023000,0.057000,0.001900,0.022016,0.003040,,0.011392,0.001152,1,4,48,0,1
4200,0.122700,0.125000,0.007300,0.022600,0.023500,0.066900,0.002100,0.018848,0.003040,,0.010400,0.001088,1,4,48,0,1
4201,0.124000,0.140400,0.009000,0.025500,0.026100,0.060000,0.003200,0.019072,0.002976,,0.010368,0.001184,1,4,48,0,1
4202,0.114900,0.137900,0.007700,0.023000,0.023300,0.057700,0.003200,0.021664,0.002976,,0.011200,0.001152,1,4,48,0,1
4203,0.123000,0.127900,0.007300,0.022500,0.023200,0.058500,0.011500,0.018976,0.003008,,0.010432,0.001152,1,4,48,0,1
4204,0.123100,0.136000,0.007300,0.022200,0.023000,0.058200,0.012200,0.021568,0.002944,,0.012416,0.001152,1,4,48,0,1
4205,0.120100,0.136200,0.007300,0.022300,0.022900,0.063300,0.004100,0.019392,0.002944,,0.013024,0.001184,1,4,48,0,1
4206,0.116100,0.133600,0.007200,0.022400,0.023300,0.061500,0.001700,0.018688,0.003072,,0.010528,0.001120,1,4,48,0,1
4207,0.118600,0.129100,0.007300,0.022300,0.023100,0.064100,0.001800,0.019072,0.003200,,0.010400,0.001088,1,4,48,0,1
4208,0.122700,0.136400,0.007700,0.023000,0.024300,0.065900,0.001800,0.019040,0.003136,,0.010464,0.001088,1,4,48,0,1
4209,0.120700,0.135900,0.007300,0.022500,0.023400,0.065400,0.002000,0.018496,0.003040,,0.010688,0.001152,1,4,48,0,1
4210,0.119800,0.134000,0.007300,0.022800,0.023500,0.061300,0.004800,0.018496,0.003008,,0.010848,0.001152,1,4,48,0,1
4211,0.117500,0.132900,0.007300,0.022300,0.023000,0.062000,0.002900,0.019168,0.003264,,0.010368,0.001120,1,4,48,0,1
4212,0.119900,0.130700,0.007400,0.022300,0.023600,0.062900,0.003700,0.018560,0.003104,,0.010880,0.001184,1,4,48,0,1
4213,0.146900,0.132800,0.007300,0.022300,0.023000,0.090700,0.003500,0.018784,0.002944,,0.010400,0.001184,1,4,48,0,1
4214,0.126700,0.160300,0.007700,0.024700,0.025100,0.059000,0.010200,0.019104,0.003008,,0.010560,0.001152,1,4,48,0,1
4215,0.123900,0.139600,0.007500,0.022600,0.023800,0.058200,0.011400,0.018592,0.003072,,0.010912,0.001184,1,4,48,0,1
4216,0.121900,0.137100,0.007300,0.022300,0.023400,0.058400,0.010400,0.019168,0.003264,,0.010432,0.001088,1,4,48,0,1
4217,0.121400,0.134800,0.007200,0.022500,0.023500,0.058300,0.009800,0.019264,0.003136,,0.010592,0.001120,1,4,48,0,1
4218,0.122100,0.134400,0.007400,0.022300,0.023800,0.058900,0.009600,0.018848,0.002880,,0.010400,0.001184,1,4,48,0,1
4219,0.115800,0.135100,0.007700,0.022700,0.023300,0.058700,0.003200,0.021504,0.002976,,0.012320,0.001120,1,4,48,0,1
4220,0.124300,0.128800,0.007600,0.022500,0.023300,0.057000,0.013800,0.019392,0.003392,,0.010496,0.001120,1,4,48,0,1
4221,0.113100,0.137300,0.007700,0.022400,0.023500,0.057200,0.002300,0.018976,0.003072,,0.010496,0.001184,1,4,48,0,1
4222,0.115200,0.126100,0.007400,0.022700,0.025400,0.057800,0.001900,0.018752,0.003232,,0.010816,0.001152,1,4,48,0,1
4223,0.107000,0.128500,0.007200,0.022700,0.021000,0.054200,0.001700,0.019168,0.003360,,0.010432,0.001120,1,4,48,0,1
4224,0.149600,0.119800,0.007200,0.021900,0.026300,0.060600,0.033200,0.019840,0.003104,,0.010400,0.001152,1,4,48,0,1
4225,0.124200,0.162900,0.007500,0.024300,0.023500,0.066200,0.002600,0.019840,0.002912,,0.012448,0.001152,1,4,48,0,1
4226,0.124200,0.137400,0.007400,0.022500,0.034300,0.057800,0.002100,0.018464,0.003008,,0.010848,0.001184,1,4,48,0,1
4227,0.115100,0.137300,0.007600,0.022400,0.023400,0.058500,0.003200,0.018432,0.003040,,0.010848,0.001152,1,4,48,0,1
4228,0.118100,0.128200,0.007200,0.022500,0.023100,0.063500,0.001700,0.018784,0.002976,,0.010336,0.001152,1,4,48,0,1
4229,0.117500,0.131000,0.007300,0.022500,0.023200,0.062600,0.001700,0.018496,0.003008,,0.010688,0.001152,1,4,48,0,1
4230,0.124000,0.130600,0.007300,0.022400,0.023800,0.057500,0.013000,0.021472,0.002944,,0.012448,0.001152,1,4,48,0,1
4231,0.121600,0.137100,0.007600,0.022300,0.023900,0.058400,0.009300,0.019200,0.003328,,0.010368,0.001120,1,4,48,0,1
4232,0.120300,0.134400,0.007100,0.022300,0.023200,0.058200,0.009100,0.019296,0.003360,,0.010496,0.001120,1,4,48,0,1
4233,0.123400,0.133200,0.007200,0.022400,0.022800,0.058200,0.012600,0.018848,0.003072,,0.010368,0.001184,1,4,48,0,1
4234,0.120500,0.136500,0.007200,0.022400,0.022700,0.058500,0.009500,0.019008,0.003136,,0.010400,0.001088,1,4,48,0,1
4235,0.123400,0.133600,0.007200,0.022500,0.023900,0.057700,0.011900,0.019040,0.002944,,0.010528,0.001152,1,4,48,0,1
4236,0.121800,0.136600,0.007400,0.022500,0.023700,0.058200,0.009800,0.019072,0.002944,,0.013024,0.001152,1,4,48,0,1
4237,0.123000,0.134900,0.007300,0.022500,0.022700,0.057900,0.012500,0.021344,0.003008,,0.011040,0.001152,1,4,48,0,1
4238,0.121600,0.136600,0.007400,0.023200,0.023800,0.058600,0.008500,0.019168,0.003200,,0.010400,0.001184,1,4,48,0,1
4239,0.113300,0.134700,0.007300,0.022500,0.023100,0.058400,0.001900,0.021664,0.003040,,0.011104,0.001184,1,4,48,0,1
4240,0.113400,0.126300,0.007300,0.022300,0.023400,0.057100,0.003000,0.021568,0.003008,,0.011104,0.001152,1,4,48,0,1
4241,0.109200,0.126300,0.007200,0.022300,0.021800,0.055800,0.001900,0.019040,0.002976,,0.013088,0.001184,1,4,48,0,1
4242,0.114100,0.122100,0.007100,0.022500,0.023700,0.057500,0.003200,0.019040,0.002944,,0.010528,0.001184,1,4,48,0,1
4243,0.114300,0.127400,0.007300,0.022700,0.023100,0.058000,0.003100,0.019456,0.003008,,0.012896,0.001152,1,4,48,0,1
4244,0.113900,0.127300,0.007300,0.022600,0.022600,0.058100,0.003200,0.019072,0.003040,,0.010464,0.001184,1,4,48,0,1
4245,0.113900,0.127200,0.007600,0.022200,0.023300,0.057800,0.003000,0.019040,0.003136,,0.010368,0.001152,1,4,48,0,1
4246,0.114500,0.127200,0.007400,0.022300,0.023000,0.058600,0.003100,0.019232,0.003072,,0.013056,0.001152,1,4,48,0,1
4247,0.113600,0.127800,0.007500,0.022300,0.023300,0.057300,0.003100,0.019264,0.003360,,0.010464,0.001120,1,4,48,0,1
4248,0.113800,0.126600,0.007300,0.022400,0.023100,0.057600,0.003100,0.019200,0.003136,,0.010496,0.001184,1,4,48,0,1
4249,0.113300,0.127100,0.007300,0.022800,0.022900,0.057100,0.003200,0.021472,0.003040,,0.010976,0.001088,1,4,48,0,1
4250,0.114100,0.126300,0.007400,0.022500,0.022700,0.058100,0.003100,0.021440,0.002944,,0.011072,0.001152,1,4,48,0,1
4251,0.114500,0.127400,0.007300,0.022300,0.023200,0.058200,0.003400,0.019264,0.003168,,0.010496,0.001184,1,4,48,0,1
4252,0.120700,0.127600,0.007300,0.022600,0.023100,0.063400,0.004100,0.018624,0.003072,,0.010944,0.001152,1,4,48,0,1
4253,0.122100,0.133800,0.007300,0.022400,0.023200,0.067500,0.001700,0.019040,0.003264,,0.010272,0.001152,1,4,48,0,1
4254,0.115700,0.135400,0.007300,0.022700,0.023700,0.058500,0.003300,0.018944,0.002944,,0.010560,0.001152,1,4,48,0,1
4255,0.114500,0.128800,0.007200,0.022500,0.023200,0.058500,0.003100,0.019072,0.003008,,0.010496,0.001184,1,4,48,0,1
4256,0.114600,0.127500,0.007300,0.022400,0.022900,0.058700,0.003200,0.019008,0.003008,,0.010432,0.001152,1,4,48,0,1
4257,0.114100,0.127800,0.007300,0.022200,0.023200,0.058300,0.003100,0.019104,0.003136,,0.010464,0.001120,1,4,48,0,1
4258,0.121400,0.127100,0.007100,0.022500,0.023200,0.066500,0.001800,0.018400,0.002912,,0.010496,0.001184,1,4,48,0,1
4259,0.120500,0.134300,0.007300,0.022800,0.023300,0.058200,0.008900,0.019104,0.003168,,0.010400,0.001152,1,4,48,0,1
4260,0.121100,0.133700,0.007200,0.022300,0.023600,0.058300,0.009400,0.018528,0.002944,,0.010304,0.001184,1,4,48,0,1
4261,0.125800,0.134100,0.007400,0.025000,0.025200,0.060400,0.007700,0.019008,0.003072,,0.010400,0.001152,1,4,48,0,1
4262,0.115600,0.139000,0.007400,0.022400,0.023700,0.059300,0.002800,0.019872,0.003040,,0.013920,0.001120,1,4,48,0,1
4263,0.115000,0.128700,0.007300,0.022700,0.023600,0.058200,0.003100,0.019104,0.003008,,0.010528,0.001152,1,4,48,0,1
4264,0.119700,0.128400,0.007300,0.022600,0.023000,0.064300,0.002100,0.019104,0.003328,,0.010304,0.001088,1,4,48,0,1
4265,0.113900,0.132700,0.007400,0.022300,0.023000,0.058000,0.003100,0.019072,0.003168,,0.010400,0.001152,1,4,48,0,1
4266,0.115700,0.126800,0.007200,0.022400,0.023400,0.059500,0.003100,0.021568,0.003008,,0.012512,0.001152,1,4,48,0,1
4267,0.113400,0.129000,0.007200,0.022500,0.022700,0.057600,0.003200,0.019104,0.003200,,0.010400,0.001120,1,4,48,0,1
4268,0.174100,0.126700,0.007300,0.022500,0.026400,0.111500,0.006400,0.018464,0.002976,,0.010912,0.001184,1,4,48,0,1
4269,0.151600,0.189800,0.008700,0.031200,0.025800,0.082200,0.003500,0.019360,0.002880,,0.010464,0.001184,1,4,48,0,1
4270,0.123100,0.165300,0.007700,0.023800,0.024800,0.065000,0.001800,0.018464,0.003008,,0.010848,0.001120,1,4,48,0,1
4271,0.124600,0.136600,0.007500,0.023100,0.024200,0.059700,0.009800,0.021664,0.003104,,0.012352,0.001152,1,4,48,0,1
4272,0.122800,0.137900,0.007500,0.022600,0.024300,0.065500,0.002800,0.018912,0.003040,,0.010432,0.001152,1,4,48,0,1
4273,0.126200,0.136000,0.007300,0.022800,0.024200,0.059900,0.011900,0.021600,0.003008,,0.011136,0.001184,1,4,48,0,1
4274,0.117100,0.139400,0.007400,0.022700,0.024100,0.059500,0.003200,0.019072,0.003232,,0.010336,0.001120,1,4,48,0,1
4275,0.125200,0.136000,0.007400,0.023400,0.024800,0.059400,0.010000,0.019168,0.003136,,0.010496,0.001152,1,4,48,0,1
4276,0.121600,0.138300,0.007100,0.022600,0.023600,0.059300,0.008700,0.019168,0.003264,,0.010368,0.001120,1,4,48,0,1
4277,0.123300,0.134800,0.007400,0.023200,0.023500,0.059400,0.009800,0.019232,0.003296,,0.010368,0.001184,1,4,48,0,1
4278,0.123000,0.136200,0.007700,0.022400,0.023600,0.058900,0.010300,0.019040,0.002976,,0.010496,0.001152,1,4,48,0,1
4279,0.124400,0.136000,0.007200,0.022700,0.023600,0.059100,0.011800,0.019200,0.003232,,0.010464,0.001120,1,4,48,0,1
4280,0.120600,0.137600,0.007300,0.022800,0.023900,0.063700,0.002700,0.019296,0.003200,,0.010528,0.001152,1,4,48,0,1
4281,0.128600,0.133700,0.007200,0.022800,0.029600,0.066200,0.002800,0.019328,0.003232,,0.010528,0.001152,1,4,48,0,1
4282,0.214000,0.141700,0.007700,0.043700,0.035600,0.124600,0.002100,0.019488,0.003008,,0.010304,0.001184,1,4,48,0,1
4283,0.137700,0.228900,0.008400,0.031600,0.028200,0.066000,0.003200,0.020064,0.003168,,0.013920,0.001152,1,4,48,0,1
4284,0.157400,0.151400,0.007700,0.026400,0.031400,0.085200,0.006600,0.019808,0.003136,,0.010528,0.001120,1,4,48,0,1
4285,0.143900,0.172000,0.008700,0.030600,0.034200,0.067000,0.003300,0.020800,0.003072,,0.012992,0.001184,1,4,48,0,1
4286,0.131200,0.157500,0.007800,0.023300,0.021300,0.075800,0.002900,0.019936,0.002880,,0.013024,0.001184,1,4,48,0,1
4287,0.124700,0.144600,0.007400,0.022900,0.021400,0.069600,0.003400,0.020576,0.002848,,0.011840,0.001152,1,4,48,0,1
4288,0.126600,0.137900,0.007700,0.022600,0.021600,0.072600,0.002100,0.020896,0.003136,,0.011392,0.001184,1,4,48,0,1
4289,0.119200,0.139600,0.007400,0.022400,0.020300,0.066500,0.002500,0.019616,0.003072,,0.010336,0.001152,1,4,48,0,1
4290,0.174900,0.137700,0.010100,0.036200,0.026600,0.095500,0.006200,0.020608,0.003104,,0.012992,0.001152,1,4,48,0,1
4291,0.188600,0.193900,0.010700,0.038700,0.034200,0.100400,0.004500,0.019904,0.003136,,0.010432,0.001152,1,4,48,0,1
4292,0.178600,0.207900,0.010400,0.036100,0.036000,0.090900,0.005200,0.021696,0.003136,,0.011072,0.001120,1,4,48,0,1
4293,0.159300,0.196700,0.010100,0.037400,0.033200,0.065000,0.013400,0.019680,0.002944,,0.013824,0.001120,1,4,48,0,1
4294,0.118200,0.173400,0.007800,0.024200,0.023500,0.059200,0.003100,0.019200,0.002976,,0.012960,0.001152,1,4,48,0,1
4295,0.127200,0.131300,0.007400,0.022400,0.023100,0.069200,0.005000,0.018912,0.003040,,0.010304,0.001184,1,4,48,0,1
4296,0.123500,0.140500,0.007500,0.023100,0.023500,0.058800,0.010600,0.019232,0.003040,,0.013120,0.001152,1,4,48,0,1
4297,0.114300,0.136900,0.007300,0.022700,0.023300,0.057800,0.003100,0.019200,0.003072,,0.010560,0.001184,1,4,48,0,1
4298,0.120900,0.127400,0.007300,0.022500,0.023500,0.058000,0.009600,0.018464,0.003008,,0.010784,0.001152,1,4,48,0,1
4299,0.119700,0.134200,0.007400,0.022600,0.023400,0.063200,0.002900,0.018464,0.003008,,0.010784,0.001152,1,4,48,0,1
4300,0.126200,0.132600,0.007200,0.022400,0.023400,0.071100,0.001900,0.018912,0.003040,,0.010304,0.001152,1,4,48,0,1
4301,0.134900,0.139600,0.007300,0.034900,0.024200,0.065100,0.003300,0.018912,0.003104,,0.010368,0.001152,1,4,48,0,1
4302,0.124100,0.148500,0.007500,0.023100,0.023300,0.058300,0.011900,0.018720,0.003168,,0.010528,0.001120,1,4,48,0,1
4303,0.122100,0.137200,0.007300,0.022500,0.023600,0.058200,0.010500,0.019168,0.003040,,0.010528,0.001184,1,4,48,0,1
4304,0.124400,0.135000,0.007100,0.022300,0.023800,0.058400,0.012700,0.019136,0.003104,,0.010464,0.001184,1,4,48,0,1
4305,0.119600,0.137500,0.007200,0.022400,0.023100,0.059300,0.007500,0.019136,0.003136,,0.010400,0.001152,1,4,48,0,1
4306,0.122300,0.132600,0.007400,0.022600,0.023400,0.058900,0.009900,0.018816,0.002880,,0.010368,0.001184,1,4,48,0,1
4307,0.123500,0.135200,0.007500,0.022400,0.023500,0.058500,0.011600,0.021536,0.002976,,0.012480,0.001152,1,4,48,0,1
4308,0.114900,0.136600,0.007300,0.022400,0.023500,0.058300,0.003200,0.019136,0.003040,,0.010496,0.001216,1,4,48,0,1
4309,0.143000,0.128000,0.007200,0.022300,0.021200,0.089000,0.003100,0.019040,0.003168,,0.010368,0.001120,1,4,48,0,1
4310,0.198200,0.158400,0.008800,0.030900,0.047000,0.108000,0.003300,0.020416,0.003072,,0.011456,0.001152,1,4,48,0,1
4311,0.186400,0.212400,0.008000,0.059000,0.025900,0.089100,0.004400,0.019360,0.003296,,0.010496,0.001184,1,4,48,0,1
4312,0.151500,0.200400,0.007700,0.024600,0.024900,0.090700,0.003500,0.019232,0.003328,,0.010368,0.001152,1,4,48,0,1
4313,0.147900,0.165400,0.007600,0.024200,0.024900,0.087500,0.003700,0.018688,0.003104,,0.010432,0.001184,1,4,48,0,1
4314,0.191300,0.161700,0.007700,0.024500,0.024400,0.130800,0.003700,0.019104,0.003232,,0.010368,0.001120,1,4,48,0,1
4315,0.150900,0.205000,0.007800,0.025500,0.025300,0.088600,0.003700,0.018944,0.003072,,0.010336,0.001152,1,4,48,0,1
4316,0.156800,0.164500,0.007900,0.023800,0.024500,0.096900,0.003600,0.021760,0.003200,,0.011072,0.001184,1,4,48,0,1
4317,0.147800,0.170400,0.007600,0.024500,0.024600,0.087300,0.003600,0.018688,0.003136,,0.010464,0.001120,1,4,48,0,1
4318,0.149000,0.161500,0.007800,0.023800,0.024600,0.089000,0.003600,0.021664,0.003072,,0.011072,0.001152,1,4,48,0,1
4319,0.149200,0.162600,0.007500,0.024500,0.024400,0.089200,0.003600,0.021472,0.003008,,0.011008,0.001184,1,4,48,0,1
4320,0.165900,0.162700,0.007500,0.024300,0.042800,0.087300,0.004000,0.019008,0.003040,,0.010400,0.001184,1,4,48,0,1
4321,0.120200,0.180600,0.008000,0.025000,0.024700,0.059300,0.003200,0.021536,0.002944,,0.011136,0.001152,1,4,48,0,1
4322,0.116300,0.133600,0.007300,0.023000,0.023800,0.059100,0.003100,0.018976,0.002976,,0.010464,0.001152,1,4,48,0,1
4323,0.123100,0.129600,0.007500,0.022500,0.023200,0.058900,0.010900,0.019136,0.003360,,0.010240,0.001184,1,4,48,0,1
4324,0.115900,0.136000,0.007500,0.022500,0.023900,0.058700,0.003100,0.021600,0.002976,,0.011072,0.001184,1,4,48,0,1
4325,0.113700,0.128900,0.008000,0.022700,0.023400,0.057500,0.002100,0.019104,0.003040,,0.013024,0.001184,1,4,48,0,1
4326,0.113500,0.126900,0.007200,0.022800,0.022700,0.057100,0.003500,0.019136,0.003296,,0.010336,0.001120,1,4,48,0,1
4327,0.112800,0.126700,0.007600,0.022700,0.023200,0.057200,0.001900,0.019200,0.003072,,0.012960,0.001152,1,4,48,0,1
4328,0.113600,0.125700,0.007300,0.022700,0.023800,0.057300,0.002400,0.019808,0.003040,,0.013856,0.001120,1,4,48,0,1
4329,0.120000,0.126700,0.007300,0.022800,0.023100,0.064500,0.002300,0.018432,0.002944,,0.010720,0.001120,1,4,48,0,1
4330,0.114100,0.133500,0.007300,0.022700,0.023900,0.058000,0.002100,0.019104,0.003296,,0.010336,0.001120,1,4,48,0,1
4331,0.112800,0.127200,0.007400,0.022400,0.022900,0.057300,0.002700,0.018976,0.003104,,0.010304,0.001152,1,4,48,0,1
4332,0.120600,0.125800,0.007300,0.022400,0.022900,0.057700,0.010000,0.018848,0.003168,,0.010336,0.001120,1,4,48,0,1
4333,0.128100,0.133500,0.007200,0.022600,0.023700,0.069000,0.005600,0.021664,0.003040,,0.012416,0.001152,1,4,48,0,1
4334,0.119900,0.141100,0.007500,0.022800,0.023200,0.064500,0.001800,0.018528,0.003104,,0.010656,0.001152,1,4,48,0,1
4335,0.120900,0.133000,0.007300,0.022500,0.023500,0.056900,0.010700,0.018816,0.003200,,0.010144,0.001120,1,4,48,0,1
4336,0.119000,0.134100,0.007100,0.022400,0.023300,0.064300,0.001800,0.018592,0.003104,,0.010848,0.001152,1,4,48,0,1
4337,0.113000,0.132200,0.007300,0.022400,0.023600,0.057300,0.002200,0.018944,0.003008,,0.010368,0.001152,1,4,48,0,1
4338,0.121900,0.126000,0.007200,0.022400,0.023300,0.058200,0.010700,0.019264,0.003232,,0.013088,0.001120,1,4,48,0,1
4339,0.121600,0.135500,0.007200,0.022600,0.023500,0.057800,0.010500,0.019040,0.002976,,0.013120,0.001120,1,4,48,0,1
4340,0.118100,0.134400,0.007300,0.022600,0.027800,0.058000,0.002300,0.018944,0.002976,,0.012992,0.001152,1,4,48,0,1
4341,0.121900,0.131200,0.007200,0.022600,0.022900,0.057500,0.011500,0.019072,0.003008,,0.013120,0.001152,1,4,48,0,1
4342,0.113100,0.135100,0.007200,0.022500,0.023500,0.057500,0.002300,0.018944,0.003008,,0.010368,0.001152,1,4,48,0,1
4343,0.124000,0.126400,0.007400,0.022800,0.023400,0.058300,0.012100,0.019168,0.003040,,0.013120,0.001152,1,4,48,0,1
4344,0.113300,0.137300,0.007200,0.022600,0.023300,0.057700,0.002200,0.019808,0.002912,,0.013920,0.001184,1,4,48,0,1
4345,0.114000,0.126600,0.007400,0.022600,0.023600,0.058000,0.002200,0.018976,0.003104,,0.010336,0.001152,1,4,48,0,1
4346,0.114400,0.127200,0.007200,0.022600,0.023300,0.057400,0.003800,0.019424,0.003456,,0.010464,0.001120,1,4,48,0,1
4347,0.113500,0.127700,0.007300,0.022600,0.023500,0.057700,0.002300,0.019232,0.003264,,0.010464,0.001120,1,4,48,0,1
4348,0.126500,0.126600,0.007300,0.026500,0.023700,0.067100,0.001700,0.018368,0.002976,,0.010848,0.001120,1,4,48,0,1
4349,0.114900,0.140000,0.007400,0.023300,0.023800,0.058100,0.002200,0.019040,0.002944,,0.013056,0.001152,1,4,48,0,1
4350,0.114900,0.128100,0.007400,0.022800,0.022900,0.058000,0.003700,0.019872,0.002976,,0.013952,0.001184,1,4,48,0,1
4351,0.116900,0.128200,0.007400,0.022800,0.023800,0.060200,0.002700,0.020736,0.003360,,0.011360,0.001120,1,4,48,0,1
4352,0.127400,0.130100,0.007300,0.022800,0.021000,0.056700,0.019300,0.020096,0.003264,,0.010112,0.001152,1,4,48,0,1
4353,0.123300,0.140400,0.007500,0.022600,0.021000,0.068600,0.003500,0.020928,0.002848,,0.012096,0.001152,1,4,48,0,1
4354,0.138300,0.136400,0.007400,0.023000,0.035000,0.059600,0.013200,0.019904,0.003008,,0.013952,0.001152,1,4,48,0,1
4355,0.115200,0.151400,0.007300,0.022800,0.023300,0.057900,0.003700,0.019328,0.003424,,0.010400,0.001088,1,4,48,0,1
4356,0.115800,0.128500,0.007200,0.023000,0.023200,0.058400,0.003800,0.018912,0.003008,,0.010400,0.001120,1,4,48,0,1
4357,0.113700,0.129100,0.007300,0.022700,0.023700,0.057900,0.002100,0.019040,0.003040,,0.010464,0.001152,1,4,48,0,1
4358,0.125100,0.126800,0.007600,0.023000,0.022900,0.058000,0.013200,0.018528,0.003200,,0.010816,0.001120,1,4,48,0,1
4359,0.115100,0.138400,0.007200,0.022700,0.023200,0.058400,0.003500,0.021632,0.003072,,0.011072,0.001152,1,4,48,0,1
4360,0.114100,0.128200,0.007600,0.022500,0.023600,0.058200,0.002100,0.019040,0.003136,,0.010400,0.001120,1,4,48,0,1
4361,0.123400,0.127200,0.007300,0.022800,0.023300,0.057800,0.012000,0.018528,0.002976,,0.010336,0.001152,1,4,48,0,1
4362,0.122900,0.136500,0.007400,0.022300,0.023200,0.058200,0.011500,0.018528,0.003008,,0.010784,0.001152,1,4,48,0,1
4363,0.122700,0.136100,0.007200,0.022400,0.027200,0.063100,0.002500,0.021728,0.003072,,0.012512,0.001152,1,4,48,0,1
4364,0.114100,0.135800,0.007500,0.022900,0.023900,0.057600,0.002100,0.018944,0.003104,,0.010368,0.001152,1,4,48,0,1
4365,0.124300,0.127200,0.007300,0.022700,0.023300,0.057200,0.013500,0.018976,0.003104,,0.010336,0.001152,1,4,48,0,1
4366,0.114400,0.137200,0.007500,0.022800,0.023800,0.057600,0.002600,0.021184,0.002976,,0.012096,0.001152,1,4,48,0,1
4367,0.112700,0.127500,0.007600,0.022500,0.023300,0.057000,0.002100,0.019072,0.003232,,0.010336,0.001120,1,4,48,0,1
4368,0.112200,0.125800,0.007200,0.022700,0.023400,0.057000,0.001900,0.018944,0.002944,,0.010464,0.001152,1,4,48,0,1
4369,0.115000,0.125500,0.007400,0.022800,0.023400,0.058300,0.003000,0.021600,0.003136,,0.011104,0.001120,1,4,48,0,1
4370,0.119600,0.128100,0.007300,0.022700,0.023200,0.064100,0.001800,0.018752,0.003008,,0.010208,0.001152,1,4,48,0,1
4371,0.122500,0.136700,0.007300,0.022500,0.023400,0.058300,0.010900,0.018592,0.002944,,0.010496,0.001184,1,4,48,0,1
4372,0.114500,0.135500,0.007200,0.022800,0.023200,0.059000,0.002200,0.021536,0.003040,,0.011040,0.001152,1,4,48,0,1
4373,0.112700,0.127400,0.007200,0.022500,0.023300,0.057200,0.002400,0.021184,0.003008,,0.011968,0.001152,1,4,48,0,1
4374,0.112700,0.125600,0.007200,0.022600,0.023000,0.057200,0.002500,0.019360,0.002976,,0.010400,0.001184,1,4,48,0,1
4375,0.114400,0.125700,0.007700,0.022800,0.023500,0.057900,0.002400,0.019680,0.003296,,0.010432,0.001152,1,4,48,0,1
4376,0.117300,0.135000,0.007400,0.022600,0.023100,0.057200,0.006900,0.019008,0.003040,,0.010400,0.001152,1,4,48,0,1
4377,0.112700,0.130400,0.007400,0.022700,0.023000,0.057300,0.002300,0.021504,0.002816,,0.011072,0.001184,1,4,48,0,1
4378,0.112800,0.125800,0.007600,0.022600,0.023300,0.057300,0.001900,0.021568,0.002880,,0.012512,0.001184,1,4,48,0,1
4379,0.129500,0.125800,0.007400,0.027900,0.023700,0.057600,0.012700,0.018400,0.002976,,0.010528,0.001152,1,4,48,0,1
4380,0.125600,0.142700,0.007500,0.030100,0.027700,0.057900,0.002200,0.019136,0.003008,,0.010528,0.001152,1,4,48,0,1
4381,0.123100,0.138500,0.013500,0.023100,0.024400,0.059400,0.002400,0.019168,0.003072,,0.010528,0.001184,1,4,48,0,1
4382,0.121800,0.136300,0.007400,0.022400,0.023200,0.057200,0.011600,0.019168,0.002976,,0.012960,0.001120,1,4,48,0,1
4383,0.123200,0.134800,0.007500,0.022400,0.023100,0.058300,0.011600,0.019168,0.003072,,0.010528,0.001184,1,4,48,0,1
4384,0.121900,0.136000,0.007300,0.022500,0.023100,0.058600,0.010300,0.018528,0.003008,,0.010560,0.001152,1,4,48,0,1
4385,0.113600,0.135000,0.007200,0.022600,0.022900,0.058300,0.002500,0.021728,0.003136,,0.011040,0.001120,1,4,48,0,1
4386,0.122500,0.126500,0.007200,0.022300,0.023000,0.058400,0.011500,0.019264,0.003328,,0.010368,0.001184,1,4,48,0,1
4387,0.122100,0.135800,0.007200,0.022600,0.023200,0.067200,0.001800,0.018656,0.003040,,0.010304,0.001152,1,4,48,0,1
4388,0.113800,0.135000,0.007400,0.022400,0.022600,0.059000,0.002300,0.021600,0.003040,,0.011104,0.001152,1,4,48,0,1
4389,0.233900,0.126900,0.007200,0.022700,0.023100,0.176000,0.004600,0.019136,0.003040,,0.010560,0.001152,1,4,48,0,1
4390,0.190200,0.252900,0.010600,0.037500,0.035000,0.101500,0.005500,0.021888,0.003200,,0.011680,0.001184,1,4,48,0,1
4391,0.180400,0.209700,0.010600,0.037800,0.034900,0.087500,0.009500,0.019776,0.003008,,0.013856,0.001152,1,4,48,0,1
4392,0.134700,0.194800,0.008900,0.030500,0.028400,0.063100,0.003500,0.021600,0.003008,,0.011744,0.001152,1,4,48,0,1
4393,0.116100,0.148000,0.007400,0.023200,0.024300,0.057500,0.003600,0.019200,0.003296,,0.010400,0.001088,1,4,48,0,1
4394,0.113800,0.129200,0.007700,0.022700,0.023300,0.057900,0.002200,0.019200,0.003136,,0.013120,0.001152,1,4,48,0,1
4395,0.142100,0.127100,0.007200,0.022300,0.030500,0.069300,0.012600,0.018592,0.003104,,0.010816,0.001152,1,4,48,0,1
4396,0.108800,0.155100,0.007400,0.022700,0.021100,0.055500,0.001800,0.019584,0.003104,,0.010944,0.001152,1,4,48,0,1
4397,0.125800,0.122000,0.007200,0.022400,0.020100,0.070900,0.005200,0.018752,0.003168,,0.009984,0.001120,1,4,48,0,1
4398,0.116400,0.139100,0.007100,0.022400,0.024500,0.060200,0.001800,0.020832,0.003008,,0.012928,0.001152,1,4,48,0,1
4399,0.115200,0.129500,0.007200,0.022500,0.023500,0.059100,0.002800,0.019136,0.002976,,0.012928,0.001120,1,4,48,0,1
4400,0.147900,0.131800,0.010500,0.028400,0.029100,0.077800,0.002000,0.019680,0.003104,,0.012864,0.001184,1,4,48,0,1
4401,0.173900,0.161800,0.007600,0.023000,0.023600,0.117600,0.001900,0.019136,0.003264,,0.010400,0.001120,1,4,48,0,1
4402,0.120200,0.187500,0.007600,0.024500,0.025300,0.059600,0.003100,0.019904,0.003136,,0.013888,0.001088,1,4,48,0,1
4403,0.114600,0.133300,0.007600,0.022500,0.023000,0.058100,0.003200,0.018336,0.003072,,0.010880,0.001120,1,4,48,0,1
4404,0.113500,0.127900,0.007300,0.022300,0.022900,0.057600,0.003200,0.019872,0.003040,,0.013856,0.001152,1,4,48,0,1
4405,0.113700,0.126900,0.007300,0.022300,0.023700,0.058200,0.001900,0.019168,0.003008,,0.013056,0.001184,1,4,48,0,1
4406,0.114400,0.126800,0.007400,0.022700,0.022700,0.058400,0.003100,0.018976,0.003104,,0.010368,0.001120,1,4,48,0,1
4407,0.118600,0.127900,0.007500,0.022600,0.023000,0.063700,0.001800,0.018720,0.003200,,0.010368,0.001120,1,4,48,0,1
4408,0.122400,0.131700,0.007200,0.022800,0.023300,0.058600,0.010400,0.019168,0.003072,,0.010560,0.001152,1,4,48,0,1
4409,0.124100,0.135500,0.007100,0.022500,0.023200,0.058000,0.013100,0.021568,0.002976,,0.011040,0.001184,1,4,48,0,1
4410,0.124000,0.137000,0.007400,0.022500,0.023100,0.058300,0.012500,0.021632,0.003072,,0.011104,0.001120,1,4,48,0,1
4411,0.114900,0.137100,0.007200,0.022700,0.023600,0.057800,0.003500,0.018848,0.003232,,0.010304,0.001120,1,4,48,0,1
4412,0.124700,0.127900,0.007200,0.022500,0.023100,0.058100,0.013500,0.018464,0.003008,,0.010784,0.001184,1,4,48,0,1
4413,0.124600,0.137800,0.007300,0.022500,0.023500,0.058700,0.012500,0.019040,0.002944,,0.013024,0.001184,1,4,48,0,1
4414,0.144800,0.137800,0.007200,0.022400,0.023400,0.087600,0.004200,0.021376,0.003104,,0.011968,0.001184,1,4,48,0,1
4415,0.123900,0.158600,0.007600,0.024500,0.024900,0.065200,0.001700,0.018432,0.002944,,0.010944,0.001184,1,4,48,0,1
4416,0.114300,0.137000,0.007400,0.022700,0.023000,0.057800,0.003200,0.019104,0.003168,,0.010432,0.001152,1,4,48,0,1
4417,0.113500,0.127400,0.007200,0.022500,0.023600,0.056900,0.003200,0.018816,0.002944,,0.013088,0.001088,1,4,48,0,1
4418,0.135600,0.126800,0.007400,0.022800,0.022900,0.069500,0.012800,0.019456,0.003456,,0.010432,0.001152,1,4,48,0,1
4419,0.142700,0.150800,0.008700,0.031100,0.028300,0.070900,0.003700,0.018528,0.003072,,0.010848,0.001152,1,4,48,0,1
4420,0.176100,0.156500,0.007700,0.024100,0.024700,0.116600,0.002800,0.018560,0.003136,,0.010848,0.001120,1,4,48,0,1
4421,0.171900,0.192300,0.008700,0.030700,0.028800,0.099400,0.004300,0.019744,0.003008,,0.013888,0.001184,1,4,48,0,1
4422,0.129600,0.185800,0.007700,0.024800,0.024900,0.060800,0.011200,0.018976,0.003008,,0.010464,0.001184,1,4,48,0,1
4423,0.139500,0.142800,0.007500,0.022900,0.023500,0.083700,0.001800,0.021472,0.002880,,0.011104,0.001184,1,4,48,0,1
4424,0.126600,0.152700,0.007200,0.022600,0.023200,0.060200,0.013200,0.019104,0.003072,,0.010432,0.001184,1,4,48,0,1
4425,0.113700,0.139800,0.007200,0.022500,0.023700,0.058400,0.001900,0.021952,0.003040,,0.011232,0.001152,1,4,48,0,1
4426,0.114500,0.126600,0.007800,0.023000,0.023500,0.057100,0.003100,0.019840,0.002976,,0.013920,0.001152,1,4,48,0,1
4427,0.115200,0.127600,0.007700,0.022600,0.023300,0.058400,0.003200,0.021600,0.003040,,0.012352,0.001088,1,4,48,0,1
4428,0.114500,0.128300,0.007300,0.022700,0.023100,0.058300,0.003000,0.019168,0.003264,,0.010432,0.001120,1,4,48,0,1
4429,0.114700,0.127400,0.007300,0.022500,0.023500,0.057700,0.003400,0.019136,0.003168,,0.010464,0.001088,1,4,48,0,1
4430,0.114600,0.127700,0.007200,0.022300,0.023400,0.058500,0.003100,0.019232,0.003360,,0.010336,0.001152,1,4,48,0,1
4431,0.114100,0.127800,0.007500,0.022600,0.022900,0.057900,0.003100,0.021536,0.002976,,0.011072,0.001152,1,4,48,0,1
4432,0.122500,0.126900,0.007200,0.022600,0.023400,0.058700,0.010300,0.021600,0.003072,,0.011040,0.001152,1,4,48,0,1
4433,0.120700,0.135500,0.007500,0.022500,0.023300,0.062400,0.004800,0.018528,0.003040,,0.010848,0.001184,1,4,48,0,1
4434,0.120200,0.133700,0.007200,0.022700,0.022900,0.058200,0.008900,0.019072,0.003104,,0.010432,0.001184,1,4,48,0,1
4435,0.119400,0.133500,0.007300,0.023000,0.024300,0.063000,0.001800,0.018496,0.002976,,0.010944,0.001184,1,4,48,0,1
4436,0.121900,0.132500,0.007300,0.022400,0.023300,0.059100,0.009700,0.019104,0.003008,,0.012992,0.001088,1,4,48,0,1
4437,0.118600,0.135000,0.007600,0.022800,0.023900,0.062500,0.001800,0.018496,0.003008,,0.010656,0.001152,1,4,48,0,1
4438,0.116500,0.131600,0.007200,0.022600,0.023900,0.058700,0.004000,0.021280,0.003008,,0.011040,0.001152,1,4,48,0,1
4439,0.121100,0.129700,0.007300,0.022700,0.023300,0.058700,0.009000,0.019072,0.003072,,0.010496,0.001120,1,4,48,0,1
4440,0.123400,0.134100,0.007200,0.022400,0.021000,0.057700,0.014900,0.020736,0.003104,,0.011840,0.001184,1,4,48,0,1
4441,0.122200,0.136200,0.007200,0.022300,0.027700,0.061700,0.003200,0.027072,0.003040,,0.011360,0.001152,1,4,48,0,1
4442,0.119300,0.135200,0.007600,0.022700,0.023100,0.061300,0.004400,0.018432,0.002944,,0.010944,0.001152,1,4,48,0,1
4443,0.122900,0.132300,0.007500,0.022700,0.023400,0.058300,0.011000,0.021600,0.003072,,0.012448,0.001120,1,4,48,0,1
4444,0.121200,0.135900,0.007200,0.022600,0.023900,0.057500,0.009800,0.018944,0.003072,,0.010336,0.001120,1,4,48,0,1
4445,0.114900,0.134100,0.007300,0.022700,0.022900,0.058600,0.003200,0.019040,0.003008,,0.010464,0.001152,1,4,48,0,1
4446,0.113200,0.128400,0.007500,0.022500,0.023100,0.057000,0.003100,0.019968,0.003008,,0.013920,0.001184,1,4,48,0,1
4447,0.122500,0.126400,0.007300,0.022600,0.023200,0.058000,0.011200,0.021600,0.003008,,0.012320,0.001184,1,4,48,0,1
4448,0.121200,0.135500,0.007200,0.022400,0.023200,0.058100,0.010200,0.021536,0.003040,,0.012416,0.001120,1,4,48,0,1
4449,0.114300,0.134200,0.007400,0.022700,0.023100,0.058800,0.001900,0.018944,0.003008,,0.010368,0.001184,1,4,48,0,1
4450,0.124900,0.132400,0.007500,0.023300,0.024200,0.059800,0.009900,0.019104,0.003200,,0.010400,0.001120,1,4,48,0,1
4451,0.123100,0.137800,0.007300,0.022800,0.023500,0.058800,0.010400,0.019136,0.003104,,0.010464,0.001152,1,4,48,0,1
4452,0.114800,0.136200,0.007300,0.022500,0.023300,0.058600,0.003100,0.021568,0.003136,,0.011040,0.001120,1,4,48,0,1
4453,0.121700,0.127900,0.007200,0.022600,0.023400,0.057900,0.010600,0.019136,0.003008,,0.013088,0.001120,1,4,48,0,1
4454,0.120400,0.134900,0.007300,0.022600,0.023100,0.058100,0.009200,0.019200,0.003136,,0.010496,0.001184,1,4,48,0,1
4455,0.119000,0.133300,0.007500,0.022500,0.023400,0.063500,0.001900,0.018624,0.003072,,0.010944,0.001152,1,4,48,0,1
4456,0.114300,0.132100,0.007300,0.022400,0.023000,0.058300,0.003200,0.019200,0.003168,,0.010560,0.001088,1,4,48,0,1
4457,0.113500,0.127200,0.007200,0.022700,0.023200,0.058300,0.001900,0.022208,0.003360,,0.011360,0.001120,1,4,48,0,1
4458,0.113200,0.126500,0.007400,0.022600,0.023500,0.056600,0.003100,0.018560,0.003072,,0.010880,0.001152,1,4,48,0,1
4459,0.114600,0.126300,0.007300,0.022500,0.023500,0.058200,0.003100,0.019104,0.003200,,0.010368,0.001152,1,4,48,0,1
4460,0.114100,0.127500,0.007400,0.022400,0.022900,0.058100,0.003200,0.019072,0.003040,,0.010496,0.001152,1,4,48,0,1
4461,0.115000,0.127100,0.007300,0.022400,0.023200,0.058600,0.003200,0.018976,0.003136,,0.010400,0.001152,1,4,48,0,1
4462,0.115200,0.128100,0.007300,0.022400,0.023600,0.058800,0.003100,0.021536,0.002912,,0.011104,0.001152,1,4,48,0,1
4463,0.113400,0.128500,0.007300,0.022500,0.023200,0.057400,0.003000,0.018496,0.002976,,0.010144,0.001152,1,4,48,0,1
4464,0.113400,0.126600,0.007300,0.022400,0.022800,0.057800,0.003100,0.019200,0.003200,,0.010432,0.001152,1,4,48,0,1
4465,0.125700,0.126800,0.007200,0.022400,0.033200,0.059600,0.003100,0.018816,0.003072,,0.010176,0.001184,1,4,48,0,1
4466,0.114400,0.138900,0.007400,0.023000,0.023100,0.057800,0.003100,0.021696,0.003104,,0.011072,0.001184,1,4,48,0,1
4467,0.114100,0.127700,0.007200,0.022700,0.023000,0.057900,0.003000,0.018560,0.003072,,0.010752,0.001152,1,4,48,0,1
4468,0.116200,0.127200,0.007800,0.022900,0.023600,0.058700,0.003000,0.019264,0.003136,,0.013120,0.001152,1,4,48,0,1
4469,0.114000,0.129400,0.007400,0.022800,0.023500,0.057400,0.002700,0.019360,0.003072,,0.010080,0.001120,1,4,48,0,1
4470,0.115600,0.127000,0.007800,0.023000,0.023300,0.059100,0.002400,0.022080,0.003072,,0.011392,0.001152,1,4,48,0,1
4471,0.119300,0.128700,0.007400,0.022800,0.027500,0.059100,0.002400,0.021696,0.003104,,0.011072,0.001152,1,4,48,0,1
4472,0.114700,0.132500,0.007400,0.022700,0.023800,0.058000,0.002800,0.019328,0.003072,,0.013120,0.001184,1,4,48,0,1
4473,0.114200,0.128000,0.007500,0.022700,0.023300,0.057600,0.002900,0.019552,0.002880,,0.010496,0.001184,1,4,48,0,1
4474,0.125400,0.127300,0.007400,0.022800,0.024200,0.058200,0.012600,0.018816,0.003136,,0.010592,0.001152,1,4,48,0,1
4475,0.113400,0.138700,0.007200,0.022700,0.023400,0.058000,0.001900,0.018816,0.003008,,0.010272,0.001152,1,4,48,0,1
4476,0.114200,0.126800,0.007300,0.022500,0.023700,0.057300,0.003200,0.018944,0.003008,,0.010400,0.001152,1,4,48,0,1
4477,0.122600,0.127600,0.007400,0.022700,0.023200,0.058700,0.010400,0.018848,0.002944,,0.010496,0.001120,1,4,48,0,1
4478,0.117200,0.135600,0.007300,0.022600,0.024000,0.058000,0.005300,0.019104,0.003200,,0.010432,0.001088,1,4,48,0,1
4479,0.121000,0.130200,0.007200,0.022800,0.023400,0.058400,0.009100,0.021280,0.002944,,0.011072,0.001152,1,4,48,0,1
4480,0.127300,0.134300,0.007400,0.022700,0.023600,0.071600,0.001800,0.019936,0.003168,,0.013888,0.001088,1,4,48,0,1
4481,0.118200,0.140300,0.007700,0.023000,0.023900,0.061900,0.001600,0.018816,0.003360,,0.010720,0.001152,1,4,48,0,1
4482,0.114700,0.131200,0.007300,0.022500,0.023200,0.058500,0.003100,0.021344,0.002944,,0.011072,0.001152,1,4,48,0,1
4483,0.121700,0.127900,0.007500,0.022600,0.023900,0.058700,0.008800,0.019040,0.003136,,0.010368,0.001152,1,4,48,0,1
4484,0.115200,0.135000,0.007400,0.022700,0.023000,0.059100,0.003000,0.019104,0.003200,,0.010400,0.001152,1,4,48,0,1
4485,0.114800,0.128300,0.007100,0.022600,0.023400,0.058300,0.003100,0.021184,0.003104,,0.012160,0.001152,1,4,48,0,1
4486,0.112300,0.127800,0.007300,0.022600,0.020900,0.056300,0.005100,0.020448,0.002976,,0.012800,0.001120,1,4,48,0,1
4487,0.129100,0.125400,0.007500,0.022300,0.020800,0.075000,0.003200,0.019872,0.003136,,0.010368,0.001152,1,4,48,0,1
4488,0.122700,0.142500,0.007300,0.023300,0.023600,0.058500,0.009900,0.019264,0.003328,,0.010368,0.001184,1,4,48,0,1
4489,0.120400,0.135700,0.007200,0.022300,0.023200,0.058500,0.008800,0.019168,0.003168,,0.010496,0.001152,1,4,48,0,1
4490,0.114600,0.133300,0.007100,0.022600,0.022900,0.058600,0.003100,0.022048,0.003072,,0.011360,0.001184,1,4,48,0,1
4491,0.121900,0.127500,0.007200,0.022500,0.023200,0.058100,0.010800,0.021216,0.002944,,0.011008,0.001152,1,4,48,0,1
4492,0.114600,0.135100,0.007300,0.022600,0.023500,0.057900,0.003100,0.019008,0.003168,,0.010336,0.001120,1,4,48,0,1
4493,0.133900,0.127400,0.007200,0.030900,0.028200,0.057400,0.009900,0.019104,0.003072,,0.010528,0.001184,1,4,48,0,1
4494,0.114700,0.147100,0.007400,0.022400,0.023300,0.059000,0.002400,0.021664,0.003008,,0.011104,0.001152,1,4,48,0,1
4495,0.128600,0.127800,0.007200,0.022400,0.023600,0.066000,0.009100,0.019712,0.003040,,0.010496,0.001184,1,4,48,0,1
4496,0.115900,0.141800,0.007500,0.023400,0.024200,0.057600,0.003200,0.019776,0.002912,,0.013952,0.001120,1,4,48,0,1
4497,0.115100,0.129300,0.007400,0.022600,0.023200,0.059300,0.002500,0.019328,0.003168,,0.013056,0.001184,1,4,48,0,1
4498,0.116200,0.128500,0.007300,0.022600,0.024500,0.058500,0.003300,0.018848,0.003360,,0.010688,0.001152,1,4,48,0,1
4499,0.131500,0.129400,0.007300,0.022700,0.023900,0.074300,0.003100,0.019232,0.003296,,0.010432,0.001120,1,4,48,0,1
4500,0.120000,0.145000,0.007500,0.023300,0.023500,0.063000,0.002600,0.019552,0.002976,,0.010432,0.001184,1,4,48,0,1
4501,0.115000,0.133200,0.007700,0.022900,0.023900,0.057100,0.003200,0.018464,0.003040,,0.012512,0.001152,1,4,48,0,1
4502,0.112900,0.128100,0.007500,0.022600,0.023100,0.057500,0.002200,0.021568,0.003008,,0.011104,0.001184,1,4,48,0,1
4503,0.224500,0.126000,0.009500,0.064300,0.038200,0.095400,0.017100,0.019200,0.002944,,0.010368,0.001184,1,4,48,0,1
4504,0.162900,0.240400,0.008800,0.032000,0.029700,0.086200,0.006200,0.019456,0.003008,,0.010336,0.001152,1,4,48,0,1
4505,0.135300,0.177700,0.008600,0.031100,0.028500,0.063700,0.003200,0.019616,0.003040,,0.010272,0.001152,1,4,48,0,1
4506,0.119000,0.149000,0.007800,0.023400,0.024100,0.060300,0.003200,0.021504,0.003040,,0.012448,0.001120,1,4,48,0,1
4507,0.118500,0.132100,0.007500,0.022800,0.023900,0.060800,0.003300,0.019040,0.003040,,0.010496,0.001152,1,4,48,0,1
4508,0.115100,0.132000,0.007400,0.022700,0.023400,0.058300,0.003000,0.019328,0.002976,,0.012960,0.001120,1,4,48,0,1
4509,0.126600,0.128200,0.007400,0.022800,0.024100,0.070100,0.002200,0.018432,0.003072,,0.010560,0.001152,1,4,48,0,1
4510,0.120800,0.139700,0.007200,0.022500,0.023500,0.058700,0.008600,0.018976,0.003008,,0.013056,0.001120,1,4,48,0,1
4511,0.122700,0.133600,0.007500,0.022900,0.023600,0.066700,0.001800,0.019136,0.003072,,0.010528,0.001152,1,4,48,0,1
4512,0.116500,0.135900,0.007100,0.022300,0.023300,0.061800,0.001600,0.018688,0.003104,,0.010496,0.001152,1,4,48,0,1
4513,0.115900,0.129800,0.007300,0.022500,0.023700,0.058800,0.003300,0.021440,0.002912,,0.011040,0.001120,1,4,48,0,1
4514,0.121500,0.129000,0.007300,0.022600,0.022300,0.058400,0.010600,0.019584,0.003104,,0.010464,0.001152,1,4,48,0,1
4515,0.113000,0.134700,0.007500,0.022400,0.023600,0.057500,0.001900,0.019136,0.003136,,0.010496,0.001152,1,4,48,0,1
4516,0.115500,0.126000,0.007700,0.022700,0.023900,0.057400,0.003400,0.019936,0.003040,,0.010528,0.001184,1,4,48,0,1
4517,0.127400,0.128700,0.007400,0.022700,0.023300,0.068800,0.005200,0.019616,0.003488,,0.012864,0.001152,1,4,48,0,1
4518,0.121600,0.140800,0.007600,0.023100,0.023300,0.059400,0.008100,0.018944,0.003200,,0.010272,0.001184,1,4,48,0,1
4519,0.116800,0.135000,0.007400,0.022400,0.023800,0.059900,0.003100,0.021568,0.002944,,0.011040,0.001184,1,4,48,0,1
4520,0.113900,0.130000,0.008200,0.022600,0.023000,0.056700,0.003300,0.021440,0.003008,,0.012320,0.001120,1,4,48,0,1
4521,0.113500,0.127100,0.007300,0.022700,0.023400,0.056800,0.003200,0.019296,0.003232,,0.013056,0.001152,1,4,48,0,1
4522,0.116600,0.126700,0.007400,0.022500,0.023400,0.061500,0.001600,0.018592,0.002976,,0.010272,0.001152,1,4,48,0,1
4523,0.113300,0.129800,0.007300,0.022400,0.022900,0.057500,0.003200,0.021568,0.003040,,0.011040,0.001152,1,4,48,0,1
4524,0.121900,0.126600,0.007300,0.022700,0.022800,0.058600,0.010400,0.021504,0.002944,,0.011104,0.001184,1,4,48,0,1
4525,0.191000,0.134900,0.007200,0.022700,0.023300,0.133100,0.004300,0.019008,0.003104,,0.010400,0.001120,1,4,48,0,1
4526,0.139900,0.206600,0.009000,0.031000,0.028300,0.067700,0.003800,0.021504,0.002912,,0.012416,0.001120,1,4,48,0,1
4527,0.127600,0.153600,0.007700,0.023800,0.024700,0.061600,0.009600,0.019264,0.003296,,0.010528,0.001088,1,4,48,0,1
4528,0.122300,0.141200,0.007500,0.022900,0.024800,0.065000,0.002000,0.020864,0.003008,,0.012160,0.001152,1,4,48,0,1
4529,0.318600,0.136500,0.010200,0.026300,0.032100,0.246400,0.003400,0.019200,0.003360,,0.010336,0.001152,1,4,48,0,1
4530,0.153600,0.337000,0.010200,0.033000,0.032600,0.073300,0.004400,0.019072,0.002944,,0.013088,0.001152,1,4,48,0,1
4531,0.139900,0.171500,0.008300,0.026200,0.028500,0.070900,0.005900,0.019200,0.002976,,0.012960,0.001152,1,4,48,0,1
4532,0.129700,0.156000,0.008100,0.024300,0.025300,0.060800,0.011100,0.019200,0.003104,,0.010560,0.001184,1,4,48,0,1
4533,0.116400,0.143200,0.007300,0.023000,0.023900,0.059000,0.003200,0.021344,0.003104,,0.012064,0.001152,1,4,48,0,1
4534,0.115400,0.129700,0.007500,0.022500,0.023700,0.058500,0.003100,0.019072,0.003104,,0.010432,0.001152,1,4,48,0,1
4535,0.114800,0.128500,0.007300,0.022700,0.023700,0.057900,0.003100,0.018432,0.002944,,0.010784,0.001152,1,4,48,0,1
4536,0.115700,0.128100,0.007300,0.022900,0.023600,0.058500,0.003200,0.019040,0.003104,,0.010368,0.001184,1,4,48,0,1
4537,0.118300,0.129000,0.010300,0.024000,0.023600,0.057700,0.002700,0.021664,0.003072,,0.012480,0.001120,1,4,48,0,1
4538,0.115200,0.131400,0.007500,0.022900,0.024100,0.057400,0.003200,0.022080,0.003072,,0.011456,0.001120,1,4,48,0,1
4539,0.116300,0.128200,0.008100,0.022700,0.023600,0.058500,0.003200,0.021568,0.002944,,0.011104,0.001152,1,4,48,0,1
4540,0.124900,0.129400,0.007900,0.022400,0.024000,0.058900,0.011600,0.019008,0.003168,,0.010304,0.001184,1,4,48,0,1
4541,0.115400,0.138400,0.007300,0.022800,0.024000,0.058000,0.003200,0.021536,0.002976,,0.011040,0.001184,1,4,48,0,1
4542,0.122900,0.128500,0.007300,0.022700,0.023800,0.065800,0.003200,0.018464,0.003008,,0.010656,0.001184,1,4,48,0,1
4543,0.114500,0.136100,0.007700,0.023100,0.023800,0.057900,0.001900,0.018880,0.003008,,0.010400,0.001152,1,4,48,0,1
4544,0.117500,0.127800,0.007600,0.022800,0.023600,0.059800,0.003500,0.019808,0.003008,,0.013920,0.001152,1,4,48,0,1
4545,0.113000,0.130600,0.007400,0.022600,0.023200,0.057500,0.002200,0.019040,0.003008,,0.010464,0.001184,1,4,48,0,1
4546,0.115700,0.126000,0.007400,0.022600,0.023700,0.058500,0.003300,0.021536,0.002976,,0.011200,0.001152,1,4,48,0,1
4547,0.341400,0.128900,0.007400,0.022600,0.023500,0.285600,0.002100,0.018848,0.003200,,0.010240,0.001088,1,4,48,0,1
4548,0.131600,0.355300,0.008200,0.024600,0.033900,0.061500,0.003300,0.019200,0.003200,,0.010528,0.001152,1,4,48,0,1
4549,0.133400,0.146800,0.007600,0.024900,0.028800,0.061800,0.010000,0.019584,0.002944,,0.010464,0.001152,1,4,48,0,1
4550,0.122200,0.146900,0.007500,0.022800,0.023200,0.058800,0.009800,0.018848,0.002976,,0.010464,0.001088,1,4,48,0,1
4551,0.121500,0.135400,0.007200,0.022600,0.023000,0.066300,0.002200,0.019072,0.003104,,0.010432,0.001120,1,4,48,0,1
4552,0.116700,0.134600,0.007400,0.022500,0.025400,0.059500,0.001900,0.021536,0.003200,,0.011072,0.001152,1,4,48,0,1
4553,0.120900,0.129900,0.007500,0.022700,0.023400,0.058200,0.009000,0.018400,0.002944,,0.010656,0.001152,1,4,48,0,1
4554,0.119900,0.134300,0.007800,0.022700,0.023100,0.058200,0.008000,0.021376,0.002976,,0.011104,0.001184,1,4,48,0,1
4555,0.121000,0.132900,0.007300,0.022600,0.023500,0.063700,0.003600,0.018912,0.003264,,0.010144,0.001120,1,4,48,0,1
4556,0.117600,0.134000,0.007600,0.022600,0.023500,0.061900,0.001800,0.018432,0.003040,,0.010784,0.001120,1,4,48,0,1
4557,0.120400,0.130600,0.007600,0.022400,0.023800,0.064600,0.001900,0.019168,0.003136,,0.010496,0.001120,1,4,48,0,1
4558,0.125900,0.133700,0.007200,0.022400,0.023800,0.059200,0.013000,0.021824,0.003168,,0.011072,0.001184,1,4,48,0,1
4559,0.114600,0.138800,0.007700,0.022600,0.023300,0.057800,0.003100,0.021568,0.003040,,0.011008,0.001184,1,4,48,0,1
4560,0.121800,0.127900,0.007200,0.022500,0.022900,0.067300,0.001900,0.019168,0.003168,,0.010496,0.001120,1,4,48,0,1
4561,0.123000,0.135000,0.007300,0.022900,0.023500,0.059800,0.009400,0.018976,0.002976,,0.010496,0.001152,1,4,48,0,1
4562,0.115600,0.136300,0.007300,0.022400,0.023800,0.058700,0.003100,0.018912,0.003072,,0.010368,0.001088,1,4,48,0,1
4563,0.115500,0.128800,0.007400,0.022500,0.023500,0.058900,0.003200,0.021632,0.003136,,0.011168,0.001152,1,4,48,0,1
4564,0.121500,0.128800,0.007300,0.022600,0.023100,0.058900,0.009500,0.019040,0.003104,,0.010400,0.001152,1,4,48,0,1
4565,0.113000,0.134500,0.007700,0.022600,0.023700,0.057000,0.001900,0.019264,0.003232,,0.010528,0.001120,1,4,48,0,1
4566,0.113000,0.126300,0.007700,0.022500,0.023100,0.057100,0.002500,0.019072,0.003040,,0.010528,0.001120,1,4,48,0,1
4567,0.115200,0.126100,0.007400,0.022600,0.024000,0.058700,0.002300,0.019520,0.003072,,0.010400,0.001152,1,4,48,0,1
4568,0.111900,0.128500,0.007600,0.022700,0.022900,0.056600,0.001900,0.018432,0.002976,,0.010464,0.001152,1,4,48,0,1
4569,0.112300,0.125100,0.007400,0.022400,0.023900,0.056700,0.001900,0.021728,0.003136,,0.011104,0.001152,1,4,48,0,1
4570,0.115000,0.125300,0.007500,0.022600,0.023600,0.057800,0.003300,0.019264,0.003232,,0.010560,0.001120,1,4,48,0,1
4571,0.117800,0.128200,0.007300,0.023200,0.027500,0.057200,0.002500,0.020800,0.003072,,0.012928,0.001120,1,4,48,0,1
4572,0.111200,0.130900,0.007700,0.022600,0.020900,0.057800,0.002100,0.020864,0.003104,,0.011456,0.001184,1,4,48,0,1
4573,0.115900,0.124000,0.007200,0.022100,0.020500,0.063300,0.002600,0.021376,0.003040,,0.012096,0.001184,1,4,48,0,1
4574,0.113200,0.128600,0.007300,0.022100,0.020400,0.060300,0.003100,0.021344,0.002944,,0.012128,0.001120,1,4,48,0,1
4575,0.116000,0.126200,0.007400,0.022900,0.023500,0.059000,0.003100,0.021792,0.003168,,0.011072,0.001184,1,4,48,0,1
4576,0.121700,0.129000,0.007100,0.027700,0.024100,0.059400,0.003100,0.022016,0.003040,,0.011360,0.001184,1,4,48,0,1
4577,0.115600,0.135000,0.007400,0.022800,0.023800,0.058400,0.003000,0.021504,0.003008,,0.011040,0.001120,1,4,48,0,1
4578,0.113700,0.128500,0.007200,0.022700,0.023300,0.057000,0.003100,0.021696,0.003072,,0.011040,0.001152,1,4,48,0,1
4579,0.116100,0.126600,0.007200,0.022900,0.023700,0.059100,0.003000,0.018944,0.002944,,0.010464,0.001152,1,4,48,0,1
4580,0.114800,0.129100,0.007200,0.022500,0.023300,0.058300,0.003200,0.019456,0.003264,,0.013152,0.001152,1,4,48,0,1
4581,0.173900,0.127700,0.007200,0.022500,0.022900,0.118400,0.002900,0.019168,0.003168,,0.010496,0.001120,1,4,48,0,1
4582,0.150700,0.189200,0.008600,0.030700,0.029100,0.066200,0.016000,0.019136,0.003008,,0.013088,0.001152,1,4,48,0,1
4583,0.127200,0.164800,0.007500,0.023800,0.024200,0.060800,0.010700,0.018400,0.002944,,0.010816,0.001152,1,4,48,0,1
4584,0.117600,0.140600,0.007500,0.023100,0.023800,0.059600,0.003300,0.021760,0.003040,,0.011136,0.001184,1,4,48,0,1
4585,0.121500,0.130900,0.007800,0.022900,0.024200,0.064800,0.001800,0.018400,0.002944,,0.010816,0.001184,1,4,48,0,1
4586,0.123700,0.134600,0.007400,0.022900,0.024000,0.058600,0.010600,0.019072,0.003040,,0.010496,0.001120,1,4,48,0,1
4587,0.120300,0.136800,0.007500,0.023000,0.023500,0.059800,0.006400,0.019264,0.002976,,0.013120,0.001184,1,4,48,0,1
4588,0.114200,0.133400,0.007300,0.022600,0.023900,0.057700,0.002600,0.019200,0.003264,,0.010368,0.001184,1,4,48,0,1
4589,0.112400,0.127200,0.007400,0.022700,0.022900,0.057000,0.002200,0.021792,0.003232,,0.011392,0.001120,1,4,48,0,1
4590,0.112300,0.125400,0.007300,0.022700,0.022900,0.056900,0.002300,0.019616,0.003136,,0.010304,0.001152,1,4,48,0,1
4591,0.113700,0.125300,0.007400,0.022600,0.024000,0.057300,0.002400,0.021408,0.003008,,0.011136,0.001152,1,4,48,0,1
4592,0.114700,0.126600,0.007600,0.023000,0.023300,0.058300,0.002200,0.021696,0.003008,,0.011104,0.001152,1,4,48,0,1
4593,0.126300,0.127700,0.007300,0.022400,0.023500,0.064900,0.008100,0.018528,0.003040,,0.010560,0.001184,1,4,48,0,1
4594,0.128200,0.139300,0.007300,0.022600,0.023600,0.072300,0.002200,0.021600,0.002976,,0.011040,0.001184,1,4,48,0,1
4595,0.127800,0.141500,0.007500,0.023200,0.023900,0.059800,0.013400,0.019040,0.003136,,0.010400,0.001120,1,4,48,0,1
4596,0.122800,0.140900,0.007400,0.022500,0.023200,0.059500,0.010000,0.019840,0.003200,,0.013024,0.001152,1,4,48,0,1
4597,0.120900,0.136000,0.007200,0.022700,0.023700,0.058400,0.008800,0.019168,0.003104,,0.013024,0.001152,1,4,48,0,1
4598,0.116300,0.134500,0.007600,0.022700,0.023700,0.058700,0.003100,0.018944,0.002976,,0.010496,0.001152,1,4,48,0,1
4599,0.132300,0.129600,0.007300,0.029100,0.023400,0.059400,0.013000,0.018912,0.002976,,0.010400,0.001152,1,4,48,0,1
4600,0.123000,0.145900,0.007200,0.022500,0.023800,0.065800,0.003700,0.019104,0.003136,,0.010432,0.001152,1,4,48,0,1
4601,0.115700,0.136300,0.007200,0.022900,0.023500,0.058800,0.003200,0.019200,0.003264,,0.010464,0.001088,1,4,48,0,1
4602,0.113500,0.128800,0.007300,0.022700,0.023200,0.058300,0.001900,0.019040,0.003104,,0.010400,0.001152,1,4,48,0,1
4603,0.126500,0.126600,0.007500,0.022700,0.024200,0.058900,0.013000,0.019136,0.003232,,0.010336,0.001120,1,4,48,0,1
4604,0.121100,0.139700,0.007300,0.022500,0.023400,0.057900,0.010000,0.019328,0.003456,,0.010400,0.001120,1,4,48,0,1
4605,0.120700,0.134100,0.007300,0.022400,0.023200,0.058300,0.009100,0.019232,0.003200,,0.010528,0.001120,1,4,48,0,1
4606,0.115400,0.133700,0.007200,0.022600,0.023600,0.058600,0.003100,0.021952,0.003008,,0.011392,0.001152,1,4,48,0,1
4607,0.123100,0.128500,0.007400,0.022400,0.022700,0.057500,0.012900,0.021600,0.003040,,0.011168,0.001152,1,4,48,0,1
4608,0.113500,0.136200,0.007300,0.022600,0.022600,0.057700,0.003100,0.019456,0.003072,,0.012160,0.001120,1,4,48,0,1
4609,0.124600,0.126600,0.007300,0.022500,0.023300,0.069600,0.001800,0.019008,0.003072,,0.010368,0.001152,1,4,48,0,1
4610,0.236300,0.137900,0.007600,0.023000,0.024700,0.175700,0.005300,0.019552,0.003168,,0.010304,0.001184,1,4,48,0,1
4611,0.188200,0.255600,0.010600,0.038300,0.034800,0.097600,0.006600,0.019712,0.003136,,0.010080,0.001152,1,4,48,0,1
4612,0.146400,0.202800,0.008500,0.030600,0.030200,0.072400,0.004700,0.019840,0.003232,,0.010496,0.001120,1,4,48,0,1
4613,0.116000,0.159900,0.007500,0.023100,0.024400,0.058300,0.002500,0.019392,0.002944,,0.010560,0.001120,1,4,48,0,1
4614,0.164400,0.129300,0.007900,0.023300,0.023900,0.104000,0.005200,0.019712,0.002976,,0.010080,0.001088,1,4,48,0,1
4615,0.114400,0.178100,0.007900,0.024700,0.022500,0.057200,0.001900,0.019360,0.003168,,0.010432,0.001152,1,4,48,0,1
4616,0.131900,0.127500,0.007400,0.022500,0.024400,0.074000,0.003400,0.019712,0.002912,,0.012352,0.001152,1,4,48,0,1
4617,0.134100,0.145100,0.007400,0.022800,0.034100,0.059200,0.010400,0.021504,0.003008,,0.011040,0.001184,1,4,48,0,1
4618,0.121400,0.147200,0.007200,0.022500,0.023900,0.059200,0.008500,0.019328,0.003360,,0.013024,0.001120,1,4,48,0,1
4619,0.115300,0.134500,0.007200,0.022500,0.023300,0.058900,0.003200,0.018944,0.003008,,0.010400,0.001184,1,4,48,0,1
4620,0.117900,0.128300,0.007100,0.022700,0.023100,0.063000,0.001800,0.018528,0.002912,,0.010112,0.001152,1,4,48,0,1
4621,0.114100,0.131500,0.007500,0.022600,0.023700,0.058100,0.002100,0.019872,0.003008,,0.013856,0.001152,1,4,48,0,1
4622,0.113400,0.127200,0.007400,0.022700,0.023900,0.057400,0.002000,0.021568,0.002944,,0.012384,0.001120,1,4,48,0,1
4623,0.121800,0.126400,0.007400,0.022800,0.023600,0.061000,0.006900,0.019360,0.003360,,0.010464,0.001152,1,4,48,0,1
4624,0.114100,0.134900,0.007400,0.022800,0.023600,0.058200,0.001900,0.018944,0.003008,,0.010400,0.001152,1,4,48,0,1
4625,0.113700,0.127600,0.007200,0.022900,0.023400,0.058000,0.001900,0.019200,0.003264,,0.010432,0.001120,1,4,48,0,1
4626,0.119600,0.126800,0.007300,0.022700,0.023500,0.058400,0.007600,0.021504,0.003072,,0.011008,0.001120,1,4,48,0,1
4627,0.113400,0.132600,0.007400,0.023000,0.023600,0.057200,0.002200,0.019104,0.003072,,0.013024,0.001152,1,4,48,0,1
4628,0.117900,0.132400,0.007800,0.023500,0.024200,0.059200,0.003100,0.019648,0.003008,,0.010496,0.001152,1,4,48,0,1
4629,0.114900,0.131500,0.007400,0.022600,0.022800,0.058800,0.003100,0.021568,0.003040,,0.011008,0.001152,1,4,48,0,1
4630,0.115500,0.128100,0.007600,0.022800,0.023600,0.058300,0.003100,0.021664,0.003008,,0.011104,0.001184,1,4,48,0,1
4631,0.114900,0.128600,0.007600,0.022600,0.023500,0.058000,0.003100,0.019872,0.003072,,0.013888,0.001152,1,4,48,0,1
4632,0.114000,0.128300,0.007300,0.022500,0.023100,0.058000,0.003000,0.019136,0.003072,,0.010496,0.001184,1,4,48,0,1
4633,0.113500,0.127000,0.007200,0.022600,0.022900,0.057500,0.003100,0.019200,0.003360,,0.010336,0.001120,1,4,48,0,1
4634,0.112000,0.126800,0.007300,0.022600,0.022900,0.056800,0.002200,0.019200,0.003040,,0.013088,0.001152,1,4,48,0,1
4635,0.113600,0.125300,0.007900,0.022700,0.023300,0.057100,0.002600,0.019328,0.003264,,0.010496,0.001152,1,4,48,0,1
4636,0.122900,0.127000,0.007600,0.022600,0.023600,0.058800,0.010200,0.019200,0.003104,,0.010560,0.001152,1,4,48,0,1
4637,0.115300,0.135900,0.007400,0.022800,0.023500,0.058300,0.003100,0.018528,0.003072,,0.010784,0.001184,1,4,48,0,1
4638,0.113700,0.128700,0.007500,0.022700,0.023000,0.058600,0.001800,0.018592,0.003072,,0.010464,0.001120,1,4,48,0,1
4639,0.113700,0.126900,0.007200,0.022700,0.023700,0.057800,0.002200,0.018944,0.003232,,0.010368,0.001088,1,4,48,0,1
4640,0.112300,0.126900,0.007300,0.022700,0.022800,0.057300,0.002000,0.018976,0.003072,,0.010336,0.001152,1,4,48,0,1
4641,0.113000,0.125500,0.007400,0.022600,0.023200,0.057700,0.002000,0.019104,0.003232,,0.010432,0.001120,1,4,48,0,1
4642,0.114600,0.126100,0.007300,0.022600,0.023500,0.058400,0.002700,0.019168,0.003328,,0.010336,0.001120,1,4,48,0,1
4643,0.121000,0.127600,0.007300,0.022600,0.023700,0.063800,0.003300,0.021408,0.002944,,0.011040,0.001120,1,4,48,0,1
4644,0.113800,0.134200,0.007700,0.023100,0.023200,0.057600,0.002000,0.021632,0.002976,,0.012480,0.001152,1,4,48,0,1
4645,0.114900,0.126900,0.007300,0.022700,0.023300,0.059100,0.002300,0.021504,0.003040,,0.012448,0.001152,1,4,48,0,1
4646,0.114400,0.128000,0.007700,0.023000,0.023200,0.057900,0.002300,0.019072,0.003040,,0.013088,0.001088,1,4,48,0,1
4647,0.114700,0.127700,0.007600,0.022900,0.023400,0.058700,0.002000,0.019040,0.003072,,0.010464,0.001120,1,4,48,0,1
4648,0.122300,0.128100,0.007200,0.022600,0.023300,0.058800,0.010400,0.019232,0.003168,,0.010592,0.001152,1,4,48,0,1
4649,0.118700,0.135400,0.007300,0.022700,0.023500,0.058400,0.006600,0.019200,0.003264,,0.010432,0.001120,1,4,48,0,1
4650,0.121700,0.132000,0.007300,0.022700,0.023500,0.066100,0.002000,0.018592,0.003168,,0.010560,0.001120,1,4,48,0,1
4651,0.116200,0.134900,0.007300,0.022700,0.023400,0.059300,0.003300,0.021536,0.003040,,0.011072,0.001184,1,4,48,0,1
4652,0.122000,0.129500,0.007200,0.022500,0.023600,0.058100,0.010400,0.018464,0.003008,,0.010784,0.001152,1,4,48,0,1
4653,0.120700,0.135500,0.007300,0.022300,0.023000,0.058100,0.009900,0.019296,0.003008,,0.013024,0.001152,1,4,48,0,1
4654,0.122300,0.134000,0.007200,0.022400,0.024100,0.062700,0.005800,0.021056,0.003040,,0.013024,0.001120,1,4,48,0,1
4655,0.111400,0.135500,0.007500,0.022500,0.022700,0.056300,0.002200,0.018720,0.003072,,0.010176,0.001184,1,4,48,0,1
4656,0.112400,0.124500,0.007500,0.022900,0.022800,0.056800,0.002300,0.021280,0.003008,,0.011040,0.001120,1,4,48,0,1
4657,0.112500,0.125400,0.007200,0.022700,0.023800,0.056800,0.001900,0.019008,0.003104,,0.010368,0.001184,1,4,48,0,1
4658,0.137800,0.125900,0.007300,0.022600,0.023400,0.081200,0.003100,0.019200,0.003328,,0.010368,0.001120,1,4,48,0,1
4659,0.154100,0.156500,0.010600,0.031600,0.029100,0.078200,0.004300,0.019168,0.003104,,0.010080,0.001184,1,4,48,0,1
4660,0.170200,0.172400,0.010300,0.036100,0.034900,0.084100,0.004700,0.020896,0.002976,,0.012000,0.001152,1,4,48,0,1
4661,0.167400,0.188700,0.010900,0.033200,0.029400,0.089300,0.004600,0.019872,0.003040,,0.013856,0.001184,1,4,48,0,1
4662,0.172600,0.185700,0.010200,0.034800,0.032600,0.090400,0.004500,0.018720,0.003072,,0.010176,0.001152,1,4,48,0,1
4663,0.153300,0.191300,0.010600,0.038600,0.028000,0.063700,0.012200,0.018464,0.002976,,0.010752,0.001152,1,4,48,0,1
4664,0.116600,0.167600,0.007800,0.023600,0.024300,0.058400,0.002500,0.019584,0.003104,,0.010496,0.001184,1,4,48,0,1
4665,0.114500,0.129900,0.007400,0.022900,0.023300,0.058200,0.002400,0.019296,0.003072,,0.012960,0.001152,1,4,48,0,1
4666,0.114300,0.127700,0.007300,0.022500,0.023500,0.058600,0.002100,0.019232,0.003264,,0.010528,0.001088,1,4,48,0,1
4667,0.121100,0.127700,0.007300,0.022700,0.023500,0.063900,0.003600,0.018464,0.002976,,0.010304,0.001152,1,4,48,0,1
4668,0.123600,0.134200,0.007200,0.022600,0.023400,0.059200,0.010900,0.019072,0.003040,,0.010496,0.001184,1,4,48,0,1
4669,0.116500,0.136700,0.007100,0.022700,0.024000,0.059200,0.003300,0.019232,0.003168,,0.013056,0.001088,1,4,48,0,1
4670,0.117800,0.129600,0.007600,0.022800,0.027400,0.056800,0.003100,0.021536,0.003040,,0.011040,0.001184,1,4,48,0,1
4671,0.123600,0.131300,0.007400,0.022700,0.023600,0.058500,0.011300,0.019040,0.003008,,0.010464,0.001184,1,4,48,0,1
4672,0.127500,0.136700,0.012100,0.023200,0.024100,0.059500,0.008500,0.019008,0.002976,,0.013024,0.001152,1,4,48,0,1
4673,0.122800,0.141000,0.007300,0.022600,0.023800,0.058300,0.010600,0.018912,0.002976,,0.010368,0.001184,1,4,48,0,1
4674,0.123000,0.135900,0.007200,0.022800,0.023500,0.066300,0.003100,0.019040,0.003104,,0.010400,0.001152,1,4,48,0,1
4675,0.119300,0.136200,0.007200,0.023000,0.027300,0.059200,0.002600,0.019328,0.003328,,0.010432,0.001152,1,4,48,0,1
4676,0.115000,0.132500,0.007500,0.023100,0.023300,0.057800,0.003100,0.018592,0.003296,,0.012416,0.001120,1,4,48,0,1
4677,0.123400,0.128300,0.007500,0.022900,0.023500,0.059700,0.009700,0.019072,0.003296,,0.010240,0.001120,1,4,48,0,1
4678,0.116700,0.136600,0.007400,0.022800,0.023700,0.059600,0.003200,0.021440,0.003040,,0.011104,0.001152,1,4,48,0,1
4679,0.122900,0.129900,0.007400,0.022800,0.024000,0.066200,0.002200,0.018496,0.003040,,0.010912,0.001120,1,4,48,0,1
4680,0.119400,0.136000,0.007300,0.022700,0.023000,0.062900,0.003200,0.019936,0.003008,,0.013984,0.001184,1,4,48,0,1
4681,0.121100,0.132500,0.007400,0.022900,0.023300,0.058400,0.008800,0.018944,0.003040,,0.010368,0.001152,1,4,48,0,1
4682,0.120600,0.134000,0.007300,0.022700,0.023700,0.063900,0.002900,0.019072,0.003072,,0.010432,0.001184,1,4,48,0,1
4683,0.115400,0.137900,0.007300,0.022800,0.023200,0.058800,0.003100,0.021792,0.003200,,0.011104,0.001152,1,4,48,0,1
4684,0.119800,0.128500,0.007400,0.022700,0.023300,0.058000,0.008100,0.018592,0.002976,,0.010720,0.001184,1,4,48,0,1
4685,0.113400,0.132800,0.007300,0.022500,0.022800,0.057500,0.003100,0.018528,0.003104,,0.010688,0.001184,1,4,48,0,1
4686,0.114400,0.126600,0.007200,0.022500,0.023200,0.058300,0.003000,0.018400,0.002912,,0.010816,0.001184,1,4,48,0,1
4687,0.122100,0.127500,0.007300,0.028100,0.024300,0.059000,0.003100,0.019360,0.003360,,0.010496,0.001088,1,4,48,0,1
4688,0.114400,0.135300,0.007600,0.022500,0.023000,0.058200,0.003000,0.021664,0.003168,,0.011072,0.001120,1,4,48,0,1
4689,0.121500,0.127800,0.007200,0.022500,0.023200,0.058800,0.009700,0.019072,0.003232,,0.010272,0.001184,1,4,48,0,1
4690,0.118900,0.134500,0.007300,0.022800,0.023500,0.063500,0.001600,0.018688,0.003072,,0.010208,0.001152,1,4,48,0,1
4691,0.120400,0.131800,0.007200,0.023000,0.023300,0.062900,0.003800,0.018816,0.003008,,0.010464,0.001184,1,4,48,0,1
4692,0.120700,0.133400,0.007500,0.022700,0.023700,0.058000,0.008700,0.019072,0.003072,,0.013024,0.001152,1,4,48,0,1
4693,0.114600,0.134000,0.007300,0.022300,0.023600,0.058200,0.003100,0.021632,0.003008,,0.012480,0.001184,1,4,48,0,1
4694,0.112400,0.127600,0.007300,0.022900,0.022600,0.057000,0.002500,0.019168,0.003136,,0.010464,0.001184,1,4,48,0,1
4695,0.114200,0.125400,0.007600,0.022700,0.023100,0.058100,0.002600,0.021536,0.002944,,0.011104,0.001184,1,4,48,0,1
4696,0.114100,0.127400,0.007300,0.022600,0.023100,0.058500,0.002400,0.021440,0.002912,,0.011104,0.001152,1,4,48,0,1
4697,0.113800,0.127200,0.007400,0.022800,0.023300,0.058200,0.001900,0.019136,0.003040,,0.013024,0.001120,1,4,48,0,1
4698,0.115700,0.127300,0.007600,0.022800,0.023300,0.058400,0.003600,0.019584,0.003008,,0.012224,0.001184,1,4,48,0,1
4699,0.114800,0.129100,0.007300,0.022700,0.023600,0.059200,0.002000,0.019040,0.003072,,0.010400,0.001184,1,4,48,0,1
4700,0.122300,0.127900,0.007200,0.022700,0.023200,0.067600,0.001600,0.019232,0.003136,,0.010560,0.001152,1,4,48,0,1
4701,0.114300,0.135600,0.007300,0.022500,0.023300,0.058500,0.002400,0.019616,0.003104,,0.012032,0.001152,1,4,48,0,1
4702,0.129400,0.127500,0.007300,0.022400,0.023800,0.064500,0.011100,0.018368,0.002976,,0.010816,0.001088,1,4,48,0,1
4703,0.114900,0.142500,0.007300,0.023100,0.023400,0.058900,0.002100,0.018560,0.003104,,0.010944,0.001120,1,4,48,0,1
4704,0.113800,0.127900,0.007300,0.022600,0.022900,0.057700,0.003200,0.020672,0.003104,,0.011680,0.001120,1,4,48,0,1
4705,0.108500,0.126900,0.007400,0.022600,0.020900,0.055800,0.001800,0.019648,0.003072,,0.010432,0.001184,1,4,48,0,1
4706,0.129900,0.121300,0.007600,0.022400,0.034600,0.063300,0.001900,0.019808,0.003040,,0.012384,0.001120,1,4,48,0,1
4707,0.124700,0.142700,0.007400,0.022200,0.021000,0.070700,0.003200,0.020960,0.003104,,0.012160,0.001120,1,4,48,0,1
4708,0.127600,0.137900,0.007100,0.022800,0.027100,0.059600,0.010800,0.018976,0.003104,,0.010368,0.001152,1,4,48,0,1
4709,0.115300,0.140800,0.007500,0.022800,0.023800,0.058600,0.002300,0.019072,0.003104,,0.010432,0.001152,1,4,48,0,1
4710,0.126200,0.128400,0.013600,0.023500,0.023600,0.059200,0.006100,0.018848,0.003232,,0.010496,0.001184,1,4,48,0,1
4711,0.121500,0.139500,0.007400,0.022600,0.023600,0.058200,0.009600,0.018400,0.003008,,0.010752,0.001120,1,4,48,0,1
4712,0.114300,0.134600,0.007400,0.022700,0.023300,0.058300,0.002400,0.018976,0.003040,,0.010432,0.001088,1,4,48,0,1
4713,0.113900,0.127500,0.007300,0.022600,0.023000,0.058400,0.002300,0.018912,0.002944,,0.010464,0.001120,1,4,48,0,1
4714,0.115100,0.127100,0.007200,0.022700,0.023500,0.058400,0.003200,0.021568,0.003008,,0.011072,0.001152,1,4,48,0,1
4715,0.118500,0.128100,0.007500,0.022500,0.023500,0.058400,0.006200,0.018400,0.002912,,0.010816,0.001152,1,4,48,0,1
4716,0.114300,0.131500,0.007200,0.022800,0.023400,0.058800,0.001900,0.019168,0.003136,,0.010560,0.001120,1,4,48,0,1
4717,0.125600,0.127500,0.007300,0.022500,0.023300,0.067500,0.004800,0.019136,0.002912,,0.013056,0.001184,1,4,48,0,1
4718,0.115600,0.138900,0.007400,0.023100,0.023700,0.059000,0.002200,0.019072,0.003104,,0.010400,0.001152,1,4,48,0,1
4719,0.113900,0.128600,0.007200,0.022600,0.023200,0.058900,0.002000,0.019104,0.003072,,0.013120,0.001152,1,4,48,0,1
4720,0.114200,0.127100,0.007200,0.022400,0.023600,0.058800,0.002100,0.021504,0.002880,,0.011104,0.001184,1,4,48,0,1
4721,0.114800,0.127100,0.007200,0.022500,0.023100,0.058400,0.003500,0.019232,0.003264,,0.010496,0.001088,1,4,48,0,1
4722,0.114200,0.128300,0.007200,0.022700,0.023400,0.059000,0.001900,0.019168,0.003040,,0.010560,0.001184,1,4,48,0,1
4723,0.122700,0.127600,0.007300,0.022500,0.023500,0.059100,0.010300,0.018432,0.003008,,0.010944,0.001120,1,4,48,0,1
4724,0.114900,0.135800,0.007400,0.022500,0.023400,0.058300,0.003100,0.021632,0.003008,,0.011104,0.001152,1,4,48,0,1
4725,0.237400,0.128000,0.007200,0.022900,0.062600,0.138900,0.005700,0.019104,0.003168,,0.010400,0.001184,1,4,48,0,1
4726,0.163000,0.251900,0.008600,0.030500,0.029200,0.089200,0.005400,0.018560,0.003040,,0.010816,0.001152,1,4,48,0,1
4727,0.186100,0.185600,0.012400,0.044800,0.034500,0.090700,0.003500,0.018976,0.002976,,0.013024,0.001184,1,4,48,0,1
4728,0.153300,0.203100,0.009300,0.028800,0.029600,0.082100,0.003400,0.019168,0.003296,,0.010304,0.001184,1,4,48,0,1
4729,0.152200,0.169900,0.009200,0.028300,0.029400,0.073200,0.012000,0.019072,0.003040,,0.010496,0.001152,1,4,48,0,1
4730,0.141900,0.168500,0.009000,0.027700,0.028800,0.072600,0.003600,0.021568,0.003136,,0.011072,0.001184,1,4,48,0,1
4731,0.141600,0.158300,0.009500,0.028400,0.029200,0.070900,0.003500,0.021664,0.002976,,0.011104,0.001184,1,4,48,0,1
4732,0.145900,0.157700,0.008700,0.027700,0.028600,0.078500,0.002100,0.018496,0.003136,,0.010528,0.001088,1,4,48,0,1
4733,0.148500,0.162200,0.009000,0.027800,0.029300,0.070500,0.011900,0.019648,0.003040,,0.012544,0.001184,1,4,48,0,1
4734,0.145600,0.164600,0.008800,0.027600,0.028700,0.071500,0.008600,0.019136,0.003136,,0.010432,0.001152,1,4,48,0,1
4735,0.146800,0.161700,0.008900,0.027600,0.028800,0.071900,0.009600,0.018464,0.002976,,0.010752,0.001184,1,4,48,0,1
4736,0.141600,0.162800,0.008900,0.027800,0.028700,0.072100,0.003900,0.021344,0.002976,,0.011008,0.001088,1,4,48,0,1
4737,0.168500,0.158300,0.009000,0.049400,0.029600,0.074800,0.005700,0.018592,0.003136,,0.010816,0.001152,1,4,48,0,1
4738,0.130500,0.184200,0.008000,0.024100,0.025600,0.062100,0.010700,0.019072,0.003296,,0.010432,0.001088,1,4,48,0,1
4739,0.134400,0.144300,0.007400,0.023800,0.024500,0.076400,0.002200,0.021504,0.002976,,0.011072,0.001152,1,4,48,0,1
4740,0.151300,0.151100,0.009200,0.028300,0.029800,0.078300,0.005600,0.021280,0.002976,,0.012544,0.001120,1,4,48,0,1
4741,0.147800,0.167600,0.008700,0.028000,0.029500,0.075400,0.005900,0.018688,0.003104,,0.010336,0.001152,1,4,48,0,1
4742,0.142500,0.164400,0.009000,0.027900,0.029000,0.072200,0.004200,0.019456,0.003456,,0.010528,0.001088,1,4,48,0,1
4743,0.147800,0.158700,0.008800,0.027900,0.028400,0.078300,0.004200,0.019200,0.003296,,0.010368,0.001184,1,4,48,0,1
4744,0.141500,0.163900,0.008700,0.027400,0.029400,0.072000,0.003900,0.019008,0.003136,,0.010336,0.001152,1,4,48,0,1
4745,0.138100,0.157700,0.008800,0.027700,0.028600,0.070900,0.001900,0.019040,0.003040,,0.013056,0.001152,1,4,48,0,1
4746,0.138000,0.151100,0.007400,0.034900,0.024600,0.068500,0.002600,0.020896,0.003104,,0.011744,0.001184,1,4,48,0,1
4747,0.128200,0.151400,0.007400,0.023400,0.024100,0.059900,0.013300,0.019200,0.003296,,0.010400,0.001120,1,4,48,0,1
4748,0.165900,0.141500,0.007300,0.022700,0.047200,0.074900,0.013500,0.020000,0.003360,,0.010304,0.001184,1,4,48,0,1
4749,0.128000,0.181400,0.008300,0.025900,0.025000,0.066800,0.001800,0.019232,0.003168,,0.010528,0.001120,1,4,48,0,1
4750,0.123900,0.141800,0.007400,0.023300,0.023800,0.064700,0.004500,0.018528,0.003008,,0.010848,0.001152,1,4,48,0,1
4751,0.116900,0.137400,0.007300,0.023100,0.024500,0.059600,0.002100,0.018912,0.003168,,0.010240,0.001120,1,4,48,0,1
4752,0.125400,0.130200,0.007700,0.022700,0.024200,0.059500,0.011300,0.019200,0.003072,,0.010560,0.001184,1,4,48,0,1
4753,0.116500,0.138400,0.007300,0.022800,0.024200,0.058800,0.003200,0.019936,0.003200,,0.013856,0.001120,1,4,48,0,1
4754,0.116300,0.129800,0.007600,0.022800,0.024000,0.058700,0.003200,0.021280,0.003008,,0.012384,0.001120,1,4,48,0,1
4755,0.115500,0.129600,0.007700,0.022700,0.023100,0.058700,0.003200,0.021472,0.002944,,0.011072,0.001152,1,4,48,0,1
4756,0.124100,0.128800,0.007200,0.022800,0.023300,0.058500,0.012100,0.018464,0.003008,,0.010880,0.001152,1,4,48,0,1
4757,0.116700,0.137400,0.007300,0.023400,0.023900,0.058600,0.003200,0.019360,0.003264,,0.010592,0.001120,1,4,48,0,1
4758,0.114900,0.129800,0.007300,0.022800,0.023500,0.058100,0.003100,0.021696,0.002944,,0.011136,0.001184,1,4,48,0,1
4759,0.149100,0.128000,0.007300,0.022700,0.035000,0.076000,0.007800,0.018400,0.002944,,0.010880,0.001152,1,4,48,0,1
4760,0.134900,0.163100,0.007900,0.024900,0.024400,0.064600,0.013100,0.021344,0.003008,,0.011040,0.001184,1,4,48,0,1
4761,0.185100,0.148400,0.007800,0.023400,0.024200,0.127500,0.001900,0.020064,0.003104,,0.013952,0.001184,1,4,48,0,1
4762,0.131600,0.198700,0.008100,0.024700,0.024800,0.059200,0.014700,0.018944,0.003104,,0.010368,0.001152,1,4,48,0,1
4763,0.115200,0.144800,0.007500,0.022900,0.024000,0.058000,0.002600,0.019872,0.003040,,0.013824,0.001152,1,4,48,0,1
4764,0.114700,0.128500,0.007700,0.022600,0.023600,0.058200,0.002300,0.019104,0.003072,,0.013056,0.001152,1,4,48,0,1
4765,0.197000,0.128200,0.007700,0.022800,0.058100,0.104100,0.004300,0.021280,0.002880,,0.012384,0.001120,1,4,48,0,1
4766,0.155500,0.219400,0.011700,0.032200,0.030300,0.078800,0.002400,0.018464,0.003072,,0.010816,0.001120,1,4,48,0,1
4767,0.148800,0.172400,0.009200,0.028700,0.028700,0.078300,0.003400,0.018720,0.002944,,0.010208,0.001152,1,4,48,0,1
4768,0.144200,0.165100,0.008900,0.028100,0.026700,0.071500,0.009000,0.019008,0.002944,,0.013088,0.001120,1,4,48,0,1
4769,0.264300,0.160800,0.009300,0.028100,0.029400,0.191900,0.005500,0.021696,0.003072,,0.012384,0.001120,1,4,48,0,1
4770,0.166900,0.279700,0.008600,0.031100,0.029200,0.091300,0.006700,0.018432,0.002976,,0.010880,0.001152,1,4,48,0,1
4771,0.148000,0.185000,0.008800,0.030600,0.028500,0.077900,0.001900,0.019072,0.003232,,0.010368,0.001120,1,4,48,0,1
4772,0.165700,0.161700,0.007700,0.024800,0.025800,0.105300,0.001900,0.018848,0.003040,,0.010176,0.001152,1,4,48,0,1
4773,0.145300,0.179400,0.007700,0.025100,0.025000,0.085300,0.001900,0.020096,0.003040,,0.013952,0.001152,1,4,48,0,1
4774,0.240600,0.159000,0.008000,0.025300,0.026000,0.173300,0.007800,0.019232,0.002976,,0.010112,0.001152,1,4,48,0,1
4775,0.192200,0.261600,0.010600,0.038000,0.035900,0.105000,0.002600,0.019584,0.003040,,0.010304,0.001152,1,4,48,0,1
4776,0.172600,0.210000,0.009700,0.030800,0.030800,0.095500,0.005500,0.019360,0.003264,,0.010432,0.001088,1,4,48,0,1
4777,0.194500,0.189700,0.009500,0.030900,0.030900,0.116000,0.007100,0.019712,0.003232,,0.010432,0.001184,1,4,48,0,1
4778,0.240100,0.210000,0.008600,0.031000,0.034000,0.161100,0.005100,0.019040,0.003296,,0.010400,0.001120,1,4,48,0,1
4779,0.154100,0.255600,0.009000,0.030900,0.028400,0.083100,0.002500,0.022048,0.003328,,0.011616,0.001120,1,4,48,0,1
4780,0.125200,0.169900,0.008000,0.026200,0.026600,0.062100,0.002000,0.019552,0.003392,,0.010400,0.001120,1,4,48,0,1
4781,0.161700,0.139000,0.007400,0.023500,0.021800,0.057700,0.051000,0.020896,0.003008,,0.012032,0.001184,1,4,48,0,1
4782,0.130300,0.175500,0.008200,0.026600,0.023400,0.070000,0.001900,0.021920,0.003136,,0.011712,0.001152,1,4,48,0,1
4783,0.264800,0.143700,0.007600,0.022800,0.026200,0.084600,0.123500,0.021120,0.002976,,0.011040,0.001120,1,4,48,0,1
4784,0.176000,0.283400,0.011000,0.037700,0.034300,0.088900,0.004100,0.021216,0.002944,,0.012032,0.001120,1,4,48,0,1
4785,0.146600,0.193000,0.009300,0.028600,0.029500,0.073500,0.005600,0.020896,0.003040,,0.012096,0.001152,1,4,48,0,1
4786,0.154900,0.163200,0.009200,0.027900,0.029100,0.085300,0.003300,0.019200,0.003008,,0.013056,0.001152,1,4,48,0,1
4787,0.148400,0.169600,0.008700,0.030800,0.029200,0.074000,0.005400,0.019104,0.003232,,0.010400,0.001120,1,4,48,0,1
4788,0.131800,0.161900,0.007800,0.023400,0.025100,0.062200,0.013200,0.021440,0.003040,,0.011424,0.001120,1,4,48,0,1
4789,0.120600,0.145200,0.007900,0.023700,0.024400,0.061000,0.003300,0.019872,0.003008,,0.013888,0.001184,1,4,48,0,1
4790,0.125900,0.133800,0.007600,0.023100,0.024600,0.059700,0.010600,0.019360,0.003296,,0.010528,0.001152,1,4,48,0,1
4791,0.125400,0.139000,0.007500,0.023000,0.024400,0.060400,0.009800,0.019232,0.003136,,0.013024,0.001120,1,4,48,0,1
4792,0.120000,0.138700,0.007600,0.023000,0.023900,0.063600,0.001700,0.018784,0.003072,,0.010208,0.001120,1,4,48,0,1
4793,0.123700,0.133500,0.007800,0.023200,0.023900,0.059500,0.009000,0.019232,0.002944,,0.013120,0.001184,1,4,48,0,1
4794,0.126600,0.136800,0.007800,0.026600,0.024200,0.059700,0.008100,0.019232,0.002944,,0.013024,0.001152,1,4,48,0,1
4795,0.124700,0.140000,0.007400,0.023900,0.023700,0.060000,0.009400,0.019040,0.003008,,0.010432,0.001184,1,4,48,0,1
4796,0.117500,0.137800,0.007600,0.022700,0.023900,0.059700,0.003400,0.022048,0.003232,,0.011296,0.001120,1,4,48,0,1
4797,0.117600,0.132200,0.007400,0.023200,0.023800,0.059800,0.003200,0.021472,0.003072,,0.011424,0.001120,1,4,48,0,1
4798,0.123700,0.131200,0.007900,0.023200,0.023700,0.059900,0.009000,0.021536,0.002912,,0.011200,0.001184,1,4,48,0,1
4799,0.163200,0.137100,0.007800,0.023000,0.044600,0.075400,0.012300,0.020640,0.003296,,0.011392,0.001120,1,4,48,0,1
4800,0.135700,0.178800,0.008700,0.026500,0.025800,0.069300,0.005300,0.019296,0.003424,,0.010400,0.001152,1,4,48,0,1
4801,0.135500,0.150000,0.010200,0.026000,0.024400,0.061100,0.013700,0.020448,0.003424,,0.011328,0.001120,1,4,48,0,1
4802,0.126400,0.149600,0.007400,0.023500,0.031200,0.061800,0.002300,0.019008,0.002976,,0.010464,0.001184,1,4,48,0,1
4803,0.129200,0.140300,0.007800,0.023600,0.024100,0.060100,0.013500,0.019936,0.003040,,0.010528,0.001184,1,4,48,0,1
4804,0.117500,0.142500,0.007800,0.023400,0.024600,0.059400,0.002000,0.020832,0.003264,,0.011872,0.001152,1,4,48,0,1
4805,0.118300,0.130800,0.007500,0.023300,0.024700,0.059500,0.003200,0.021984,0.003264,,0.011328,0.001120,1,4,48,0,1
4806,0.116300,0.131900,0.007600,0.023400,0.023900,0.059100,0.002200,0.019232,0.003168,,0.010496,0.001184,1,4,48,0,1
4807,0.129400,0.129700,0.007800,0.023300,0.024000,0.060200,0.014100,0.018880,0.002976,,0.010368,0.001152,1,4,48,0,1
4808,0.130100,0.143000,0.007500,0.022900,0.024100,0.073300,0.002200,0.019168,0.003168,,0.010528,0.001152,1,4,48,0,1
4809,0.116500,0.143500,0.007500,0.023100,0.024000,0.059700,0.002100,0.021472,0.002976,,0.011008,0.001152,1,4,48,0,1
4810,0.116500,0.130000,0.007700,0.023100,0.023800,0.059100,0.002700,0.021568,0.002976,,0.012416,0.001152,1,4,48,0,1
4811,0.136400,0.129800,0.007600,0.023400,0.024100,0.066700,0.014400,0.019840,0.003424,,0.010336,0.001088,1,4,48,0,1
4812,0.119000,0.150100,0.007800,0.023300,0.024000,0.060400,0.003300,0.018368,0.003008,,0.010784,0.001152,1,4,48,0,1
4813,0.117700,0.132400,0.007500,0.023200,0.024600,0.059000,0.003200,0.021216,0.003008,,0.012032,0.001152,1,4,48,0,1
4814,0.117200,0.130900,0.007600,0.023000,0.023800,0.059400,0.003300,0.018912,0.003104,,0.010304,0.001120,1,4,48,0,1
4815,0.119500,0.130500,0.007600,0.023100,0.023600,0.063300,0.001700,0.018784,0.003072,,0.010176,0.001152,1,4,48,0,1
4816,0.118800,0.132700,0.007400,0.022600,0.023600,0.063300,0.001800,0.018592,0.003072,,0.010304,0.001152,1,4,48,0,1
4817,0.123200,0.132100,0.007600,0.022900,0.024000,0.059100,0.009500,0.019072,0.003040,,0.012832,0.001152,1,4,48,0,1
4818,0.116900,0.136400,0.007500,0.022800,0.023700,0.059400,0.003300,0.021600,0.003168,,0.010976,0.001152,1,4,48,0,1
4819,0.124500,0.130200,0.007400,0.023100,0.023800,0.060300,0.009800,0.019744,0.003104,,0.010336,0.001120,1,4,48,0,1
4820,0.120100,0.137900,0.007400,0.023100,0.024300,0.062000,0.003200,0.020960,0.002944,,0.012128,0.001184,1,4,48,0,1
4821,0.138500,0.133500,0.008000,0.022900,0.023400,0.081300,0.002900,0.021344,0.003040,,0.011040,0.001184,1,4,48,0,1
4822,0.233300,0.153700,0.009000,0.031500,0.062900,0.124100,0.005600,0.019232,0.003264,,0.010496,0.001088,1,4,48,0,1
4823,0.182800,0.256000,0.012200,0.038100,0.034600,0.094800,0.003000,0.020832,0.002912,,0.012256,0.001152,1,4,48,0,1
4824,0.228800,0.197800,0.008900,0.030900,0.030300,0.076600,0.081900,0.020992,0.002944,,0.012928,0.001184,1,4,48,0,1
4825,0.142900,0.243900,0.008500,0.027500,0.026200,0.076800,0.003700,0.019712,0.002944,,0.010400,0.001184,1,4,48,0,1
4826,0.119700,0.156700,0.007600,0.023600,0.025700,0.060200,0.002600,0.019392,0.003040,,0.010592,0.001152,1,4,48,0,1
4827,0.122500,0.133200,0.007800,0.023200,0.024900,0.059000,0.007500,0.019680,0.003136,,0.010208,0.001152,1,4,48,0,1
4828,0.123000,0.136100,0.007900,0.027400,0.024300,0.061000,0.002400,0.019168,0.003136,,0.010496,0.001152,1,4,48,0,1
4829,0.117200,0.136600,0.007600,0.023300,0.024700,0.059600,0.002000,0.020416,0.003200,,0.011360,0.001152,1,4,48,0,1
4830,0.131900,0.130700,0.007700,0.023400,0.024300,0.072300,0.004100,0.019584,0.003328,,0.010368,0.001120,1,4,48,0,1
4831,0.129500,0.145400,0.007600,0.023100,0.024200,0.059700,0.014900,0.021376,0.003040,,0.011584,0.001120,1,4,48,0,1
