frame_id,frame_ms,frame_interval_ms,prepare_cpu_ms,record_cpu_ms,submit_cpu_ms,present_cpu_ms,sync_cpu_ms,gpu_ms,mesh_gpu_ms,lighting_gpu_ms,sky_gpu_ms,ui_gpu_ms,mesh_draw_calls,primitive_instances,triangles,point_lights,queue_submissions
583,0.260100,0.307500,0.028200,0.096900,0.046000,0.076500,0.012200,0.036448,0.013696,0.009344,0.010432,0.001248,1,4,48,4,1
584,0.251500,0.312700,0.027700,0.090100,0.046200,0.077000,0.010000,0.036544,0.013792,0.009376,0.010400,0.001216,1,4,48,4,1
585,0.383100,0.305200,0.031400,0.184600,0.055900,0.106600,0.004000,0.037120,0.011168,0.009568,0.010304,0.001216,1,4,48,4,1
586,0.266300,0.437000,0.028100,0.094300,0.047500,0.079700,0.016200,0.036800,0.013792,0.009600,0.010432,0.001216,1,4,48,4,1
587,0.261400,0.320100,0.027900,0.092500,0.047300,0.078800,0.014300,0.036512,0.013728,0.009376,0.010400,0.001216,1,4,48,4,1
588,0.259000,0.314900,0.027600,0.092000,0.046800,0.078400,0.013700,0.036960,0.011168,0.009280,0.010304,0.001216,1,4,48,4,1
589,0.256600,0.312300,0.027600,0.091200,0.046400,0.077800,0.013100,0.038560,0.011232,0.009312,0.010432,0.001216,1,4,48,4,1
590,0.261200,0.309800,0.028300,0.101100,0.046600,0.078400,0.006400,0.036480,0.011200,0.009248,0.010400,0.001216,1,4,48,4,1
591,0.247700,0.314600,0.027700,0.091100,0.047000,0.077400,0.003900,0.036544,0.012224,0.009344,0.010528,0.001216,1,4,48,4,1
592,0.249400,0.301100,0.028600,0.092600,0.046400,0.076400,0.005000,0.036704,0.013760,0.009440,0.010496,0.001248,1,4,48,4,1
593,0.250500,0.303200,0.028000,0.094600,0.046000,0.076200,0.005000,0.036928,0.011232,0.009280,0.010336,0.001248,1,4,48,4,1
594,0.246900,0.303800,0.028000,0.091400,0.046100,0.076000,0.005200,0.036352,0.013696,0.009376,0.010464,0.001184,1,4,48,4,1
595,0.246100,0.300400,0.027700,0.091400,0.046300,0.075600,0.004700,0.036800,0.011200,0.009472,0.010208,0.001216,1,4,48,4,1
596,0.277200,0.299100,0.027600,0.095300,0.046600,0.087300,0.020100,0.037024,0.011232,0.009504,0.010272,0.001216,1,4,48,4,1
597,0.267000,0.330600,0.028100,0.092400,0.046000,0.092100,0.008000,0.036832,0.011200,0.009376,0.010272,0.001216,1,4,48,4,1
598,0.292200,0.320600,0.028100,0.090900,0.045900,0.120400,0.006500,0.036416,0.011232,0.009312,0.010240,0.001216,1,4,48,4,1
599,0.265700,0.346300,0.029400,0.095500,0.048100,0.080700,0.011500,0.036800,0.011264,0.009280,0.010336,0.001216,1,4,48,4,1
600,0.270800,0.319000,0.027800,0.093700,0.047500,0.083100,0.018300,0.038240,0.011168,0.009408,0.010400,0.001184,1,4,48,4,1
601,0.252200,0.325100,0.028000,0.093200,0.047200,0.078000,0.005200,0.037216,0.011232,0.009408,0.010368,0.001216,1,4,48,4,1
602,0.258100,0.305700,0.028100,0.091900,0.047200,0.084800,0.005700,0.036960,0.011008,0.009376,0.010304,0.001184,1,4,48,4,1
603,0.256900,0.311200,0.027700,0.092000,0.047200,0.085800,0.003600,0.036864,0.011296,0.009664,0.010336,0.001184,1,4,48,4,1
604,0.290900,0.310100,0.028100,0.100100,0.046300,0.107600,0.008500,0.038400,0.011296,0.009408,0.010400,0.001248,1,4,48,4,1
605,0.275000,0.344500,0.028200,0.101900,0.047700,0.077600,0.019000,0.036448,0.011296,0.009216,0.010304,0.001248,1,4,48,4,1
606,0.266200,0.328800,0.028100,0.092100,0.047000,0.094100,0.004500,0.036992,0.011232,0.009312,0.010368,0.001216,1,4,48,4,1
607,0.283300,0.320100,0.028300,0.092900,0.047400,0.105400,0.009000,0.037088,0.011104,0.009472,0.010272,0.001216,1,4,48,4,1
608,0.407900,0.341000,0.031000,0.104200,0.052500,0.211300,0.008300,0.036864,0.013760,0.009664,0.010400,0.001280,1,4,48,4,1
609,0.368100,0.462800,0.029200,0.109000,0.047800,0.173800,0.007800,0.037344,0.011168,0.009536,0.010336,0.001216,1,4,48,4,1
610,0.517100,0.439100,0.036100,0.124600,0.060300,0.289700,0.006000,0.036832,0.013728,0.009664,0.010400,0.001248,1,4,48,4,1
611,0.328400,0.584400,0.028600,0.096800,0.079700,0.115900,0.007000,0.036608,0.013728,0.009472,0.010400,0.001216,1,4,48,4,1
612,0.397200,0.383100,0.028400,0.201700,0.048800,0.110200,0.007500,0.036704,0.013728,0.009600,0.010400,0.001184,1,4,48,4,1
613,0.290400,0.451800,0.028700,0.095900,0.049000,0.110200,0.006000,0.036928,0.011200,0.009216,0.010368,0.001216,1,4,48,4,1
614,0.280400,0.364200,0.030100,0.101500,0.051000,0.092200,0.005000,0.038368,0.011296,0.009408,0.010336,0.001312,1,4,48,4,1
615,0.260100,0.335900,0.028300,0.095200,0.048400,0.082900,0.005000,0.036512,0.011232,0.009376,0.010336,0.001216,1,4,48,4,1
616,0.265500,0.314200,0.029200,0.094200,0.048000,0.086100,0.007500,0.036544,0.013696,0.009440,0.010464,0.001216,1,4,48,4,1
617,0.256900,0.319400,0.028200,0.092500,0.047700,0.083300,0.004800,0.036576,0.012256,0.009376,0.010464,0.001248,1,4,48,4,1
618,0.259700,0.310200,0.027700,0.092800,0.047100,0.087900,0.003600,0.036736,0.012288,0.009568,0.010400,0.001216,1,4,48,4,1
619,0.264200,0.313200,0.027800,0.099500,0.046500,0.085600,0.004500,0.036640,0.013760,0.009472,0.010400,0.001248,1,4,48,4,1
620,0.263200,0.317700,0.027800,0.092800,0.047600,0.078600,0.015900,0.037120,0.011072,0.009408,0.010304,0.001216,1,4,48,4,1
621,0.261600,0.316700,0.028000,0.092600,0.047600,0.078500,0.014500,0.037216,0.011136,0.009376,0.010368,0.001216,1,4,48,4,1
622,0.259900,0.315000,0.028200,0.092300,0.046900,0.077400,0.014600,0.037728,0.010784,0.009504,0.010400,0.001216,1,4,48,4,1
623,0.251100,0.316800,0.027600,0.090800,0.044600,0.082500,0.005200,0.036672,0.013760,0.009440,0.010464,0.001216,1,4,48,4,1
624,0.254400,0.303700,0.027400,0.091000,0.047000,0.077500,0.011000,0.038624,0.013792,0.009280,0.010400,0.001216,1,4,48,4,1
625,0.259600,0.307900,0.028300,0.091500,0.046400,0.087500,0.005500,0.037184,0.011040,0.009536,0.010336,0.001216,1,4,48,4,1
626,0.259500,0.312900,0.027800,0.091500,0.046800,0.087400,0.005500,0.036608,0.011264,0.009408,0.010304,0.001248,1,4,48,4,1
627,0.274600,0.316400,0.030400,0.099900,0.050200,0.088300,0.005400,0.036288,0.013792,0.009120,0.010400,0.001184,1,4,48,4,1
628,0.256000,0.328800,0.028600,0.095200,0.047900,0.078700,0.005300,0.037024,0.011136,0.009568,0.010304,0.001216,1,4,48,4,1
629,0.266400,0.309600,0.027700,0.093200,0.047600,0.078800,0.018400,0.037024,0.011200,0.009408,0.010368,0.001184,1,4,48,4,1
630,0.253900,0.320200,0.028000,0.092800,0.048300,0.079200,0.005200,0.036736,0.011200,0.009568,0.010368,0.001216,1,4,48,4,1
631,0.252100,0.307500,0.028100,0.093200,0.047200,0.077300,0.005800,0.036768,0.011168,0.009376,0.010336,0.001280,1,4,48,4,1
632,0.345000,0.306000,0.042400,0.140500,0.059300,0.088400,0.013900,0.037312,0.011232,0.009472,0.010368,0.001248,1,4,48,4,1
633,0.263200,0.399000,0.028600,0.092500,0.048100,0.077500,0.015900,0.036576,0.011264,0.009248,0.010336,0.001312,1,4,48,4,1
634,0.292400,0.316800,0.028000,0.093300,0.046200,0.118500,0.006000,0.036896,0.013696,0.009792,0.010432,0.001184,1,4,48,4,1
635,0.251700,0.346500,0.028300,0.093400,0.046900,0.077400,0.005200,0.037024,0.011264,0.009408,0.010272,0.001280,1,4,48,4,1
636,0.263900,0.305000,0.027700,0.091900,0.046900,0.077600,0.019500,0.036576,0.012352,0.009472,0.010368,0.001216,1,4,48,4,1
637,0.263200,0.317300,0.027900,0.091900,0.047000,0.077200,0.018500,0.036512,0.011232,0.009376,0.010336,0.001184,1,4,48,4,1
638,0.275100,0.316800,0.028400,0.091100,0.047300,0.101100,0.006800,0.037536,0.012256,0.009472,0.010400,0.001216,1,4,48,4,1
639,0.247900,0.328300,0.028200,0.091200,0.046200,0.077100,0.004900,0.037184,0.011168,0.009344,0.010336,0.001280,1,4,48,4,1
640,0.272200,0.301400,0.041500,0.101500,0.046800,0.077200,0.004600,0.036640,0.013728,0.009568,0.010368,0.001216,1,4,48,4,1
641,0.257000,0.325900,0.028300,0.091900,0.047000,0.077300,0.012000,0.036896,0.011104,0.009280,0.010272,0.001216,1,4,48,4,1
642,0.277700,0.310600,0.028600,0.091000,0.046400,0.105900,0.005500,0.036928,0.011264,0.009728,0.010304,0.001248,1,4,48,4,1
643,0.286300,0.334400,0.029400,0.099900,0.049500,0.100400,0.006600,0.037024,0.011008,0.009472,0.010240,0.001216,1,4,48,4,1
644,0.283600,0.343500,0.029500,0.101100,0.049800,0.097700,0.005200,0.036640,0.013728,0.009504,0.010400,0.001216,1,4,48,4,1
645,0.391500,0.338700,0.029700,0.096400,0.048200,0.209500,0.007300,0.036800,0.011104,0.009376,0.010272,0.001184,1,4,48,4,1
646,0.286600,0.446200,0.028800,0.095100,0.047800,0.108800,0.005900,0.036512,0.013760,0.009376,0.010432,0.001216,1,4,48,4,1
647,0.270000,0.341200,0.028400,0.093400,0.048600,0.093900,0.005300,0.036512,0.013728,0.009408,0.010400,0.001216,1,4,48,4,1
648,0.378700,0.324300,0.028200,0.093800,0.047400,0.106200,0.102800,0.036608,0.013664,0.009504,0.010368,0.001248,1,4,48,4,1
649,0.303600,0.436500,0.030000,0.101900,0.054000,0.113200,0.003900,0.036896,0.011232,0.009344,0.010304,0.001184,1,4,48,4,1
650,0.291800,0.362300,0.028500,0.095400,0.047900,0.111500,0.008200,0.036736,0.011264,0.009504,0.010304,0.001280,1,4,48,4,1
651,0.305700,0.346000,0.029300,0.093500,0.047400,0.128500,0.006600,0.036832,0.013696,0.009792,0.010368,0.001216,1,4,48,4,1
652,0.319700,0.376200,0.036100,0.123500,0.060600,0.091600,0.007300,0.036768,0.011168,0.009408,0.010240,0.001216,1,4,48,4,1
653,0.271600,0.374200,0.028600,0.096300,0.048500,0.083500,0.014400,0.036608,0.013696,0.009408,0.010368,0.001280,1,4,48,4,1
654,0.257300,0.325800,0.028700,0.095100,0.048100,0.079600,0.005300,0.037472,0.011296,0.009472,0.010272,0.001248,1,4,48,4,1
655,0.319900,0.311200,0.028300,0.159100,0.048000,0.078800,0.005300,0.037152,0.011200,0.009376,0.010272,0.001216,1,4,48,4,1
656,0.274300,0.373600,0.027900,0.093000,0.047700,0.078600,0.026600,0.036864,0.011168,0.009408,0.010336,0.001184,1,4,48,4,1
657,0.275500,0.331100,0.029700,0.101600,0.050500,0.086500,0.006900,0.036544,0.013920,0.009376,0.010240,0.001216,1,4,48,4,1
658,0.262900,0.330100,0.028600,0.095800,0.047800,0.083700,0.006500,0.037088,0.011104,0.009472,0.010272,0.001248,1,4,48,4,1
659,0.258800,0.317500,0.028500,0.093800,0.051900,0.078800,0.005500,0.037280,0.011200,0.009280,0.010304,0.001216,1,4,48,4,1
660,0.265100,0.313000,0.029000,0.093600,0.047900,0.078900,0.015300,0.036928,0.011168,0.009472,0.010304,0.001216,1,4,48,4,1
661,0.253700,0.318600,0.028300,0.093400,0.047700,0.078600,0.005300,0.036640,0.011168,0.009280,0.010304,0.001184,1,4,48,4,1
662,0.270600,0.311100,0.028000,0.101100,0.047800,0.078100,0.015000,0.037088,0.011232,0.009344,0.010240,0.001216,1,4,48,4,1
663,0.258500,0.323900,0.027600,0.091800,0.047400,0.077500,0.013600,0.036736,0.011232,0.009664,0.010240,0.001216,1,4,48,4,1
664,0.263000,0.312100,0.027700,0.091600,0.046400,0.078700,0.018200,0.036608,0.013728,0.009408,0.010464,0.001248,1,4,48,4,1
665,0.267700,0.320800,0.028400,0.095200,0.050300,0.078100,0.015300,0.036736,0.011168,0.009376,0.010272,0.001184,1,4,48,4,1
666,0.271900,0.321900,0.027900,0.091900,0.046700,0.095800,0.009100,0.037184,0.011168,0.009344,0.010368,0.001216,1,4,48,4,1
667,0.350600,0.343000,0.036200,0.124000,0.061800,0.119300,0.008700,0.036160,0.011200,0.009184,0.010240,0.001216,1,4,48,4,1
668,0.339400,0.421300,0.036200,0.122900,0.062400,0.109900,0.007200,0.036576,0.011168,0.009472,0.010304,0.001216,1,4,48,4,1
669,0.287800,0.396500,0.029800,0.101400,0.051000,0.097800,0.007200,0.037312,0.011200,0.009440,0.010240,0.001248,1,4,48,4,1
670,0.289600,0.344100,0.029500,0.098500,0.054400,0.100700,0.006200,0.036672,0.011232,0.009664,0.010240,0.001216,1,4,48,4,1
671,0.312500,0.356700,0.035400,0.115300,0.058700,0.096000,0.006700,0.036704,0.013760,0.009440,0.010464,0.001280,1,4,48,4,1
672,0.305300,0.378900,0.034300,0.113100,0.057200,0.094900,0.005500,0.036768,0.011232,0.009728,0.010208,0.001216,1,4,48,4,1
673,0.276500,0.371700,0.034500,0.099200,0.047500,0.088400,0.006400,0.037824,0.011232,0.009312,0.010336,0.001248,1,4,48,4,1
674,0.267000,0.330400,0.028000,0.091900,0.046800,0.094800,0.005000,0.038080,0.011168,0.009728,0.010304,0.001280,1,4,48,4,1
675,0.266200,0.321100,0.028000,0.093700,0.047300,0.079800,0.016800,0.037216,0.011232,0.009504,0.010240,0.001248,1,4,48,4,1
676,0.314000,0.319700,0.036500,0.106400,0.047500,0.117600,0.005400,0.037024,0.011168,0.009408,0.010240,0.001248,1,4,48,4,1
677,0.346400,0.371100,0.031200,0.101600,0.050600,0.154000,0.008500,0.036480,0.013760,0.009312,0.010368,0.001248,1,4,48,4,1
678,0.299500,0.401100,0.028500,0.096800,0.048400,0.118800,0.006400,0.037024,0.011200,0.009440,0.010272,0.001248,1,4,48,4,1
679,0.286300,0.358000,0.028000,0.093100,0.047500,0.109900,0.007300,0.036768,0.011168,0.009376,0.010208,0.001184,1,4,48,4,1
680,0.284900,0.340000,0.029400,0.093400,0.047400,0.107900,0.006500,0.036544,0.013728,0.009408,0.010432,0.001184,1,4,48,4,1
681,0.287600,0.338500,0.028100,0.092000,0.053000,0.108200,0.006000,0.036544,0.010816,0.009536,0.010208,0.001216,1,4,48,4,1
682,0.280400,0.341400,0.028500,0.091800,0.046700,0.109300,0.003600,0.037152,0.011168,0.009344,0.010304,0.001248,1,4,48,4,1
683,0.386000,0.334100,0.027700,0.092200,0.046600,0.212600,0.006500,0.036608,0.013760,0.009440,0.010400,0.001248,1,4,48,4,1
684,0.255600,0.453800,0.035900,0.119100,0.024400,0.074200,0.001500,0.036768,0.011200,0.009696,0.010272,0.001248,1,4,48,4,1
685,0.913900,0.321600,0.033500,0.140900,0.008200,0.053400,0.677200,0.036928,0.010912,0.009344,0.010272,0.001248,1,4,48,4,1
686,0.333700,0.972100,0.030100,0.135900,0.053200,0.107600,0.006500,0.036896,0.011232,0.009440,0.010304,0.001248,1,4,48,4,1
687,0.304100,0.390800,0.029500,0.108000,0.068300,0.084400,0.013100,0.037280,0.011232,0.009376,0.010272,0.001248,1,4,48,4,1
688,0.266400,0.359000,0.027700,0.096200,0.047800,0.080400,0.013800,0.036384,0.013728,0.009312,0.010368,0.001216,1,4,48,4,1
689,0.262300,0.320200,0.028200,0.094100,0.047700,0.084200,0.007700,0.036320,0.011264,0.009216,0.010304,0.001248,1,4,48,4,1
690,0.257900,0.315700,0.028100,0.093500,0.047200,0.082800,0.006000,0.036544,0.011232,0.009472,0.010240,0.001216,1,4,48,4,1
691,0.254900,0.311600,0.027800,0.092500,0.047000,0.081900,0.005300,0.036576,0.011232,0.009536,0.010240,0.001216,1,4,48,4,1
692,0.264100,0.307800,0.027700,0.100200,0.046700,0.084800,0.004300,0.036512,0.011264,0.009408,0.010272,0.001184,1,4,48,4,1
693,0.256200,0.317600,0.028200,0.091500,0.046900,0.084500,0.004500,0.036416,0.011168,0.009376,0.010240,0.001216,1,4,48,4,1
694,0.255600,0.309200,0.028200,0.091500,0.046100,0.083900,0.005600,0.036576,0.011232,0.009472,0.010240,0.001184,1,4,48,4,1
695,0.254700,0.309000,0.027600,0.091600,0.046600,0.077600,0.010900,0.038464,0.011264,0.009312,0.010368,0.001184,1,4,48,4,1
696,0.253600,0.308100,0.027200,0.091300,0.046900,0.082400,0.005300,0.036544,0.011232,0.009408,0.010272,0.001216,1,4,48,4,1
697,0.255800,0.306500,0.028100,0.091900,0.046200,0.083500,0.005500,0.036448,0.011168,0.009408,0.010240,0.001216,1,4,48,4,1
698,0.261100,0.341200,0.027300,0.091100,0.050700,0.087300,0.004100,0.036512,0.013728,0.009408,0.010432,0.001216,1,4,48,4,1
699,0.254300,0.314100,0.027800,0.090100,0.045600,0.076000,0.014000,0.036640,0.011200,0.009536,0.010240,0.001184,1,4,48,4,1
700,0.259500,0.307300,0.027300,0.090500,0.045800,0.080700,0.014600,0.036512,0.011232,0.009408,0.010272,0.001216,1,4,48,4,1
701,0.180500,0.312200,0.027400,0.091300,0.015400,0.044800,0.001200,0.036512,0.011168,0.009408,0.010272,0.001248,1,4,48,4,1
702,0.473300,0.232800,0.027800,0.104300,0.007000,0.043400,0.290400,0.037344,0.011168,0.009664,0.010272,0.001216,1,4,48,4,1
703,0.293800,0.526400,0.029500,0.122200,0.048600,0.079400,0.013700,0.037056,0.011136,0.009216,0.010336,0.001216,1,4,48,4,1
704,0.258300,0.347000,0.028400,0.092000,0.046500,0.083600,0.007400,0.036256,0.011200,0.009280,0.010176,0.001184,1,4,48,4,1
705,0.255700,0.311000,0.027500,0.090900,0.047000,0.078000,0.012000,0.037824,0.011232,0.009440,0.010272,0.001184,1,4,48,4,1
706,0.254400,0.308300,0.027200,0.091300,0.046300,0.077100,0.012000,0.036832,0.011104,0.009568,0.010272,0.001216,1,4,48,4,1
707,0.253700,0.307100,0.027600,0.089900,0.046600,0.076500,0.012600,0.036448,0.011200,0.009344,0.010240,0.001248,1,4,48,4,1
708,0.261900,0.306400,0.027100,0.097600,0.046100,0.077100,0.013500,0.036672,0.013728,0.009440,0.010432,0.001248,1,4,48,4,1
709,0.253400,0.314400,0.027400,0.090500,0.045900,0.076300,0.012700,0.036480,0.011264,0.009376,0.010240,0.001216,1,4,48,4,1
710,0.250900,0.305800,0.027800,0.089900,0.045500,0.082200,0.005200,0.036672,0.011168,0.009440,0.010400,0.001184,1,4,48,4,1
711,0.252700,0.303400,0.027100,0.090100,0.045900,0.076700,0.012500,0.036384,0.011200,0.009344,0.010272,0.001216,1,4,48,4,1
712,0.252700,0.305500,0.027400,0.090400,0.045500,0.076900,0.012100,0.036576,0.011232,0.009472,0.010240,0.001216,1,4,48,4,1
713,0.258500,0.305400,0.027500,0.090100,0.046000,0.089000,0.005600,0.037568,0.011232,0.009344,0.010304,0.001248,1,4,48,4,1
714,0.253800,0.311100,0.027500,0.090000,0.045700,0.075900,0.014200,0.036640,0.013792,0.009408,0.010432,0.001216,1,4,48,4,1
715,0.266300,0.320900,0.038200,0.091500,0.045900,0.076100,0.014200,0.037440,0.010816,0.009408,0.010208,0.001216,1,4,48,4,1
716,0.243900,0.319000,0.027700,0.090000,0.045800,0.074600,0.005300,0.037088,0.011040,0.009376,0.010336,0.001280,1,4,48,4,1
717,0.254000,0.296700,0.027900,0.089700,0.046300,0.076900,0.012900,0.036608,0.013792,0.009408,0.010432,0.001216,1,4,48,4,1
718,0.254500,0.306800,0.027600,0.090500,0.045500,0.076000,0.014400,0.036480,0.013728,0.009440,0.010368,0.001184,1,4,48,4,1
719,0.254100,0.306900,0.027300,0.090400,0.046000,0.074500,0.015400,0.036448,0.013728,0.009280,0.010432,0.001184,1,4,48,4,1
720,0.177000,0.306300,0.027600,0.089700,0.014500,0.043500,0.001200,0.036448,0.011200,0.009440,0.010240,0.001184,1,4,48,4,1
721,0.457000,0.228700,0.026600,0.103500,0.007500,0.136000,0.183100,0.036704,0.013760,0.009568,0.010400,0.001184,1,4,48,4,1
722,0.368700,0.519300,0.029100,0.128500,0.013600,0.189400,0.007300,0.036960,0.013760,0.009696,0.010400,0.001344,1,4,48,4,1
723,0.365000,0.438900,0.035100,0.152800,0.069800,0.100300,0.006200,0.037440,0.010944,0.009280,0.010272,0.001216,1,4,48,4,1
724,0.306700,0.432100,0.033800,0.114300,0.057200,0.094800,0.006000,0.036608,0.013760,0.009440,0.010464,0.001216,1,4,48,4,1
725,0.301700,0.373100,0.033800,0.111300,0.056400,0.093600,0.006000,0.037024,0.011168,0.009312,0.010272,0.001216,1,4,48,4,1
726,0.301600,0.367800,0.034200,0.111300,0.056200,0.093300,0.006000,0.036672,0.013760,0.009536,0.010432,0.001184,1,4,48,4,1
727,0.281400,0.367500,0.049200,0.091400,0.048600,0.087800,0.004000,0.036672,0.013760,0.009440,0.010432,0.001280,1,4,48,4,1
728,0.299400,0.345300,0.033500,0.109800,0.056500,0.092800,0.006200,0.036576,0.013792,0.009344,0.010464,0.001216,1,4,48,4,1
729,0.298900,0.364300,0.034700,0.109300,0.056200,0.091800,0.006300,0.036416,0.013792,0.009376,0.010272,0.001216,1,4,48,4,1
730,0.290900,0.364000,0.033800,0.109600,0.056200,0.085300,0.005400,0.036672,0.013728,0.009696,0.010400,0.001248,1,4,48,4,1
731,0.251900,0.344400,0.027300,0.090100,0.046100,0.076500,0.011400,0.036640,0.012320,0.009440,0.010464,0.001216,1,4,48,4,1
732,0.265800,0.304500,0.027500,0.097200,0.046200,0.089000,0.005500,0.036608,0.013760,0.009440,0.010432,0.001248,1,4,48,4,1
733,0.261700,0.318700,0.027400,0.099300,0.045900,0.076700,0.012100,0.036448,0.013696,0.009312,0.010432,0.001248,1,4,48,4,1
734,0.257900,0.314300,0.027900,0.090300,0.045800,0.076800,0.016600,0.036640,0.013728,0.009504,0.010400,0.001184,1,4,48,4,1
735,0.302100,0.325300,0.027700,0.096900,0.046200,0.122600,0.008200,0.037216,0.011104,0.009504,0.010272,0.001216,1,4,48,4,1
736,0.337300,0.371000,0.035000,0.121600,0.058700,0.114900,0.006600,0.037056,0.011200,0.009440,0.010272,0.001216,1,4,48,4,1
737,0.278500,0.390900,0.029600,0.103300,0.047900,0.079100,0.018200,0.036448,0.013632,0.009408,0.010432,0.001216,1,4,48,4,1
738,0.260000,0.331400,0.027700,0.091000,0.047000,0.086800,0.007200,0.036704,0.011232,0.009632,0.010240,0.001216,1,4,48,4,1
739,0.255200,0.312700,0.027500,0.090800,0.047000,0.077800,0.011900,0.037056,0.011104,0.009344,0.010272,0.001248,1,4,48,4,1
740,0.252800,0.308300,0.027700,0.090000,0.046400,0.084700,0.003600,0.036576,0.011136,0.009536,0.010240,0.001248,1,4,48,4,1
741,0.274400,0.305200,0.027500,0.090300,0.046500,0.104400,0.005400,0.036640,0.011200,0.009472,0.010336,0.001248,1,4,48,4,1
742,0.260900,0.327100,0.028200,0.097600,0.046200,0.084800,0.003600,0.036544,0.011232,0.009504,0.010208,0.001216,1,4,48,4,1
743,0.250600,0.314000,0.027100,0.090300,0.045700,0.082800,0.004300,0.036480,0.012352,0.009312,0.010432,0.001216,1,4,48,4,1
744,0.251500,0.303100,0.027000,0.090500,0.045500,0.084700,0.003600,0.036512,0.011136,0.009408,0.010336,0.001216,1,4,48,4,1
745,0.255300,0.303800,0.027800,0.090500,0.045400,0.076300,0.014700,0.037216,0.011168,0.009568,0.010304,0.001216,1,4,48,4,1
746,0.253300,0.307600,0.027500,0.090000,0.046300,0.077200,0.011800,0.036544,0.013728,0.009440,0.010400,0.001216,1,4,48,4,1
747,0.255800,0.305600,0.027500,0.090200,0.045900,0.085200,0.006600,0.036480,0.011328,0.009376,0.010208,0.001184,1,4,48,4,1
748,0.250500,0.308500,0.027000,0.089800,0.045600,0.076200,0.011500,0.036640,0.013728,0.009536,0.010400,0.001216,1,4,48,4,1
749,0.250700,0.303000,0.027300,0.090400,0.045600,0.076500,0.010600,0.036448,0.013792,0.009312,0.010464,0.001216,1,4,48,4,1
750,0.251900,0.303500,0.027400,0.090100,0.045600,0.076200,0.012300,0.036768,0.011232,0.009568,0.010336,0.001248,1,4,48,4,1
751,0.251100,0.304700,0.027300,0.089900,0.045400,0.075700,0.012400,0.036672,0.011232,0.009440,0.010336,0.001248,1,4,48,4,1
752,0.250400,0.303900,0.027900,0.089900,0.045600,0.082100,0.004400,0.036480,0.011200,0.009376,0.010272,0.001216,1,4,48,4,1
753,0.271200,0.303000,0.027500,0.089600,0.046000,0.102000,0.005700,0.038720,0.011264,0.009504,0.010400,0.001184,1,4,48,4,1
754,0.262700,0.323500,0.038000,0.090000,0.046200,0.084200,0.003600,0.036480,0.011232,0.009376,0.010336,0.001216,1,4,48,4,1
755,0.261800,0.315400,0.027800,0.096000,0.045900,0.075500,0.016100,0.037920,0.011296,0.009248,0.010272,0.001216,1,4,48,4,1
756,0.243900,0.315300,0.027200,0.090700,0.045500,0.075100,0.005200,0.036576,0.013760,0.009344,0.010464,0.001248,1,4,48,4,1
757,0.253000,0.296700,0.027500,0.090400,0.046300,0.082100,0.006400,0.036448,0.011168,0.009440,0.010272,0.001184,1,4,48,4,1
758,0.251300,0.305600,0.027900,0.089700,0.045600,0.076500,0.011400,0.036768,0.011232,0.009568,0.010400,0.001184,1,4,48,4,1
759,0.250300,0.303600,0.027300,0.089600,0.045600,0.075900,0.011200,0.036512,0.012256,0.009536,0.010400,0.001184,1,4,48,4,1
760,0.250800,0.302800,0.027400,0.089700,0.045400,0.084200,0.003600,0.036672,0.011200,0.009376,0.010432,0.001280,1,4,48,4,1
761,0.251900,0.303100,0.027800,0.089600,0.045900,0.076200,0.012100,0.038688,0.011200,0.009568,0.010400,0.001216,1,4,48,4,1
762,0.250800,0.309800,0.027300,0.090500,0.045600,0.076000,0.010900,0.036704,0.012288,0.009472,0.010528,0.001216,1,4,48,4,1
763,0.248300,0.303300,0.027300,0.089200,0.045600,0.081100,0.004400,0.036608,0.011200,0.009568,0.010240,0.001248,1,4,48,4,1
764,0.251500,0.300600,0.027300,0.089300,0.045800,0.075000,0.013900,0.036800,0.011264,0.009632,0.010304,0.001184,1,4,48,4,1
765,0.250700,0.304100,0.027300,0.089800,0.045600,0.075900,0.011800,0.036384,0.011232,0.009376,0.010208,0.001216,1,4,48,4,1
766,0.249800,0.303200,0.027700,0.089600,0.045800,0.081900,0.004500,0.036544,0.011200,0.009504,0.010208,0.001248,1,4,48,4,1
767,0.250200,0.302300,0.027400,0.089400,0.045900,0.075400,0.011600,0.036416,0.011264,0.009248,0.010336,0.001216,1,4,48,4,1
768,0.257000,0.302800,0.027100,0.090200,0.050300,0.076600,0.012500,0.038560,0.011200,0.009408,0.010400,0.001216,1,4,48,4,1
769,0.250000,0.309500,0.027800,0.090000,0.045600,0.081600,0.004500,0.036416,0.012256,0.009280,0.010400,0.001216,1,4,48,4,1
770,0.250600,0.302500,0.027200,0.089800,0.046300,0.076600,0.010400,0.036608,0.011200,0.009472,0.010304,0.001216,1,4,48,4,1
771,0.293500,0.303300,0.027300,0.112900,0.046200,0.099300,0.007400,0.036512,0.013760,0.009280,0.010496,0.001216,1,4,48,4,1
772,0.255000,0.346000,0.027300,0.090200,0.045600,0.076000,0.015600,0.038784,0.011296,0.009504,0.010432,0.001216,1,4,48,4,1
773,0.250300,0.307500,0.027000,0.089500,0.046100,0.076000,0.011300,0.036288,0.013760,0.009280,0.010240,0.001248,1,4,48,4,1
774,0.252400,0.303100,0.027900,0.090300,0.045700,0.076300,0.011800,0.036480,0.013696,0.009376,0.010400,0.001216,1,4,48,4,1
775,0.252600,0.310200,0.027300,0.090400,0.045700,0.074300,0.014300,0.036864,0.011168,0.009440,0.010176,0.001248,1,4,48,4,1
776,0.244100,0.305800,0.027200,0.089800,0.045900,0.075800,0.005200,0.036512,0.013728,0.009376,0.010464,0.001184,1,4,48,4,1
777,0.257000,0.297200,0.027700,0.089600,0.055700,0.076500,0.007000,0.038144,0.010752,0.009280,0.010336,0.001216,1,4,48,4,1
778,0.243500,0.309600,0.027200,0.090400,0.045400,0.075000,0.005200,0.037120,0.011200,0.009504,0.010336,0.001216,1,4,48,4,1
779,0.261300,0.296400,0.027200,0.090700,0.046100,0.076100,0.020800,0.036576,0.013792,0.009344,0.010400,0.001216,1,4,48,4,1
780,0.255000,0.314000,0.027300,0.090200,0.045500,0.079600,0.011900,0.038016,0.013760,0.009216,0.010272,0.001216,1,4,48,4,1
781,0.257900,0.307400,0.027700,0.090000,0.050700,0.077000,0.012300,0.036416,0.012416,0.009184,0.010400,0.001248,1,4,48,4,1
782,0.251800,0.310500,0.027700,0.089900,0.045900,0.076400,0.011600,0.038912,0.011296,0.009696,0.010400,0.001216,1,4,48,4,1
783,0.249500,0.304500,0.027300,0.089600,0.045400,0.075800,0.011200,0.036512,0.011200,0.009472,0.010208,0.001216,1,4,48,4,1
784,0.251600,0.302200,0.028900,0.089600,0.045700,0.076100,0.010900,0.036640,0.011232,0.009536,0.010272,0.001184,1,4,48,4,1
785,0.250800,0.304000,0.027700,0.089600,0.045600,0.076600,0.010800,0.036608,0.011264,0.009440,0.010304,0.001216,1,4,48,4,1
786,0.251000,0.303300,0.027400,0.090000,0.045000,0.076000,0.012200,0.036704,0.011264,0.009600,0.010368,0.001184,1,4,48,4,1
787,0.250800,0.303900,0.027700,0.090200,0.045700,0.075900,0.011000,0.036544,0.013728,0.009344,0.010432,0.001248,1,4,48,4,1
788,0.260900,0.303800,0.033400,0.090600,0.045500,0.075600,0.015500,0.037184,0.011200,0.009472,0.010272,0.001248,1,4,48,4,1
789,0.251400,0.313300,0.027300,0.089900,0.045900,0.083700,0.004200,0.036512,0.011232,0.009440,0.010208,0.001216,1,4,48,4,1
790,0.253800,0.304300,0.029700,0.090400,0.045200,0.076400,0.011700,0.036672,0.013760,0.009408,0.010464,0.001280,1,4,48,4,1
791,0.279800,0.306300,0.027800,0.107000,0.056900,0.076200,0.011400,0.036512,0.013728,0.009312,0.010432,0.001248,1,4,48,4,1
792,0.254500,0.332400,0.027400,0.090300,0.045500,0.075300,0.015500,0.036288,0.011168,0.009248,0.010272,0.001248,1,4,48,4,1
793,0.251500,0.307000,0.027600,0.090000,0.046000,0.075900,0.011500,0.037344,0.011296,0.009600,0.010336,0.001184,1,4,48,4,1
794,0.257000,0.304100,0.027700,0.089400,0.050400,0.076900,0.012000,0.036832,0.013760,0.009568,0.010496,0.001216,1,4,48,4,1
795,0.254800,0.309400,0.028100,0.089900,0.045800,0.075100,0.015400,0.036512,0.013760,0.009312,0.010464,0.001184,1,4,48,4,1
796,0.260900,0.307200,0.037300,0.089600,0.045600,0.075800,0.012300,0.037152,0.011232,0.009504,0.010240,0.001184,1,4,48,4,1
797,0.249700,0.313700,0.027600,0.089700,0.045500,0.075800,0.010600,0.036608,0.011232,0.009536,0.010272,0.001184,1,4,48,4,1
798,0.251900,0.302700,0.027600,0.089900,0.045400,0.076000,0.012500,0.036672,0.013728,0.009568,0.010368,0.001184,1,4,48,4,1
799,0.251300,0.304700,0.027500,0.089700,0.045600,0.075800,0.012400,0.036704,0.013824,0.009536,0.010400,0.001184,1,4,48,4,1
800,0.255400,0.303800,0.027200,0.089500,0.045700,0.086400,0.006200,0.036672,0.011232,0.009504,0.010272,0.001248,1,4,48,4,1
801,0.250400,0.312800,0.027900,0.090000,0.045600,0.075600,0.011000,0.036416,0.011200,0.009344,0.010304,0.001184,1,4,48,4,1
802,0.254800,0.302800,0.027900,0.089800,0.049500,0.076400,0.010800,0.037184,0.011232,0.009504,0.010240,0.001184,1,4,48,4,1
803,0.253800,0.307200,0.027300,0.090100,0.045600,0.076000,0.014400,0.038208,0.013696,0.009568,0.010272,0.001216,1,4,48,4,1
804,0.249900,0.306100,0.027300,0.089900,0.045400,0.075300,0.011300,0.036576,0.011232,0.009504,0.010240,0.001216,1,4,48,4,1
805,0.249400,0.302500,0.027400,0.089500,0.045400,0.075900,0.010900,0.036224,0.011168,0.009216,0.010208,0.001216,1,4,48,4,1
806,0.250400,0.302300,0.028000,0.089300,0.045800,0.076100,0.010900,0.038720,0.011200,0.009568,0.010432,0.001184,1,4,48,4,1
807,0.254800,0.303200,0.028000,0.089700,0.045300,0.085600,0.005700,0.036544,0.011200,0.009536,0.010208,0.001184,1,4,48,4,1
808,0.250400,0.307500,0.027500,0.090100,0.045000,0.075300,0.012200,0.038720,0.011264,0.009568,0.010368,0.001184,1,4,48,4,1
809,0.253900,0.303000,0.027800,0.089900,0.045100,0.075500,0.015200,0.036608,0.013696,0.009440,0.010464,0.001216,1,4,48,4,1
810,0.249300,0.306500,0.027400,0.089600,0.045200,0.075700,0.011000,0.036640,0.012256,0.009568,0.010400,0.001216,1,4,48,4,1
811,0.243000,0.301700,0.027200,0.089900,0.045500,0.075000,0.005100,0.036448,0.013728,0.009280,0.010400,0.001248,1,4,48,4,1
812,0.251600,0.296000,0.027200,0.089600,0.045700,0.076300,0.012500,0.036608,0.011168,0.009504,0.010304,0.001184,1,4,48,4,1
813,0.253200,0.304300,0.027100,0.090200,0.045600,0.086400,0.003700,0.036416,0.011168,0.009344,0.010272,0.001216,1,4,48,4,1
814,0.252600,0.305900,0.029600,0.096100,0.045300,0.076200,0.005100,0.038624,0.011232,0.009408,0.010432,0.001248,1,4,48,4,1
815,0.267700,0.305500,0.027700,0.102600,0.045700,0.075100,0.016100,0.036512,0.013728,0.009376,0.010432,0.001216,1,4,48,4,1
816,0.250900,0.320100,0.027500,0.089900,0.045300,0.081000,0.006900,0.036576,0.011200,0.009504,0.010304,0.001184,1,4,48,4,1
817,0.252200,0.303400,0.027900,0.089900,0.045400,0.076600,0.011600,0.036448,0.011200,0.009376,0.010272,0.001184,1,4,48,4,1
818,0.248900,0.304900,0.027400,0.089600,0.045600,0.075800,0.010200,0.036576,0.011232,0.009472,0.010272,0.001248,1,4,48,4,1
819,0.250800,0.301600,0.027000,0.089900,0.045500,0.076400,0.011500,0.038432,0.011232,0.009312,0.010368,0.001216,1,4,48,4,1
820,0.257600,0.303300,0.027400,0.089800,0.045200,0.089400,0.005600,0.036768,0.013728,0.009664,0.010400,0.001216,1,4,48,4,1
821,0.513200,0.461500,0.045000,0.219300,0.095200,0.144600,0.008400,0.037280,0.010816,0.009216,0.010240,0.001216,1,4,48,4,1
822,0.384200,0.597600,0.042000,0.140300,0.068600,0.125900,0.007000,0.037120,0.011104,0.009408,0.010240,0.001216,1,4,48,4,1
823,0.269300,0.438400,0.029100,0.097200,0.049000,0.087200,0.006500,0.036768,0.011200,0.009312,0.010336,0.001216,1,4,48,4,1
824,0.257700,0.322500,0.027700,0.092800,0.047700,0.083200,0.005800,0.036704,0.011200,0.009568,0.010272,0.001248,1,4,48,4,1
825,0.255100,0.310800,0.027800,0.091400,0.046100,0.085600,0.003600,0.036416,0.011232,0.009376,0.010240,0.001216,1,4,48,4,1
826,0.255200,0.307800,0.027500,0.091100,0.046200,0.083900,0.006100,0.036704,0.011232,0.009536,0.010272,0.001280,1,4,48,4,1
827,0.253700,0.308100,0.027800,0.090900,0.046200,0.084400,0.004000,0.036384,0.011264,0.009248,0.010240,0.001216,1,4,48,4,1
828,0.260800,0.306700,0.027900,0.098200,0.045700,0.084700,0.003600,0.036640,0.011232,0.009504,0.010272,0.001280,1,4,48,4,1
829,0.253500,0.313800,0.027500,0.090900,0.046200,0.076600,0.011900,0.036608,0.013760,0.009344,0.010528,0.001216,1,4,48,4,1
830,0.245500,0.306000,0.028300,0.090400,0.045700,0.076500,0.004200,0.037056,0.011104,0.009376,0.010272,0.001216,1,4,48,4,1
831,0.254200,0.298500,0.027600,0.089900,0.046300,0.075500,0.014500,0.036608,0.013760,0.009472,0.010400,0.001184,1,4,48,4,1
832,0.245400,0.306800,0.027400,0.090200,0.045600,0.077500,0.004300,0.038592,0.011200,0.009440,0.010400,0.001216,1,4,48,4,1
833,0.285500,0.298000,0.028200,0.090100,0.017300,0.148000,0.001600,0.036480,0.013696,0.009568,0.010432,0.001184,1,4,48,4,1
834,0.311100,0.338500,0.027900,0.122800,0.065000,0.081600,0.013300,0.036768,0.011168,0.009376,0.010272,0.001216,1,4,48,4,1
835,0.257900,0.364000,0.028100,0.093900,0.047100,0.077800,0.010500,0.036576,0.011296,0.009376,0.010272,0.001152,1,4,48,4,1
836,0.253000,0.310600,0.027500,0.091000,0.045800,0.084800,0.003600,0.036640,0.011232,0.009568,0.010272,0.001216,1,4,48,4,1
837,0.251200,0.305900,0.027900,0.090300,0.045800,0.076600,0.010300,0.036480,0.012224,0.009440,0.010400,0.001216,1,4,48,4,1
838,0.274600,0.303900,0.027700,0.112000,0.046300,0.077900,0.010400,0.036544,0.011264,0.009504,0.010176,0.001216,1,4,48,4,1
839,0.259300,0.327600,0.028000,0.097600,0.045600,0.076400,0.011400,0.038336,0.011232,0.009312,0.010528,0.001216,1,4,48,4,1
840,0.250800,0.311900,0.027000,0.090300,0.045500,0.084000,0.003700,0.036704,0.011168,0.009664,0.010208,0.001216,1,4,48,4,1
841,0.245300,0.303400,0.027600,0.090500,0.045500,0.076200,0.005100,0.036480,0.011232,0.009440,0.010208,0.001216,1,4,48,4,1
842,0.256400,0.298400,0.027200,0.090500,0.046000,0.076200,0.016000,0.036448,0.013792,0.009248,0.010464,0.001216,1,4,48,4,1
843,0.253300,0.308900,0.027400,0.090100,0.045500,0.075800,0.014100,0.036256,0.011200,0.009120,0.010336,0.001216,1,4,48,4,1
844,0.249500,0.305900,0.027100,0.089700,0.045200,0.076000,0.011000,0.036704,0.011264,0.009536,0.010272,0.001184,1,4,48,4,1
845,0.249700,0.302300,0.027300,0.089500,0.045800,0.081400,0.005300,0.037184,0.011104,0.009376,0.010272,0.001216,1,4,48,4,1
846,0.253000,0.302600,0.027500,0.090200,0.045600,0.075800,0.013600,0.036480,0.013632,0.009504,0.010432,0.001280,1,4,48,4,1
847,0.250800,0.305300,0.027200,0.089800,0.045400,0.084400,0.003600,0.036672,0.011200,0.009632,0.010208,0.001216,1,4,48,4,1
848,0.251000,0.303300,0.027400,0.090400,0.045600,0.083800,0.003500,0.036480,0.011232,0.009312,0.010304,0.001280,1,4,48,4,1
849,0.250000,0.303700,0.027700,0.090000,0.045500,0.082000,0.004400,0.036480,0.012192,0.009440,0.010400,0.001216,1,4,48,4,1
850,0.251300,0.302500,0.027400,0.090100,0.045300,0.076300,0.011900,0.038752,0.013728,0.009568,0.010208,0.001280,1,4,48,4,1
851,0.258200,0.304000,0.027200,0.098900,0.045400,0.081700,0.004600,0.036320,0.011232,0.009376,0.010208,0.001216,1,4,48,4,1
852,0.275800,0.310900,0.027500,0.096400,0.043800,0.101500,0.006100,0.037376,0.011232,0.009472,0.010304,0.001216,1,4,48,4,1
853,0.285100,0.328600,0.027500,0.090900,0.045700,0.112500,0.007800,0.036928,0.011168,0.009280,0.010272,0.001216,1,4,48,4,1
854,0.319300,0.355200,0.035900,0.121100,0.059100,0.097600,0.005100,0.036544,0.013728,0.009408,0.010464,0.001184,1,4,48,4,1
855,0.305000,0.386200,0.034200,0.113800,0.057600,0.094200,0.004600,0.036608,0.013728,0.009440,0.010400,0.001248,1,4,48,4,1
856,0.301000,0.371000,0.033700,0.112400,0.056700,0.093200,0.004500,0.036832,0.011232,0.009696,0.010272,0.001248,1,4,48,4,1
857,0.280700,0.373200,0.034300,0.111000,0.047500,0.077400,0.009900,0.036640,0.011232,0.009632,0.010240,0.001184,1,4,48,4,1
858,0.260900,0.333700,0.027100,0.091500,0.046200,0.091100,0.004400,0.038400,0.013728,0.009536,0.010272,0.001216,1,4,48,4,1
859,0.257000,0.314100,0.027800,0.091700,0.046000,0.086200,0.004900,0.036768,0.011200,0.009792,0.010176,0.001216,1,4,48,4,1
860,0.252600,0.309700,0.027400,0.090700,0.046000,0.084400,0.003800,0.036896,0.011200,0.009728,0.010336,0.001248,1,4,48,4,1
861,0.251800,0.305600,0.027800,0.090400,0.046000,0.076700,0.010400,0.038496,0.011360,0.009440,0.010496,0.001184,1,4,48,4,1
862,0.252900,0.305000,0.027700,0.091200,0.046000,0.083900,0.003800,0.036544,0.011232,0.009440,0.010272,0.001216,1,4,48,4,1
863,0.263900,0.305500,0.027400,0.102200,0.045700,0.084100,0.004100,0.036416,0.011264,0.009248,0.010272,0.001216,1,4,48,4,1
864,0.254700,0.316500,0.027200,0.092100,0.046000,0.084900,0.004300,0.036448,0.011168,0.009408,0.010240,0.001248,1,4,48,4,1
865,0.258900,0.307500,0.032800,0.090200,0.046000,0.085400,0.004000,0.036448,0.011264,0.009408,0.010208,0.001184,1,4,48,4,1
866,0.251700,0.311500,0.027000,0.090600,0.045700,0.084100,0.003800,0.036448,0.011200,0.009376,0.010240,0.001216,1,4,48,4,1
867,0.250900,0.304300,0.027600,0.089800,0.045800,0.076900,0.010400,0.036384,0.011264,0.009216,0.010304,0.001216,1,4,48,4,1
868,0.251900,0.303600,0.027100,0.090200,0.046000,0.084600,0.003600,0.036512,0.011200,0.009472,0.010208,0.001248,1,4,48,4,1
869,0.272500,0.325700,0.033100,0.104500,0.046900,0.082500,0.005100,0.036992,0.011200,0.009728,0.010208,0.001248,1,4,48,4,1
870,0.248100,0.325700,0.027800,0.091000,0.046800,0.077000,0.005200,0.036672,0.013728,0.009568,0.010432,0.001184,1,4,48,4,1
871,0.261100,0.301400,0.027600,0.089800,0.051200,0.077900,0.014200,0.036480,0.013760,0.009312,0.010464,0.001184,1,4,48,4,1
872,0.253700,0.314500,0.027900,0.090500,0.045700,0.084800,0.004600,0.036448,0.011232,0.009408,0.010240,0.001216,1,4,48,4,1
873,0.255800,0.306400,0.027500,0.090000,0.045600,0.076200,0.016100,0.036352,0.012224,0.009216,0.010496,0.001248,1,4,48,4,1
874,0.252500,0.308200,0.026900,0.090000,0.046100,0.076700,0.012300,0.036640,0.011200,0.009472,0.010336,0.001248,1,4,48,4,1
875,0.249700,0.305000,0.027500,0.089700,0.045500,0.081700,0.004900,0.036576,0.011264,0.009472,0.010208,0.001280,1,4,48,4,1
876,0.260200,0.302300,0.027000,0.099000,0.046000,0.076500,0.011200,0.036544,0.011200,0.009472,0.010240,0.001216,1,4,48,4,1
877,0.258000,0.312700,0.027400,0.089900,0.047200,0.077200,0.015700,0.037088,0.011136,0.009312,0.010336,0.001248,1,4,48,4,1
878,0.245500,0.315900,0.028100,0.090800,0.045800,0.075300,0.005200,0.037024,0.011136,0.009440,0.010240,0.001216,1,4,48,4,1
879,0.253200,0.298100,0.027400,0.090000,0.045400,0.076100,0.013800,0.036576,0.011200,0.009536,0.010208,0.001216,1,4,48,4,1
880,0.250400,0.305700,0.027100,0.090400,0.045600,0.076000,0.011000,0.036736,0.011232,0.009664,0.010240,0.001216,1,4,48,4,1
881,0.248800,0.303000,0.027600,0.089700,0.045200,0.081500,0.004500,0.036480,0.011264,0.009280,0.010336,0.001248,1,4,48,4,1
882,0.252100,0.301300,0.027300,0.090200,0.045600,0.076400,0.012000,0.036608,0.011200,0.009568,0.010240,0.001184,1,4,48,4,1
883,0.250300,0.304600,0.027700,0.090200,0.045800,0.076000,0.010100,0.036512,0.013728,0.009376,0.010432,0.001216,1,4,48,4,1
884,0.255800,0.303300,0.027300,0.089900,0.045300,0.087000,0.005800,0.036416,0.011232,0.009216,0.010336,0.001248,1,4,48,4,1
885,0.251200,0.308500,0.027700,0.089600,0.045200,0.076700,0.011500,0.036576,0.013728,0.009440,0.010368,0.001216,1,4,48,4,1
886,0.269900,0.304100,0.027700,0.109300,0.045300,0.082600,0.004400,0.036800,0.013664,0.009696,0.010400,0.001216,1,4,48,4,1
887,0.249700,0.322500,0.027400,0.089700,0.045100,0.076100,0.011000,0.036416,0.011200,0.009344,0.010272,0.001216,1,4,48,4,1
888,0.249200,0.302000,0.027300,0.090000,0.045200,0.081800,0.004500,0.036480,0.011168,0.009472,0.010272,0.001184,1,4,48,4,1
889,0.261000,0.302200,0.027800,0.101200,0.045400,0.081800,0.004400,0.036480,0.011200,0.009376,0.010272,0.001216,1,4,48,4,1
890,0.250400,0.313300,0.027400,0.090400,0.045000,0.080600,0.006600,0.036512,0.011264,0.009408,0.010240,0.001216,1,4,48,4,1
891,0.249900,0.303500,0.033100,0.090400,0.045000,0.075700,0.005100,0.036448,0.013664,0.009344,0.010432,0.001216,1,4,48,4,1
892,0.254100,0.303000,0.027000,0.090500,0.045700,0.076700,0.013800,0.036576,0.011200,0.009440,0.010272,0.001248,1,4,48,4,1
893,0.251600,0.306500,0.027200,0.089600,0.045700,0.076400,0.012200,0.038080,0.013728,0.009184,0.010240,0.001216,1,4,48,4,1
894,0.252300,0.304100,0.027800,0.090800,0.045900,0.076200,0.011200,0.038528,0.011136,0.009408,0.010400,0.001216,1,4,48,4,1
895,0.250400,0.305300,0.027300,0.090400,0.045400,0.083200,0.003600,0.036608,0.011168,0.009568,0.010240,0.001216,1,4,48,4,1
896,0.255400,0.303000,0.026900,0.089900,0.056900,0.075400,0.005800,0.036608,0.013696,0.009536,0.010432,0.001248,1,4,48,4,1
897,0.257700,0.308200,0.027800,0.089900,0.045800,0.081900,0.011900,0.038464,0.011168,0.009312,0.010400,0.001184,1,4,48,4,1
898,0.250700,0.310600,0.027500,0.090300,0.045200,0.076200,0.011100,0.038784,0.011328,0.009440,0.010400,0.001248,1,4,48,4,1
899,0.251300,0.303200,0.027600,0.090100,0.045200,0.076000,0.012100,0.038240,0.011264,0.009376,0.010400,0.001216,1,4,48,4,1
900,0.254900,0.304200,0.027200,0.089800,0.045600,0.085900,0.006000,0.036640,0.011264,0.009440,0.010368,0.001216,1,4,48,4,1
901,0.256400,0.307300,0.027200,0.090500,0.045700,0.085600,0.007000,0.036736,0.011264,0.009536,0.010240,0.001344,1,4,48,4,1
902,0.251800,0.308900,0.027600,0.090900,0.045400,0.076200,0.011400,0.036544,0.011200,0.009504,0.010272,0.001184,1,4,48,4,1
903,0.252100,0.304400,0.027000,0.090400,0.045600,0.076300,0.012300,0.038560,0.011168,0.009408,0.010432,0.001216,1,4,48,4,1
904,0.253100,0.304700,0.027100,0.097000,0.048900,0.074700,0.005200,0.036608,0.013696,0.009472,0.010400,0.001248,1,4,48,4,1
905,0.245400,0.306400,0.027800,0.089600,0.045700,0.076600,0.005100,0.036320,0.013632,0.009408,0.010432,0.001248,1,4,48,4,1
906,0.252000,0.298100,0.027200,0.090900,0.045700,0.075500,0.012200,0.036576,0.011232,0.009504,0.010240,0.001184,1,4,48,4,1
907,0.251400,0.305000,0.027600,0.090100,0.045300,0.081800,0.006100,0.036416,0.011200,0.009376,0.010240,0.001216,1,4,48,4,1
908,0.249000,0.303800,0.027000,0.089600,0.045400,0.076000,0.010600,0.036352,0.011232,0.009248,0.010304,0.001184,1,4,48,4,1
909,0.251200,0.301600,0.027200,0.090000,0.045200,0.084200,0.004200,0.036480,0.013728,0.009344,0.010400,0.001216,1,4,48,4,1
910,0.256800,0.303500,0.027700,0.089800,0.045600,0.081000,0.012300,0.038080,0.011168,0.009824,0.010272,0.001216,1,4,48,4,1
911,0.258800,0.309400,0.027900,0.094800,0.045500,0.076300,0.013900,0.036736,0.011136,0.009216,0.010368,0.001216,1,4,48,4,1
912,0.253900,0.311200,0.027300,0.090500,0.045600,0.076100,0.014000,0.037184,0.011136,0.009440,0.010272,0.001216,1,4,48,4,1
913,0.251100,0.306400,0.027300,0.089800,0.046000,0.075600,0.011900,0.037216,0.010880,0.009440,0.010208,0.001280,1,4,48,4,1
914,0.250700,0.303400,0.027400,0.089900,0.045600,0.075800,0.011600,0.038560,0.011296,0.009568,0.010464,0.001216,1,4,48,4,1
915,0.249900,0.303100,0.027200,0.089200,0.045100,0.083900,0.003800,0.036608,0.011264,0.009472,0.010272,0.001216,1,4,48,4,1
916,0.250000,0.302600,0.027500,0.090400,0.044900,0.076500,0.010400,0.036608,0.011200,0.009536,0.010240,0.001216,1,4,48,4,1
917,0.255000,0.302600,0.027500,0.096200,0.044600,0.075600,0.010700,0.036384,0.011232,0.009216,0.010272,0.001216,1,4,48,4,1
918,0.248700,0.307600,0.027400,0.089900,0.045100,0.081200,0.004500,0.036544,0.011264,0.009472,0.010272,0.001184,1,4,48,4,1
919,0.249100,0.301700,0.027300,0.089300,0.045400,0.075600,0.011100,0.036576,0.012320,0.009408,0.010400,0.001184,1,4,48,4,1
920,0.347900,0.320700,0.039800,0.143800,0.058900,0.098100,0.006700,0.036736,0.013760,0.009568,0.010464,0.001184,1,4,48,4,1
921,0.265600,0.401200,0.027900,0.101600,0.046500,0.085600,0.003600,0.036320,0.011232,0.009312,0.010208,0.001184,1,4,48,4,1
922,0.264800,0.318200,0.027700,0.090500,0.045900,0.076400,0.024100,0.036576,0.011200,0.009440,0.010304,0.001184,1,4,48,4,1
923,0.258300,0.317500,0.027100,0.089700,0.050900,0.086000,0.004200,0.036448,0.011136,0.009376,0.010272,0.001280,1,4,48,4,1
924,0.251800,0.311000,0.027500,0.090400,0.045800,0.077000,0.010700,0.036640,0.011264,0.009568,0.010208,0.001216,1,4,48,4,1
925,0.253100,0.304500,0.027300,0.090700,0.045700,0.084500,0.004200,0.036416,0.011168,0.009344,0.010272,0.001216,1,4,48,4,1
926,0.281200,0.305800,0.028100,0.091200,0.045300,0.109300,0.006800,0.037152,0.011136,0.009472,0.010240,0.001216,1,4,48,4,1
927,0.323200,0.350100,0.040700,0.120000,0.059300,0.096800,0.006000,0.038464,0.013696,0.009344,0.010208,0.001248,1,4,48,4,1
928,0.304700,0.389700,0.033700,0.113000,0.059500,0.093100,0.004700,0.036672,0.013696,0.009568,0.010432,0.001216,1,4,48,4,1
929,0.305200,0.369800,0.034000,0.111200,0.056100,0.097800,0.005400,0.036960,0.011136,0.009248,0.010272,0.001216,1,4,48,4,1
930,0.298600,0.371100,0.033500,0.110300,0.056300,0.091800,0.006200,0.036544,0.011200,0.009472,0.010272,0.001216,1,4,48,4,1
931,0.262100,0.364300,0.029800,0.090200,0.052000,0.085400,0.004100,0.036480,0.011168,0.009408,0.010272,0.001248,1,4,48,4,1
932,0.252500,0.314700,0.027300,0.091300,0.045700,0.084100,0.003700,0.036512,0.011264,0.009280,0.010336,0.001216,1,4,48,4,1
933,0.287600,0.305700,0.027400,0.124300,0.045700,0.085100,0.004700,0.036512,0.011200,0.009440,0.010272,0.001216,1,4,48,4,1
934,0.252100,0.340400,0.027600,0.091100,0.045500,0.083500,0.003900,0.036416,0.011264,0.009440,0.010208,0.001216,1,4,48,4,1
935,0.250000,0.304900,0.027200,0.090100,0.045800,0.076800,0.009700,0.038592,0.013728,0.009440,0.010240,0.001248,1,4,48,4,1
936,0.246500,0.302800,0.027100,0.090800,0.046200,0.076900,0.005200,0.037088,0.011200,0.009536,0.010240,0.001216,1,4,48,4,1
937,0.253700,0.299500,0.028100,0.091600,0.046300,0.076800,0.010600,0.036736,0.013728,0.009536,0.010496,0.001216,1,4,48,4,1
938,0.256300,0.311500,0.029200,0.090800,0.046300,0.076500,0.013000,0.038720,0.011296,0.009472,0.010336,0.001216,1,4,48,4,1
939,0.254500,0.309600,0.027200,0.090600,0.046100,0.085000,0.005200,0.036544,0.011200,0.009504,0.010240,0.001216,1,4,48,4,1
940,0.252200,0.307700,0.027300,0.090500,0.045200,0.076800,0.011900,0.038048,0.013664,0.009472,0.010272,0.001248,1,4,48,4,1
941,0.250400,0.305200,0.027400,0.090100,0.045800,0.082000,0.004600,0.036416,0.011264,0.009280,0.010272,0.001216,1,4,48,4,1
942,0.250200,0.303000,0.027700,0.090100,0.045500,0.081800,0.004500,0.036768,0.011200,0.009728,0.010240,0.001184,1,4,48,4,1
943,0.249400,0.302900,0.027400,0.089600,0.045500,0.081900,0.004500,0.036448,0.011232,0.009344,0.010272,0.001216,1,4,48,4,1
944,0.257600,0.301600,0.027600,0.090000,0.051000,0.077100,0.011300,0.038656,0.013696,0.009600,0.010304,0.001184,1,4,48,4,1
945,0.250300,0.310500,0.027400,0.090100,0.045400,0.075900,0.011000,0.036736,0.011296,0.009568,0.010272,0.001216,1,4,48,4,1
946,0.252000,0.303000,0.027100,0.090400,0.045500,0.077000,0.011600,0.038688,0.013728,0.009472,0.010272,0.001248,1,4,48,4,1
947,0.249400,0.304500,0.027300,0.090000,0.045500,0.075600,0.010500,0.036448,0.011200,0.009344,0.010336,0.001184,1,4,48,4,1
948,0.253600,0.302100,0.027100,0.090200,0.045200,0.074600,0.016000,0.037280,0.010848,0.009280,0.010240,0.001312,1,4,48,4,1
949,0.245300,0.306300,0.029400,0.089200,0.045200,0.075900,0.005200,0.036416,0.013696,0.009344,0.010432,0.001184,1,4,48,4,1
950,0.254700,0.297900,0.027500,0.090300,0.045700,0.076400,0.014500,0.036704,0.013760,0.009536,0.010432,0.001216,1,4,48,4,1
951,0.255900,0.307400,0.032300,0.090300,0.045400,0.083800,0.003600,0.036256,0.011200,0.009184,0.010272,0.001184,1,4,48,4,1
952,0.248900,0.308800,0.027000,0.089800,0.045200,0.076000,0.010400,0.036544,0.011168,0.009472,0.010208,0.001216,1,4,48,4,1
953,0.250700,0.301600,0.027400,0.089800,0.045600,0.075800,0.011500,0.036416,0.011232,0.009344,0.010240,0.001184,1,4,48,4,1
954,0.250000,0.303600,0.027400,0.090200,0.045000,0.075900,0.011200,0.036576,0.013728,0.009376,0.010432,0.001280,1,4,48,4,1
955,0.249100,0.302600,0.027200,0.089400,0.046100,0.081300,0.004700,0.036448,0.011232,0.009280,0.010336,0.001216,1,4,48,4,1
956,0.250700,0.301200,0.027300,0.090300,0.045000,0.076100,0.011700,0.037152,0.011168,0.009440,0.010208,0.001216,1,4,48,4,1
957,0.254500,0.303200,0.027200,0.090100,0.045400,0.086900,0.004500,0.036448,0.011200,0.009344,0.010240,0.001248,1,4,48,4,1
958,0.251300,0.307100,0.027300,0.089800,0.045600,0.076100,0.012100,0.036992,0.011040,0.009408,0.010240,0.001216,1,4,48,4,1
959,0.249100,0.303900,0.027100,0.089600,0.045300,0.075500,0.011100,0.036640,0.011168,0.009536,0.010304,0.001216,1,4,48,4,1
960,0.249800,0.301800,0.027400,0.090100,0.045400,0.075700,0.010700,0.036448,0.011200,0.009408,0.010240,0.001216,1,4,48,4,1
961,0.250200,0.302600,0.027500,0.089900,0.045300,0.075800,0.011300,0.036480,0.011264,0.009280,0.010272,0.001280,1,4,48,4,1
962,0.250500,0.302600,0.027300,0.089900,0.045400,0.075900,0.011400,0.036512,0.011168,0.009568,0.010272,0.001184,1,4,48,4,1
963,0.249800,0.303000,0.027700,0.090000,0.045200,0.075800,0.010500,0.036576,0.011232,0.009440,0.010272,0.001216,1,4,48,4,1
964,0.256100,0.302400,0.027600,0.096300,0.044600,0.075900,0.011400,0.036576,0.011232,0.009440,0.010240,0.001248,1,4,48,4,1
965,0.248900,0.308800,0.027200,0.089500,0.045500,0.075500,0.010800,0.036448,0.011200,0.009440,0.010240,0.001184,1,4,48,4,1
966,0.251600,0.301800,0.027500,0.090300,0.045300,0.075900,0.012300,0.038464,0.013760,0.009408,0.010240,0.001248,1,4,48,4,1
967,0.250600,0.304100,0.027100,0.089700,0.045400,0.075800,0.012000,0.038464,0.011232,0.009344,0.010368,0.001184,1,4,48,4,1
968,0.252500,0.302900,0.027400,0.090200,0.046200,0.084400,0.003800,0.037472,0.011168,0.009568,0.010336,0.001184,1,4,48,4,1
969,0.244900,0.305900,0.028800,0.089700,0.045100,0.075600,0.005100,0.036736,0.013760,0.009472,0.010464,0.001280,1,4,48,4,1
970,0.437600,0.297600,0.027400,0.190300,0.095100,0.117500,0.006700,0.037824,0.011200,0.009536,0.010336,0.001216,1,4,48,4,1
971,0.362700,0.520100,0.041200,0.134700,0.068100,0.112700,0.005300,0.036704,0.011296,0.009600,0.010272,0.001184,1,4,48,4,1
972,0.337000,0.441900,0.040300,0.139200,0.057400,0.094100,0.005400,0.036960,0.011200,0.009312,0.010240,0.001216,1,4,48,4,1
973,0.300700,0.403300,0.034100,0.110900,0.056800,0.093100,0.005400,0.036448,0.013760,0.009312,0.010400,0.001184,1,4,48,4,1
974,0.315100,0.366500,0.034200,0.135900,0.048000,0.088600,0.008100,0.036736,0.011264,0.009536,0.010336,0.001184,1,4,48,4,1
975,0.264800,0.371100,0.027900,0.098900,0.047800,0.084800,0.004900,0.038656,0.011264,0.009408,0.010464,0.001216,1,4,48,4,1
976,0.257800,0.320300,0.028700,0.093800,0.047400,0.082800,0.004500,0.036608,0.011200,0.009536,0.010272,0.001184,1,4,48,4,1
977,0.257800,0.313300,0.028400,0.094000,0.047700,0.082400,0.004800,0.036480,0.011200,0.009280,0.010336,0.001216,1,4,48,4,1
978,0.261400,0.312600,0.028400,0.098300,0.046100,0.077200,0.011000,0.036448,0.013760,0.009440,0.010336,0.001216,1,4,48,4,1
979,0.253500,0.314100,0.027800,0.091200,0.045500,0.083200,0.005500,0.036384,0.011232,0.009280,0.010304,0.001184,1,4,48,4,1
980,0.252300,0.306200,0.027400,0.090600,0.045400,0.084800,0.003600,0.036576,0.011200,0.009504,0.010240,0.001216,1,4,48,4,1
981,0.268900,0.305500,0.027400,0.108900,0.045900,0.081800,0.004500,0.037024,0.011200,0.009824,0.010336,0.001280,1,4,48,4,1
982,0.245000,0.321500,0.027600,0.090600,0.045200,0.076100,0.005100,0.038560,0.013760,0.009536,0.010208,0.001216,1,4,48,4,1
983,0.252400,0.297800,0.027600,0.090500,0.045700,0.076200,0.011800,0.038592,0.011200,0.009504,0.010400,0.001184,1,4,48,4,1
984,0.252500,0.305200,0.027500,0.090200,0.045400,0.084900,0.004200,0.036384,0.011200,0.009408,0.010240,0.001184,1,4,48,4,1
985,0.252400,0.305300,0.027500,0.090300,0.045700,0.076800,0.011600,0.038496,0.011296,0.009216,0.010464,0.001216,1,4,48,4,1
986,0.249300,0.304900,0.027300,0.096200,0.045200,0.075600,0.004700,0.037344,0.011168,0.009472,0.010336,0.001216,1,4,48,4,1
987,0.245400,0.302800,0.027500,0.090700,0.045600,0.075900,0.005200,0.036672,0.013792,0.009344,0.010496,0.001248,1,4,48,4,1
988,0.254000,0.298600,0.027200,0.090200,0.045700,0.076300,0.014300,0.036672,0.013728,0.009504,0.010432,0.001216,1,4,48,4,1
989,0.255800,0.306800,0.027700,0.090300,0.046300,0.075300,0.015800,0.038432,0.013728,0.009504,0.010272,0.001216,1,4,48,4,1
990,0.245600,0.313900,0.027800,0.090900,0.045700,0.075300,0.005100,0.036704,0.013728,0.009568,0.010400,0.001248,1,4,48,4,1
991,0.243200,0.298600,0.027100,0.090000,0.045400,0.075100,0.005100,0.036448,0.012256,0.009248,0.010496,0.001216,1,4,48,4,1
992,0.259100,0.295800,0.027200,0.090000,0.045400,0.079500,0.016500,0.038784,0.011168,0.009696,0.010400,0.001216,1,4,48,4,1
993,0.300300,0.316000,0.039200,0.116900,0.059300,0.079400,0.005200,0.036416,0.013664,0.009376,0.010432,0.001184,1,4,48,4,1
994,0.243800,0.353000,0.027000,0.090300,0.045900,0.075100,0.005200,0.036480,0.011168,0.009472,0.010208,0.001216,1,4,48,4,1
995,0.252200,0.296900,0.027300,0.090200,0.045900,0.081900,0.006700,0.036448,0.011232,0.009280,0.010304,0.001216,1,4,48,4,1
996,0.252300,0.304900,0.027000,0.090200,0.045800,0.076800,0.012000,0.038720,0.011200,0.009408,0.010496,0.001184,1,4,48,4,1
997,0.250300,0.305100,0.027200,0.090600,0.045400,0.082000,0.004600,0.036352,0.012224,0.009216,0.010400,0.001216,1,4,48,4,1
998,0.260700,0.303000,0.027300,0.097100,0.045400,0.076500,0.014000,0.038336,0.013696,0.009312,0.010240,0.001216,1,4,48,4,1
999,0.273400,0.313500,0.027100,0.090400,0.045400,0.104200,0.005900,0.036512,0.011168,0.009472,0.010240,0.001216,1,4,48,4,1
1000,0.253600,0.325900,0.027100,0.089900,0.045200,0.085100,0.005800,0.036480,0.012288,0.009280,0.010464,0.001216,1,4,48,4,1
1001,0.252000,0.306400,0.027300,0.090600,0.046000,0.076200,0.011600,0.036576,0.013696,0.009440,0.010432,0.001248,1,4,48,4,1
1002,0.266100,0.307700,0.028800,0.102800,0.045600,0.076500,0.012100,0.036640,0.013760,0.009440,0.010400,0.001184,1,4,48,4,1
1003,0.251900,0.319400,0.027500,0.089800,0.045800,0.076100,0.012400,0.038624,0.011200,0.009440,0.010432,0.001248,1,4,48,4,1
1004,0.253900,0.304400,0.026900,0.090300,0.045800,0.085000,0.005500,0.036384,0.011200,0.009440,0.010208,0.001216,1,4,48,4,1
1005,0.247900,0.306600,0.027000,0.094500,0.045200,0.075800,0.005000,0.036512,0.013696,0.009408,0.010368,0.001248,1,4,48,4,1
1006,0.254200,0.300200,0.027700,0.090100,0.046900,0.076400,0.012900,0.036992,0.011200,0.009472,0.010272,0.001248,1,4,48,4,1
1007,0.254300,0.306500,0.027300,0.089800,0.045600,0.075300,0.015900,0.037088,0.011232,0.009504,0.010208,0.001216,1,4,48,4,1
1008,0.253000,0.306700,0.027100,0.090200,0.045600,0.075700,0.014000,0.036608,0.011264,0.009472,0.010208,0.001248,1,4,48,4,1
1009,0.249000,0.305800,0.027100,0.089200,0.045300,0.074900,0.012100,0.036352,0.013728,0.009344,0.010432,0.001184,1,4,48,4,1
1010,0.249900,0.301400,0.027400,0.090200,0.045300,0.075800,0.010900,0.036576,0.011168,0.009536,0.010240,0.001216,1,4,48,4,1
1011,0.255200,0.302400,0.027200,0.095900,0.044900,0.075800,0.010900,0.036384,0.012224,0.009312,0.010432,0.001216,1,4,48,4,1
1012,0.249900,0.317600,0.027100,0.090000,0.045700,0.076200,0.010600,0.036320,0.011200,0.009408,0.010176,0.001184,1,4,48,4,1
1013,0.252600,0.302700,0.026900,0.089600,0.045300,0.076300,0.014000,0.036576,0.011232,0.009440,0.010272,0.001216,1,4,48,4,1
1014,0.250600,0.305200,0.027500,0.089700,0.045300,0.076100,0.011600,0.036608,0.013664,0.009504,0.010432,0.001248,1,4,48,4,1
1015,0.250000,0.303800,0.027700,0.089400,0.045700,0.083200,0.003700,0.036832,0.011264,0.009664,0.010240,0.001216,1,4,48,4,1
1016,0.251000,0.302600,0.027300,0.090400,0.045500,0.076600,0.011000,0.036608,0.013696,0.009568,0.010368,0.001216,1,4,48,4,1
1017,0.428800,0.303500,0.027300,0.195200,0.072600,0.126400,0.006800,0.036928,0.011168,0.009216,0.010304,0.001216,1,4,48,4,1
1018,0.383100,0.511600,0.041500,0.136900,0.069000,0.113300,0.021900,0.037120,0.011136,0.009376,0.010240,0.001248,1,4,48,4,1
1019,0.325600,0.463800,0.040900,0.126300,0.056600,0.094600,0.006800,0.036576,0.013728,0.009472,0.010400,0.001216,1,4,48,4,1
1020,0.314800,0.392500,0.033800,0.122400,0.057100,0.094300,0.006900,0.037344,0.011232,0.009440,0.010240,0.001280,1,4,48,4,1
1021,0.359200,0.381100,0.033900,0.152300,0.060300,0.105200,0.007100,0.036352,0.013728,0.009312,0.010368,0.001184,1,4,48,4,1
1022,0.312700,0.428200,0.037500,0.115200,0.058200,0.094800,0.006100,0.036992,0.011200,0.009440,0.010240,0.001216,1,4,48,4,1
1023,0.325900,0.379100,0.034700,0.113500,0.056700,0.099900,0.020600,0.036704,0.013696,0.009568,0.010496,0.001152,1,4,48,4,1
1024,0.308200,0.392100,0.033700,0.111200,0.056500,0.098600,0.007700,0.036640,0.013760,0.009504,0.010432,0.001184,1,4,48,4,1
1025,0.322300,0.373600,0.033900,0.113300,0.056900,0.112000,0.005800,0.037184,0.010880,0.009248,0.010240,0.001248,1,4,48,4,1
1026,0.299900,0.387700,0.033600,0.110200,0.057800,0.092000,0.005800,0.036608,0.013728,0.009504,0.010400,0.001216,1,4,48,4,1
1027,0.271600,0.367100,0.033800,0.096100,0.047500,0.087800,0.006000,0.036480,0.011200,0.009408,0.010304,0.001216,1,4,48,4,1
1028,0.245100,0.324700,0.027300,0.090700,0.046600,0.075700,0.004200,0.036544,0.011200,0.009472,0.010304,0.001248,1,4,48,4,1
1029,0.263100,0.298100,0.030700,0.091500,0.046500,0.077100,0.016900,0.036864,0.011040,0.009312,0.010336,0.001184,1,4,48,4,1
1030,0.254900,0.316000,0.027900,0.090900,0.046600,0.085500,0.003600,0.036608,0.011200,0.009568,0.010240,0.001248,1,4,48,4,1
1031,0.256900,0.307700,0.027500,0.090400,0.046500,0.087200,0.005100,0.036384,0.011232,0.009184,0.010208,0.001248,1,4,48,4,1
1032,0.253400,0.309900,0.027500,0.090700,0.046600,0.084500,0.003600,0.036448,0.012256,0.009280,0.010432,0.001248,1,4,48,4,1
1033,0.254100,0.306000,0.027200,0.090400,0.046300,0.084800,0.004800,0.036448,0.011232,0.009344,0.010208,0.001216,1,4,48,4,1
1034,0.251700,0.307000,0.027400,0.089800,0.046000,0.084000,0.004000,0.036768,0.011232,0.009536,0.010304,0.001312,1,4,48,4,1
1035,0.252700,0.304600,0.027300,0.090100,0.045800,0.084600,0.004400,0.036640,0.011232,0.009536,0.010272,0.001248,1,4,48,4,1
1036,0.252600,0.305400,0.027000,0.089800,0.046200,0.084800,0.004300,0.036608,0.011232,0.009568,0.010240,0.001184,1,4,48,4,1
1037,0.250500,0.305600,0.027700,0.089700,0.045700,0.076800,0.010100,0.038496,0.013536,0.009440,0.010368,0.001184,1,4,48,4,1
1038,0.266600,0.304500,0.035500,0.097600,0.046000,0.076500,0.010400,0.038560,0.011232,0.009472,0.010400,0.001216,1,4,48,4,1
1039,0.254000,0.319400,0.028000,0.089900,0.046600,0.084400,0.004600,0.036640,0.011232,0.009504,0.010272,0.001216,1,4,48,4,1
1040,0.250600,0.306700,0.027200,0.089800,0.046000,0.082600,0.004600,0.036448,0.011200,0.009472,0.010208,0.001216,1,4,48,4,1
1041,0.250800,0.303300,0.027800,0.089400,0.045300,0.083600,0.004200,0.036640,0.011232,0.009440,0.010272,0.001280,1,4,48,4,1
1042,0.244400,0.303500,0.027500,0.089600,0.045400,0.076100,0.005200,0.037344,0.011072,0.009632,0.010208,0.001248,1,4,48,4,1
1043,0.255600,0.297300,0.027500,0.094500,0.048500,0.078000,0.006500,0.055840,0.010816,0.009504,0.028832,0.001216,1,4,48,4,1
1044,0.250500,0.308200,0.029300,0.090200,0.046300,0.077700,0.006800,0.036768,0.011232,0.009600,0.010272,0.001216,1,4,48,4,1
1045,0.276400,0.311300,0.027800,0.090300,0.047300,0.105300,0.005200,0.036576,0.011168,0.009344,0.010336,0.001280,1,4,48,4,1
1046,0.245900,0.329200,0.027500,0.090200,0.046100,0.076400,0.005300,0.037408,0.010848,0.009344,0.010176,0.001216,1,4,48,4,1
1047,0.252300,0.298700,0.027600,0.089400,0.045800,0.076000,0.013200,0.038560,0.013760,0.009376,0.010304,0.001216,1,4,48,4,1
1048,0.252600,0.305000,0.027200,0.089600,0.046000,0.083500,0.005800,0.036512,0.011232,0.009376,0.010272,0.001248,1,4,48,4,1
1049,0.250900,0.305300,0.027600,0.090400,0.045900,0.083100,0.003700,0.036480,0.011200,0.009376,0.010304,0.001184,1,4,48,4,1
1050,0.253200,0.303500,0.027400,0.090300,0.045900,0.084900,0.004400,0.036512,0.011168,0.009440,0.010304,0.001184,1,4,48,4,1
1051,0.257000,0.306100,0.027200,0.096400,0.046100,0.083200,0.003700,0.036384,0.011200,0.009312,0.010240,0.001216,1,4,48,4,1
1052,0.253700,0.309500,0.027200,0.090600,0.045700,0.085300,0.004600,0.036512,0.011200,0.009472,0.010272,0.001216,1,4,48,4,1
1053,0.250300,0.306300,0.027700,0.090100,0.045500,0.075900,0.010800,0.036672,0.011200,0.009536,0.010240,0.001216,1,4,48,4,1
1054,0.249000,0.302900,0.027200,0.089800,0.045700,0.081400,0.004500,0.036896,0.011232,0.009760,0.010240,0.001216,1,4,48,4,1
1055,0.249800,0.301700,0.027600,0.090000,0.045400,0.081900,0.004600,0.036608,0.011168,0.009536,0.010304,0.001216,1,4,48,4,1
1056,0.249800,0.302400,0.027500,0.089300,0.045100,0.076700,0.010700,0.036800,0.012288,0.009632,0.010432,0.001248,1,4,48,4,1
1057,0.251000,0.302200,0.027200,0.090000,0.046100,0.076000,0.011200,0.038560,0.011168,0.009440,0.010368,0.001248,1,4,48,4,1
1058,0.251500,0.308400,0.027300,0.090300,0.045800,0.076500,0.011300,0.036512,0.013760,0.009440,0.010368,0.001184,1,4,48,4,1
1059,0.249800,0.304300,0.027400,0.089700,0.045200,0.083200,0.003800,0.036320,0.011264,0.009152,0.010272,0.001216,1,4,48,4,1
1060,0.249700,0.302100,0.027000,0.090000,0.044700,0.076400,0.011100,0.038880,0.011264,0.009600,0.010464,0.001216,1,4,48,4,1
1061,0.248900,0.302100,0.027200,0.089700,0.045500,0.081400,0.004500,0.036352,0.011296,0.009216,0.010272,0.001184,1,4,48,4,1
1062,0.246600,0.301500,0.027400,0.089400,0.049300,0.075100,0.005100,0.037120,0.011200,0.009440,0.010240,0.001216,1,4,48,4,1
1063,0.203300,0.304500,0.027400,0.090100,0.021700,0.062500,0.001200,0.036512,0.011232,0.009568,0.010240,0.001248,1,4,48,4,1
1064,0.796600,0.255100,0.027100,0.139500,0.008800,0.054000,0.566400,0.036736,0.013984,0.009440,0.010368,0.001216,1,4,48,4,1
1065,0.376100,0.866900,0.036200,0.165600,0.061200,0.106100,0.006300,0.036512,0.011200,0.009440,0.010272,0.001216,1,4,48,4,1
1066,0.324600,0.443500,0.034100,0.116200,0.066700,0.101700,0.005200,0.036576,0.011232,0.009472,0.010208,0.001248,1,4,48,4,1
1067,0.271900,0.391500,0.034600,0.099500,0.047100,0.084200,0.005900,0.036608,0.011264,0.009344,0.010336,0.001248,1,4,48,4,1
1068,0.254400,0.325300,0.027500,0.091300,0.046300,0.083500,0.005200,0.036544,0.011200,0.009376,0.010336,0.001248,1,4,48,4,1
1069,0.260900,0.307700,0.027400,0.092400,0.046100,0.089400,0.005200,0.038080,0.013728,0.009472,0.010304,0.001216,1,4,48,4,1
1070,0.254400,0.315500,0.027300,0.091200,0.045900,0.077000,0.012600,0.036640,0.013824,0.009472,0.010400,0.001216,1,4,48,4,1
1071,0.253600,0.307800,0.027300,0.090600,0.046600,0.077000,0.011800,0.036672,0.013728,0.009568,0.010400,0.001216,1,4,48,4,1
1072,0.252300,0.306400,0.027700,0.090300,0.045800,0.082400,0.005600,0.036576,0.011200,0.009440,0.010304,0.001216,1,4,48,4,1
1073,0.277500,0.305100,0.027500,0.090800,0.047700,0.105700,0.005300,0.036608,0.011232,0.009440,0.010272,0.001280,1,4,48,4,1
1074,0.253900,0.330600,0.027400,0.091100,0.046100,0.077300,0.011700,0.036544,0.013728,0.009440,0.010400,0.001216,1,4,48,4,1
1075,0.253400,0.307100,0.027300,0.090400,0.046500,0.076500,0.012300,0.036608,0.013696,0.009472,0.010400,0.001248,1,4,48,4,1
1076,0.260700,0.305900,0.032600,0.091100,0.046000,0.076600,0.014000,0.036576,0.011168,0.009472,0.010272,0.001248,1,4,48,4,1
1077,0.253800,0.313600,0.027100,0.090000,0.045800,0.076300,0.014100,0.036576,0.013728,0.009376,0.010432,0.001184,1,4,48,4,1
1078,0.252500,0.306400,0.027400,0.090300,0.045900,0.077000,0.011500,0.036704,0.011264,0.009568,0.010272,0.001248,1,4,48,4,1
1079,0.252900,0.305400,0.027500,0.090000,0.045800,0.075200,0.014100,0.037120,0.011168,0.009440,0.010304,0.001184,1,4,48,4,1
1080,0.249600,0.305200,0.027300,0.095000,0.045900,0.076100,0.005000,0.036960,0.011200,0.009312,0.010304,0.001216,1,4,48,4,1
1081,0.251300,0.303100,0.027400,0.090100,0.045700,0.081900,0.005900,0.036448,0.011200,0.009344,0.010272,0.001216,1,4,48,4,1
1082,0.255000,0.304000,0.027100,0.090400,0.045400,0.085800,0.005900,0.036480,0.011232,0.009472,0.010208,0.001216,1,4,48,4,1
1083,0.250000,0.307700,0.027300,0.090200,0.045300,0.076400,0.010300,0.036512,0.011200,0.009440,0.010272,0.001184,1,4,48,4,1
1084,0.250400,0.302500,0.027200,0.090100,0.046100,0.075900,0.010900,0.036416,0.011232,0.009440,0.010176,0.001184,1,4,48,4,1
1085,0.249400,0.303000,0.027300,0.089800,0.045600,0.081800,0.004500,0.036512,0.011264,0.009312,0.010272,0.001216,1,4,48,4,1
1086,0.258700,0.302300,0.027000,0.097800,0.045900,0.083400,0.004200,0.036416,0.011264,0.009248,0.010272,0.001248,1,4,48,4,1
1087,0.252500,0.310900,0.027300,0.089600,0.045500,0.075800,0.013800,0.038048,0.011200,0.009472,0.010240,0.001248,1,4,48,4,1
1088,0.249500,0.305600,0.026800,0.089500,0.045300,0.076500,0.011000,0.036640,0.012288,0.009472,0.010432,0.001184,1,4,48,4,1
1089,0.259000,0.301900,0.027400,0.096700,0.045500,0.076400,0.012600,0.037344,0.011200,0.009248,0.010272,0.001216,1,4,48,4,1
1090,0.248800,0.311600,0.027200,0.089500,0.045500,0.081700,0.004500,0.036608,0.011296,0.009472,0.010240,0.001184,1,4,48,4,1
1091,0.257900,0.301200,0.027200,0.090200,0.045400,0.075000,0.019600,0.036320,0.011168,0.009216,0.010304,0.001248,1,4,48,4,1
1092,0.247300,0.311700,0.031500,0.089900,0.045200,0.075300,0.005100,0.038464,0.011232,0.009536,0.010432,0.001216,1,4,48,4,1
1093,0.251600,0.300400,0.027500,0.089600,0.046000,0.075800,0.012200,0.036544,0.013696,0.009472,0.010400,0.001216,1,4,48,4,1
1094,0.250600,0.304100,0.027000,0.090000,0.045300,0.075900,0.011800,0.036864,0.013824,0.009632,0.010336,0.001280,1,4,48,4,1
1095,0.255100,0.303600,0.027000,0.089400,0.045300,0.086500,0.006200,0.036544,0.011232,0.009440,0.010208,0.001248,1,4,48,4,1
1096,0.251700,0.308100,0.027200,0.090200,0.045700,0.084300,0.004000,0.036576,0.011296,0.009440,0.010208,0.001184,1,4,48,4,1
1097,0.248300,0.304500,0.027200,0.089300,0.045100,0.081700,0.004400,0.036448,0.011232,0.009344,0.010304,0.001216,1,4,48,4,1
1098,0.249500,0.300900,0.027200,0.089600,0.045800,0.082100,0.004400,0.036480,0.012288,0.009312,0.010400,0.001280,1,4,48,4,1
1099,0.242800,0.302300,0.027600,0.089600,0.046000,0.075200,0.003900,0.037024,0.011232,0.009376,0.010304,0.001216,1,4,48,4,1
1100,0.258000,0.295300,0.027100,0.090500,0.046000,0.089300,0.004900,0.036480,0.013760,0.009312,0.010432,0.001184,1,4,48,4,1
1101,0.253200,0.310600,0.027500,0.090700,0.045600,0.076300,0.012800,0.036384,0.013728,0.009312,0.010496,0.001184,1,4,48,4,1
1102,0.257500,0.305700,0.027100,0.096600,0.045700,0.076500,0.011300,0.036576,0.013728,0.009408,0.010432,0.001216,1,4,48,4,1
1103,0.250900,0.310100,0.027000,0.090000,0.045400,0.076500,0.011700,0.036544,0.013792,0.009280,0.010496,0.001216,1,4,48,4,1
1104,0.249500,0.303400,0.027000,0.089800,0.045400,0.075900,0.010800,0.036800,0.013760,0.009600,0.010464,0.001216,1,4,48,4,1
1105,0.250100,0.302500,0.027100,0.089800,0.045700,0.075800,0.011300,0.037248,0.011136,0.009440,0.010336,0.001312,1,4,48,4,1
1106,0.249300,0.302600,0.027000,0.089700,0.046100,0.075600,0.010400,0.037056,0.011200,0.009984,0.010240,0.001248,1,4,48,4,1
1107,0.244300,0.301800,0.027500,0.089900,0.045400,0.075900,0.005200,0.037024,0.011168,0.009408,0.010208,0.001248,1,4,48,4,1
1108,0.248200,0.296900,0.027100,0.089800,0.046000,0.077700,0.007200,0.036544,0.011232,0.009472,0.010240,0.001216,1,4,48,4,1
1109,0.253000,0.305600,0.027100,0.090700,0.045700,0.076500,0.012500,0.037344,0.010848,0.009312,0.010240,0.001184,1,4,48,4,1
1110,0.255400,0.305900,0.027400,0.090400,0.045500,0.076300,0.015400,0.037280,0.011264,0.009504,0.010240,0.001216,1,4,48,4,1
1111,0.339900,0.308400,0.027100,0.090100,0.074000,0.140800,0.007300,0.036960,0.011200,0.009536,0.010240,0.001280,1,4,48,4,1
1112,0.256200,0.396700,0.032300,0.093300,0.047200,0.077800,0.005200,0.036672,0.013728,0.009600,0.010400,0.001184,1,4,48,4,1
1113,0.256400,0.309100,0.029500,0.090600,0.046600,0.076600,0.012700,0.037440,0.011232,0.009280,0.010208,0.001216,1,4,48,4,1
1114,0.260700,0.308900,0.027400,0.090400,0.054200,0.084700,0.003500,0.036832,0.011232,0.009728,0.010272,0.001216,1,4,48,4,1
1115,0.250600,0.313200,0.027300,0.089900,0.045600,0.083500,0.003900,0.036384,0.011200,0.009280,0.010304,0.001216,1,4,48,4,1
1116,0.261200,0.303200,0.027400,0.089800,0.050900,0.085500,0.007200,0.036256,0.011168,0.009312,0.010208,0.001184,1,4,48,4,1
1117,0.257200,0.313600,0.027400,0.097000,0.045100,0.076300,0.011100,0.036256,0.011200,0.009312,0.010240,0.001184,1,4,48,4,1
1118,0.261600,0.309800,0.027000,0.090400,0.045900,0.093800,0.004100,0.037664,0.010880,0.009440,0.010272,0.001280,1,4,48,4,1
1119,0.255300,0.315100,0.027600,0.090000,0.046400,0.076400,0.014400,0.037248,0.011136,0.009344,0.010368,0.001344,1,4,48,4,1
1120,0.252100,0.308100,0.027200,0.089800,0.046000,0.076400,0.012300,0.036480,0.013696,0.009472,0.010432,0.001216,1,4,48,4,1
1121,0.255400,0.310500,0.027700,0.090900,0.045500,0.077100,0.013600,0.036480,0.013696,0.009376,0.010432,0.001216,1,4,48,4,1
1122,0.253200,0.307800,0.029400,0.090300,0.045000,0.076100,0.011900,0.036672,0.011232,0.009568,0.010272,0.001184,1,4,48,4,1
1123,0.251900,0.306000,0.027300,0.090000,0.045700,0.084600,0.003900,0.036480,0.011232,0.009344,0.010272,0.001216,1,4,48,4,1
1124,0.252500,0.309500,0.028400,0.090300,0.045600,0.076300,0.011500,0.036800,0.013760,0.009504,0.010528,0.001216,1,4,48,4,1
1125,0.253100,0.305100,0.027400,0.089800,0.045600,0.075100,0.014700,0.037024,0.011072,0.009312,0.010304,0.001184,1,4,48,4,1
1126,0.243500,0.305400,0.027200,0.089300,0.045700,0.075800,0.005200,0.036608,0.011232,0.009472,0.010272,0.001216,1,4,48,4,1
1127,0.270000,0.295900,0.027400,0.101300,0.045700,0.088400,0.006900,0.036512,0.013696,0.009472,0.010368,0.001184,1,4,48,4,1
1128,0.251700,0.322600,0.027200,0.089700,0.045300,0.076900,0.012100,0.036800,0.012256,0.009664,0.010432,0.001216,1,4,48,4,1
1129,0.249900,0.304300,0.027500,0.089800,0.045500,0.075900,0.010700,0.036352,0.012224,0.009280,0.010432,0.001184,1,4,48,4,1
1130,0.256800,0.302600,0.027200,0.095600,0.045000,0.076600,0.011900,0.036576,0.011264,0.009376,0.010304,0.001248,1,4,48,4,1
1131,0.250200,0.309800,0.027400,0.090100,0.045700,0.075700,0.010700,0.036544,0.011232,0.009440,0.010272,0.001184,1,4,48,4,1
1132,0.250400,0.302800,0.028100,0.089800,0.045400,0.075800,0.010900,0.036544,0.011232,0.009312,0.010336,0.001248,1,4,48,4,1
1133,0.249300,0.303000,0.027600,0.089800,0.045200,0.075900,0.010500,0.036352,0.011168,0.009312,0.010240,0.001216,1,4,48,4,1
1134,0.249500,0.302000,0.027200,0.089900,0.045500,0.075800,0.010600,0.036928,0.011232,0.009856,0.010272,0.001216,1,4,48,4,1
1135,0.251100,0.302300,0.027200,0.089800,0.045700,0.075600,0.012400,0.038592,0.011200,0.009376,0.010464,0.001280,1,4,48,4,1
1136,0.250600,0.304000,0.027200,0.089200,0.045500,0.084400,0.004000,0.036672,0.011200,0.009536,0.010304,0.001280,1,4,48,4,1
1137,0.250800,0.308200,0.027900,0.090200,0.045200,0.076200,0.010900,0.036544,0.013696,0.009440,0.010432,0.001216,1,4,48,4,1
1138,0.243000,0.303900,0.027400,0.089500,0.045700,0.076000,0.004100,0.038560,0.011200,0.009696,0.010432,0.001216,1,4,48,4,1
1139,0.255400,0.295600,0.027300,0.092700,0.045800,0.075000,0.014300,0.036832,0.011104,0.009248,0.010272,0.001216,1,4,48,4,1
1140,0.251700,0.308100,0.027700,0.089200,0.045300,0.075900,0.013200,0.036544,0.011232,0.009504,0.010240,0.001184,1,4,48,4,1
1141,0.250400,0.304600,0.027200,0.090200,0.045400,0.076100,0.011200,0.036512,0.012352,0.009504,0.010432,0.001248,1,4,48,4,1
1142,0.252400,0.302900,0.027300,0.089200,0.045300,0.075500,0.014700,0.038560,0.011200,0.009408,0.010432,0.001248,1,4,48,4,1
1143,0.255300,0.305300,0.027300,0.089500,0.045100,0.087300,0.005800,0.038464,0.011264,0.009248,0.010432,0.001184,1,4,48,4,1
1144,0.250100,0.307900,0.027400,0.089800,0.045100,0.075500,0.012000,0.036864,0.013760,0.009600,0.010496,0.001216,1,4,48,4,1
1145,0.251000,0.303000,0.027700,0.090000,0.045200,0.075900,0.011800,0.036480,0.013760,0.009280,0.010496,0.001216,1,4,48,4,1
1146,0.249100,0.303500,0.027400,0.089200,0.045500,0.075100,0.011600,0.036928,0.011168,0.009696,0.010304,0.001312,1,4,48,4,1
1147,0.251200,0.301700,0.027400,0.089300,0.045700,0.076200,0.012300,0.038592,0.011264,0.009312,0.010400,0.001184,1,4,48,4,1
1148,0.249200,0.303800,0.027400,0.089700,0.045300,0.075300,0.011100,0.036736,0.012320,0.009536,0.010432,0.001216,1,4,48,4,1
1149,0.247800,0.301900,0.027200,0.089200,0.045100,0.075100,0.010700,0.036480,0.011264,0.009344,0.010304,0.001216,1,4,48,4,1
1150,0.256000,0.300300,0.027100,0.095700,0.045300,0.075700,0.011600,0.036512,0.012288,0.009376,0.010432,0.001216,1,4,48,4,1
1151,0.250300,0.308600,0.027300,0.089300,0.045400,0.083800,0.004000,0.036448,0.011264,0.009312,0.010272,0.001216,1,4,48,4,1
1152,0.249000,0.303100,0.027200,0.089600,0.044800,0.075700,0.011300,0.036352,0.012192,0.009216,0.010432,0.001248,1,4,48,4,1
1153,0.249500,0.301600,0.027500,0.090000,0.045600,0.081400,0.004600,0.036320,0.011232,0.009184,0.010272,0.001216,1,4,48,4,1
1154,0.250900,0.302100,0.027000,0.090200,0.045300,0.075800,0.012200,0.038624,0.011200,0.009376,0.010464,0.001280,1,4,48,4,1
1155,0.250400,0.303300,0.027600,0.089700,0.045200,0.075700,0.011700,0.038304,0.013728,0.009312,0.010240,0.001248,1,4,48,4,1
1156,0.253900,0.302800,0.027500,0.089800,0.045700,0.084700,0.005700,0.036576,0.011232,0.009408,0.010304,0.001248,1,4,48,4,1
1157,0.248200,0.306700,0.027400,0.089600,0.045300,0.077600,0.007000,0.036736,0.013792,0.009472,0.010464,0.001216,1,4,48,4,1
1158,0.254500,0.300600,0.027200,0.099900,0.046300,0.076000,0.004600,0.037888,0.010976,0.009376,0.010240,0.001184,1,4,48,4,1
1159,0.248800,0.307200,0.027300,0.093900,0.045800,0.076200,0.005100,0.036512,0.012352,0.009472,0.010240,0.001216,1,4,48,4,1
1160,0.251300,0.301300,0.027200,0.089900,0.045400,0.076100,0.012300,0.036576,0.013728,0.009472,0.010400,0.001184,1,4,48,4,1
1161,0.392400,0.304100,0.029200,0.175500,0.071900,0.109200,0.006100,0.036960,0.011136,0.009312,0.010208,0.001184,1,4,48,4,1
1162,0.319900,0.462300,0.035000,0.116500,0.057800,0.105100,0.005000,0.037376,0.011232,0.009568,0.010304,0.001184,1,4,48,4,1
1163,0.326600,0.387000,0.033800,0.119700,0.062500,0.105100,0.004900,0.038496,0.013792,0.009440,0.010240,0.001216,1,4,48,4,1
1164,0.267500,0.392800,0.034500,0.098400,0.046500,0.080900,0.006600,0.038656,0.013696,0.009536,0.010272,0.001216,1,4,48,4,1
1165,0.276400,0.325000,0.028200,0.092700,0.047100,0.102200,0.005700,0.036288,0.011136,0.009280,0.010240,0.001248,1,4,48,4,1
1166,0.255400,0.329700,0.028100,0.092300,0.046300,0.082200,0.006000,0.036608,0.013696,0.009472,0.010400,0.001280,1,4,48,4,1
1167,0.252400,0.308100,0.027200,0.090900,0.045900,0.084000,0.004100,0.036576,0.011296,0.009504,0.010176,0.001216,1,4,48,4,1
1168,0.250500,0.304900,0.027000,0.090400,0.045500,0.083100,0.004000,0.036384,0.011200,0.009408,0.010272,0.001216,1,4,48,4,1
1169,0.247200,0.303100,0.027300,0.089700,0.045200,0.080700,0.003900,0.036992,0.011136,0.009280,0.010272,0.001248,1,4,48,4,1
1170,0.250500,0.299700,0.027100,0.090300,0.045400,0.076400,0.010800,0.036640,0.012224,0.009632,0.010400,0.001184,1,4,48,4,1
1171,0.258100,0.303300,0.027900,0.097100,0.045400,0.076300,0.011100,0.036288,0.011200,0.009152,0.010272,0.001216,1,4,48,4,1
1172,0.252400,0.311100,0.027900,0.090100,0.045700,0.084400,0.004000,0.036384,0.011168,0.009408,0.010240,0.001248,1,4,48,4,1
1173,0.250500,0.304800,0.027100,0.090300,0.045800,0.076300,0.010800,0.036544,0.012352,0.009280,0.010496,0.001216,1,4,48,4,1
1174,0.249000,0.303300,0.027200,0.089700,0.045900,0.081400,0.004500,0.036480,0.011168,0.009472,0.010304,0.001184,1,4,48,4,1
1175,0.250000,0.301300,0.027300,0.089800,0.045700,0.075900,0.011000,0.036448,0.012320,0.009312,0.010368,0.001216,1,4,48,4,1
1176,0.249400,0.302800,0.027200,0.090100,0.045600,0.081600,0.004600,0.036608,0.011232,0.009536,0.010240,0.001216,1,4,48,4,1
1177,0.245800,0.302100,0.027900,0.090400,0.045500,0.076500,0.005200,0.036512,0.013664,0.009440,0.010400,0.001248,1,4,48,4,1
1178,0.254700,0.303300,0.027200,0.090000,0.045100,0.075800,0.016200,0.036672,0.013760,0.009504,0.010400,0.001248,1,4,48,4,1
1179,0.253300,0.307400,0.027200,0.089900,0.045100,0.075700,0.015000,0.038144,0.013760,0.009472,0.010240,0.001248,1,4,48,4,1
1180,0.251800,0.305700,0.027300,0.089400,0.045100,0.076000,0.013400,0.036608,0.012224,0.009408,0.010464,0.001280,1,4,48,4,1
1181,0.255300,0.304800,0.027200,0.090000,0.045500,0.086000,0.006200,0.036640,0.013728,0.009408,0.010432,0.001280,1,4,48,4,1
1182,0.250700,0.307600,0.027300,0.089500,0.045700,0.075500,0.012200,0.037600,0.011200,0.009536,0.010304,0.001248,1,4,48,4,1
1183,0.250700,0.303500,0.027300,0.089300,0.045900,0.084200,0.003700,0.036576,0.011264,0.009504,0.010240,0.001184,1,4,48,4,1
1184,0.253500,0.303500,0.027100,0.089700,0.050200,0.080400,0.005800,0.036672,0.011200,0.009600,0.010240,0.001248,1,4,48,4,1
1185,0.248800,0.306200,0.027000,0.089200,0.045300,0.076100,0.010700,0.036448,0.012192,0.009376,0.010432,0.001216,1,4,48,4,1
1186,0.249400,0.301300,0.027000,0.090000,0.045200,0.075700,0.010900,0.037088,0.012320,0.009856,0.010432,0.001280,1,4,48,4,1
1187,0.243600,0.301900,0.027200,0.089400,0.045200,0.076000,0.005300,0.036512,0.011168,0.009312,0.010304,0.001280,1,4,48,4,1
1188,0.247500,0.296400,0.027600,0.094200,0.044700,0.075500,0.005100,0.036512,0.012096,0.009632,0.010240,0.001248,1,4,48,4,1
1189,0.253200,0.299900,0.027400,0.089800,0.045500,0.075800,0.014400,0.038496,0.013760,0.009344,0.010272,0.001184,1,4,48,4,1
1190,0.249100,0.305900,0.026900,0.089700,0.045700,0.075700,0.010800,0.036576,0.011232,0.009472,0.010272,0.001248,1,4,48,4,1
1191,0.257800,0.301600,0.027200,0.095800,0.044800,0.075600,0.013800,0.038528,0.011200,0.009312,0.010432,0.001216,1,4,48,4,1
1192,0.254000,0.310400,0.027300,0.089700,0.045300,0.075500,0.015700,0.038752,0.013696,0.009568,0.010336,0.001216,1,4,48,4,1
1193,0.249700,0.306600,0.027500,0.089600,0.045200,0.076000,0.011000,0.036576,0.012288,0.009344,0.010432,0.001248,1,4,48,4,1
1194,0.249000,0.302000,0.027100,0.089500,0.045400,0.075300,0.011300,0.036608,0.011264,0.009440,0.010272,0.001248,1,4,48,4,1
1195,0.249100,0.301500,0.027200,0.089800,0.045500,0.076000,0.010300,0.036480,0.011168,0.009440,0.010272,0.001184,1,4,48,4,1
1196,0.249600,0.301700,0.027700,0.089800,0.045400,0.075200,0.011200,0.036512,0.013824,0.009376,0.010368,0.001184,1,4,48,4,1
1197,0.258300,0.302000,0.027600,0.089800,0.046400,0.085900,0.008100,0.037088,0.011136,0.009408,0.010240,0.001248,1,4,48,4,1
1198,0.252600,0.310900,0.027300,0.089800,0.045100,0.075600,0.014300,0.037088,0.011040,0.009440,0.010272,0.001248,1,4,48,4,1
1199,0.256400,0.305100,0.028700,0.089900,0.045300,0.085000,0.007100,0.036544,0.011232,0.009440,0.010240,0.001216,1,4,48,4,1
1200,0.257400,0.309000,0.027000,0.089400,0.045100,0.089300,0.006200,0.038464,0.011232,0.009472,0.010496,0.001184,1,4,48,4,1
1201,0.253100,0.310100,0.027200,0.089800,0.045800,0.076400,0.013500,0.036512,0.013792,0.009312,0.010432,0.001248,1,4,48,4,1
1202,0.252300,0.305800,0.027500,0.089700,0.045400,0.075400,0.013700,0.038400,0.013760,0.009312,0.010176,0.001216,1,4,48,4,1
1203,0.250100,0.305000,0.027200,0.089200,0.045500,0.076200,0.011600,0.038400,0.011200,0.009312,0.010432,0.001184,1,4,48,4,1
1204,0.255600,0.302900,0.027700,0.096100,0.044800,0.075900,0.010800,0.036416,0.011168,0.009376,0.010240,0.001216,1,4,48,4,1
1205,0.249300,0.308400,0.027100,0.089700,0.045300,0.076300,0.010500,0.036512,0.011168,0.009408,0.010336,0.001248,1,4,48,4,1
1206,0.256200,0.302100,0.027200,0.089800,0.045600,0.076300,0.017000,0.038560,0.013728,0.009568,0.010240,0.001184,1,4,48,4,1
1207,0.252700,0.309100,0.027300,0.090200,0.045800,0.075400,0.013600,0.038464,0.013760,0.009408,0.010272,0.001216,1,4,48,4,1
1208,0.249500,0.305200,0.027000,0.090100,0.045700,0.075600,0.010800,0.036512,0.011168,0.009408,0.010336,0.001216,1,4,48,4,1
1209,0.249400,0.301900,0.027400,0.090200,0.045600,0.081200,0.004600,0.036480,0.011136,0.009408,0.010272,0.001280,1,4,48,4,1
1210,0.251600,0.302000,0.027100,0.089600,0.045800,0.076600,0.012100,0.038848,0.011264,0.009600,0.010400,0.001216,1,4,48,4,1
1211,0.249900,0.309100,0.027200,0.090600,0.045800,0.081400,0.004500,0.036256,0.011232,0.009312,0.010240,0.001216,1,4,48,4,1
1212,0.394900,0.302200,0.028500,0.090100,0.086000,0.181700,0.007900,0.036832,0.011168,0.009600,0.010240,0.001216,1,4,48,4,1
1213,0.343200,0.473000,0.040700,0.120600,0.063200,0.112000,0.006000,0.036992,0.011040,0.009440,0.010272,0.001216,1,4,48,4,1
1214,0.323200,0.410000,0.034600,0.115200,0.057800,0.108100,0.007000,0.036576,0.013696,0.009408,0.010496,0.001184,1,4,48,4,1
1215,0.347100,0.388600,0.034000,0.113300,0.061200,0.131600,0.006200,0.037312,0.011136,0.009440,0.010272,0.001280,1,4,48,4,1
1216,0.317500,0.413200,0.033900,0.112900,0.056500,0.107600,0.006100,0.038592,0.011168,0.009472,0.010400,0.001184,1,4,48,4,1
1217,0.302800,0.382900,0.034400,0.121800,0.049500,0.081900,0.014800,0.036384,0.011200,0.009280,0.010272,0.001248,1,4,48,4,1
1218,0.256700,0.358500,0.028100,0.094300,0.048600,0.081700,0.003600,0.036704,0.011232,0.009664,0.010176,0.001280,1,4,48,4,1
1219,0.254900,0.310500,0.027400,0.091900,0.046900,0.083500,0.004700,0.036608,0.012288,0.009440,0.010464,0.001216,1,4,48,4,1
1220,0.251800,0.308800,0.027200,0.091600,0.046400,0.081600,0.004600,0.036672,0.011200,0.009568,0.010240,0.001216,1,4,48,4,1
1221,0.255100,0.304500,0.027300,0.091900,0.047100,0.084500,0.004000,0.036512,0.011232,0.009440,0.010240,0.001216,1,4,48,4,1
1222,0.255100,0.307600,0.027600,0.090300,0.046200,0.085700,0.004800,0.036768,0.011904,0.009632,0.010432,0.001216,1,4,48,4,1
1223,0.252200,0.308100,0.027700,0.090700,0.046100,0.077500,0.009700,0.038496,0.011200,0.009760,0.010208,0.001216,1,4,48,4,1
1224,0.252700,0.305500,0.027200,0.090400,0.046400,0.084500,0.003800,0.036544,0.011232,0.009344,0.010336,0.001248,1,4,48,4,1
1225,0.252500,0.305500,0.027200,0.090100,0.045700,0.076900,0.012100,0.036736,0.013792,0.009504,0.010432,0.001248,1,4,48,4,1
1226,0.253800,0.305200,0.027500,0.090900,0.046300,0.077000,0.011600,0.036672,0.011200,0.009600,0.010272,0.001216,1,4,48,4,1
1227,0.252500,0.306600,0.027200,0.090700,0.045700,0.084900,0.003700,0.036480,0.011264,0.009440,0.010240,0.001184,1,4,48,4,1
1228,0.250800,0.305300,0.027000,0.090000,0.045900,0.076600,0.010800,0.036544,0.013792,0.009376,0.010400,0.001216,1,4,48,4,1
1229,0.258600,0.303700,0.027700,0.096200,0.045300,0.076800,0.012000,0.036608,0.013792,0.009472,0.010368,0.001216,1,4,48,4,1
1230,0.251700,0.311200,0.027100,0.090900,0.045800,0.075800,0.011600,0.037952,0.011168,0.009664,0.010240,0.001216,1,4,48,4,1
1231,0.249700,0.304600,0.027200,0.090500,0.045700,0.081400,0.004600,0.036384,0.011264,0.009248,0.010304,0.001216,1,4,48,4,1
1232,0.254800,0.302200,0.027100,0.089600,0.045600,0.075500,0.016500,0.037184,0.010816,0.009408,0.010208,0.001248,1,4,48,4,1
1233,0.250600,0.307900,0.027400,0.089800,0.045800,0.075800,0.011500,0.036416,0.011264,0.009312,0.010240,0.001216,1,4,48,4,1
1234,0.245100,0.303000,0.027400,0.090000,0.046200,0.076100,0.005100,0.038272,0.013760,0.009344,0.010240,0.001216,1,4,48,4,1
1235,0.255300,0.298200,0.027200,0.090100,0.045800,0.080800,0.011000,0.037408,0.011168,0.009632,0.010240,0.001184,1,4,48,4,1
1236,0.253900,0.308100,0.027100,0.089800,0.045300,0.076000,0.015100,0.036608,0.011200,0.009600,0.010208,0.001216,1,4,48,4,1
1237,0.253000,0.306700,0.027200,0.090600,0.046200,0.084000,0.004600,0.036320,0.011168,0.009344,0.010240,0.001184,1,4,48,4,1
1238,0.251600,0.305600,0.027600,0.089800,0.045100,0.076600,0.012100,0.038656,0.013728,0.009408,0.010336,0.001280,1,4,48,4,1
1239,0.249600,0.304100,0.027100,0.089900,0.045500,0.075900,0.010800,0.036320,0.011264,0.009152,0.010336,0.001184,1,4,48,4,1
1240,0.249900,0.301900,0.027100,0.090000,0.045300,0.075800,0.011100,0.036544,0.011296,0.009344,0.010240,0.001248,1,4,48,4,1
1241,0.251900,0.302500,0.027200,0.090000,0.045700,0.076600,0.012100,0.038432,0.013728,0.009376,0.010272,0.001248,1,4,48,4,1
1242,0.255300,0.304200,0.027200,0.096000,0.045300,0.075800,0.010700,0.036704,0.011168,0.009728,0.010240,0.001248,1,4,48,4,1
1243,0.259000,0.308500,0.027400,0.099500,0.045400,0.075700,0.010600,0.036576,0.011264,0.009440,0.010272,0.001216,1,4,48,4,1
1244,0.249700,0.311300,0.027000,0.090100,0.045600,0.075700,0.010800,0.036608,0.011232,0.009504,0.010240,0.001216,1,4,48,4,1
1245,0.250000,0.302500,0.027500,0.089500,0.045300,0.075800,0.011500,0.036800,0.013760,0.009536,0.010432,0.001312,1,4,48,4,1
1246,0.251700,0.302300,0.027100,0.089900,0.045900,0.084200,0.004100,0.036640,0.011200,0.009568,0.010272,0.001216,1,4,48,4,1
1247,0.248900,0.304200,0.027200,0.089600,0.045300,0.075800,0.010700,0.036416,0.011264,0.009344,0.010240,0.001184,1,4,48,4,1
1248,0.250500,0.302100,0.027000,0.089900,0.045600,0.083700,0.004000,0.036416,0.011200,0.009408,0.010240,0.001184,1,4,48,4,1
1249,0.244300,0.308400,0.027700,0.090400,0.045400,0.075400,0.005100,0.036480,0.011200,0.009312,0.010336,0.001280,1,4,48,4,1
1250,0.251800,0.308700,0.027200,0.090100,0.045800,0.076200,0.012000,0.036928,0.010976,0.009600,0.010208,0.001216,1,4,48,4,1
1251,0.243400,0.304600,0.027200,0.089800,0.045700,0.074900,0.005300,0.036448,0.013728,0.009376,0.010368,0.001184,1,4,48,4,1
1252,0.255100,0.295900,0.027300,0.089600,0.045900,0.075600,0.016400,0.037152,0.011200,0.009312,0.010304,0.001280,1,4,48,4,1
1253,0.263900,0.307600,0.026900,0.102100,0.046000,0.076000,0.012500,0.036544,0.013696,0.009472,0.010400,0.001248,1,4,48,4,1
1254,0.268800,0.316500,0.027100,0.089800,0.045500,0.091500,0.014600,0.038272,0.011264,0.009504,0.010304,0.001216,1,4,48,4,1
1255,0.249700,0.321200,0.027000,0.089600,0.050900,0.076500,0.005200,0.037536,0.011264,0.009440,0.010272,0.001216,1,4,48,4,1
1256,0.252100,0.303100,0.026900,0.090200,0.045900,0.075400,0.013300,0.038752,0.011264,0.009472,0.010496,0.001248,1,4,48,4,1
1257,0.250800,0.304700,0.027200,0.089600,0.045200,0.075900,0.012300,0.036768,0.012384,0.009440,0.010528,0.001248,1,4,48,4,1
1258,0.250900,0.303700,0.026900,0.089400,0.045300,0.076200,0.012700,0.036736,0.011424,0.009600,0.010272,0.001280,1,4,48,4,1
1259,0.257300,0.303200,0.026800,0.089100,0.045400,0.089800,0.005800,0.037920,0.013696,0.009376,0.010240,0.001248,1,4,48,4,1
1260,0.381900,0.310200,0.026800,0.149600,0.075100,0.121800,0.007900,0.036672,0.013760,0.009472,0.010496,0.001216,1,4,48,4,1
1261,0.389600,0.465000,0.041400,0.139500,0.068700,0.133900,0.005300,0.036448,0.013696,0.009472,0.010432,0.001216,1,4,48,4,1
1262,0.338900,0.476300,0.040800,0.134400,0.064400,0.093300,0.005600,0.038752,0.011328,0.009472,0.010400,0.001248,1,4,48,4,1
1263,0.301700,0.405000,0.033800,0.111800,0.056600,0.093200,0.005500,0.038048,0.011264,0.009312,0.010240,0.001216,1,4,48,4,1
1264,0.314200,0.367100,0.033700,0.128600,0.064000,0.081600,0.005600,0.036864,0.011264,0.009376,0.010272,0.001216,1,4,48,4,1
1265,0.281900,0.372600,0.044700,0.100500,0.048600,0.083100,0.004600,0.036192,0.011296,0.009248,0.010304,0.001184,1,4,48,4,1
1266,0.259800,0.336700,0.028300,0.095400,0.047900,0.083000,0.004700,0.036480,0.011264,0.009472,0.010208,0.001184,1,4,48,4,1
1267,0.258200,0.315100,0.028300,0.094200,0.047800,0.082500,0.004900,0.036768,0.011200,0.009632,0.010304,0.001184,1,4,48,4,1
1268,0.273600,0.313600,0.028400,0.093500,0.055500,0.090300,0.005500,0.038592,0.013696,0.009632,0.010304,0.001248,1,4,48,4,1
1269,0.306600,0.338300,0.033300,0.109400,0.055000,0.102900,0.005600,0.036576,0.011232,0.009440,0.010304,0.001216,1,4,48,4,1
1270,0.295100,0.371600,0.033100,0.109800,0.054800,0.091500,0.005400,0.036544,0.011232,0.009472,0.010240,0.001216,1,4,48,4,1
1271,0.254100,0.359700,0.033300,0.093800,0.045100,0.076300,0.005100,0.036416,0.011264,0.009184,0.010368,0.001248,1,4,48,4,1
1272,0.252200,0.307300,0.027400,0.090400,0.046600,0.075200,0.012300,0.036608,0.013824,0.009376,0.010400,0.001216,1,4,48,4,1
1273,0.256900,0.305300,0.027200,0.091400,0.045500,0.076300,0.016100,0.037184,0.011232,0.009440,0.010272,0.001184,1,4,48,4,1
1274,0.252800,0.309200,0.027000,0.090200,0.045900,0.075900,0.013400,0.038464,0.011296,0.009536,0.010336,0.001248,1,4,48,4,1
1275,0.250100,0.305800,0.027600,0.090100,0.045500,0.081600,0.004900,0.036288,0.011168,0.009248,0.010272,0.001184,1,4,48,4,1
1276,0.257300,0.307600,0.027200,0.091100,0.045300,0.087500,0.005600,0.036512,0.011264,0.009440,0.010240,0.001184,1,4,48,4,1
1277,0.251800,0.309800,0.027300,0.090000,0.045400,0.077000,0.011800,0.036672,0.011232,0.009600,0.010208,0.001216,1,4,48,4,1
1278,0.251900,0.304300,0.027000,0.090200,0.045400,0.076500,0.012200,0.038912,0.011168,0.009696,0.010432,0.001312,1,4,48,4,1
1279,0.249100,0.304700,0.027200,0.089600,0.045400,0.081800,0.004600,0.036576,0.011264,0.009376,0.010272,0.001280,1,4,48,4,1
1280,0.251800,0.301600,0.027500,0.089800,0.045600,0.077000,0.011600,0.038816,0.013728,0.009568,0.010272,0.001312,1,4,48,4,1
1281,0.249700,0.304400,0.027300,0.089700,0.045500,0.075800,0.010800,0.036352,0.011200,0.009344,0.010208,0.001216,1,4,48,4,1
1282,0.254400,0.302400,0.027200,0.090100,0.050700,0.080900,0.005100,0.036928,0.011232,0.009344,0.010240,0.001248,1,4,48,4,1
1283,0.251900,0.306900,0.026900,0.089500,0.045500,0.076200,0.013300,0.036352,0.012256,0.009344,0.010400,0.001216,1,4,48,4,1
1284,0.248800,0.305000,0.027400,0.089400,0.045300,0.075700,0.010800,0.036672,0.011296,0.009472,0.010304,0.001216,1,4,48,4,1
1285,0.252800,0.301300,0.027100,0.089700,0.045300,0.086300,0.004100,0.036416,0.011232,0.009248,0.010240,0.001248,1,4,48,4,1
1286,0.248900,0.305300,0.026900,0.089700,0.045200,0.076100,0.010600,0.036800,0.011200,0.009728,0.010240,0.001216,1,4,48,4,1
1287,0.251100,0.301600,0.027300,0.090000,0.045200,0.076100,0.012200,0.036384,0.011168,0.009344,0.010304,0.001280,1,4,48,4,1
1288,0.247300,0.303800,0.026900,0.089900,0.044900,0.080700,0.004500,0.037120,0.011200,0.009984,0.010272,0.001248,1,4,48,4,1
1289,0.255700,0.299600,0.032300,0.090000,0.044900,0.076400,0.011600,0.038688,0.011296,0.009376,0.010400,0.001216,1,4,48,4,1
1290,0.248300,0.308100,0.027000,0.089700,0.044900,0.081800,0.004500,0.036448,0.011200,0.009440,0.010240,0.001216,1,4,48,4,1
1291,0.244700,0.301000,0.027300,0.089800,0.045700,0.076200,0.005100,0.036768,0.011200,0.009600,0.010240,0.001248,1,4,48,4,1
1292,0.331400,0.297600,0.027600,0.101900,0.019200,0.180700,0.001600,0.036448,0.013664,0.009344,0.010464,0.001184,1,4,48,4,1
1293,0.297200,0.384300,0.027600,0.125200,0.048500,0.080300,0.015100,0.037216,0.011040,0.009568,0.010208,0.001216,1,4,48,4,1
1294,0.256200,0.349800,0.027800,0.091200,0.046600,0.077500,0.012900,0.038720,0.011200,0.009536,0.010432,0.001216,1,4,48,4,1
1295,0.252000,0.308800,0.027400,0.090200,0.046200,0.083200,0.004400,0.038624,0.011200,0.009472,0.010400,0.001248,1,4,48,4,1
1296,0.249300,0.304600,0.027100,0.089700,0.045800,0.081700,0.004600,0.036448,0.011232,0.009408,0.010208,0.001216,1,4,48,4,1
1297,0.256300,0.302200,0.027400,0.090900,0.046000,0.076600,0.015000,0.036384,0.011232,0.009216,0.010272,0.001216,1,4,48,4,1
1298,0.258900,0.309000,0.026900,0.098400,0.046100,0.075600,0.011400,0.036384,0.011232,0.009312,0.010240,0.001216,1,4,48,4,1
1299,0.251600,0.311400,0.027300,0.090300,0.045500,0.076000,0.012000,0.038464,0.011200,0.009280,0.010496,0.001184,1,4,48,4,1
1300,0.255400,0.304300,0.027100,0.089700,0.045800,0.086400,0.005800,0.036512,0.011168,0.009504,0.010208,0.001184,1,4,48,4,1
1301,0.251900,0.308100,0.027700,0.090100,0.045100,0.076300,0.012200,0.036672,0.012320,0.009472,0.010400,0.001216,1,4,48,4,1
1302,0.249000,0.304400,0.027100,0.089400,0.045700,0.076000,0.010400,0.036640,0.011168,0.009632,0.010208,0.001216,1,4,48,4,1
1303,0.283800,0.301400,0.027200,0.089400,0.045800,0.114800,0.006200,0.036608,0.013760,0.009312,0.010432,0.001248,1,4,48,4,1
1304,0.272200,0.336500,0.027200,0.091200,0.045700,0.103800,0.003800,0.036640,0.013728,0.009440,0.010464,0.001248,1,4,48,4,1
1305,0.247000,0.325200,0.029900,0.091000,0.045700,0.074800,0.005200,0.036608,0.013760,0.009472,0.010432,0.001184,1,4,48,4,1
1306,0.256800,0.299400,0.027300,0.090200,0.045600,0.076000,0.017300,0.036480,0.011232,0.009440,0.010208,0.001216,1,4,48,4,1
1307,0.251300,0.309500,0.027000,0.090200,0.045600,0.075800,0.012300,0.036608,0.011232,0.009504,0.010272,0.001216,1,4,48,4,1
1308,0.391800,0.304900,0.027000,0.145000,0.087000,0.126600,0.005300,0.036480,0.013696,0.009440,0.010432,0.001248,1,4,48,4,1
1309,0.380500,0.476800,0.042200,0.139000,0.070100,0.123500,0.005000,0.036576,0.013760,0.009504,0.010304,0.001216,1,4,48,4,1
1310,0.373600,0.461000,0.042000,0.147600,0.068500,0.109200,0.005800,0.037248,0.011136,0.009408,0.010336,0.001216,1,4,48,4,1
1311,0.340800,0.452400,0.041400,0.136500,0.067700,0.088800,0.005800,0.036416,0.012480,0.009216,0.010272,0.001248,1,4,48,4,1
1312,0.300700,0.405100,0.042100,0.112400,0.055400,0.085800,0.004400,0.036384,0.011232,0.009280,0.010304,0.001216,1,4,48,4,1
1313,0.293600,0.364400,0.033200,0.108500,0.055900,0.090800,0.004900,0.036416,0.013760,0.009216,0.010432,0.001216,1,4,48,4,1
1314,0.288700,0.356600,0.033600,0.108600,0.055400,0.086200,0.004400,0.036672,0.013696,0.009536,0.010432,0.001216,1,4,48,4,1
1315,0.290500,0.351700,0.033400,0.109100,0.054800,0.088600,0.004200,0.036320,0.013696,0.009120,0.010496,0.001216,1,4,48,4,1
1316,0.289600,0.354000,0.033600,0.108200,0.055600,0.087600,0.004100,0.036544,0.013696,0.009408,0.010432,0.001248,1,4,48,4,1
1317,0.293600,0.353600,0.033300,0.108100,0.054900,0.092000,0.004800,0.036576,0.013760,0.009376,0.010400,0.001184,1,4,48,4,1
1318,0.289000,0.359500,0.033200,0.108800,0.055400,0.086200,0.005000,0.036640,0.011232,0.009536,0.010272,0.001216,1,4,48,4,1
1319,0.291800,0.351700,0.033200,0.109100,0.055600,0.088300,0.005200,0.038528,0.011360,0.009376,0.010496,0.001280,1,4,48,4,1
1320,0.289500,0.354900,0.033100,0.107600,0.056600,0.086900,0.004900,0.036640,0.011200,0.009600,0.010240,0.001216,1,4,48,4,1
1321,0.310100,0.354000,0.033500,0.107700,0.054900,0.107800,0.005600,0.036608,0.011232,0.009504,0.010208,0.001216,1,4,48,4,1
1322,0.308600,0.375700,0.034500,0.122400,0.055800,0.089500,0.005700,0.038368,0.011264,0.009376,0.010464,0.001248,1,4,48,4,1
1323,0.305900,0.374500,0.034300,0.119500,0.058400,0.087700,0.005600,0.036352,0.011232,0.009280,0.010240,0.001216,1,4,48,4,1
1324,0.293900,0.370800,0.033900,0.110200,0.055900,0.087800,0.005700,0.036512,0.013760,0.009408,0.010336,0.001216,1,4,48,4,1
1325,0.289600,0.358500,0.034000,0.109500,0.054900,0.085000,0.005600,0.036576,0.011232,0.009344,0.010304,0.001280,1,4,48,4,1
1326,0.287800,0.354800,0.033700,0.108600,0.055500,0.085700,0.003900,0.037568,0.010912,0.009376,0.010272,0.001216,1,4,48,4,1
1327,0.303700,0.353200,0.035200,0.114400,0.055000,0.093400,0.005300,0.036896,0.011200,0.009408,0.010240,0.001216,1,4,48,4,1
1328,0.300100,0.368500,0.034300,0.108700,0.055000,0.096000,0.005400,0.036544,0.013728,0.009472,0.010368,0.001216,1,4,48,4,1
1329,0.295300,0.368500,0.035400,0.110100,0.054800,0.088300,0.005600,0.036672,0.013760,0.009440,0.010464,0.001216,1,4,48,4,1
1330,0.292400,0.360500,0.033800,0.110200,0.055600,0.086400,0.006000,0.036672,0.011232,0.009504,0.010272,0.001216,1,4,48,4,1
1331,0.289600,0.357800,0.034400,0.109600,0.054700,0.084800,0.005700,0.038400,0.011232,0.009312,0.010368,0.001216,1,4,48,4,1
1332,0.290700,0.354600,0.034300,0.109200,0.055000,0.086000,0.005700,0.036640,0.012256,0.009504,0.010464,0.001216,1,4,48,4,1
1333,0.292500,0.355600,0.034500,0.109800,0.054800,0.087100,0.005700,0.038496,0.013792,0.009280,0.010272,0.001184,1,4,48,4,1
1334,0.305000,0.357500,0.034200,0.118100,0.055200,0.091200,0.005800,0.036544,0.011264,0.009376,0.010240,0.001248,1,4,48,4,1
1335,0.291800,0.370600,0.034300,0.110300,0.054900,0.086200,0.005700,0.036544,0.011264,0.009440,0.010240,0.001184,1,4,48,4,1
1336,0.292100,0.356700,0.033900,0.109900,0.055000,0.087100,0.005700,0.036736,0.012256,0.009600,0.010432,0.001248,1,4,48,4,1
1337,0.295000,0.357800,0.034800,0.110700,0.055700,0.087500,0.005700,0.036736,0.011296,0.009504,0.010240,0.001312,1,4,48,4,1
1338,0.296300,0.361100,0.034100,0.111800,0.056800,0.087600,0.005600,0.036480,0.011232,0.009472,0.010240,0.001216,1,4,48,4,1
1339,0.293100,0.360300,0.033200,0.107700,0.054100,0.092200,0.005400,0.036512,0.011232,0.009344,0.010368,0.001184,1,4,48,4,1
1340,0.298700,0.363500,0.033500,0.114000,0.055600,0.087800,0.007200,0.037056,0.011136,0.009408,0.010272,0.001184,1,4,48,4,1
1341,0.297700,0.361900,0.033400,0.108500,0.054500,0.086200,0.014700,0.036704,0.010848,0.009408,0.010240,0.001216,1,4,48,4,1
1342,0.300300,0.366200,0.034200,0.110100,0.055100,0.094300,0.006000,0.036928,0.011232,0.009728,0.010304,0.001216,1,4,48,4,1
1343,0.272100,0.363200,0.033600,0.101100,0.046200,0.075600,0.015200,0.036416,0.013760,0.009152,0.010464,0.001248,1,4,48,4,1
1344,0.254800,0.325800,0.027700,0.090300,0.046700,0.083600,0.006000,0.036544,0.013728,0.009504,0.010400,0.001184,1,4,48,4,1
1345,0.252300,0.307800,0.027000,0.090000,0.045600,0.076800,0.012300,0.036352,0.013760,0.009184,0.010464,0.001216,1,4,48,4,1
1346,0.251000,0.305500,0.027200,0.090100,0.045900,0.076400,0.010900,0.036544,0.013792,0.009376,0.010432,0.001184,1,4,48,4,1
1347,0.251600,0.303700,0.027300,0.089700,0.045500,0.084800,0.003900,0.036416,0.011232,0.009408,0.010208,0.001184,1,4,48,4,1
1348,0.253000,0.304200,0.027600,0.090900,0.045600,0.084600,0.003800,0.036448,0.011232,0.009312,0.010240,0.001216,1,4,48,4,1
1349,0.251900,0.306000,0.027100,0.090300,0.045800,0.084100,0.004200,0.036608,0.011296,0.009472,0.010272,0.001216,1,4,48,4,1
1350,0.250100,0.305000,0.027100,0.089500,0.045800,0.076500,0.010500,0.036640,0.011200,0.009568,0.010240,0.001248,1,4,48,4,1
1351,0.289700,0.302800,0.036400,0.110800,0.060000,0.076700,0.005300,0.036480,0.013792,0.009376,0.010400,0.001152,1,4,48,4,1
1352,0.260200,0.342800,0.027800,0.096600,0.046400,0.075800,0.013200,0.036512,0.011296,0.009312,0.010304,0.001216,1,4,48,4,1
1353,0.251800,0.313200,0.028000,0.090100,0.045500,0.084200,0.003500,0.036352,0.011200,0.009184,0.010368,0.001248,1,4,48,4,1
1354,0.272200,0.304600,0.027100,0.109200,0.046700,0.084800,0.003900,0.036608,0.011264,0.009472,0.010272,0.001184,1,4,48,4,1
1355,0.252400,0.324900,0.027200,0.090200,0.045800,0.077900,0.010900,0.038272,0.013728,0.009568,0.010208,0.001216,1,4,48,4,1
1356,0.251500,0.304800,0.027000,0.089400,0.045900,0.085100,0.003800,0.036704,0.012288,0.009600,0.010368,0.001248,1,4,48,4,1
1357,0.250300,0.304400,0.027300,0.089600,0.045300,0.083600,0.004000,0.036576,0.011296,0.009408,0.010272,0.001216,1,4,48,4,1
1358,0.253200,0.302900,0.027200,0.089500,0.045800,0.084500,0.005800,0.036576,0.011200,0.009536,0.010240,0.001184,1,4,48,4,1
1359,0.249200,0.305800,0.027300,0.089900,0.045300,0.075800,0.010500,0.036384,0.011200,0.009408,0.010208,0.001184,1,4,48,4,1
1360,0.249300,0.301800,0.027500,0.089800,0.045700,0.081400,0.004600,0.036672,0.011232,0.009536,0.010272,0.001216,1,4,48,4,1
1361,0.248400,0.302400,0.027000,0.089600,0.045200,0.081500,0.004600,0.036352,0.011168,0.009280,0.010304,0.001184,1,4,48,4,1
1362,0.249200,0.301000,0.027200,0.089200,0.046000,0.076000,0.010500,0.036608,0.012256,0.009472,0.010432,0.001184,1,4,48,4,1
1363,0.251700,0.301800,0.027000,0.089800,0.046400,0.074300,0.013900,0.036416,0.013696,0.009312,0.010432,0.001216,1,4,48,4,1
1364,0.254500,0.304600,0.027600,0.089500,0.045700,0.075400,0.015900,0.037152,0.011136,0.009408,0.010336,0.001248,1,4,48,4,1
1365,0.257400,0.307100,0.027400,0.095700,0.045700,0.081500,0.006500,0.036512,0.011264,0.009312,0.010304,0.001216,1,4,48,4,1
1366,0.251100,0.310300,0.027200,0.089700,0.045700,0.076100,0.012100,0.036640,0.013824,0.009440,0.010368,0.001216,1,4,48,4,1
1367,0.253300,0.303700,0.027400,0.090600,0.045600,0.083000,0.006200,0.036544,0.011264,0.009504,0.010272,0.001248,1,4,48,4,1
1368,0.272700,0.305800,0.028200,0.090000,0.045900,0.100100,0.008000,0.036512,0.013728,0.009408,0.010368,0.001216,1,4,48,4,1
1369,0.363700,0.346100,0.048000,0.121700,0.063600,0.122800,0.006800,0.037664,0.010752,0.009696,0.010272,0.001248,1,4,48,4,1
1370,0.264900,0.417200,0.030300,0.094200,0.047500,0.078900,0.013500,0.036640,0.013664,0.009536,0.010400,0.001248,1,4,48,4,1
1371,0.261600,0.317900,0.027400,0.091000,0.047100,0.076800,0.018900,0.036576,0.011264,0.009440,0.010272,0.001216,1,4,48,4,1
1372,0.261800,0.314500,0.031700,0.091100,0.046300,0.077200,0.015100,0.036576,0.013664,0.009536,0.010368,0.001280,1,4,48,4,1
1373,0.257700,0.315000,0.027300,0.090300,0.045700,0.076600,0.017500,0.036512,0.013664,0.009344,0.010464,0.001248,1,4,48,4,1
1374,0.254100,0.311000,0.027100,0.090500,0.046500,0.085800,0.003800,0.036448,0.012288,0.009312,0.010464,0.001216,1,4,48,4,1
1375,0.261100,0.307100,0.027100,0.097900,0.046300,0.077400,0.012000,0.038464,0.011168,0.009376,0.010400,0.001248,1,4,48,4,1
1376,0.253800,0.313800,0.027100,0.090900,0.046700,0.085100,0.003700,0.036512,0.011136,0.009632,0.010304,0.001216,1,4,48,4,1
1377,0.253400,0.307200,0.027500,0.090400,0.046000,0.077300,0.011600,0.037248,0.011072,0.009504,0.010304,0.001216,1,4,48,4,1
1378,0.266000,0.306200,0.027100,0.095300,0.047300,0.080600,0.015300,0.036768,0.013856,0.009632,0.010368,0.001248,1,4,48,4,1
1379,0.261600,0.320200,0.027700,0.099100,0.046700,0.082400,0.005400,0.036480,0.013760,0.009344,0.010432,0.001184,1,4,48,4,1
1380,0.261000,0.316600,0.029500,0.090900,0.047800,0.077600,0.014800,0.037376,0.011168,0.009696,0.010272,0.001216,1,4,48,4,1
1381,0.253100,0.314200,0.027200,0.089700,0.046100,0.086100,0.003400,0.036544,0.011232,0.009408,0.010304,0.001216,1,4,48,4,1
1382,0.255800,0.305900,0.027500,0.091000,0.046500,0.077900,0.012500,0.037280,0.011232,0.009664,0.010240,0.001216,1,4,48,4,1
1383,0.251600,0.308700,0.027400,0.090300,0.046200,0.081600,0.005600,0.036896,0.013824,0.009600,0.010496,0.001184,1,4,48,4,1
1384,0.253400,0.304000,0.026900,0.090000,0.046500,0.084200,0.005300,0.036768,0.012320,0.009600,0.010464,0.001216,1,4,48,4,1
1385,0.249700,0.306500,0.027300,0.089700,0.046300,0.081300,0.004700,0.036448,0.011200,0.009408,0.010272,0.001216,1,4,48,4,1
1386,0.248800,0.302300,0.027000,0.089800,0.046000,0.080700,0.004700,0.036512,0.012192,0.009504,0.010368,0.001248,1,4,48,4,1
1387,0.252700,0.301400,0.027300,0.089800,0.046300,0.084200,0.004700,0.036416,0.011232,0.009280,0.010240,0.001184,1,4,48,4,1
1388,0.255200,0.304900,0.027100,0.096400,0.045700,0.080900,0.004600,0.036416,0.011168,0.009376,0.010240,0.001248,1,4,48,4,1
1389,0.253000,0.308400,0.027500,0.090000,0.046300,0.084300,0.004400,0.036384,0.011232,0.009312,0.010240,0.001216,1,4,48,4,1
1390,0.248500,0.305700,0.027300,0.089700,0.045600,0.081800,0.003800,0.036416,0.011200,0.009344,0.010240,0.001216,1,4,48,4,1
1391,0.250200,0.301100,0.027000,0.089600,0.045500,0.076700,0.010600,0.038528,0.013728,0.009344,0.010240,0.001280,1,4,48,4,1
1392,0.250300,0.303000,0.027300,0.089800,0.045600,0.076500,0.010800,0.038784,0.011232,0.009600,0.010432,0.001216,1,4,48,4,1
1393,0.249900,0.303000,0.027000,0.089500,0.045800,0.075900,0.011200,0.037984,0.013664,0.009184,0.010368,0.001248,1,4,48,4,1
1394,0.248700,0.302600,0.027000,0.089800,0.045300,0.075700,0.010500,0.038656,0.011264,0.009376,0.010432,0.001248,1,4,48,4,1
1395,0.253400,0.307300,0.027200,0.090400,0.046000,0.084800,0.004500,0.036576,0.011232,0.009568,0.010208,0.001216,1,4,48,4,1
1396,0.250700,0.305900,0.027000,0.089800,0.046000,0.083900,0.003700,0.036480,0.012256,0.009376,0.010432,0.001184,1,4,48,4,1
1397,0.250900,0.303200,0.027200,0.089600,0.045700,0.076400,0.011600,0.036416,0.013728,0.009312,0.010368,0.001184,1,4,48,4,1
1398,0.250500,0.303700,0.027300,0.089500,0.046100,0.076700,0.010600,0.036608,0.013696,0.009536,0.010400,0.001216,1,4,48,4,1
1399,0.251200,0.303200,0.027200,0.090300,0.045400,0.076500,0.011400,0.036384,0.011200,0.009344,0.010272,0.001184,1,4,48,4,1
1400,0.255300,0.303900,0.027200,0.089600,0.045700,0.086400,0.006100,0.036800,0.011232,0.009728,0.010208,0.001184,1,4,48,4,1
1401,0.317300,0.307700,0.027400,0.090400,0.054300,0.134100,0.010100,0.037472,0.010816,0.009376,0.010240,0.001216,1,4,48,4,1
1402,0.264100,0.370500,0.027900,0.098800,0.047000,0.077400,0.012600,0.037024,0.011104,0.009440,0.010240,0.001184,1,4,48,4,1
1403,0.254900,0.317300,0.027700,0.090100,0.046200,0.076600,0.013800,0.036640,0.011296,0.009408,0.010208,0.001312,1,4,48,4,1
1404,0.256000,0.307300,0.027100,0.096200,0.051200,0.075700,0.005100,0.036640,0.013696,0.009472,0.010496,0.001216,1,4,48,4,1
1405,0.254200,0.308600,0.027700,0.090000,0.046000,0.077100,0.012800,0.036736,0.011200,0.009408,0.010272,0.001184,1,4,48,4,1
1406,0.253700,0.306900,0.027600,0.090100,0.046100,0.077000,0.012500,0.038656,0.013792,0.009472,0.010304,0.001216,1,4,48,4,1
1407,0.261400,0.306500,0.027300,0.096700,0.046100,0.085000,0.005900,0.036576,0.011232,0.009408,0.010336,0.001216,1,4,48,4,1
1408,0.254800,0.313900,0.027100,0.089500,0.045600,0.076900,0.015100,0.036832,0.011200,0.009248,0.010240,0.001184,1,4,48,4,1
1409,0.253800,0.307700,0.027800,0.089900,0.046500,0.085100,0.004100,0.036640,0.011232,0.009504,0.010240,0.001248,1,4,48,4,1
1410,0.252500,0.306000,0.027100,0.090000,0.046400,0.077300,0.011300,0.038528,0.011200,0.009408,0.010400,0.001184,1,4,48,4,1
1411,0.250100,0.305100,0.027200,0.089300,0.045900,0.076300,0.010900,0.036672,0.011232,0.009504,0.010272,0.001280,1,4,48,4,1
1412,0.250100,0.302800,0.027300,0.090200,0.046000,0.081600,0.004500,0.036672,0.011168,0.009632,0.010304,0.001216,1,4,48,4,1
1413,0.252400,0.306900,0.027400,0.090000,0.046200,0.077100,0.011200,0.036576,0.013728,0.009440,0.010432,0.001216,1,4,48,4,1
1414,0.252000,0.310600,0.027400,0.090700,0.045700,0.076700,0.011100,0.038720,0.011168,0.009408,0.010528,0.001184,1,4,48,4,1
1415,0.252000,0.305000,0.027200,0.089800,0.046000,0.077000,0.011400,0.038656,0.011232,0.009440,0.010432,0.001216,1,4,48,4,1
1416,0.253600,0.304400,0.027900,0.090100,0.046700,0.076800,0.011700,0.036608,0.011264,0.009408,0.010304,0.001280,1,4,48,4,1
1417,0.251600,0.306500,0.027400,0.089800,0.045700,0.083800,0.004500,0.036480,0.013760,0.009344,0.010368,0.001216,1,4,48,4,1
1418,0.254300,0.304400,0.027300,0.089900,0.046400,0.076000,0.014200,0.036512,0.012320,0.009504,0.010304,0.001184,1,4,48,4,1
1419,0.245500,0.307200,0.027500,0.090000,0.046000,0.076400,0.005100,0.037376,0.011232,0.009472,0.010208,0.001216,1,4,48,4,1
1420,0.266500,0.298400,0.027000,0.097200,0.051900,0.085500,0.004600,0.036992,0.011232,0.009920,0.010208,0.001248,1,4,48,4,1
1421,0.247200,0.319600,0.027300,0.090500,0.045900,0.077400,0.005500,0.038144,0.011200,0.009440,0.010272,0.001248,1,4,48,4,1
1422,0.281000,0.300400,0.027500,0.092700,0.044900,0.109600,0.006000,0.037024,0.011232,0.009632,0.010272,0.001184,1,4,48,4,1
1423,0.281500,0.337500,0.032400,0.100200,0.049200,0.093300,0.006000,0.036544,0.013760,0.009376,0.010464,0.001184,1,4,48,4,1
1424,0.261600,0.335700,0.028100,0.095100,0.047800,0.086400,0.003800,0.036576,0.011168,0.009536,0.010272,0.001216,1,4,48,4,1
1425,0.254800,0.315000,0.027300,0.092400,0.046800,0.083300,0.004400,0.037056,0.012352,0.009888,0.010432,0.001216,1,4,48,4,1
1426,0.256100,0.308300,0.027000,0.092400,0.047000,0.085400,0.004000,0.038432,0.013696,0.009472,0.010208,0.001184,1,4,48,4,1
1427,0.253600,0.309300,0.027200,0.091600,0.045800,0.077600,0.010900,0.038400,0.013792,0.009344,0.010240,0.001248,1,4,48,4,1
1428,0.262000,0.306700,0.027100,0.098500,0.046500,0.085300,0.004100,0.036736,0.013760,0.009472,0.010496,0.001248,1,4,48,4,1
1429,0.257500,0.314900,0.027500,0.090900,0.050800,0.083600,0.004400,0.036512,0.011232,0.009472,0.010208,0.001216,1,4,48,4,1
1430,0.253000,0.310500,0.027300,0.090400,0.046300,0.085000,0.003600,0.036672,0.011296,0.009472,0.010272,0.001216,1,4,48,4,1
1431,0.253400,0.305800,0.027600,0.089900,0.046400,0.085400,0.003700,0.036448,0.011232,0.009376,0.010208,0.001216,1,4,48,4,1
1432,0.251600,0.305900,0.027100,0.090000,0.046000,0.077100,0.010800,0.036992,0.011200,0.009760,0.010304,0.001312,1,4,48,4,1
1433,0.252500,0.304400,0.027200,0.090100,0.045900,0.084700,0.004300,0.036192,0.011232,0.009184,0.010240,0.001184,1,4,48,4,1
1434,0.257400,0.305300,0.027100,0.090500,0.046800,0.086600,0.005700,0.038752,0.013760,0.009536,0.010240,0.001280,1,4,48,4,1
1435,0.243700,0.310200,0.027300,0.090000,0.045900,0.075300,0.004900,0.036768,0.011232,0.009248,0.010304,0.001184,1,4,48,4,1
1436,0.256400,0.295900,0.027300,0.090600,0.046700,0.076500,0.014800,0.036704,0.013792,0.009568,0.010400,0.001216,1,4,48,4,1
1437,0.253200,0.309600,0.027100,0.090100,0.046000,0.076000,0.013500,0.036480,0.013728,0.009312,0.010432,0.001248,1,4,48,4,1
1438,0.253300,0.305800,0.027000,0.089800,0.045800,0.076700,0.013600,0.036768,0.013760,0.009536,0.010464,0.001248,1,4,48,4,1
1439,0.251700,0.306100,0.027500,0.090100,0.045700,0.076000,0.012000,0.036608,0.011200,0.009568,0.010240,0.001184,1,4,48,4,1
1440,0.251000,0.304200,0.027100,0.089800,0.046100,0.076700,0.010900,0.037024,0.011200,0.009312,0.010336,0.001216,1,4,48,4,1
1441,0.263200,0.303600,0.027500,0.096200,0.045500,0.077800,0.015700,0.036320,0.011232,0.009216,0.010272,0.001216,1,4,48,4,1
1442,0.257800,0.316200,0.027500,0.090000,0.043900,0.079500,0.016400,0.037056,0.011232,0.009376,0.010208,0.001248,1,4,48,4,1
1443,0.253500,0.311000,0.027000,0.090100,0.046300,0.076000,0.013300,0.038496,0.011232,0.009280,0.010432,0.001248,1,4,48,4,1
1444,0.250100,0.306000,0.027100,0.089900,0.045900,0.075700,0.011200,0.038624,0.011168,0.009280,0.010464,0.001280,1,4,48,4,1
1445,0.251400,0.302900,0.027100,0.090200,0.045900,0.082100,0.005700,0.036416,0.011232,0.009312,0.010304,0.001216,1,4,48,4,1
1446,0.250800,0.304400,0.027100,0.089900,0.045800,0.083800,0.003800,0.036384,0.011232,0.009376,0.010208,0.001216,1,4,48,4,1
1447,0.250200,0.303300,0.027200,0.089800,0.045500,0.083500,0.003700,0.036544,0.012320,0.009376,0.010368,0.001248,1,4,48,4,1
1448,0.252400,0.307400,0.027300,0.089900,0.045800,0.076100,0.012900,0.038016,0.013728,0.009472,0.010208,0.001216,1,4,48,4,1
1449,0.249700,0.305000,0.027400,0.089900,0.045500,0.075700,0.010800,0.038400,0.013728,0.009440,0.010304,0.001184,1,4,48,4,1
1450,0.251900,0.302300,0.027100,0.090200,0.045600,0.083800,0.004700,0.036704,0.011296,0.009536,0.010272,0.001216,1,4,48,4,1
1451,0.302800,0.346400,0.038000,0.125200,0.049600,0.084100,0.005500,0.036704,0.013728,0.009536,0.010496,0.001184,1,4,48,4,1
1452,0.267900,0.358800,0.031300,0.095100,0.047700,0.079800,0.013700,0.037120,0.011264,0.009536,0.010272,0.001216,1,4,48,4,1
1453,0.257200,0.321500,0.027900,0.093100,0.047000,0.083700,0.005000,0.038528,0.011264,0.009312,0.010432,0.001184,1,4,48,4,1
1454,0.254100,0.310700,0.027600,0.091600,0.046700,0.083200,0.004800,0.036480,0.011200,0.009408,0.010272,0.001248,1,4,48,4,1
1455,0.255600,0.307100,0.027600,0.091700,0.047600,0.083600,0.004600,0.036672,0.011200,0.009632,0.010208,0.001216,1,4,48,4,1
1456,0.258800,0.308900,0.027300,0.098000,0.046200,0.082200,0.004700,0.036512,0.011168,0.009472,0.010240,0.001216,1,4,48,4,1
1457,0.252800,0.311700,0.028000,0.090300,0.046000,0.084600,0.003600,0.036480,0.011232,0.009472,0.010240,0.001248,1,4,48,4,1
1458,0.252900,0.305600,0.027500,0.090700,0.046500,0.083000,0.004900,0.036544,0.012288,0.009472,0.010368,0.001184,1,4,48,4,1
1459,0.250300,0.305700,0.027300,0.089900,0.045800,0.082100,0.004700,0.036800,0.011296,0.009600,0.010176,0.001280,1,4,48,4,1
1460,0.267600,0.302800,0.027200,0.103000,0.046000,0.075900,0.015200,0.037824,0.010880,0.009472,0.010304,0.001248,1,4,48,4,1
1461,0.254900,0.320800,0.027400,0.090300,0.045800,0.084700,0.006200,0.038432,0.011200,0.009248,0.010464,0.001216,1,4,48,4,1
1462,0.250900,0.307400,0.027600,0.090500,0.046300,0.081400,0.004800,0.036544,0.011232,0.009472,0.010208,0.001248,1,4,48,4,1
1463,0.251100,0.304100,0.027600,0.090200,0.046200,0.082000,0.004600,0.036448,0.011264,0.009280,0.010272,0.001216,1,4,48,4,1
1464,0.251900,0.303800,0.027500,0.090400,0.045900,0.082900,0.004800,0.036512,0.011232,0.009376,0.010304,0.001248,1,4,48,4,1
1465,0.253100,0.304400,0.027600,0.090100,0.045700,0.084900,0.004300,0.036544,0.012256,0.009344,0.010464,0.001248,1,4,48,4,1
1466,0.251900,0.306000,0.027300,0.090400,0.045700,0.084300,0.003600,0.038624,0.013760,0.009472,0.010240,0.001184,1,4,48,4,1
1467,0.250500,0.304500,0.027300,0.089700,0.045800,0.083100,0.003700,0.036448,0.011200,0.009312,0.010304,0.001248,1,4,48,4,1
1468,0.252800,0.303400,0.027200,0.090300,0.046000,0.085000,0.003900,0.038496,0.013728,0.009440,0.010240,0.001184,1,4,48,4,1
1469,0.255800,0.305100,0.027200,0.096800,0.050000,0.076200,0.005100,0.036544,0.011264,0.009376,0.010304,0.001248,1,4,48,4,1
1470,0.253400,0.309000,0.026900,0.090300,0.046500,0.076200,0.013000,0.036544,0.011200,0.009504,0.010208,0.001184,1,4,48,4,1
1471,0.250300,0.306100,0.027700,0.089400,0.045700,0.075800,0.011200,0.036704,0.011264,0.009568,0.010208,0.001216,1,4,48,4,1
1472,0.250800,0.303100,0.027400,0.089400,0.045900,0.075900,0.012000,0.038816,0.011360,0.009440,0.010432,0.001248,1,4,48,4,1
1473,0.251200,0.303600,0.027100,0.089900,0.045500,0.084400,0.003900,0.036576,0.011232,0.009472,0.010240,0.001248,1,4,48,4,1
1474,0.252100,0.303800,0.028800,0.090100,0.045800,0.076200,0.010900,0.036704,0.013760,0.009568,0.010400,0.001216,1,4,48,4,1
1475,0.261800,0.304800,0.027200,0.101700,0.045800,0.082300,0.004400,0.036480,0.011232,0.009344,0.010304,0.001216,1,4,48,4,1
1476,0.249900,0.314100,0.027300,0.090000,0.045800,0.082000,0.004400,0.036576,0.011232,0.009440,0.010240,0.001216,1,4,48,4,1
1477,0.251100,0.302500,0.027400,0.089700,0.045200,0.076200,0.012100,0.036896,0.011168,0.009248,0.010304,0.001184,1,4,48,4,1
1478,0.251300,0.303900,0.027300,0.090100,0.045400,0.076000,0.012200,0.038688,0.011232,0.009440,0.010464,0.001216,1,4,48,4,1
1479,0.248800,0.304100,0.027200,0.089700,0.045300,0.081500,0.004600,0.036480,0.011200,0.009376,0.010272,0.001216,1,4,48,4,1
1480,0.259400,0.301200,0.027200,0.089900,0.045600,0.092300,0.003900,0.036800,0.013696,0.009696,0.010400,0.001216,1,4,48,4,1
1481,0.262300,0.312900,0.028300,0.093700,0.047200,0.078800,0.013900,0.036928,0.011232,0.009152,0.010336,0.001248,1,4,48,4,1
1482,0.256600,0.315100,0.027600,0.091500,0.046500,0.085900,0.004600,0.036640,0.011232,0.009472,0.010304,0.001248,1,4,48,4,1
1483,0.254100,0.309600,0.027600,0.090800,0.046200,0.085300,0.003900,0.036736,0.011232,0.009600,0.010240,0.001184,1,4,48,4,1
1484,0.253300,0.306600,0.027400,0.090700,0.046300,0.084600,0.004000,0.036448,0.011232,0.009344,0.010240,0.001184,1,4,48,4,1
1485,0.255000,0.306600,0.027400,0.090700,0.046700,0.085900,0.003900,0.036480,0.011232,0.009440,0.010240,0.001216,1,4,48,4,1
1486,0.256500,0.307400,0.027100,0.096400,0.045400,0.076800,0.010500,0.036416,0.011200,0.009312,0.010272,0.001216,1,4,48,4,1
1487,0.253000,0.309400,0.027300,0.090600,0.046000,0.076900,0.011600,0.038720,0.011200,0.009440,0.010432,0.001280,1,4,48,4,1
1488,0.251600,0.306000,0.027100,0.090200,0.045700,0.076500,0.011800,0.036960,0.011264,0.009760,0.010368,0.001280,1,4,48,4,1
1489,0.252500,0.304300,0.027300,0.090100,0.045300,0.085100,0.004100,0.036480,0.012288,0.009376,0.010368,0.001216,1,4,48,4,1
1490,0.264400,0.305000,0.027100,0.089800,0.045500,0.091300,0.010300,0.036768,0.011200,0.009664,0.010272,0.001184,1,4,48,4,1
1491,0.252700,0.317000,0.027400,0.090200,0.046300,0.076700,0.011900,0.038656,0.011264,0.009472,0.010432,0.001184,1,4,48,4,1
1492,0.250000,0.305600,0.027400,0.089800,0.046000,0.081900,0.004400,0.036672,0.011232,0.009568,0.010272,0.001248,1,4,48,4,1
1493,0.250200,0.307800,0.027300,0.090000,0.045300,0.076800,0.010500,0.037280,0.011168,0.009536,0.010208,0.001216,1,4,48,4,1
1494,0.254700,0.303000,0.027100,0.093100,0.045800,0.076700,0.011700,0.038816,0.011136,0.009632,0.010432,0.001248,1,4,48,4,1
1495,0.252700,0.307400,0.027100,0.089700,0.045600,0.076300,0.013600,0.038592,0.013792,0.009376,0.010336,0.001248,1,4,48,4,1
1496,0.248100,0.305300,0.026900,0.089900,0.045400,0.081000,0.004600,0.036512,0.011168,0.009504,0.010240,0.001216,1,4,48,4,1
1497,0.251300,0.300600,0.027500,0.089800,0.045200,0.084400,0.004100,0.036576,0.011232,0.009440,0.010336,0.001216,1,4,48,4,1
1498,0.267800,0.304100,0.027100,0.089600,0.062500,0.077200,0.010700,0.036384,0.011136,0.009440,0.010240,0.001184,1,4,48,4,1
1499,0.307400,0.320700,0.027200,0.089800,0.051600,0.134900,0.003500,0.036480,0.011232,0.009312,0.010304,0.001216,1,4,48,4,1
1500,0.271300,0.360600,0.027400,0.104600,0.045300,0.089100,0.004300,0.036896,0.013728,0.009728,0.010464,0.001216,1,4,48,4,1
1501,0.245800,0.324200,0.027500,0.090400,0.045700,0.076600,0.005100,0.037088,0.011232,0.009344,0.010240,0.001248,1,4,48,4,1
1502,0.394500,0.354000,0.051200,0.145400,0.071800,0.119700,0.005700,0.036544,0.013696,0.009408,0.010464,0.001216,1,4,48,4,1
1503,0.307600,0.465800,0.034100,0.114900,0.058200,0.095200,0.004600,0.037024,0.011232,0.009280,0.010304,0.001280,1,4,48,4,1
1504,0.312000,0.374000,0.035900,0.119700,0.057600,0.093800,0.004600,0.036512,0.011200,0.009472,0.010240,0.001216,1,4,48,4,1
1505,0.309100,0.378200,0.034500,0.119800,0.056800,0.093000,0.004500,0.036480,0.013760,0.009312,0.010400,0.001216,1,4,48,4,1
1506,0.360700,0.374600,0.033400,0.160600,0.060700,0.097800,0.007400,0.037312,0.011136,0.009696,0.010240,0.001216,1,4,48,4,1
1507,0.307700,0.428800,0.034600,0.115200,0.057300,0.094300,0.005800,0.036544,0.013824,0.009312,0.010368,0.001248,1,4,48,4,1
1508,0.301400,0.373300,0.033600,0.112600,0.056700,0.092500,0.005500,0.036704,0.013696,0.009536,0.010464,0.001248,1,4,48,4,1
1509,0.300100,0.367200,0.033900,0.110500,0.056500,0.093100,0.005500,0.036448,0.011264,0.009504,0.010208,0.001184,1,4,48,4,1
1510,0.307600,0.365400,0.033500,0.110400,0.055900,0.100100,0.007300,0.036608,0.011264,0.009440,0.010304,0.001216,1,4,48,4,1
1511,0.252400,0.360700,0.027300,0.090700,0.046200,0.076900,0.011000,0.036672,0.013792,0.009376,0.010464,0.001248,1,4,48,4,1
1512,0.254800,0.305200,0.027400,0.090500,0.046300,0.085000,0.005200,0.036480,0.011200,0.009408,0.010240,0.001216,1,4,48,4,1
1513,0.250300,0.307800,0.027100,0.089600,0.046200,0.083300,0.003700,0.036416,0.011200,0.009408,0.010176,0.001216,1,4,48,4,1
1514,0.252900,0.302800,0.027300,0.090300,0.046000,0.076800,0.012100,0.038112,0.013728,0.009504,0.010272,0.001184,1,4,48,4,1
1515,0.254200,0.305500,0.027300,0.091100,0.046400,0.084800,0.004100,0.036544,0.012288,0.009344,0.010432,0.001248,1,4,48,4,1
1516,0.251700,0.307200,0.027000,0.090400,0.045900,0.077600,0.010300,0.037152,0.011104,0.009440,0.010272,0.001216,1,4,48,4,1
1517,0.260000,0.304800,0.027400,0.097100,0.046000,0.076300,0.012800,0.037088,0.011264,0.009472,0.010240,0.001184,1,4,48,4,1
1518,0.256200,0.312200,0.027200,0.090200,0.046100,0.076200,0.016000,0.036576,0.012192,0.009280,0.010496,0.001280,1,4,48,4,1
1519,0.274400,0.308900,0.027000,0.104900,0.045800,0.088700,0.007400,0.038464,0.011328,0.009280,0.010368,0.001184,1,4,48,4,1
1520,0.251900,0.327000,0.027200,0.089700,0.045700,0.076300,0.012400,0.037184,0.011232,0.009440,0.010208,0.001216,1,4,48,4,1
1521,0.252500,0.304700,0.027000,0.090300,0.046200,0.076600,0.011900,0.038592,0.011232,0.009408,0.010400,0.001216,1,4,48,4,1
1522,0.256500,0.305500,0.027200,0.090400,0.046200,0.086800,0.005500,0.036480,0.011296,0.009472,0.010272,0.001216,1,4,48,4,1
1523,0.257000,0.309400,0.027300,0.090000,0.046000,0.089000,0.004000,0.038368,0.013760,0.009696,0.010208,0.001248,1,4,48,4,1
1524,0.251000,0.309700,0.027100,0.090100,0.045800,0.077100,0.010500,0.036480,0.011200,0.009504,0.010240,0.001184,1,4,48,4,1
1525,0.252600,0.304300,0.027200,0.089600,0.045400,0.076000,0.014000,0.038400,0.013600,0.009376,0.010304,0.001184,1,4,48,4,1
1526,0.249200,0.304800,0.027200,0.089700,0.045400,0.075900,0.010500,0.036576,0.011232,0.009472,0.010240,0.001216,1,4,48,4,1
1527,0.253000,0.302100,0.027300,0.089900,0.046600,0.084700,0.004100,0.036416,0.011168,0.009344,0.010240,0.001216,1,4,48,4,1
1528,0.250200,0.305800,0.027100,0.090500,0.046000,0.081700,0.004500,0.036640,0.011840,0.009568,0.010432,0.001216,1,4,48,4,1
1529,0.252300,0.303200,0.027200,0.090300,0.045700,0.084700,0.003800,0.036352,0.011200,0.009248,0.010304,0.001184,1,4,48,4,1
1530,0.254900,0.305200,0.027200,0.096800,0.045300,0.079900,0.005200,0.036320,0.013664,0.009248,0.010400,0.001216,1,4,48,4,1
1531,0.253800,0.307700,0.027200,0.090000,0.046300,0.076000,0.013800,0.037216,0.011136,0.009472,0.010272,0.001216,1,4,48,4,1
1532,0.252100,0.306500,0.027300,0.089700,0.045600,0.075700,0.013300,0.036672,0.011200,0.009536,0.010272,0.001248,1,4,48,4,1
1533,0.250400,0.304700,0.027100,0.090200,0.045700,0.076200,0.010800,0.036512,0.011200,0.009536,0.010272,0.001184,1,4,48,4,1
1534,0.251600,0.303000,0.026900,0.090300,0.045900,0.076500,0.011600,0.038688,0.011168,0.009472,0.010496,0.001184,1,4,48,4,1
1535,0.251700,0.304400,0.027700,0.089800,0.045500,0.076200,0.012100,0.038912,0.011328,0.009600,0.010432,0.001216,1,4,48,4,1
1536,0.244100,0.304300,0.027100,0.089200,0.045800,0.076300,0.005100,0.037408,0.011200,0.009504,0.010240,0.001216,1,4,48,4,1
1537,0.262300,0.302000,0.028000,0.094900,0.045700,0.087300,0.006000,0.038656,0.011200,0.009504,0.010400,0.001248,1,4,48,4,1
1538,0.252400,0.315100,0.027000,0.089900,0.045400,0.075700,0.014100,0.037056,0.011232,0.009440,0.010272,0.001184,1,4,48,4,1
1539,0.252400,0.305000,0.027300,0.089800,0.045200,0.076200,0.013400,0.036288,0.013664,0.009376,0.010432,0.001216,1,4,48,4,1
1540,0.249600,0.305200,0.027300,0.089900,0.045400,0.075600,0.011000,0.036512,0.011264,0.009376,0.010240,0.001280,1,4,48,4,1
1541,0.251500,0.302200,0.027000,0.090100,0.045600,0.084700,0.003500,0.036608,0.011264,0.009440,0.010272,0.001248,1,4,48,4,1
1542,0.253400,0.304300,0.027200,0.090000,0.045300,0.076400,0.013900,0.038624,0.011264,0.009408,0.010400,0.001216,1,4,48,4,1
1543,0.255500,0.305900,0.027400,0.089600,0.050300,0.076500,0.011100,0.036320,0.011200,0.009280,0.010240,0.001216,1,4,48,4,1
1544,0.250900,0.308100,0.026900,0.089900,0.045400,0.076500,0.011600,0.038848,0.013728,0.009632,0.010208,0.001280,1,4,48,4,1
1545,0.256800,0.303400,0.027100,0.089800,0.045600,0.086000,0.007900,0.036448,0.011200,0.009376,0.010240,0.001184,1,4,48,4,1
1546,0.256300,0.314800,0.027300,0.091200,0.046200,0.077100,0.014000,0.036512,0.011232,0.009440,0.010240,0.001184,1,4,48,4,1
1547,0.252400,0.309200,0.027400,0.090400,0.045800,0.075900,0.012400,0.038592,0.011232,0.009440,0.010400,0.001248,1,4,48,4,1
1548,0.249100,0.304800,0.026900,0.090200,0.045400,0.075800,0.010500,0.036672,0.011200,0.009568,0.010272,0.001248,1,4,48,4,1
1549,0.359000,0.301700,0.027400,0.139900,0.086300,0.088800,0.016100,0.036576,0.013696,0.009472,0.010432,0.001184,1,4,48,4,1
1550,0.260000,0.412000,0.027500,0.093800,0.046700,0.087200,0.004300,0.036352,0.011200,0.009280,0.010272,0.001184,1,4,48,4,1
1551,0.253900,0.313200,0.027100,0.091500,0.046300,0.077600,0.011200,0.038464,0.011264,0.009280,0.010432,0.001216,1,4,48,4,1
1552,0.252600,0.306600,0.027300,0.091000,0.046000,0.082200,0.005700,0.036576,0.011264,0.009440,0.010304,0.001216,1,4,48,4,1
1553,0.252400,0.305200,0.027100,0.090500,0.045300,0.085000,0.004000,0.036544,0.011264,0.009376,0.010240,0.001248,1,4,48,4,1
1554,0.259400,0.305200,0.026900,0.090800,0.053000,0.077600,0.010700,0.038848,0.011264,0.009600,0.010400,0.001248,1,4,48,4,1
1555,0.250400,0.312000,0.027100,0.090400,0.045600,0.082400,0.004400,0.036448,0.013760,0.009344,0.010400,0.001216,1,4,48,4,1
1556,0.254800,0.303000,0.027200,0.091000,0.046100,0.075900,0.014200,0.037824,0.011136,0.009536,0.010208,0.001216,1,4,48,4,1
1557,0.252600,0.307900,0.027200,0.090800,0.046100,0.077000,0.011000,0.036320,0.011200,0.009248,0.010176,0.001280,1,4,48,4,1
1558,0.265600,0.305400,0.027100,0.090700,0.058400,0.076700,0.012000,0.038496,0.011264,0.009344,0.010400,0.001184,1,4,48,4,1
1559,0.251000,0.318000,0.027100,0.090000,0.045900,0.083800,0.003800,0.036544,0.011296,0.009312,0.010272,0.001248,1,4,48,4,1
1560,0.249100,0.303200,0.027000,0.089500,0.045600,0.082200,0.004300,0.036704,0.012320,0.009504,0.010464,0.001216,1,4,48,4,1
1561,0.251400,0.306600,0.027800,0.090200,0.045800,0.076900,0.010200,0.036480,0.012256,0.009344,0.010400,0.001216,1,4,48,4,1
1562,0.250200,0.304200,0.027300,0.090100,0.045700,0.075900,0.010800,0.036704,0.011264,0.009568,0.010240,0.001248,1,4,48,4,1
1563,0.252700,0.303100,0.027100,0.089900,0.045200,0.075600,0.014500,0.036576,0.013696,0.009504,0.010432,0.001184,1,4,48,4,1
1564,0.251500,0.305200,0.027100,0.089900,0.045600,0.076300,0.012200,0.036704,0.012288,0.009568,0.010368,0.001280,1,4,48,4,1
1565,0.249100,0.304200,0.027000,0.089500,0.045400,0.082400,0.004400,0.036832,0.012256,0.009792,0.010400,0.001184,1,4,48,4,1
1566,0.250600,0.301400,0.027400,0.089400,0.045300,0.076100,0.012100,0.036384,0.011168,0.009344,0.010336,0.001248,1,4,48,4,1
1567,0.254800,0.303100,0.027400,0.089900,0.046000,0.085400,0.005800,0.036512,0.011168,0.009376,0.010304,0.001248,1,4,48,4,1
1568,0.258100,0.307200,0.027300,0.098700,0.045200,0.081800,0.004300,0.036576,0.011264,0.009504,0.010240,0.001248,1,4,48,4,1
1569,0.249500,0.310600,0.027300,0.089900,0.045000,0.076300,0.010600,0.036512,0.012256,0.009376,0.010400,0.001216,1,4,48,4,1
1570,0.250900,0.302700,0.027100,0.090200,0.045400,0.076500,0.011000,0.036352,0.011168,0.009344,0.010272,0.001216,1,4,48,4,1
1571,0.256000,0.304200,0.027100,0.090300,0.045600,0.085400,0.007100,0.036512,0.011200,0.009344,0.010336,0.001280,1,4,48,4,1
1572,0.249400,0.308600,0.027200,0.089600,0.045600,0.082100,0.004600,0.036640,0.011264,0.009472,0.010272,0.001248,1,4,48,4,1
1573,0.253100,0.302100,0.027200,0.089700,0.045100,0.085000,0.005700,0.036672,0.011232,0.009632,0.010208,0.001216,1,4,48,4,1
1574,0.257500,0.305900,0.027200,0.096200,0.045500,0.076100,0.012100,0.038112,0.013696,0.009344,0.010208,0.001216,1,4,48,4,1
1575,0.250100,0.309900,0.027200,0.090100,0.045600,0.076200,0.010500,0.036544,0.012256,0.009472,0.010400,0.001216,1,4,48,4,1
1576,0.244000,0.302800,0.027200,0.089700,0.045600,0.075900,0.005200,0.037504,0.010848,0.009472,0.010240,0.001216,1,4,48,4,1
1577,0.251100,0.296500,0.027200,0.089900,0.045300,0.081600,0.006800,0.036352,0.011232,0.009216,0.010304,0.001216,1,4,48,4,1
1578,0.249700,0.303900,0.027100,0.089900,0.045300,0.075800,0.011100,0.036736,0.011200,0.009600,0.010336,0.001216,1,4,48,4,1
1579,0.251800,0.302300,0.027000,0.089700,0.045700,0.084900,0.003900,0.036352,0.011872,0.009216,0.010400,0.001216,1,4,48,4,1
1580,0.253300,0.304200,0.027000,0.089600,0.045500,0.085100,0.005800,0.036576,0.011200,0.009472,0.010304,0.001184,1,4,48,4,1
1581,0.255400,0.305800,0.027000,0.089600,0.046500,0.085100,0.006900,0.036320,0.011264,0.009184,0.010240,0.001216,1,4,48,4,1
1582,0.250900,0.307900,0.027600,0.090000,0.045600,0.076000,0.011400,0.037056,0.012320,0.009920,0.010400,0.001216,1,4,48,4,1
1583,0.249500,0.303500,0.027200,0.089600,0.045300,0.076200,0.010800,0.036448,0.011200,0.009344,0.010272,0.001248,1,4,48,4,1
1584,0.250500,0.302000,0.026900,0.089600,0.045800,0.075900,0.012100,0.038464,0.011264,0.009536,0.010432,0.001216,1,4,48,4,1
1585,0.250200,0.302800,0.027200,0.089500,0.045300,0.076000,0.011900,0.036512,0.011232,0.009344,0.010304,0.001216,1,4,48,4,1
1586,0.250600,0.302400,0.027300,0.089600,0.045800,0.083300,0.004000,0.036928,0.011232,0.009760,0.010240,0.001248,1,4,48,4,1
1587,0.256900,0.303000,0.027600,0.096300,0.045400,0.076400,0.010800,0.036512,0.011232,0.009440,0.010240,0.001216,1,4,48,4,1
1588,0.250200,0.309400,0.027200,0.090100,0.045600,0.075700,0.011100,0.036672,0.012288,0.009600,0.010400,0.001216,1,4,48,4,1
1589,0.248800,0.302500,0.027300,0.089600,0.045200,0.081700,0.004500,0.036480,0.011264,0.009376,0.010240,0.001248,1,4,48,4,1
1590,0.250800,0.301300,0.027100,0.089800,0.045600,0.076600,0.011300,0.038752,0.011264,0.009440,0.010528,0.001184,1,4,48,4,1
1591,0.249100,0.303500,0.027100,0.089500,0.045700,0.076300,0.010100,0.036640,0.012288,0.009472,0.010464,0.001216,1,4,48,4,1
1592,0.248600,0.301800,0.027300,0.089400,0.045400,0.075600,0.010400,0.036640,0.011264,0.009536,0.010240,0.001248,1,4,48,4,1
1593,0.257300,0.301300,0.027200,0.096700,0.045200,0.075500,0.012300,0.036416,0.012288,0.009280,0.010368,0.001216,1,4,48,4,1
1594,0.251600,0.314600,0.027300,0.090100,0.046000,0.083800,0.004100,0.036416,0.011232,0.009312,0.010240,0.001216,1,4,48,4,1
1595,0.243400,0.304100,0.027200,0.089600,0.045500,0.075600,0.005100,0.038528,0.011168,0.009344,0.010432,0.001216,1,4,48,4,1
1596,0.247700,0.296200,0.027000,0.094900,0.045800,0.074500,0.005100,0.036800,0.011232,0.009472,0.010240,0.001216,1,4,48,4,1
1597,0.246200,0.300600,0.027400,0.089500,0.049700,0.074100,0.005200,0.036928,0.011232,0.009344,0.010272,0.001248,1,4,48,4,1
1598,0.243400,0.299400,0.026800,0.090000,0.045300,0.075900,0.005100,0.036672,0.011232,0.009536,0.010240,0.001216,1,4,48,4,1
1599,0.322600,0.340700,0.040200,0.132200,0.049400,0.084000,0.016300,0.037056,0.011104,0.009248,0.010304,0.001216,1,4,48,4,1
1600,0.268100,0.376900,0.027500,0.097600,0.046000,0.082700,0.013900,0.036576,0.013760,0.009408,0.010432,0.001216,1,4,48,4,1
1601,0.254100,0.320600,0.027200,0.090200,0.046800,0.077600,0.011700,0.036288,0.013728,0.009184,0.010464,0.001248,1,4,48,4,1
1602,0.250400,0.306600,0.027600,0.094100,0.046000,0.077300,0.005000,0.038752,0.013728,0.009632,0.010336,0.001184,1,4,48,4,1
1603,0.262300,0.303400,0.027200,0.098600,0.045700,0.076000,0.014400,0.038624,0.011232,0.009568,0.010464,0.001216,1,4,48,4,1
1604,0.250800,0.314700,0.026900,0.090300,0.045600,0.084000,0.003500,0.036896,0.011232,0.009728,0.010368,0.001216,1,4,48,4,1
1605,0.262200,0.303300,0.026900,0.100900,0.045500,0.077600,0.010900,0.038272,0.013728,0.009280,0.010208,0.001216,1,4,48,4,1
1606,0.255400,0.314700,0.026900,0.090500,0.045900,0.085900,0.005900,0.036416,0.011200,0.009344,0.010272,0.001216,1,4,48,4,1
1607,0.249300,0.307900,0.027200,0.089700,0.045500,0.081900,0.004500,0.036640,0.011264,0.009440,0.010304,0.001216,1,4,48,4,1
1608,0.251200,0.301800,0.027200,0.089500,0.045700,0.076800,0.011600,0.038624,0.013792,0.009440,0.010240,0.001216,1,4,48,4,1
1609,0.250400,0.303900,0.027000,0.089500,0.045200,0.075800,0.012300,0.038528,0.011264,0.009216,0.010464,0.001248,1,4,48,4,1
1610,0.249200,0.302600,0.027100,0.089600,0.045400,0.076200,0.010400,0.036640,0.011232,0.009440,0.010240,0.001280,1,4,48,4,1
1611,0.250400,0.301600,0.027100,0.089500,0.045600,0.084100,0.003700,0.036288,0.011136,0.009376,0.010208,0.001152,1,4,48,4,1
1612,0.250600,0.302700,0.027400,0.089500,0.045400,0.075700,0.012200,0.038432,0.013728,0.009504,0.010208,0.001216,1,4,48,4,1
1613,0.255300,0.303100,0.027500,0.096000,0.044800,0.075800,0.010500,0.036704,0.011232,0.009536,0.010272,0.001280,1,4,48,4,1
1614,0.248600,0.307600,0.027100,0.089500,0.045600,0.081600,0.004500,0.036608,0.011136,0.009600,0.010304,0.001184,1,4,48,4,1
1615,0.243600,0.301100,0.027100,0.089300,0.045100,0.076000,0.005700,0.038112,0.011168,0.009376,0.010368,0.001216,1,4,48,4,1
1616,0.257300,0.296400,0.027000,0.093700,0.046000,0.075700,0.014400,0.037344,0.011232,0.009440,0.010272,0.001184,1,4,48,4,1
1617,0.253100,0.310100,0.027100,0.089800,0.045600,0.076300,0.013800,0.036704,0.013760,0.009408,0.010464,0.001280,1,4,48,4,1
1618,0.250300,0.305800,0.027000,0.090400,0.045800,0.083100,0.003600,0.036704,0.011232,0.009504,0.010304,0.001248,1,4,48,4,1
1619,0.249300,0.302700,0.027300,0.089100,0.045300,0.076100,0.011000,0.036320,0.011200,0.009312,0.010240,0.001216,1,4,48,4,1
1620,0.251400,0.306700,0.027400,0.089700,0.046400,0.076300,0.011200,0.036608,0.011200,0.009632,0.010240,0.001216,1,4,48,4,1
1621,0.250100,0.303500,0.027100,0.089400,0.045400,0.083600,0.004300,0.036480,0.011264,0.009280,0.010304,0.001248,1,4,48,4,1
1622,0.250000,0.302600,0.027400,0.089700,0.045600,0.075400,0.011400,0.036832,0.012256,0.009696,0.010400,0.001248,1,4,48,4,1
1623,0.251600,0.302500,0.026900,0.089400,0.045400,0.075500,0.013900,0.038048,0.013792,0.009376,0.010272,0.001216,1,4,48,4,1
1624,0.253600,0.304200,0.026900,0.089500,0.045800,0.075700,0.015200,0.038688,0.011200,0.009536,0.010400,0.001216,1,4,48,4,1
1625,0.252100,0.306100,0.027200,0.089900,0.046300,0.075900,0.012400,0.038784,0.011264,0.009632,0.010336,0.001248,1,4,48,4,1
1626,0.255100,0.304600,0.027100,0.090000,0.050400,0.076100,0.010900,0.036640,0.011200,0.009568,0.010240,0.001248,1,4,48,4,1
1627,0.253200,0.307900,0.027300,0.089900,0.045300,0.075400,0.014800,0.037984,0.013760,0.009344,0.010240,0.001216,1,4,48,4,1
1628,0.252500,0.305800,0.027000,0.089400,0.045400,0.075600,0.014700,0.037088,0.011168,0.009312,0.010304,0.001184,1,4,48,4,1
1629,0.250400,0.304900,0.027100,0.089700,0.045300,0.075400,0.012300,0.036288,0.013856,0.009248,0.010208,0.001184,1,4,48,4,1
1630,0.248800,0.303000,0.026900,0.089800,0.045000,0.075600,0.011200,0.036704,0.011200,0.009664,0.010240,0.001216,1,4,48,4,1
1631,0.248400,0.301500,0.027000,0.089900,0.045200,0.081200,0.004600,0.036512,0.011232,0.009408,0.010272,0.001216,1,4,48,4,1
1632,0.249900,0.301000,0.027200,0.089700,0.045100,0.076000,0.011600,0.036672,0.012288,0.009472,0.010432,0.001248,1,4,48,4,1
1633,0.251500,0.307100,0.027200,0.090200,0.045700,0.076300,0.011600,0.036608,0.013792,0.009376,0.010400,0.001216,1,4,48,4,1
1634,0.250800,0.303900,0.027000,0.089800,0.045700,0.076100,0.011800,0.036352,0.011168,0.009280,0.010240,0.001216,1,4,48,4,1
1635,0.253800,0.303600,0.027400,0.089700,0.046000,0.074900,0.015300,0.037536,0.010848,0.009472,0.010208,0.001216,1,4,48,4,1
1636,0.251700,0.306600,0.027000,0.089400,0.045400,0.076200,0.013300,0.036544,0.011168,0.009504,0.010272,0.001216,1,4,48,4,1
1637,0.252400,0.304800,0.027300,0.089500,0.045200,0.075800,0.014100,0.036544,0.011296,0.009376,0.010272,0.001184,1,4,48,4,1
1638,0.248100,0.304800,0.027100,0.088800,0.045000,0.075900,0.010900,0.036576,0.011136,0.009600,0.010240,0.001216,1,4,48,4,1
1639,0.254100,0.300700,0.027600,0.089700,0.045600,0.085000,0.005800,0.036640,0.011232,0.009568,0.010208,0.001248,1,4,48,4,1
1640,0.252500,0.307400,0.027000,0.089900,0.045100,0.076400,0.013800,0.038304,0.011264,0.009504,0.010272,0.001216,1,4,48,4,1
1641,0.259100,0.305200,0.032900,0.090500,0.045600,0.075800,0.014000,0.038272,0.011296,0.009344,0.010400,0.001216,1,4,48,4,1
1642,0.250800,0.311800,0.027400,0.089900,0.045300,0.076100,0.011700,0.038464,0.011232,0.009280,0.010400,0.001216,1,4,48,4,1
1643,0.250000,0.303600,0.026900,0.090100,0.045900,0.075900,0.010700,0.036512,0.012224,0.009344,0.010432,0.001248,1,4,48,4,1
1644,0.252100,0.302800,0.027200,0.089800,0.045800,0.075300,0.013700,0.038272,0.011200,0.009568,0.010240,0.001248,1,4,48,4,1
1645,0.251000,0.304500,0.027100,0.089400,0.045200,0.075400,0.013300,0.038688,0.011200,0.009504,0.010464,0.001184,1,4,48,4,1
1646,0.255000,0.303600,0.027000,0.095200,0.045200,0.075600,0.011700,0.036576,0.011200,0.009472,0.010272,0.001216,1,4,48,4,1
1647,0.253000,0.307400,0.027300,0.089400,0.045700,0.075400,0.014900,0.036736,0.012320,0.009600,0.010400,0.001216,1,4,48,4,1
1648,0.249200,0.305300,0.026800,0.089600,0.045700,0.076100,0.010600,0.036672,0.011264,0.009536,0.010240,0.001216,1,4,48,4,1
1649,0.249400,0.301600,0.027400,0.089900,0.045800,0.081400,0.004600,0.036576,0.011264,0.009376,0.010336,0.001248,1,4,48,4,1
1650,0.250500,0.302100,0.026900,0.089400,0.045200,0.075700,0.013100,0.038624,0.011168,0.009568,0.010400,0.001216,1,4,48,4,1
1651,0.354800,0.341600,0.047100,0.132700,0.061700,0.106000,0.006800,0.037376,0.011168,0.009568,0.010304,0.001248,1,4,48,4,1
1652,0.282900,0.408500,0.032100,0.101400,0.049600,0.084900,0.014500,0.037120,0.011200,0.009472,0.010304,0.001216,1,4,48,4,1
1653,0.268100,0.335800,0.027300,0.098100,0.047900,0.080300,0.013900,0.036672,0.013760,0.009440,0.010464,0.001216,1,4,48,4,1
1654,0.274000,0.321200,0.027600,0.091200,0.046200,0.105000,0.003800,0.037568,0.010880,0.009408,0.010272,0.001248,1,4,48,4,1
1655,0.255500,0.327000,0.027200,0.091000,0.045600,0.076600,0.014800,0.037216,0.011008,0.009504,0.010240,0.001216,1,4,48,4,1
1656,0.252900,0.308000,0.027100,0.090800,0.046000,0.084800,0.003700,0.038336,0.011168,0.009312,0.010496,0.001216,1,4,48,4,1
1657,0.254300,0.305800,0.027700,0.090300,0.046000,0.085100,0.004700,0.037280,0.011232,0.009312,0.010304,0.001248,1,4,48,4,1
1658,0.256000,0.306800,0.027500,0.091000,0.045600,0.087200,0.004500,0.038752,0.011328,0.009760,0.010400,0.001248,1,4,48,4,1
1659,0.248300,0.309000,0.027300,0.089800,0.045600,0.080600,0.004500,0.036832,0.011264,0.009696,0.010272,0.001216,1,4,48,4,1
1660,0.243900,0.308200,0.027300,0.090100,0.045900,0.075000,0.005100,0.036960,0.011168,0.009440,0.010272,0.001216,1,4,48,4,1
1661,0.249600,0.296300,0.027600,0.089800,0.045900,0.079500,0.006400,0.036672,0.013792,0.009472,0.010432,0.001216,1,4,48,4,1
1662,0.253600,0.302400,0.027100,0.089800,0.045700,0.077200,0.013200,0.037088,0.011104,0.009472,0.010144,0.001248,1,4,48,4,1
1663,0.251500,0.306200,0.027200,0.090000,0.045300,0.076800,0.011800,0.036544,0.013728,0.009440,0.010400,0.001216,1,4,48,4,1
1664,0.250300,0.304000,0.027200,0.089800,0.045800,0.082200,0.004700,0.036448,0.011264,0.009408,0.010176,0.001184,1,4,48,4,1
1665,0.258400,0.303200,0.027500,0.096300,0.045400,0.084800,0.004000,0.036288,0.011136,0.009376,0.010208,0.001216,1,4,48,4,1
1666,0.267200,0.311300,0.027100,0.091100,0.057400,0.080800,0.010200,0.036320,0.013696,0.009312,0.010400,0.001216,1,4,48,4,1
1667,0.252600,0.320100,0.027800,0.090100,0.045400,0.076800,0.011900,0.038528,0.011264,0.009376,0.010368,0.001152,1,4,48,4,1
1668,0.250100,0.305400,0.027100,0.089900,0.045800,0.082500,0.004400,0.036384,0.012192,0.009376,0.010432,0.001184,1,4,48,4,1
1669,0.258600,0.302900,0.027100,0.089600,0.045300,0.076800,0.019500,0.038112,0.011136,0.009280,0.010336,0.001248,1,4,48,4,1
1670,0.251200,0.311000,0.027000,0.089900,0.046000,0.076000,0.012000,0.038432,0.013696,0.009504,0.010176,0.001248,1,4,48,4,1
1671,0.257600,0.303600,0.027300,0.090300,0.046000,0.087400,0.006000,0.037088,0.011264,0.009408,0.010240,0.001184,1,4,48,4,1
1672,0.250500,0.310300,0.027400,0.089800,0.045600,0.076500,0.010600,0.036864,0.013760,0.009728,0.010368,0.001216,1,4,48,4,1
1673,0.250300,0.302900,0.027200,0.090200,0.045900,0.076500,0.010100,0.036480,0.012224,0.009312,0.010464,0.001184,1,4,48,4,1
1674,0.255500,0.303000,0.027000,0.090000,0.046100,0.075500,0.016600,0.036480,0.013664,0.009408,0.010432,0.001184,1,4,48,4,1
1675,0.247200,0.308400,0.030200,0.089800,0.045700,0.075800,0.005100,0.036480,0.013760,0.009376,0.010368,0.001216,1,4,48,4,1
1676,0.249800,0.299600,0.026900,0.090200,0.046300,0.078800,0.007100,0.036608,0.011232,0.009408,0.010240,0.001216,1,4,48,4,1
1677,0.245600,0.302500,0.027200,0.089600,0.045600,0.076600,0.006000,0.036384,0.011168,0.009344,0.010176,0.001312,1,4,48,4,1
1678,0.260900,0.297800,0.027100,0.096100,0.045300,0.076100,0.015900,0.038528,0.011168,0.009504,0.010496,0.001216,1,4,48,4,1
1679,0.251700,0.313500,0.027000,0.089500,0.045300,0.075700,0.013700,0.036640,0.012384,0.009376,0.010496,0.001184,1,4,48,4,1
1680,0.251800,0.304400,0.027000,0.089700,0.045700,0.076600,0.012400,0.036832,0.011264,0.009760,0.010208,0.001216,1,4,48,4,1
1681,0.243800,0.304400,0.027100,0.089800,0.045600,0.075700,0.005200,0.036416,0.011200,0.009344,0.010272,0.001216,1,4,48,4,1
1682,0.254100,0.296100,0.027400,0.092700,0.045600,0.075800,0.011900,0.037088,0.011232,0.009408,0.010272,0.001216,1,4,48,4,1
1683,0.249400,0.306800,0.027000,0.090000,0.045500,0.075900,0.010600,0.036608,0.011232,0.009408,0.010272,0.001280,1,4,48,4,1
1684,0.251200,0.302100,0.027100,0.089500,0.045500,0.076200,0.012500,0.037472,0.011232,0.009568,0.010240,0.001216,1,4,48,4,1
1685,0.250100,0.308400,0.027400,0.089600,0.045800,0.076100,0.010700,0.037088,0.012288,0.009952,0.010368,0.001216,1,4,48,4,1
1686,0.248700,0.302400,0.027000,0.089200,0.045600,0.082000,0.004500,0.036608,0.011904,0.009472,0.010400,0.001216,1,4,48,4,1
1687,0.250200,0.301400,0.027300,0.089800,0.045100,0.075500,0.011900,0.038656,0.011168,0.009376,0.010432,0.001248,1,4,48,4,1
1688,0.248700,0.302800,0.027100,0.089300,0.045300,0.076000,0.010500,0.036544,0.011200,0.009408,0.010304,0.001248,1,4,48,4,1
1689,0.250000,0.301300,0.027200,0.089900,0.045500,0.075500,0.011600,0.038752,0.013760,0.009568,0.010272,0.001248,1,4,48,4,1
1690,0.249800,0.303200,0.027000,0.089800,0.045300,0.076400,0.010900,0.038880,0.011296,0.009632,0.010432,0.001184,1,4,48,4,1
1691,0.261800,0.302500,0.027700,0.097000,0.049600,0.075900,0.011300,0.036448,0.011200,0.009344,0.010272,0.001216,1,4,48,4,1
1692,0.249100,0.314500,0.027200,0.089600,0.045300,0.075800,0.010700,0.036544,0.011200,0.009504,0.010240,0.001216,1,4,48,4,1
1693,0.253100,0.301900,0.027300,0.090000,0.045000,0.075500,0.014700,0.037152,0.011200,0.009312,0.010240,0.001248,1,4,48,4,1
1694,0.252400,0.306100,0.027000,0.089500,0.045600,0.076600,0.013400,0.037120,0.011072,0.009440,0.010272,0.001216,1,4,48,4,1
1695,0.253500,0.305600,0.027000,0.089400,0.045200,0.075600,0.015700,0.036480,0.013792,0.009376,0.010432,0.001248,1,4,48,4,1
1696,0.251500,0.305900,0.027200,0.089400,0.045700,0.075900,0.012900,0.036544,0.011136,0.009536,0.010240,0.001216,1,4,48,4,1
1697,0.249700,0.303900,0.027300,0.090000,0.045400,0.075900,0.010700,0.036448,0.011232,0.009344,0.010240,0.001248,1,4,48,4,1
1698,0.250700,0.307200,0.027200,0.090200,0.045700,0.076100,0.011000,0.038848,0.011200,0.009600,0.010496,0.001248,1,4,48,4,1
1699,0.249600,0.303200,0.027100,0.089500,0.045200,0.075900,0.011500,0.038368,0.011232,0.009376,0.010464,0.001216,1,4,48,4,1
1700,0.253800,0.302200,0.027100,0.089500,0.045400,0.087900,0.003500,0.038720,0.013760,0.009536,0.010208,0.001280,1,4,48,4,1
1701,0.249000,0.306600,0.026900,0.089200,0.045500,0.076200,0.010600,0.036352,0.011168,0.009248,0.010304,0.001184,1,4,48,4,1
1702,0.241400,0.301200,0.027200,0.089200,0.045400,0.074000,0.004900,0.036576,0.011232,0.009472,0.010304,0.001216,1,4,48,4,1
1703,0.304700,0.322900,0.028600,0.132500,0.047400,0.090500,0.005200,0.036928,0.010912,0.009248,0.010240,0.001216,1,4,48,4,1
1704,0.264800,0.357700,0.027700,0.098300,0.046600,0.078100,0.013700,0.037120,0.011072,0.009504,0.010240,0.001184,1,4,48,4,1
1705,0.254000,0.317400,0.027300,0.090500,0.046000,0.085900,0.003700,0.036384,0.011200,0.009248,0.010304,0.001184,1,4,48,4,1
1706,0.253100,0.306600,0.027300,0.090700,0.046000,0.084700,0.004100,0.036608,0.011200,0.009504,0.010272,0.001216,1,4,48,4,1
1707,0.253600,0.305900,0.027500,0.090800,0.046300,0.084500,0.004000,0.036480,0.011168,0.009376,0.010272,0.001248,1,4,48,4,1
1708,0.251600,0.306500,0.027000,0.090300,0.045900,0.077300,0.010800,0.037440,0.011136,0.009696,0.010304,0.001248,1,4,48,4,1
1709,0.253100,0.304200,0.027100,0.090300,0.046400,0.084800,0.004000,0.036448,0.011232,0.009344,0.010208,0.001248,1,4,48,4,1
1710,0.250900,0.305600,0.027100,0.090000,0.045600,0.076800,0.011100,0.036640,0.011232,0.009536,0.010176,0.001248,1,4,48,4,1
1711,0.252200,0.308200,0.027200,0.090800,0.046000,0.081600,0.006200,0.037088,0.011200,0.009184,0.010304,0.001216,1,4,48,4,1
1712,0.251300,0.305300,0.027300,0.090800,0.045900,0.080300,0.006800,0.036928,0.013856,0.009600,0.010496,0.001184,1,4,48,4,1
1713,0.245100,0.304000,0.027100,0.090500,0.045400,0.076500,0.005000,0.037024,0.011200,0.009920,0.010240,0.001216,1,4,48,4,1
1714,0.248400,0.297700,0.027500,0.093400,0.045700,0.076300,0.005200,0.037632,0.011232,0.009568,0.010240,0.001216,1,4,48,4,1
1715,0.253100,0.301000,0.027000,0.090800,0.045400,0.075800,0.013500,0.036512,0.013728,0.009376,0.010464,0.001184,1,4,48,4,1
1716,0.253800,0.305700,0.026900,0.090200,0.046300,0.076200,0.013600,0.038528,0.013696,0.009728,0.010208,0.001184,1,4,48,4,1
1717,0.257400,0.306800,0.027600,0.090000,0.050600,0.076700,0.012000,0.038528,0.011232,0.009408,0.010432,0.001184,1,4,48,4,1
1718,0.255900,0.309900,0.027200,0.089900,0.045900,0.077500,0.015100,0.038688,0.011200,0.009504,0.010432,0.001184,1,4,48,4,1
1719,0.250100,0.308600,0.027000,0.090100,0.045500,0.082100,0.004700,0.036608,0.011264,0.009472,0.010272,0.001216,1,4,48,4,1
1720,0.251200,0.302500,0.026800,0.090400,0.045400,0.084300,0.003900,0.036544,0.011200,0.009472,0.010240,0.001216,1,4,48,4,1
1721,0.251000,0.304100,0.027200,0.090000,0.045500,0.076400,0.011500,0.036672,0.012320,0.009536,0.010400,0.001216,1,4,48,4,1
1722,0.250900,0.303500,0.027100,0.090100,0.045500,0.076200,0.011300,0.038656,0.011296,0.009408,0.010496,0.001184,1,4,48,4,1
1723,0.244300,0.303500,0.027000,0.090100,0.045200,0.076400,0.005200,0.038368,0.011168,0.009248,0.010432,0.001216,1,4,48,4,1
1724,0.353300,0.297000,0.114800,0.101000,0.046100,0.086100,0.005100,0.036704,0.013792,0.009472,0.010432,0.001184,1,4,48,4,1
1725,0.248000,0.405800,0.027300,0.090100,0.045800,0.079400,0.005100,0.037344,0.011104,0.009568,0.010304,0.001248,1,4,48,4,1
1726,0.245700,0.300600,0.027600,0.090500,0.045800,0.076400,0.005100,0.036608,0.013760,0.009440,0.010432,0.001216,1,4,48,4,1
1727,0.252200,0.298300,0.027100,0.089900,0.045900,0.075800,0.013200,0.036992,0.011264,0.009408,0.010176,0.001248,1,4,48,4,1
1728,0.250500,0.304700,0.027100,0.089400,0.045600,0.076900,0.011200,0.036544,0.011168,0.009536,0.010176,0.001248,1,4,48,4,1
1729,0.249900,0.303200,0.027000,0.089800,0.045200,0.076100,0.011400,0.038560,0.013728,0.009440,0.010272,0.001184,1,4,48,4,1
1730,0.256000,0.302700,0.027200,0.096700,0.045800,0.081300,0.004600,0.036736,0.011232,0.009568,0.010240,0.001280,1,4,48,4,1
1731,0.251600,0.308900,0.026900,0.089900,0.045300,0.076000,0.013000,0.036512,0.011264,0.009376,0.010304,0.001216,1,4,48,4,1
1732,0.251000,0.304100,0.027000,0.089700,0.046000,0.075900,0.011900,0.038592,0.013664,0.009440,0.010400,0.001184,1,4,48,4,1
1733,0.252900,0.303500,0.027100,0.089900,0.045500,0.075500,0.014400,0.036544,0.011232,0.009376,0.010272,0.001248,1,4,48,4,1
1734,0.254400,0.305500,0.028300,0.089700,0.045700,0.076100,0.014300,0.036608,0.013728,0.009440,0.010400,0.001216,1,4,48,4,1
1735,0.251600,0.306900,0.027000,0.089400,0.045200,0.076200,0.013300,0.038592,0.013760,0.009536,0.010272,0.001216,1,4,48,4,1
1736,0.250700,0.304400,0.027100,0.089800,0.045300,0.075500,0.012700,0.036480,0.011200,0.009376,0.010272,0.001216,1,4,48,4,1
1737,0.251800,0.308100,0.027500,0.090600,0.045300,0.084200,0.003800,0.036384,0.011232,0.009344,0.010272,0.001184,1,4,48,4,1
1738,0.267700,0.304600,0.027100,0.107900,0.045600,0.082300,0.004500,0.036736,0.012256,0.009600,0.010400,0.001216,1,4,48,4,1
1739,0.251500,0.320200,0.027400,0.090300,0.045400,0.076400,0.011600,0.038368,0.013728,0.009280,0.010336,0.001216,1,4,48,4,1
1740,0.250100,0.303800,0.026800,0.089500,0.045600,0.083800,0.003900,0.036320,0.011232,0.009312,0.010208,0.001184,1,4,48,4,1
1741,0.249900,0.302500,0.027200,0.089700,0.045500,0.076500,0.010600,0.036448,0.011200,0.009440,0.010208,0.001216,1,4,48,4,1
1742,0.252800,0.302700,0.027300,0.089900,0.045300,0.084900,0.005200,0.038560,0.013728,0.009440,0.010240,0.001248,1,4,48,4,1
1743,0.256400,0.305400,0.027700,0.089500,0.049800,0.084800,0.004100,0.036480,0.011232,0.009376,0.010272,0.001248,1,4,48,4,1
1744,0.249100,0.309400,0.027000,0.089700,0.045300,0.075600,0.011000,0.036960,0.011168,0.009824,0.010304,0.001248,1,4,48,4,1
1745,0.251600,0.302100,0.027400,0.090400,0.045300,0.084500,0.003600,0.036864,0.011264,0.009696,0.010304,0.001184,1,4,48,4,1
1746,0.250800,0.304200,0.026800,0.089500,0.045700,0.084200,0.004200,0.036576,0.011168,0.009536,0.010272,0.001184,1,4,48,4,1
1747,0.251300,0.303600,0.027300,0.089900,0.045400,0.084300,0.004000,0.036480,0.011232,0.009344,0.010304,0.001216,1,4,48,4,1
1748,0.248900,0.303900,0.026800,0.090400,0.045700,0.081300,0.004400,0.036544,0.011264,0.009376,0.010304,0.001248,1,4,48,4,1
1749,0.252400,0.301700,0.026800,0.089400,0.045100,0.075800,0.014800,0.038624,0.011264,0.009376,0.010432,0.001184,1,4,48,4,1
1750,0.249500,0.309600,0.027600,0.090600,0.045300,0.075400,0.010300,0.036736,0.012256,0.009568,0.010432,0.001248,1,4,48,4,1
1751,0.253500,0.302400,0.026900,0.089800,0.045400,0.085600,0.005300,0.036416,0.012352,0.009280,0.010368,0.001184,1,4,48,4,1
1752,0.252300,0.306100,0.027500,0.089600,0.045400,0.075600,0.013900,0.038304,0.011232,0.009632,0.010176,0.001184,1,4,48,4,1
1753,0.254900,0.304700,0.027400,0.089800,0.045300,0.075000,0.016900,0.037216,0.011168,0.009376,0.010272,0.001184,1,4,48,4,1
1754,0.254200,0.307200,0.027100,0.090100,0.045800,0.075800,0.014800,0.036640,0.011200,0.009504,0.010272,0.001248,1,4,48,4,1
1755,0.251500,0.307100,0.027300,0.089700,0.045400,0.075800,0.013000,0.036544,0.013696,0.009376,0.010464,0.001248,1,4,48,4,1
1756,0.392300,0.304200,0.027100,0.101700,0.102100,0.154200,0.006400,0.036704,0.013792,0.009504,0.010464,0.001216,1,4,48,4,1
1757,0.448800,0.475300,0.041300,0.252300,0.056800,0.093500,0.004300,0.036640,0.012224,0.009504,0.010368,0.001216,1,4,48,4,1
1758,0.335700,0.507000,0.027500,0.095900,0.047000,0.159700,0.005300,0.036896,0.013760,0.009600,0.010528,0.001248,1,4,48,4,1
1759,0.254700,0.389000,0.027100,0.091400,0.046600,0.085100,0.004000,0.036512,0.011200,0.009408,0.010240,0.001248,1,4,48,4,1
1760,0.252600,0.307600,0.026900,0.090300,0.046500,0.077100,0.011500,0.038624,0.011264,0.009472,0.010432,0.001184,1,4,48,4,1
1761,0.249200,0.305100,0.026900,0.089900,0.046100,0.081500,0.004400,0.036640,0.011232,0.009408,0.010336,0.001312,1,4,48,4,1
1762,0.252100,0.301500,0.027000,0.090500,0.045700,0.076000,0.012500,0.038592,0.013760,0.009536,0.010304,0.001216,1,4,48,4,1
1763,0.252200,0.304700,0.026800,0.090100,0.046300,0.084500,0.004200,0.036480,0.011232,0.009408,0.010272,0.001184,1,4,48,4,1
1764,0.252600,0.304500,0.027100,0.089600,0.046500,0.076900,0.012000,0.038816,0.011264,0.009600,0.010368,0.001216,1,4,48,4,1
1765,0.256200,0.305600,0.031900,0.090600,0.045500,0.076700,0.010900,0.036544,0.012224,0.009376,0.010496,0.001248,1,4,48,4,1
1766,0.251200,0.308800,0.026900,0.090100,0.045900,0.083900,0.003900,0.036608,0.011264,0.009312,0.010336,0.001312,1,4,48,4,1
1767,0.252600,0.303900,0.026900,0.089700,0.045700,0.076900,0.013100,0.038560,0.013760,0.009408,0.010304,0.001248,1,4,48,4,1
1768,0.250800,0.305100,0.026600,0.090200,0.045600,0.076200,0.011800,0.038560,0.011168,0.009408,0.010432,0.001248,1,4,48,4,1
1769,0.252900,0.304200,0.027700,0.089600,0.045800,0.076500,0.013000,0.036480,0.011200,0.009376,0.010272,0.001216,1,4,48,4,1
1770,0.247800,0.305400,0.026900,0.089600,0.045200,0.081400,0.004400,0.036576,0.011264,0.009376,0.010304,0.001216,1,4,48,4,1
1771,0.261600,0.300200,0.026900,0.089600,0.046100,0.083400,0.015100,0.036576,0.011232,0.009504,0.010272,0.001216,1,4,48,4,1
1772,0.256000,0.314600,0.028800,0.100000,0.045600,0.076000,0.005200,0.037184,0.011264,0.009600,0.010304,0.001184,1,4,48,4,1
1773,0.252600,0.308800,0.026800,0.089500,0.045500,0.075400,0.015000,0.037120,0.011264,0.009312,0.010304,0.001248,1,4,48,4,1
1774,0.251600,0.305100,0.027000,0.089900,0.045300,0.075500,0.013600,0.038784,0.011200,0.009568,0.010432,0.001184,1,4,48,4,1
1775,0.251200,0.304400,0.026800,0.089500,0.045500,0.084500,0.004500,0.036672,0.011264,0.009472,0.010304,0.001248,1,4,48,4,1
1776,0.250000,0.304000,0.026900,0.089500,0.045500,0.075800,0.011900,0.036608,0.011232,0.009536,0.010208,0.001216,1,4,48,4,1
1777,0.249400,0.302600,0.027000,0.089800,0.045300,0.075800,0.011200,0.038432,0.013728,0.009408,0.010208,0.001216,1,4,48,4,1
1778,0.256800,0.301900,0.026800,0.096200,0.045500,0.083700,0.004100,0.036704,0.011264,0.009696,0.010240,0.001248,1,4,48,4,1
1779,0.251500,0.309300,0.027100,0.090000,0.045800,0.076600,0.011500,0.038624,0.011360,0.009280,0.010464,0.001248,1,4,48,4,1
1780,0.248700,0.304000,0.026800,0.089200,0.045400,0.076200,0.010700,0.036576,0.011232,0.009504,0.010208,0.001184,1,4,48,4,1
1781,0.249800,0.301200,0.026800,0.089400,0.045400,0.083500,0.004200,0.036576,0.011232,0.009472,0.010272,0.001216,1,4,48,4,1
1782,0.249200,0.302300,0.027100,0.089400,0.045500,0.075900,0.010900,0.036544,0.011136,0.009472,0.010304,0.001216,1,4,48,4,1
1783,0.250200,0.301700,0.026700,0.089500,0.045500,0.084000,0.004000,0.036608,0.011328,0.009440,0.010240,0.001216,1,4,48,4,1
1784,0.251900,0.302600,0.027000,0.089200,0.045500,0.075700,0.014100,0.038464,0.013792,0.009408,0.010272,0.001184,1,4,48,4,1
1785,0.249100,0.304800,0.027400,0.089800,0.045200,0.075300,0.011100,0.036288,0.011168,0.009248,0.010272,0.001216,1,4,48,4,1
1786,0.254000,0.301800,0.026900,0.089600,0.045700,0.085900,0.005500,0.036480,0.011200,0.009376,0.010272,0.001248,1,4,48,4,1
1787,0.256300,0.306500,0.027100,0.089600,0.045300,0.088500,0.005400,0.036416,0.013728,0.009312,0.010432,0.001184,1,4,48,4,1
1788,0.247700,0.309000,0.026900,0.089300,0.045600,0.081200,0.004400,0.036640,0.011232,0.009504,0.010304,0.001216,1,4,48,4,1
1789,0.249600,0.300000,0.027200,0.089400,0.045600,0.075700,0.011400,0.036544,0.013760,0.009312,0.010496,0.001216,1,4,48,4,1
1790,0.241900,0.302200,0.027200,0.089700,0.045500,0.074000,0.005200,0.036608,0.013760,0.009504,0.010400,0.001184,1,4,48,4,1
1791,0.251600,0.294500,0.029600,0.089800,0.050600,0.076300,0.004700,0.038240,0.011296,0.009280,0.010496,0.001184,1,4,48,4,1
1792,0.255800,0.304200,0.027100,0.091900,0.045400,0.076000,0.014800,0.036864,0.011232,0.009536,0.010272,0.001216,1,4,48,4,1
1793,0.252400,0.308400,0.026900,0.089900,0.045600,0.076000,0.013600,0.036608,0.013792,0.009344,0.010496,0.001216,1,4,48,4,1
1794,0.251900,0.304900,0.027100,0.089700,0.045200,0.075900,0.013600,0.038752,0.011296,0.009408,0.010432,0.001184,1,4,48,4,1
1795,0.250100,0.304500,0.027600,0.089300,0.045500,0.076100,0.011100,0.038560,0.013728,0.009536,0.010272,0.001216,1,4,48,4,1
1796,0.250900,0.302400,0.027100,0.090100,0.045700,0.076200,0.011500,0.038624,0.011200,0.009408,0.010432,0.001184,1,4,48,4,1
1797,0.255400,0.303600,0.027000,0.096300,0.045400,0.075600,0.010500,0.036416,0.011168,0.009376,0.010240,0.001216,1,4,48,4,1
1798,0.252200,0.308200,0.027000,0.089500,0.045300,0.076000,0.013900,0.037920,0.011232,0.009472,0.010272,0.001216,1,4,48,4,1
1799,0.249700,0.304700,0.026800,0.089500,0.045400,0.083900,0.003900,0.036480,0.011200,0.009472,0.010272,0.001184,1,4,48,4,1
1800,0.252200,0.302100,0.026800,0.089100,0.045200,0.085200,0.005500,0.036416,0.011264,0.009408,0.010176,0.001216,1,4,48,4,1
1801,0.249300,0.304700,0.027200,0.089700,0.045300,0.076000,0.010600,0.036576,0.012256,0.009408,0.010432,0.001248,1,4,48,4,1
1802,0.249700,0.301800,0.027200,0.090200,0.045700,0.075400,0.010800,0.036832,0.011168,0.009760,0.010272,0.001248,1,4,48,4,1
1803,0.253000,0.302100,0.027100,0.089700,0.045600,0.084900,0.005400,0.036640,0.012256,0.009376,0.010464,0.001280,1,4,48,4,1
1804,0.249700,0.305600,0.027000,0.089500,0.045700,0.075500,0.011700,0.038720,0.011296,0.009440,0.010432,0.001280,1,4,48,4,1
1805,0.269600,0.302300,0.027000,0.090100,0.045300,0.101500,0.005300,0.036480,0.011200,0.009408,0.010240,0.001184,1,4,48,4,1
1806,0.861700,0.322100,0.027100,0.089300,0.048400,0.687900,0.008500,0.037536,0.010848,0.009344,0.010272,0.001248,1,4,48,4,1
1807,0.644000,0.950500,0.344100,0.128500,0.061900,0.103200,0.005900,0.036864,0.013760,0.009760,0.010432,0.001216,1,4,48,4,1
1808,0.417600,0.710900,0.034300,0.233400,0.052100,0.092000,0.005400,0.036736,0.011232,0.009312,0.010272,0.001216,1,4,48,4,1
1809,0.273200,0.471700,0.027700,0.100200,0.053000,0.088200,0.003600,0.036576,0.011264,0.009408,0.010272,0.001216,1,4,48,4,1
1810,0.259700,0.326600,0.027600,0.093100,0.046600,0.087000,0.005100,0.038720,0.011232,0.009632,0.010368,0.001184,1,4,48,4,1
1811,0.257800,0.312600,0.027500,0.092200,0.048500,0.085500,0.003600,0.038880,0.011296,0.009472,0.010464,0.001248,1,4,48,4,1
1812,0.256600,0.310600,0.027400,0.092900,0.048800,0.082700,0.004400,0.036928,0.011232,0.009664,0.010304,0.001312,1,4,48,4,1
1813,0.259300,0.309300,0.027600,0.091500,0.047800,0.087600,0.004300,0.038560,0.011296,0.009312,0.010464,0.001216,1,4,48,4,1
1814,0.256000,0.311900,0.027300,0.091900,0.046500,0.085500,0.004500,0.036672,0.011232,0.009536,0.010272,0.001248,1,4,48,4,1
1815,0.253800,0.308700,0.027200,0.090700,0.046200,0.085200,0.004200,0.036640,0.012352,0.009440,0.010432,0.001184,1,4,48,4,1
1816,0.253300,0.306400,0.027000,0.090900,0.046500,0.084500,0.004000,0.036544,0.011232,0.009504,0.010208,0.001216,1,4,48,4,1
1817,0.252800,0.305700,0.027600,0.090000,0.045900,0.085200,0.003700,0.036352,0.012352,0.009120,0.010496,0.001184,1,4,48,4,1
1818,0.251000,0.305500,0.027400,0.090000,0.045500,0.083600,0.004200,0.036416,0.011168,0.009408,0.010240,0.001216,1,4,48,4,1
1819,0.244000,0.303700,0.027400,0.089500,0.045700,0.075700,0.005200,0.036672,0.013696,0.009568,0.010432,0.001184,1,4,48,4,1
1820,0.258300,0.297100,0.027400,0.096400,0.046000,0.076200,0.011800,0.036672,0.011232,0.009536,0.010272,0.001184,1,4,48,4,1
1821,0.251000,0.311100,0.027300,0.090000,0.045900,0.076200,0.011200,0.036736,0.011936,0.009568,0.010432,0.001216,1,4,48,4,1
1822,0.249400,0.303700,0.027200,0.090000,0.045900,0.081500,0.004600,0.036512,0.012256,0.009408,0.010432,0.001216,1,4,48,4,1
1823,0.251400,0.301800,0.027200,0.089600,0.045800,0.084200,0.004100,0.036576,0.011232,0.009408,0.010272,0.001248,1,4,48,4,1
1824,0.250800,0.304100,0.026900,0.089400,0.045700,0.076400,0.011900,0.038816,0.011232,0.009632,0.010432,0.001216,1,4,48,4,1
1825,0.251300,0.303700,0.027200,0.090000,0.045800,0.076300,0.011600,0.036704,0.013760,0.009504,0.010368,0.001248,1,4,48,4,1
1826,0.255700,0.304100,0.027000,0.090200,0.046000,0.088500,0.003700,0.036512,0.011232,0.009376,0.010272,0.001248,1,4,48,4,1
1827,0.243600,0.308500,0.027500,0.090200,0.045800,0.074700,0.005000,0.036960,0.011200,0.009568,0.010272,0.001216,1,4,48,4,1
1828,0.253300,0.296300,0.027100,0.089500,0.046200,0.076000,0.014100,0.037152,0.011168,0.009344,0.010336,0.001184,1,4,48,4,1
1829,0.250900,0.305900,0.027100,0.090100,0.045200,0.076600,0.011400,0.036544,0.013824,0.009344,0.010368,0.001216,1,4,48,4,1
1830,0.250900,0.303200,0.027000,0.089500,0.045800,0.084500,0.003800,0.036672,0.012256,0.009408,0.010528,0.001248,1,4,48,4,1
1831,0.253200,0.303800,0.027400,0.090000,0.045600,0.076400,0.013400,0.037888,0.013664,0.009280,0.010272,0.001216,1,4,48,4,1
1832,0.270900,0.305700,0.027300,0.109000,0.046000,0.076700,0.011500,0.038784,0.011200,0.009600,0.010432,0.001216,1,4,48,4,1
1833,0.256200,0.323400,0.027200,0.096300,0.045400,0.076400,0.010500,0.036480,0.012224,0.009408,0.010432,0.001184,1,4,48,4,1
1834,0.249100,0.308700,0.027000,0.090300,0.045800,0.081100,0.004500,0.036448,0.011232,0.009312,0.010240,0.001280,1,4,48,4,1
1835,0.250200,0.301700,0.027200,0.090000,0.045700,0.075600,0.011200,0.036640,0.011296,0.009440,0.010272,0.001248,1,4,48,4,1
1836,0.248700,0.302700,0.026900,0.090000,0.045500,0.075700,0.010300,0.036288,0.012320,0.009216,0.010368,0.001184,1,4,48,4,1
1837,0.248800,0.301400,0.027300,0.090000,0.045400,0.081200,0.004400,0.036512,0.012352,0.009472,0.010208,0.001216,1,4,48,4,1
1838,0.268800,0.301000,0.027100,0.089200,0.064400,0.076500,0.011100,0.038976,0.011264,0.009664,0.010464,0.001216,1,4,48,4,1
1839,0.251100,0.321400,0.027300,0.089600,0.046000,0.083900,0.004100,0.036672,0.011264,0.009536,0.010272,0.001184,1,4,48,4,1
1840,0.250300,0.308900,0.027200,0.090200,0.046700,0.081500,0.004300,0.036320,0.011232,0.009216,0.010304,0.001184,1,4,48,4,1
1841,0.256700,0.302900,0.027000,0.089900,0.046100,0.088000,0.005300,0.038656,0.011232,0.009472,0.010400,0.001248,1,4,48,4,1
1842,0.248900,0.309300,0.027200,0.089600,0.045900,0.081300,0.004500,0.036544,0.011232,0.009408,0.010272,0.001216,1,4,48,4,1
1843,0.249100,0.301400,0.027000,0.089300,0.045700,0.076500,0.010300,0.036672,0.011232,0.009600,0.010240,0.001184,1,4,48,4,1
1844,0.251000,0.301400,0.027000,0.090400,0.045500,0.084000,0.003900,0.036544,0.011264,0.009376,0.010272,0.001248,1,4,48,4,1
1845,0.251700,0.310700,0.027200,0.089900,0.045800,0.084200,0.004200,0.036512,0.011232,0.009376,0.010272,0.001280,1,4,48,4,1
1846,0.255300,0.304200,0.027000,0.089300,0.050600,0.084100,0.004000,0.036544,0.011232,0.009472,0.010208,0.001216,1,4,48,4,1
1847,0.251400,0.308100,0.027900,0.089500,0.045600,0.074800,0.013100,0.037152,0.011232,0.009376,0.010272,0.001248,1,4,48,4,1
1848,0.244000,0.304200,0.027100,0.089700,0.045800,0.075900,0.005100,0.037248,0.011136,0.009568,0.010240,0.001216,1,4,48,4,1
1849,0.252800,0.296800,0.027300,0.089800,0.045300,0.075600,0.014400,0.036608,0.012320,0.009568,0.010272,0.001216,1,4,48,4,1
1850,0.250400,0.305200,0.026900,0.089700,0.045300,0.076000,0.012100,0.038720,0.013824,0.009536,0.010208,0.001248,1,4,48,4,1
1851,0.249700,0.303200,0.027000,0.089800,0.045700,0.075900,0.011000,0.036640,0.011200,0.009664,0.010176,0.001184,1,4,48,4,1
1852,0.341300,0.302100,0.027500,0.123600,0.061700,0.105800,0.022300,0.036480,0.013760,0.009376,0.010400,0.001152,1,4,48,4,1
1853,0.257100,0.394300,0.027500,0.092000,0.046400,0.077600,0.013200,0.036576,0.013728,0.009408,0.010400,0.001280,1,4,48,4,1
1854,0.253200,0.309600,0.027200,0.090200,0.046200,0.076800,0.012400,0.037824,0.012288,0.009728,0.010368,0.001248,1,4,48,4,1
1855,0.253000,0.306100,0.027400,0.090800,0.046100,0.084600,0.003600,0.036544,0.011232,0.009472,0.010208,0.001184,1,4,48,4,1
1856,0.256400,0.305300,0.027300,0.089600,0.045600,0.085200,0.008300,0.036576,0.011104,0.009536,0.010240,0.001248,1,4,48,4,1
1857,0.259200,0.309300,0.027300,0.090200,0.045900,0.090000,0.005300,0.036576,0.013792,0.009408,0.010400,0.001216,1,4,48,4,1
1858,0.251900,0.311900,0.027300,0.090200,0.046300,0.084000,0.003800,0.037344,0.011136,0.009824,0.010240,0.001184,1,4,48,4,1
1859,0.257500,0.304600,0.027100,0.096600,0.045500,0.084400,0.003600,0.036576,0.011264,0.009472,0.010240,0.001184,1,4,48,4,1
1860,0.251600,0.310000,0.026900,0.089800,0.045400,0.085000,0.004000,0.036352,0.011168,0.009280,0.010272,0.001184,1,4,48,4,1
1861,0.249500,0.304300,0.027100,0.089600,0.045800,0.076100,0.010600,0.036512,0.011168,0.009536,0.010240,0.001184,1,4,48,4,1
1862,0.252400,0.302200,0.027300,0.089700,0.045100,0.076400,0.013400,0.038752,0.013760,0.009440,0.010336,0.001280,1,4,48,4,1
1863,0.250100,0.305000,0.027400,0.089700,0.045500,0.076000,0.011000,0.036288,0.013728,0.009280,0.010304,0.001216,1,4,48,4,1
1864,0.250300,0.302800,0.027300,0.089500,0.045600,0.083800,0.003700,0.036448,0.011200,0.009376,0.010272,0.001216,1,4,48,4,1
1865,0.248400,0.303100,0.027200,0.089400,0.045500,0.081300,0.004600,0.036544,0.011264,0.009440,0.010272,0.001184,1,4,48,4,1
1866,0.246100,0.305800,0.027200,0.089700,0.045400,0.077300,0.006000,0.038880,0.011264,0.009536,0.010496,0.001216,1,4,48,4,1
1867,0.259000,0.299300,0.027200,0.094300,0.045800,0.076400,0.014700,0.036800,0.011232,0.009312,0.010272,0.001248,1,4,48,4,1
1868,0.251600,0.312100,0.026900,0.090100,0.045600,0.075800,0.012900,0.036800,0.011264,0.009568,0.010304,0.001216,1,4,48,4,1
1869,0.249900,0.304100,0.027100,0.089200,0.045100,0.076300,0.011700,0.038304,0.013792,0.009408,0.010240,0.001184,1,4,48,4,1
1870,0.250700,0.302100,0.027100,0.089300,0.046000,0.084400,0.003600,0.036672,0.011200,0.009568,0.010208,0.001280,1,4,48,4,1
1871,0.249000,0.303700,0.027100,0.089700,0.044800,0.075700,0.011300,0.036768,0.011296,0.009568,0.010272,0.001216,1,4,48,4,1
1872,0.254300,0.302000,0.027400,0.089800,0.050400,0.081700,0.004400,0.036512,0.013664,0.009376,0.010464,0.001248,1,4,48,4,1
1873,0.249600,0.306800,0.027300,0.089700,0.045800,0.081900,0.004400,0.036352,0.011168,0.009312,0.010176,0.001280,1,4,48,4,1
1874,0.251000,0.302400,0.027400,0.089700,0.045300,0.084000,0.004100,0.036480,0.011168,0.009376,0.010304,0.001216,1,4,48,4,1
1875,0.250100,0.303500,0.027000,0.089400,0.045400,0.076200,0.011800,0.038688,0.013760,0.009440,0.010336,0.001248,1,4,48,4,1
1876,0.250200,0.302500,0.027300,0.089700,0.046000,0.076000,0.010800,0.036704,0.011232,0.009536,0.010304,0.001216,1,4,48,4,1
1877,0.249100,0.302900,0.027500,0.089900,0.045200,0.081300,0.004700,0.036448,0.011232,0.009248,0.010336,0.001216,1,4,48,4,1
1878,0.249500,0.301300,0.027000,0.089800,0.045000,0.075600,0.011800,0.036640,0.013760,0.009408,0.010496,0.001248,1,4,48,4,1
1879,0.258400,0.302000,0.032600,0.090700,0.044900,0.075500,0.014300,0.036512,0.013792,0.009280,0.010464,0.001184,1,4,48,4,1
1880,0.251700,0.311200,0.027400,0.089700,0.045300,0.075500,0.013400,0.038464,0.013728,0.009536,0.010272,0.001184,1,4,48,4,1
1881,0.256500,0.304200,0.027400,0.095500,0.045200,0.076400,0.011600,0.038624,0.011232,0.009408,0.010400,0.001280,1,4,48,4,1
1882,0.249000,0.309300,0.027100,0.089800,0.045200,0.081500,0.005000,0.036480,0.013760,0.009280,0.010432,0.001216,1,4,48,4,1
1883,0.244400,0.301400,0.027000,0.089500,0.045900,0.076300,0.005100,0.036608,0.012192,0.009536,0.010368,0.001216,1,4,48,4,1
1884,0.251800,0.296800,0.027200,0.089000,0.045800,0.076100,0.013200,0.037120,0.011104,0.009376,0.010272,0.001216,1,4,48,4,1
1885,0.255200,0.304100,0.027000,0.089700,0.045400,0.087100,0.005600,0.036512,0.012288,0.009280,0.010464,0.001248,1,4,48,4,1
1886,0.270500,0.307600,0.026900,0.089200,0.045300,0.101800,0.006900,0.036480,0.011200,0.009536,0.010240,0.001216,1,4,48,4,1
1887,0.246000,0.323000,0.029200,0.090100,0.045500,0.075500,0.005000,0.036992,0.011264,0.009248,0.010304,0.001184,1,4,48,4,1
1888,0.251300,0.298600,0.027100,0.089100,0.045600,0.075700,0.013400,0.036832,0.013728,0.009600,0.010432,0.001280,1,4,48,4,1
1889,0.251300,0.303900,0.027100,0.089800,0.045500,0.076500,0.011900,0.036672,0.013792,0.009280,0.010464,0.001344,1,4,48,4,1
1890,0.248800,0.304000,0.027000,0.089600,0.045100,0.075500,0.011300,0.038432,0.011232,0.009504,0.010400,0.001216,1,4,48,4,1
1891,0.250200,0.301300,0.027100,0.089600,0.045600,0.076400,0.011200,0.036448,0.013728,0.009216,0.010528,0.001216,1,4,48,4,1
1892,0.257900,0.302800,0.027200,0.089900,0.050500,0.077000,0.013000,0.036800,0.013792,0.009536,0.010496,0.001216,1,4,48,4,1
1893,0.249700,0.310300,0.027100,0.089800,0.045300,0.076100,0.010800,0.036544,0.012288,0.009408,0.010400,0.001216,1,4,48,4,1
1894,0.249700,0.302200,0.027200,0.088900,0.045800,0.075800,0.011700,0.036384,0.011264,0.009280,0.010272,0.001184,1,4,48,4,1
1895,0.249000,0.302400,0.027200,0.089000,0.045300,0.076100,0.010900,0.036576,0.011296,0.009472,0.010336,0.001216,1,4,48,4,1
1896,0.250500,0.301300,0.027200,0.089700,0.045100,0.084000,0.004000,0.036544,0.011232,0.009504,0.010240,0.001184,1,4,48,4,1
1897,0.250100,0.302900,0.027400,0.089400,0.045500,0.075800,0.011600,0.036800,0.013728,0.009696,0.010400,0.001184,1,4,48,4,1
1898,0.249700,0.302600,0.026900,0.088700,0.046000,0.083800,0.003700,0.036896,0.011264,0.009792,0.010240,0.001216,1,4,48,4,1
1899,0.255100,0.302500,0.027700,0.095200,0.045500,0.076200,0.010300,0.036448,0.011168,0.009376,0.010240,0.001184,1,4,48,4,1
1900,0.253000,0.307700,0.027100,0.089800,0.045700,0.084400,0.005400,0.036640,0.011232,0.009408,0.010336,0.001248,1,4,48,4,1
1901,0.251800,0.305400,0.027200,0.090000,0.046000,0.076400,0.011900,0.038176,0.011264,0.009312,0.010368,0.001216,1,4,48,4,1
1902,0.271800,0.304500,0.027200,0.089900,0.045800,0.099200,0.009000,0.036768,0.011264,0.009696,0.010208,0.001216,1,4,48,4,1
1903,0.289000,0.337200,0.039600,0.107500,0.057700,0.078400,0.005200,0.036992,0.011232,0.009408,0.010272,0.001184,1,4,48,4,1
1904,0.252300,0.342000,0.027200,0.090400,0.046400,0.082000,0.005800,0.036512,0.011264,0.009408,0.010304,0.001184,1,4,48,4,1
1905,0.266400,0.305000,0.027400,0.090000,0.051200,0.077300,0.020100,0.038720,0.011232,0.009504,0.010432,0.001184,1,4,48,4,1
1906,0.255000,0.319100,0.026800,0.090400,0.045800,0.075800,0.015700,0.036480,0.013696,0.009344,0.010464,0.001248,1,4,48,4,1
1907,0.252400,0.307800,0.027300,0.089400,0.045400,0.075400,0.014500,0.036480,0.012160,0.009344,0.010432,0.001216,1,4,48,4,1
1908,0.252500,0.305200,0.026800,0.089900,0.046200,0.076000,0.013300,0.036640,0.013728,0.009472,0.010432,0.001248,1,4,48,4,1
1909,0.251600,0.305000,0.027300,0.089700,0.045900,0.076300,0.011900,0.038560,0.011232,0.009344,0.010400,0.001216,1,4,48,4,1
1910,0.250200,0.304200,0.027100,0.089500,0.045900,0.075800,0.011500,0.038624,0.011232,0.009376,0.010464,0.001248,1,4,48,4,1
1911,0.249900,0.302700,0.027400,0.089800,0.045600,0.076100,0.010600,0.036608,0.011264,0.009376,0.010272,0.001216,1,4,48,4,1
1912,0.249700,0.308100,0.027300,0.090400,0.045700,0.081200,0.004600,0.036576,0.011968,0.009440,0.010400,0.001184,1,4,48,4,1
1913,0.251000,0.302200,0.027400,0.090000,0.045100,0.084000,0.004200,0.036800,0.011200,0.009632,0.010304,0.001280,1,4,48,4,1
1914,0.250100,0.303600,0.027000,0.090300,0.045700,0.076000,0.010700,0.036512,0.011232,0.009344,0.010368,0.001184,1,4,48,4,1
1915,0.252500,0.302700,0.027100,0.089600,0.045700,0.074800,0.014900,0.036800,0.011264,0.009504,0.010304,0.001344,1,4,48,4,1
1916,0.260700,0.305200,0.026800,0.098000,0.045700,0.076100,0.013500,0.036576,0.013728,0.009536,0.010368,0.001216,1,4,48,4,1
1917,0.250500,0.313200,0.027100,0.089800,0.045200,0.076000,0.012000,0.038656,0.011296,0.009312,0.010464,0.001248,1,4,48,4,1
1918,0.264500,0.303100,0.027100,0.090100,0.051200,0.088900,0.006700,0.036512,0.011264,0.009312,0.010336,0.001216,1,4,48,4,1
1919,0.250900,0.317700,0.027100,0.090300,0.045300,0.076500,0.011400,0.038336,0.013728,0.009344,0.010272,0.001216,1,4,48,4,1
1920,0.265200,0.303500,0.026800,0.090100,0.045700,0.089400,0.012600,0.036768,0.011232,0.009600,0.010272,0.001248,1,4,48,4,1
1921,0.258600,0.318200,0.027200,0.099100,0.045500,0.082000,0.004300,0.036608,0.012256,0.009408,0.010496,0.001184,1,4,48,4,1
1922,0.261000,0.311800,0.027300,0.101200,0.045500,0.076000,0.010700,0.036544,0.011200,0.009568,0.010176,0.001216,1,4,48,4,1
1923,0.254000,0.313600,0.026900,0.089700,0.045700,0.084000,0.007400,0.036480,0.011168,0.009376,0.010304,0.001216,1,4,48,4,1
1924,0.250500,0.306600,0.027200,0.089600,0.045700,0.083900,0.003800,0.036480,0.011232,0.009408,0.010272,0.001216,1,4,48,4,1
1925,0.251500,0.308400,0.027700,0.090100,0.045500,0.083600,0.004100,0.036544,0.011232,0.009472,0.010272,0.001184,1,4,48,4,1
1926,0.254600,0.304400,0.027200,0.089700,0.045000,0.076300,0.016000,0.036832,0.013792,0.009600,0.010400,0.001248,1,4,48,4,1
1927,0.254000,0.307200,0.027400,0.090100,0.045700,0.075700,0.014400,0.036480,0.013760,0.009440,0.010464,0.001216,1,4,48,4,1
1928,0.248800,0.306800,0.027100,0.090100,0.045100,0.081200,0.004900,0.036672,0.011168,0.009696,0.010176,0.001216,1,4,48,4,1
1929,0.248900,0.301300,0.027300,0.089600,0.045800,0.081100,0.004600,0.036448,0.013664,0.009312,0.010432,0.001248,1,4,48,4,1
1930,0.268300,0.301600,0.027000,0.106700,0.045600,0.084500,0.004100,0.036512,0.011328,0.009280,0.010304,0.001216,1,4,48,4,1
1931,0.254500,0.320700,0.027100,0.089800,0.049800,0.076400,0.010800,0.036640,0.011168,0.009600,0.010240,0.001248,1,4,48,4,1
1932,0.250200,0.307100,0.027100,0.089700,0.045200,0.076300,0.011500,0.036832,0.013760,0.009632,0.010464,0.001216,1,4,48,4,1
1933,0.248500,0.303000,0.027100,0.089400,0.045400,0.075900,0.010300,0.036416,0.011296,0.009312,0.010336,0.001184,1,4,48,4,1
1934,0.249200,0.301100,0.027300,0.089800,0.045600,0.081500,0.004700,0.036608,0.011232,0.009376,0.010368,0.001216,1,4,48,4,1
1935,0.250200,0.301600,0.027200,0.089400,0.045100,0.084000,0.004100,0.036576,0.011264,0.009440,0.010240,0.001216,1,4,48,4,1
1936,0.249900,0.302700,0.027100,0.089700,0.045500,0.075700,0.011500,0.036544,0.011232,0.009408,0.010304,0.001216,1,4,48,4,1
1937,0.248300,0.302900,0.027400,0.089800,0.044900,0.081300,0.004500,0.036480,0.011264,0.009312,0.010336,0.001184,1,4,48,4,1
1938,0.253800,0.300900,0.032200,0.090300,0.045000,0.075500,0.010400,0.036736,0.011232,0.009568,0.010272,0.001248,1,4,48,4,1
1939,0.253200,0.306400,0.027500,0.089800,0.045100,0.075900,0.014500,0.038240,0.013696,0.009600,0.010272,0.001184,1,4,48,4,1
1940,0.248800,0.305900,0.027100,0.089300,0.045400,0.075700,0.010800,0.036352,0.012256,0.009344,0.010464,0.001216,1,4,48,4,1
1941,0.250700,0.301300,0.027400,0.089700,0.045800,0.083500,0.004000,0.036448,0.011296,0.009408,0.010144,0.001216,1,4,48,4,1
1942,0.251000,0.303200,0.027400,0.089900,0.045800,0.075700,0.011800,0.038816,0.011296,0.009472,0.010464,0.001248,1,4,48,4,1
1943,0.250600,0.303300,0.027200,0.089400,0.045600,0.076500,0.011400,0.038464,0.011296,0.009184,0.010432,0.001216,1,4,48,4,1
1944,0.255800,0.303400,0.027100,0.089800,0.045600,0.087300,0.005700,0.038752,0.011200,0.009536,0.010400,0.001248,1,4,48,4,1
1945,0.244200,0.308500,0.027200,0.089900,0.045500,0.076200,0.005000,0.036576,0.011264,0.009440,0.010240,0.001248,1,4,48,4,1
1946,0.263800,0.297000,0.027100,0.102100,0.045300,0.075300,0.013500,0.036672,0.013760,0.009568,0.010432,0.001184,1,4,48,4,1
1947,0.250300,0.316800,0.027500,0.089800,0.045300,0.083600,0.003600,0.036384,0.011200,0.009344,0.010208,0.001216,1,4,48,4,1
1948,0.251100,0.303100,0.027100,0.089900,0.044800,0.075600,0.013300,0.036416,0.011200,0.009312,0.010272,0.001248,1,4,48,4,1
1949,0.259100,0.303700,0.027200,0.089900,0.052000,0.076600,0.013000,0.038496,0.011168,0.009376,0.010368,0.001216,1,4,48,4,1
1950,0.248900,0.311700,0.027000,0.089800,0.045200,0.075300,0.011200,0.036640,0.011264,0.009568,0.010272,0.001184,1,4,48,4,1
1951,0.324700,0.301900,0.027800,0.096500,0.059700,0.131700,0.008500,0.036736,0.011264,0.009376,0.010304,0.001152,1,4,48,4,1
1952,0.330800,0.394500,0.035700,0.130300,0.060000,0.098300,0.006200,0.036768,0.013728,0.009568,0.010464,0.001248,1,4,48,4,1
1953,0.307800,0.398000,0.034000,0.114100,0.057600,0.094600,0.006700,0.036448,0.011200,0.009408,0.010240,0.001216,1,4,48,4,1
1954,0.304800,0.373900,0.033400,0.111900,0.058900,0.094500,0.005500,0.037792,0.011200,0.009504,0.010304,0.001248,1,4,48,4,1
1955,0.301900,0.370700,0.033300,0.111700,0.056300,0.092900,0.007100,0.037408,0.011168,0.009664,0.010240,0.001184,1,4,48,4,1
1956,0.373900,0.367800,0.033900,0.150400,0.071900,0.101700,0.015600,0.036640,0.011200,0.009568,0.010240,0.001216,1,4,48,4,1
1957,0.316000,0.446800,0.035200,0.118500,0.058400,0.097000,0.006200,0.038272,0.011200,0.009408,0.010432,0.001216,1,4,48,4,1
1958,0.305200,0.382700,0.033800,0.113100,0.058100,0.094700,0.005000,0.036768,0.012352,0.009568,0.010464,0.001216,1,4,48,4,1
1959,0.300400,0.371600,0.033600,0.111300,0.057100,0.093000,0.004900,0.036320,0.011200,0.009376,0.010272,0.001216,1,4,48,4,1
1960,0.258600,0.358000,0.027000,0.091500,0.047000,0.086500,0.006100,0.036416,0.011200,0.009280,0.010304,0.001248,1,4,48,4,1
1961,0.282900,0.311800,0.045200,0.098400,0.049200,0.084400,0.005400,0.036672,0.011232,0.009536,0.010272,0.001184,1,4,48,4,1
1962,0.259200,0.337200,0.027600,0.092200,0.046700,0.085900,0.006500,0.036512,0.011232,0.009344,0.010304,0.001248,1,4,48,4,1
1963,0.262800,0.312900,0.032500,0.090800,0.046000,0.076600,0.016500,0.036928,0.011264,0.009312,0.010240,0.001216,1,4,48,4,1
1964,0.256700,0.315900,0.027500,0.090600,0.046600,0.076800,0.014900,0.036736,0.011296,0.009312,0.010304,0.001216,1,4,48,4,1
1965,0.265200,0.309600,0.027200,0.101600,0.046200,0.077100,0.012600,0.036448,0.011232,0.009312,0.010272,0.001216,1,4,48,4,1
1966,0.255900,0.318100,0.026900,0.090900,0.046600,0.085500,0.005600,0.036416,0.011232,0.009280,0.010272,0.001184,1,4,48,4,1
1967,0.254100,0.309000,0.027200,0.090100,0.045600,0.076100,0.014800,0.038432,0.011392,0.009280,0.010432,0.001248,1,4,48,4,1
1968,0.253900,0.307000,0.027500,0.090500,0.046100,0.077300,0.012100,0.038784,0.011264,0.009536,0.010464,0.001216,1,4,48,4,1
1969,0.249700,0.306800,0.027100,0.089700,0.046000,0.081900,0.004600,0.036576,0.013696,0.009408,0.010464,0.001248,1,4,48,4,1
1970,0.251300,0.303400,0.027000,0.090100,0.045400,0.084500,0.004000,0.036576,0.011264,0.009472,0.010240,0.001216,1,4,48,4,1
1971,0.244200,0.304300,0.027200,0.089500,0.045600,0.076400,0.005100,0.038784,0.011264,0.009472,0.010432,0.001216,1,4,48,4,1
1972,0.251200,0.296700,0.027400,0.089500,0.045900,0.083900,0.004000,0.036640,0.011200,0.009472,0.010240,0.001344,1,4,48,4,1
1973,0.256500,0.303700,0.027100,0.095700,0.045300,0.084400,0.003600,0.036512,0.011200,0.009440,0.010272,0.001216,1,4,48,4,1
1974,0.249600,0.309300,0.027000,0.089500,0.045400,0.076100,0.011300,0.036608,0.013792,0.009312,0.010464,0.001184,1,4,48,4,1
1975,0.250600,0.302300,0.027500,0.090100,0.045400,0.076000,0.011200,0.038208,0.013728,0.009376,0.010176,0.001216,1,4,48,4,1
1976,0.245300,0.303200,0.027100,0.089600,0.045800,0.077300,0.005000,0.036544,0.013728,0.009472,0.010400,0.001184,1,4,48,4,1
1977,0.251700,0.314700,0.028100,0.090600,0.045900,0.076200,0.010500,0.036480,0.013728,0.009440,0.010464,0.001216,1,4,48,4,1
1978,0.243000,0.304100,0.026900,0.089400,0.045900,0.075300,0.005200,0.036928,0.011200,0.009408,0.010272,0.001184,1,4,48,4,1
1979,0.261400,0.300700,0.027100,0.090700,0.046500,0.082000,0.014600,0.036928,0.011200,0.009600,0.010272,0.001216,1,4,48,4,1
1980,0.254000,0.314100,0.027600,0.090500,0.046500,0.076400,0.012500,0.037600,0.010848,0.009504,0.010272,0.001216,1,4,48,4,1
1981,0.250600,0.306600,0.026900,0.090200,0.045800,0.076200,0.011000,0.036480,0.011264,0.009312,0.010272,0.001248,1,4,48,4,1
1982,0.250800,0.303200,0.027600,0.089700,0.045300,0.076200,0.011700,0.038496,0.013728,0.009536,0.010240,0.001216,1,4,48,4,1
1983,0.253100,0.303600,0.027500,0.090100,0.045300,0.075400,0.014500,0.036480,0.013792,0.009248,0.010464,0.001216,1,4,48,4,1
1984,0.251500,0.305600,0.027100,0.089600,0.045900,0.075600,0.012700,0.036288,0.011168,0.009248,0.010272,0.001184,1,4,48,4,1
1985,0.249500,0.304400,0.027100,0.089800,0.045600,0.075900,0.010800,0.036448,0.011232,0.009344,0.010272,0.001216,1,4,48,4,1
1986,0.255400,0.302100,0.027000,0.096100,0.045500,0.075900,0.010600,0.036768,0.013728,0.009568,0.010400,0.001280,1,4,48,4,1
1987,0.248000,0.307900,0.027100,0.089700,0.045500,0.080800,0.004500,0.036480,0.011264,0.009376,0.010240,0.001216,1,4,48,4,1
1988,0.249500,0.300800,0.027200,0.090200,0.045700,0.081600,0.004400,0.036832,0.013728,0.009728,0.010400,0.001216,1,4,48,4,1
1989,0.250600,0.301900,0.027400,0.089600,0.045300,0.083800,0.003900,0.036448,0.011200,0.009440,0.010272,0.001216,1,4,48,4,1
1990,0.248300,0.303100,0.027100,0.089700,0.045300,0.081400,0.004500,0.036672,0.011264,0.009472,0.010272,0.001280,1,4,48,4,1
1991,0.300100,0.300800,0.027200,0.090600,0.045600,0.128500,0.007900,0.036672,0.013792,0.009504,0.010432,0.001184,1,4,48,4,1
1992,0.318300,0.370700,0.040100,0.116900,0.058800,0.095900,0.005800,0.036928,0.011264,0.009376,0.010240,0.001184,1,4,48,4,1
1993,0.302500,0.384700,0.033900,0.112800,0.057200,0.092800,0.005200,0.036480,0.011200,0.009504,0.010176,0.001184,1,4,48,4,1
1994,0.299000,0.368100,0.033600,0.111400,0.055700,0.093000,0.005000,0.039008,0.011168,0.009824,0.010432,0.001248,1,4,48,4,1
1995,0.297500,0.364800,0.033500,0.110900,0.055700,0.091800,0.004900,0.036512,0.011232,0.009376,0.010240,0.001248,1,4,48,4,1
1996,0.305400,0.363000,0.033300,0.110600,0.069700,0.086000,0.005300,0.036672,0.011232,0.009536,0.010304,0.001216,1,4,48,4,1
1997,0.295700,0.372200,0.035700,0.129800,0.047000,0.077500,0.005200,0.036928,0.011168,0.009120,0.010368,0.001216,1,4,48,4,1
1998,0.264500,0.350700,0.036100,0.090900,0.046100,0.076200,0.014800,0.036544,0.011104,0.009600,0.010208,0.001184,1,4,48,4,1
1999,0.274700,0.317400,0.027500,0.090000,0.045800,0.105600,0.005300,0.036352,0.012320,0.009152,0.010432,0.001216,1,4,48,4,1
2000,0.264400,0.327600,0.034800,0.090400,0.046700,0.088200,0.004000,0.037024,0.013664,0.009888,0.010496,0.001184,1,4,48,4,1
2001,0.265000,0.317600,0.027400,0.090800,0.046100,0.081700,0.018400,0.036640,0.013760,0.009472,0.010432,0.001248,1,4,48,4,1
2002,0.255700,0.318100,0.027200,0.091200,0.046100,0.076100,0.014500,0.037216,0.011104,0.009536,0.010272,0.001216,1,4,48,4,1
2003,0.252000,0.308400,0.028100,0.090100,0.045500,0.076000,0.012000,0.038720,0.011296,0.009440,0.010400,0.001216,1,4,48,4,1
2004,0.254200,0.304600,0.027000,0.089700,0.046400,0.076600,0.014000,0.038176,0.011200,0.009408,0.010272,0.001216,1,4,48,4,1
2005,0.250400,0.306900,0.027100,0.089500,0.045900,0.076100,0.011300,0.038560,0.011200,0.009376,0.010432,0.001248,1,4,48,4,1
2006,0.250300,0.302800,0.027100,0.089400,0.045600,0.081600,0.006200,0.036608,0.011232,0.009472,0.010208,0.001248,1,4,48,4,1
2007,0.252200,0.303300,0.027600,0.090000,0.045700,0.084500,0.003900,0.036416,0.011232,0.009312,0.010240,0.001248,1,4,48,4,1
2008,0.256000,0.304700,0.026900,0.095800,0.045000,0.075900,0.011800,0.036768,0.013760,0.009632,0.010400,0.001216,1,4,48,4,1
2009,0.242000,0.308500,0.027200,0.089600,0.045900,0.075000,0.003800,0.036640,0.012320,0.009408,0.010464,0.001216,1,4,48,4,1
2010,0.253100,0.294900,0.027000,0.089500,0.045400,0.075600,0.015100,0.036864,0.013728,0.009664,0.010464,0.001216,1,4,48,4,1
2011,0.251200,0.305400,0.027200,0.089600,0.045400,0.075900,0.012600,0.036448,0.011200,0.009344,0.010272,0.001216,1,4,48,4,1
2012,0.250900,0.303500,0.027100,0.090100,0.045400,0.076300,0.011700,0.036544,0.013760,0.009344,0.010464,0.001216,1,4,48,4,1
2013,0.250000,0.303900,0.027000,0.089200,0.046300,0.083500,0.003500,0.036480,0.011200,0.009344,0.010304,0.001248,1,4,48,4,1
2014,0.249100,0.302300,0.027300,0.089700,0.045800,0.081500,0.004600,0.036480,0.011200,0.009440,0.010240,0.001216,1,4,48,4,1
2015,0.251400,0.307800,0.027500,0.090100,0.045800,0.084000,0.003600,0.036800,0.011264,0.009504,0.010336,0.001312,1,4,48,4,1
2016,0.249600,0.304100,0.027000,0.090100,0.045500,0.075900,0.010800,0.036640,0.012256,0.009568,0.010368,0.001216,1,4,48,4,1
2017,0.252300,0.302200,0.027200,0.089700,0.045400,0.075300,0.014100,0.036576,0.011232,0.009440,0.010304,0.001216,1,4,48,4,1
2018,0.250800,0.304800,0.027200,0.089800,0.045600,0.083400,0.004300,0.036416,0.011200,0.009280,0.010304,0.001248,1,4,48,4,1
2019,0.251200,0.303400,0.027300,0.089500,0.045600,0.076400,0.011700,0.038016,0.013696,0.009440,0.010240,0.001184,1,4,48,4,1
2020,0.248200,0.303500,0.026900,0.089600,0.045800,0.081000,0.004500,0.036672,0.011296,0.009504,0.010272,0.001216,1,4,48,4,1
2021,0.255200,0.300700,0.026900,0.089800,0.050400,0.075500,0.012000,0.036544,0.013760,0.009344,0.010432,0.001216,1,4,48,4,1
2022,0.252000,0.308200,0.027100,0.090000,0.044900,0.075900,0.013600,0.037184,0.011200,0.009440,0.010272,0.001184,1,4,48,4,1
2023,0.251400,0.304600,0.027100,0.089300,0.045600,0.076200,0.012600,0.036448,0.011232,0.009344,0.010272,0.001184,1,4,48,4,1
2024,0.269000,0.304000,0.027100,0.106900,0.045900,0.077400,0.011200,0.037120,0.013760,0.009920,0.010432,0.001216,1,4,48,4,1
2025,0.250000,0.321800,0.027300,0.090100,0.045700,0.081800,0.004600,0.036352,0.011136,0.009280,0.010272,0.001216,1,4,48,4,1
2026,0.251600,0.302800,0.027300,0.090000,0.045900,0.084100,0.004000,0.036512,0.011200,0.009312,0.010272,0.001248,1,4,48,4,1
2027,0.251100,0.304100,0.027000,0.090100,0.045400,0.076600,0.011600,0.038368,0.013728,0.009280,0.010176,0.001216,1,4,48,4,1
2028,0.250500,0.308800,0.027200,0.089900,0.045800,0.075900,0.011300,0.038528,0.013696,0.009440,0.010240,0.001216,1,4,48,4,1
2029,0.250800,0.303100,0.027500,0.089800,0.045300,0.083900,0.003900,0.036480,0.011232,0.009280,0.010304,0.001216,1,4,48,4,1
2030,0.249400,0.303400,0.027400,0.089600,0.045500,0.075800,0.010800,0.036768,0.012288,0.009568,0.010432,0.001248,1,4,48,4,1
2031,0.249700,0.302600,0.027300,0.090000,0.045400,0.075800,0.010600,0.036768,0.012352,0.009536,0.010400,0.001184,1,4,48,4,1
2032,0.251000,0.302400,0.027300,0.089700,0.045900,0.075700,0.011800,0.036672,0.011264,0.009600,0.010240,0.001184,1,4,48,4,1
2033,0.250100,0.303600,0.027300,0.090500,0.045900,0.081700,0.004400,0.036256,0.011264,0.009184,0.010240,0.001216,1,4,48,4,1
2034,0.255200,0.302800,0.027100,0.089500,0.045300,0.087900,0.005100,0.038144,0.011200,0.009504,0.010176,0.001216,1,4,48,4,1
2035,0.248800,0.307800,0.027000,0.089400,0.046000,0.081200,0.004700,0.036416,0.011200,0.009344,0.010240,0.001216,1,4,48,4,1
2036,0.248200,0.301300,0.027100,0.089800,0.045200,0.081300,0.004400,0.036608,0.011296,0.009536,0.010240,0.001184,1,4,48,4,1
2037,0.250700,0.301100,0.027400,0.089300,0.045700,0.083900,0.003900,0.036448,0.011904,0.009216,0.010496,0.001216,1,4,48,4,1
2038,0.250400,0.303400,0.027000,0.089400,0.045600,0.083900,0.004000,0.036608,0.011200,0.009504,0.010240,0.001216,1,4,48,4,1
2039,0.248800,0.302600,0.027700,0.089000,0.045300,0.076000,0.010400,0.036736,0.012288,0.009472,0.010496,0.001248,1,4,48,4,1
2040,0.243200,0.301300,0.027000,0.089400,0.045400,0.075900,0.005100,0.038592,0.011296,0.009568,0.010464,0.001216,1,4,48,4,1
2041,0.260600,0.295800,0.026900,0.096500,0.046700,0.074400,0.015700,0.036512,0.013696,0.009408,0.010432,0.001216,1,4,48,4,1
2042,0.242500,0.313400,0.027300,0.089500,0.043900,0.076300,0.005100,0.036672,0.013760,0.009536,0.010400,0.001216,1,4,48,4,1
2043,0.242500,0.296900,0.026900,0.089100,0.045300,0.075600,0.005000,0.036736,0.013760,0.009472,0.010464,0.001280,1,4,48,4,1
2044,0.251500,0.295100,0.027400,0.089800,0.045900,0.075600,0.012500,0.036576,0.011200,0.009504,0.010272,0.001216,1,4,48,4,1
2045,0.253000,0.304200,0.027000,0.089600,0.045300,0.075500,0.015000,0.036384,0.013728,0.009376,0.010464,0.001184,1,4,48,4,1
2046,0.248400,0.305500,0.027100,0.089000,0.045500,0.075500,0.011100,0.036736,0.012320,0.009536,0.010400,0.001280,1,4,48,4,1
2047,0.248600,0.301000,0.027100,0.089200,0.045600,0.075700,0.010700,0.036512,0.011168,0.009504,0.010208,0.001184,1,4,48,4,1
2048,0.249300,0.306100,0.027500,0.089800,0.046000,0.081000,0.004500,0.036512,0.011200,0.009408,0.010240,0.001248,1,4,48,4,1
2049,0.443000,0.302800,0.027400,0.132400,0.069800,0.203900,0.008900,0.036864,0.011232,0.009376,0.010240,0.001216,1,4,48,4,1
2050,0.385400,0.513100,0.035400,0.122100,0.060200,0.161300,0.006000,0.036928,0.013728,0.009792,0.010432,0.001216,1,4,48,4,1
2051,0.297500,0.452700,0.034200,0.116200,0.048300,0.080600,0.017800,0.036320,0.011264,0.009184,0.010272,0.001216,1,4,48,4,1
2052,0.262400,0.350900,0.028100,0.092600,0.047000,0.086600,0.007700,0.036544,0.012192,0.009536,0.010400,0.001216,1,4,48,4,1
2053,0.257400,0.315200,0.027500,0.091300,0.046200,0.085800,0.006200,0.036416,0.011232,0.009248,0.010304,0.001216,1,4,48,4,1
2054,0.259600,0.310100,0.027300,0.098500,0.045400,0.084400,0.003600,0.036576,0.011264,0.009504,0.010208,0.001216,1,4,48,4,1
2055,0.253300,0.312200,0.028000,0.090600,0.045300,0.085200,0.003600,0.036480,0.011168,0.009376,0.010272,0.001248,1,4,48,4,1
2056,0.253500,0.306100,0.027100,0.090500,0.045800,0.084800,0.004900,0.036704,0.011200,0.009600,0.010240,0.001248,1,4,48,4,1
2057,0.266600,0.306300,0.027300,0.090100,0.060500,0.084300,0.004000,0.036416,0.011264,0.009248,0.010304,0.001216,1,4,48,4,1
2058,0.248600,0.319100,0.027100,0.089800,0.046100,0.081000,0.004300,0.036576,0.011232,0.009408,0.010272,0.001184,1,4,48,4,1
2059,0.246200,0.301300,0.027000,0.090400,0.045700,0.077300,0.005400,0.037440,0.010848,0.009472,0.010272,0.001184,1,4,48,4,1
2060,0.254600,0.298600,0.027100,0.090200,0.045700,0.076500,0.014700,0.037408,0.011264,0.009792,0.010240,0.001248,1,4,48,4,1
2061,0.251400,0.308100,0.027000,0.090000,0.045600,0.076100,0.012200,0.036544,0.011168,0.009440,0.010240,0.001280,1,4,48,4,1
2062,0.251200,0.303900,0.027200,0.089800,0.045900,0.076400,0.011500,0.038752,0.013728,0.009600,0.010272,0.001216,1,4,48,4,1
2063,0.257600,0.303600,0.027400,0.096800,0.045500,0.083600,0.003900,0.036544,0.011232,0.009408,0.010304,0.001184,1,4,48,4,1
2064,0.251500,0.310100,0.027300,0.089800,0.046000,0.076300,0.011800,0.038496,0.013760,0.009440,0.010336,0.001248,1,4,48,4,1
2065,0.251000,0.304000,0.027100,0.090000,0.045600,0.076500,0.011400,0.038816,0.011264,0.009600,0.010400,0.001216,1,4,48,4,1
2066,0.248900,0.303600,0.027000,0.089900,0.045200,0.075800,0.010600,0.036928,0.011200,0.009856,0.010240,0.001216,1,4,48,4,1
2067,0.249200,0.301500,0.027200,0.089600,0.045400,0.076400,0.010200,0.036416,0.012192,0.009312,0.010432,0.001216,1,4,48,4,1
2068,0.254900,0.301700,0.027200,0.089500,0.050200,0.076400,0.011300,0.036800,0.011264,0.009696,0.010304,0.001216,1,4,48,4,1
2069,0.252200,0.307300,0.026900,0.089700,0.045500,0.085400,0.004100,0.036512,0.011264,0.009376,0.010272,0.001248,1,4,48,4,1
2070,0.267400,0.304900,0.027100,0.089600,0.045800,0.091000,0.013600,0.036608,0.013792,0.009344,0.010464,0.001216,1,4,48,4,1
2071,0.248500,0.319900,0.027300,0.089600,0.045400,0.081200,0.004400,0.036448,0.011296,0.009216,0.010304,0.001216,1,4,48,4,1
2072,0.267900,0.301000,0.027300,0.108400,0.045700,0.081500,0.004500,0.036704,0.011200,0.009632,0.010272,0.001216,1,4,48,4,1
2073,0.249700,0.320300,0.027300,0.089700,0.045800,0.081800,0.004500,0.036192,0.012096,0.009248,0.010432,0.001216,1,4,48,4,1
2074,0.253400,0.302300,0.027000,0.089900,0.045400,0.076600,0.014000,0.036960,0.011168,0.009280,0.010208,0.001216,1,4,48,4,1
2075,0.251200,0.306400,0.027100,0.089800,0.045500,0.076000,0.012500,0.036800,0.011264,0.009728,0.010272,0.001184,1,4,48,4,1
2076,0.255000,0.303800,0.027000,0.096100,0.045200,0.081700,0.004600,0.036544,0.011232,0.009504,0.010240,0.001216,1,4,48,4,1
2077,0.250400,0.308000,0.027300,0.089000,0.045500,0.084100,0.004100,0.036448,0.011232,0.009312,0.010304,0.001216,1,4,48,4,1
2078,0.251200,0.303000,0.027800,0.089900,0.045300,0.083800,0.004000,0.036576,0.011232,0.009408,0.010336,0.001216,1,4,48,4,1
2079,0.253900,0.303700,0.027700,0.089500,0.045700,0.075800,0.014700,0.037952,0.011296,0.009376,0.010208,0.001248,1,4,48,4,1
2080,0.246400,0.306600,0.029500,0.089900,0.045200,0.076200,0.005200,0.037088,0.011232,0.009408,0.010304,0.001216,1,4,48,4,1
2081,0.252900,0.299400,0.027800,0.089600,0.045900,0.075800,0.013500,0.036448,0.013728,0.009504,0.010432,0.001184,1,4,48,4,1
2082,0.250100,0.305100,0.027500,0.090000,0.045400,0.076000,0.010700,0.036672,0.011264,0.009536,0.010272,0.001248,1,4,48,4,1
2083,0.252000,0.307500,0.027700,0.090400,0.045800,0.076700,0.011100,0.038528,0.011168,0.009248,0.010496,0.001280,1,4,48,4,1
2084,0.251900,0.304800,0.027300,0.090200,0.045800,0.076400,0.011700,0.036704,0.013760,0.009376,0.010496,0.001312,1,4,48,4,1
2085,0.250600,0.304300,0.027200,0.090000,0.045500,0.076200,0.011300,0.036544,0.011232,0.009376,0.010304,0.001216,1,4,48,4,1
2086,0.248200,0.303300,0.027000,0.089400,0.045700,0.081000,0.004400,0.036544,0.011232,0.009408,0.010240,0.001280,1,4,48,4,1
2087,0.254400,0.300800,0.027400,0.090100,0.045700,0.075600,0.015200,0.038368,0.011264,0.009344,0.010464,0.001280,1,4,48,4,1
2088,0.250300,0.307000,0.027100,0.090000,0.045600,0.083300,0.004000,0.036448,0.011200,0.009408,0.010240,0.001216,1,4,48,4,1
2089,0.255800,0.302800,0.027500,0.089900,0.050600,0.076100,0.011300,0.036640,0.012320,0.009344,0.010496,0.001216,1,4,48,4,1
2090,0.249000,0.308100,0.027100,0.089900,0.045400,0.081800,0.004400,0.036736,0.012160,0.009632,0.010400,0.001312,1,4,48,4,1
2091,0.247600,0.301300,0.027300,0.089000,0.045500,0.081000,0.004400,0.036416,0.011232,0.009280,0.010240,0.001216,1,4,48,4,1
2092,0.251900,0.300100,0.027500,0.090000,0.045400,0.075500,0.012900,0.038752,0.011264,0.009600,0.010400,0.001216,1,4,48,4,1
2093,0.249200,0.304100,0.027200,0.089100,0.045000,0.075500,0.011800,0.036448,0.011200,0.009312,0.010272,0.001248,1,4,48,4,1
2094,0.248300,0.301700,0.027300,0.089900,0.044900,0.081200,0.004400,0.036576,0.011232,0.009440,0.010240,0.001184,1,4,48,4,1
2095,0.248600,0.300700,0.027500,0.089300,0.045100,0.076200,0.010200,0.036352,0.012256,0.009248,0.010464,0.001248,1,4,48,4,1
2096,0.255500,0.301100,0.032400,0.090000,0.045600,0.075800,0.011300,0.036640,0.011264,0.009472,0.010272,0.001216,1,4,48,4,1
2097,0.251300,0.307900,0.027200,0.090400,0.045500,0.076300,0.011500,0.036576,0.011104,0.009568,0.010240,0.001248,1,4,48,4,1
2098,0.249800,0.304400,0.027200,0.089800,0.045900,0.076100,0.010300,0.036608,0.011200,0.009536,0.010272,0.001216,1,4,48,4,1
2099,0.254600,0.302400,0.027000,0.089700,0.045500,0.075200,0.016800,0.036416,0.010848,0.009408,0.010272,0.001216,1,4,48,4,1
2100,0.486300,0.307200,0.027100,0.263200,0.070600,0.118700,0.006100,0.037120,0.011200,0.009568,0.010272,0.001216,1,4,48,4,1
2101,0.266800,0.654700,0.028900,0.097600,0.048200,0.088000,0.003700,0.037120,0.011264,0.009376,0.010304,0.001184,1,4,48,4,1
2102,0.269100,0.320200,0.033600,0.099700,0.046100,0.083900,0.005400,0.036352,0.011200,0.009312,0.010240,0.001216,1,4,48,4,1
2103,0.247500,0.322100,0.027500,0.090900,0.045800,0.077700,0.005100,0.037088,0.011104,0.009280,0.010272,0.001216,1,4,48,4,1
2104,0.251700,0.300200,0.027000,0.090400,0.046000,0.076600,0.011300,0.038560,0.013792,0.009344,0.010240,0.001248,1,4,48,4,1
2105,0.255100,0.304900,0.027300,0.090200,0.055200,0.076900,0.005100,0.037184,0.011136,0.009504,0.010240,0.001216,1,4,48,4,1
2106,0.264400,0.308400,0.027300,0.090100,0.046000,0.093200,0.007200,0.036704,0.013792,0.009472,0.010368,0.001312,1,4,48,4,1
2107,0.252400,0.317100,0.028000,0.090500,0.045600,0.082100,0.005800,0.036800,0.011232,0.009632,0.010272,0.001280,1,4,48,4,1
2108,0.251200,0.305300,0.027200,0.090100,0.046000,0.076900,0.010800,0.036896,0.011200,0.009792,0.010272,0.001216,1,4,48,4,1
2109,0.251000,0.303700,0.027200,0.090000,0.045900,0.075900,0.011600,0.037024,0.011104,0.009376,0.010272,0.001216,1,4,48,4,1
2110,0.248000,0.303600,0.026900,0.089700,0.045400,0.080900,0.004500,0.036768,0.011168,0.009696,0.010240,0.001216,1,4,48,4,1
2111,0.250800,0.301000,0.027400,0.089600,0.045300,0.083900,0.004300,0.036544,0.011264,0.009376,0.010336,0.001216,1,4,48,4,1
2112,0.250300,0.303400,0.027200,0.090100,0.045800,0.076100,0.010800,0.036640,0.012256,0.009472,0.010464,0.001280,1,4,48,4,1
2113,0.255400,0.303800,0.027200,0.096000,0.045300,0.076300,0.010300,0.036480,0.012256,0.009408,0.010400,0.001280,1,4,48,4,1
2114,0.251500,0.308100,0.027300,0.090300,0.045600,0.083900,0.004100,0.036448,0.011200,0.009280,0.010336,0.001216,1,4,48,4,1
2115,0.248400,0.304100,0.027200,0.089300,0.045200,0.081700,0.004600,0.036448,0.011168,0.009344,0.010304,0.001216,1,4,48,4,1
2116,0.250300,0.301100,0.026800,0.090100,0.045400,0.083700,0.003900,0.036768,0.011232,0.009568,0.010272,0.001280,1,4,48,4,1
2117,0.248900,0.303100,0.027300,0.089500,0.045300,0.075600,0.010800,0.036768,0.012288,0.009536,0.010368,0.001312,1,4,48,4,1
2118,0.277500,0.301100,0.027100,0.089900,0.045800,0.108900,0.005300,0.037024,0.011232,0.009536,0.010272,0.001184,1,4,48,4,1
2119,0.270300,0.330300,0.027400,0.099900,0.046200,0.089000,0.007400,0.036416,0.013728,0.009408,0.010400,0.001248,1,4,48,4,1
2120,0.250100,0.322700,0.027100,0.089900,0.045600,0.082000,0.005000,0.036384,0.012224,0.009376,0.010432,0.001216,1,4,48,4,1
2121,0.253800,0.302900,0.027200,0.090100,0.045900,0.077000,0.013300,0.036608,0.011232,0.009440,0.010272,0.001184,1,4,48,4,1
2122,0.250900,0.306600,0.027000,0.089700,0.045600,0.083900,0.004100,0.036480,0.011296,0.009280,0.010272,0.001216,1,4,48,4,1
2123,0.251200,0.303400,0.027200,0.090300,0.045500,0.083800,0.003900,0.036416,0.011200,0.009376,0.010240,0.001184,1,4,48,4,1
2124,0.248700,0.304000,0.027100,0.089300,0.044800,0.076000,0.011200,0.038496,0.011264,0.009472,0.010464,0.001216,1,4,48,4,1
2125,0.249700,0.301300,0.027200,0.089900,0.045600,0.075900,0.010500,0.036416,0.011168,0.009312,0.010272,0.001216,1,4,48,4,1
2126,0.257100,0.302100,0.027300,0.095800,0.045600,0.076300,0.011600,0.038720,0.011200,0.009568,0.010432,0.001216,1,4,48,4,1
2127,0.251000,0.309500,0.027300,0.089900,0.045400,0.083700,0.004000,0.036576,0.011264,0.009376,0.010272,0.001248,1,4,48,4,1
2128,0.260500,0.303600,0.026900,0.100100,0.045500,0.076300,0.011300,0.036608,0.013760,0.009440,0.010400,0.001216,1,4,48,4,1
2129,0.249200,0.313200,0.027100,0.089500,0.045300,0.076100,0.010800,0.036576,0.011264,0.009440,0.010304,0.001184,1,4,48,4,1
2130,0.248400,0.301900,0.027400,0.089700,0.045200,0.081200,0.004400,0.036736,0.011296,0.009600,0.010272,0.001184,1,4,48,4,1
2131,0.248900,0.301100,0.027200,0.089400,0.045400,0.075700,0.010900,0.036416,0.011264,0.009344,0.010240,0.001216,1,4,48,4,1
2132,0.253600,0.301700,0.027000,0.090400,0.045200,0.085300,0.005300,0.036704,0.011232,0.009504,0.010304,0.001248,1,4,48,4,1
2133,0.252100,0.306600,0.027800,0.091000,0.045200,0.075800,0.011800,0.038496,0.011264,0.009248,0.010464,0.001216,1,4,48,4,1
2134,0.248200,0.304500,0.027200,0.089700,0.045500,0.081000,0.004400,0.036576,0.011232,0.009376,0.010304,0.001216,1,4,48,4,1
2135,0.248100,0.300400,0.027300,0.089200,0.045100,0.081300,0.004600,0.036544,0.011264,0.009312,0.010240,0.001280,1,4,48,4,1
2136,0.252500,0.300700,0.027000,0.089400,0.045700,0.076200,0.013800,0.038016,0.013760,0.009376,0.010208,0.001216,1,4,48,4,1
2137,0.243800,0.304800,0.027200,0.090100,0.045100,0.075900,0.005200,0.036320,0.011168,0.009280,0.010272,0.001184,1,4,48,4,1
2138,0.259900,0.296400,0.027000,0.099700,0.052200,0.075600,0.005100,0.037152,0.011168,0.009504,0.010240,0.001216,1,4,48,4,1
2139,0.258600,0.312400,0.027300,0.095700,0.045600,0.075700,0.013900,0.036544,0.011296,0.009440,0.010240,0.001184,1,4,48,4,1
2140,0.249200,0.311100,0.027100,0.089400,0.045500,0.075500,0.011200,0.036928,0.011264,0.009696,0.010336,0.001216,1,4,48,4,1
2141,0.250500,0.301600,0.027200,0.089200,0.045500,0.084200,0.003900,0.036480,0.011264,0.009312,0.010336,0.001216,1,4,48,4,1
2142,0.248000,0.303100,0.027000,0.089500,0.045200,0.075600,0.010400,0.036576,0.011232,0.009344,0.010336,0.001216,1,4,48,4,1
2143,0.249900,0.300900,0.027200,0.089400,0.045300,0.076000,0.011400,0.036416,0.011264,0.009248,0.010304,0.001216,1,4,48,4,1
2144,0.249800,0.302400,0.026900,0.089600,0.045400,0.075600,0.011900,0.036640,0.013792,0.009568,0.010368,0.001216,1,4,48,4,1
2145,0.249300,0.302900,0.027000,0.089400,0.045100,0.076100,0.011200,0.036608,0.013760,0.009472,0.010432,0.001184,1,4,48,4,1
2146,0.250400,0.306900,0.027100,0.090400,0.045000,0.075500,0.012000,0.038560,0.011104,0.009536,0.010368,0.001248,1,4,48,4,1
2147,0.249100,0.303500,0.027400,0.089700,0.045700,0.081400,0.004400,0.036416,0.011200,0.009216,0.010304,0.001280,1,4,48,4,1
2148,0.248700,0.301500,0.027000,0.089400,0.045000,0.076100,0.010700,0.036832,0.013760,0.009600,0.010464,0.001280,1,4,48,4,1
2149,0.244200,0.301300,0.027200,0.089500,0.045900,0.076200,0.005100,0.036480,0.011200,0.009344,0.010272,0.001280,1,4,48,4,1
2150,0.500100,0.387900,0.043500,0.154700,0.072100,0.223100,0.006100,0.037056,0.011232,0.009312,0.010304,0.001216,1,4,48,4,1
2151,0.270700,0.557800,0.028400,0.096200,0.047900,0.079200,0.018600,0.036896,0.011264,0.009376,0.010304,0.001248,1,4,48,4,1
2152,0.256700,0.323700,0.027600,0.092400,0.046600,0.083400,0.006200,0.036480,0.011200,0.009408,0.010272,0.001216,1,4,48,4,1
