frame_id,frame_ms,frame_interval_ms,prepare_cpu_ms,record_cpu_ms,submit_cpu_ms,present_cpu_ms,sync_cpu_ms,gpu_ms,mesh_gpu_ms,lighting_gpu_ms,sky_gpu_ms,ui_gpu_ms,mesh_draw_calls,primitive_instances,triangles,point_lights,queue_submissions
627,0.243400,0.295500,0.035300,0.075400,0.042400,0.076100,0.013700,0.021472,0.003008,,0.011072,0.001152,1,4,48,0,1
628,0.249500,0.294000,0.035300,0.074300,0.049800,0.077600,0.012100,0.019232,0.003168,,0.010560,0.001152,1,4,48,0,1
629,0.241500,0.301300,0.035100,0.074700,0.043000,0.075600,0.012800,0.019008,0.002912,,0.013088,0.001152,1,4,48,0,1
630,0.242300,0.292400,0.034800,0.074800,0.043000,0.076200,0.013000,0.021568,0.003072,,0.011424,0.001152,1,4,48,0,1
631,0.244800,0.293100,0.035200,0.075000,0.043300,0.085100,0.005900,0.018976,0.003168,,0.010368,0.001120,1,4,48,0,1
632,0.240000,0.296000,0.034800,0.074900,0.042100,0.084300,0.003500,0.019520,0.003200,,0.012992,0.001184,1,4,48,0,1
633,0.232900,0.291600,0.035700,0.074500,0.042200,0.075200,0.004800,0.021856,0.003072,,0.011328,0.001120,1,4,48,0,1
634,0.239400,0.284000,0.035000,0.074500,0.042300,0.083600,0.003600,0.019360,0.003072,,0.013120,0.001152,1,4,48,0,1
635,0.247300,0.290600,0.035200,0.081700,0.042100,0.084200,0.003800,0.018624,0.003136,,0.010592,0.001152,1,4,48,0,1
636,0.240200,0.298800,0.035000,0.074000,0.042000,0.075900,0.012700,0.021952,0.003232,,0.012576,0.001184,1,4,48,0,1
637,0.240300,0.291200,0.035500,0.074300,0.042400,0.076600,0.011000,0.021984,0.003360,,0.011456,0.001120,1,4,48,0,1
638,0.237800,0.291300,0.035000,0.074300,0.042200,0.075700,0.010100,0.019008,0.003424,,0.010144,0.001152,1,4,48,0,1
639,0.241600,0.288900,0.034900,0.074200,0.042600,0.075600,0.013800,0.019008,0.003136,,0.010368,0.001120,1,4,48,0,1
640,0.239000,0.298900,0.035100,0.075000,0.042200,0.075800,0.010600,0.018720,0.003232,,0.010912,0.001152,1,4,48,0,1
641,0.242500,0.289900,0.035000,0.074000,0.042800,0.084600,0.005700,0.020832,0.003040,,0.013024,0.001152,1,4,48,0,1
642,0.243400,0.293800,0.035200,0.081200,0.042200,0.078000,0.006300,0.019872,0.003200,,0.010464,0.001152,1,4,48,0,1
643,0.232400,0.294500,0.034900,0.074400,0.041600,0.075200,0.005700,0.019104,0.003136,,0.010432,0.001152,1,4,48,0,1
644,0.244000,0.283600,0.034800,0.074900,0.042400,0.085300,0.006200,0.018304,0.002880,,0.010720,0.001184,1,4,48,0,1
645,0.242300,0.295100,0.035100,0.074300,0.042700,0.084000,0.005900,0.019040,0.003168,,0.010336,0.001152,1,4,48,0,1
646,0.232100,0.293500,0.034800,0.074100,0.042200,0.076100,0.004500,0.021920,0.003200,,0.012576,0.001152,1,4,48,0,1
647,0.277800,0.301100,0.045300,0.092700,0.047200,0.087900,0.004400,0.019488,0.003040,,0.010528,0.001152,1,4,48,0,1
648,0.240900,0.329200,0.035400,0.076200,0.042900,0.079200,0.006900,0.020032,0.003232,,0.013856,0.001152,1,4,48,0,1
649,0.241000,0.297400,0.035600,0.075500,0.042400,0.080500,0.006700,0.019872,0.003072,,0.013888,0.001152,1,4,48,0,1
650,0.239800,0.292700,0.035400,0.075100,0.041800,0.080400,0.006800,0.021152,0.003040,,0.012192,0.001152,1,4,48,0,1
651,0.237000,0.295300,0.035300,0.074900,0.042600,0.077500,0.006200,0.019360,0.003040,,0.010400,0.001184,1,4,48,0,1
652,0.232200,0.288000,0.035000,0.074100,0.042200,0.075200,0.005200,0.019392,0.003104,,0.012960,0.001184,1,4,48,0,1
653,0.231900,0.283400,0.034900,0.074100,0.042600,0.074800,0.005000,0.019296,0.003104,,0.012992,0.001152,1,4,48,0,1
654,0.243600,0.283100,0.034800,0.075100,0.042500,0.081800,0.009100,0.019296,0.003008,,0.013120,0.001184,1,4,48,0,1
655,0.244200,0.294700,0.035000,0.074800,0.041700,0.083700,0.008500,0.019072,0.003040,,0.010464,0.001184,1,4,48,0,1
656,0.244900,0.295500,0.035200,0.075000,0.041800,0.075800,0.016500,0.019648,0.002976,,0.010496,0.001152,1,4,48,0,1
657,0.241800,0.296200,0.035100,0.074300,0.041500,0.082100,0.008500,0.019616,0.003040,,0.010336,0.001120,1,4,48,0,1
658,0.241800,0.292700,0.034800,0.075100,0.042000,0.076300,0.013300,0.019616,0.003136,,0.010240,0.001120,1,4,48,0,1
659,0.240100,0.293000,0.035200,0.074100,0.042500,0.075800,0.012000,0.019872,0.002944,,0.013856,0.001184,1,4,48,0,1
660,0.247100,0.291500,0.035900,0.074200,0.043100,0.086800,0.006600,0.018944,0.003360,,0.010656,0.001152,1,4,48,0,1
661,0.240000,0.298400,0.035700,0.074800,0.041500,0.079800,0.007700,0.019360,0.003008,,0.010400,0.001184,1,4,48,0,1
662,0.238000,0.291000,0.034900,0.074400,0.041600,0.081100,0.005400,0.019616,0.003104,,0.010336,0.001088,1,4,48,0,1
663,0.246200,0.289600,0.035500,0.074700,0.042600,0.076300,0.016700,0.019840,0.002976,,0.012416,0.001152,1,4,48,0,1
664,0.232300,0.297200,0.035100,0.074800,0.042300,0.075500,0.004300,0.019456,0.003392,,0.013056,0.001088,1,4,48,0,1
665,0.241900,0.283400,0.035500,0.074800,0.042100,0.085300,0.003600,0.020576,0.002944,,0.011776,0.001152,1,4,48,0,1
666,0.233100,0.304400,0.035000,0.074400,0.041800,0.075300,0.006100,0.019040,0.003072,,0.010432,0.001152,1,4,48,0,1
667,0.232300,0.284200,0.035000,0.074500,0.042300,0.074700,0.005400,0.019552,0.003008,,0.010336,0.001120,1,4,48,0,1
668,0.247900,0.283300,0.039000,0.074800,0.043100,0.075900,0.014700,0.018624,0.003168,,0.010816,0.001152,1,4,48,0,1
669,0.248100,0.299400,0.035500,0.075100,0.048300,0.080600,0.008300,0.021184,0.002880,,0.012192,0.001184,1,4,48,0,1
670,0.243800,0.299900,0.038900,0.076000,0.041700,0.080000,0.006900,0.020224,0.003328,,0.013824,0.001184,1,4,48,0,1
671,0.237500,0.294900,0.035200,0.075000,0.046300,0.075200,0.005400,0.019200,0.003040,,0.013056,0.001152,1,4,48,0,1
672,0.237400,0.289500,0.035700,0.075400,0.043400,0.076600,0.005800,0.020032,0.003232,,0.010496,0.001152,1,4,48,0,1
673,0.234900,0.289300,0.035500,0.075400,0.043200,0.074900,0.005300,0.020000,0.003104,,0.013952,0.001152,1,4,48,0,1
674,0.243100,0.287000,0.035800,0.076000,0.042700,0.081100,0.007100,0.019040,0.003040,,0.010432,0.001184,1,4,48,0,1
675,0.247400,0.295300,0.036000,0.076200,0.042900,0.075200,0.016500,0.019616,0.002912,,0.010496,0.001184,1,4,48,0,1
676,0.243400,0.299500,0.035500,0.082000,0.042800,0.076300,0.006200,0.020160,0.003264,,0.013920,0.001088,1,4,48,0,1
677,0.236000,0.295300,0.035900,0.075700,0.043000,0.075700,0.005200,0.019264,0.003072,,0.012992,0.001120,1,4,48,0,1
678,0.241700,0.288100,0.035600,0.082500,0.041800,0.074600,0.006700,0.019744,0.002976,,0.013856,0.001152,1,4,48,0,1
679,0.234700,0.293200,0.035700,0.074800,0.042500,0.075900,0.005300,0.019680,0.003168,,0.010272,0.001184,1,4,48,0,1
680,0.244700,0.286100,0.035100,0.075200,0.042100,0.086200,0.005600,0.019808,0.003392,,0.010048,0.001088,1,4,48,0,1
681,0.233600,0.296600,0.035300,0.074700,0.042500,0.075300,0.005300,0.018976,0.003008,,0.010528,0.001088,1,4,48,0,1
682,0.234000,0.284900,0.035100,0.075400,0.042400,0.075700,0.005100,0.019072,0.003040,,0.010496,0.001152,1,4,48,0,1
683,0.247100,0.286000,0.035300,0.081800,0.042700,0.080300,0.006500,0.018720,0.003264,,0.010848,0.001152,1,4,48,0,1
684,0.240800,0.298800,0.035500,0.074900,0.042000,0.082200,0.005700,0.019232,0.003008,,0.010400,0.001152,1,4,48,0,1
685,0.244800,0.292100,0.035400,0.075000,0.042600,0.075900,0.015500,0.021536,0.003008,,0.012512,0.001120,1,4,48,0,1
686,0.245600,0.296500,0.035600,0.075000,0.042600,0.087100,0.005000,0.018528,0.003008,,0.010272,0.001120,1,4,48,0,1
687,0.241800,0.297200,0.035100,0.074900,0.042200,0.075900,0.013100,0.018944,0.002944,,0.010464,0.001120,1,4,48,0,1
688,0.233000,0.293300,0.035100,0.074600,0.042300,0.075600,0.004900,0.019328,0.003072,,0.010368,0.001152,1,4,48,0,1
689,0.243400,0.284700,0.035700,0.074600,0.043000,0.083100,0.006600,0.019104,0.003072,,0.010496,0.001184,1,4,48,0,1
690,0.239800,0.299900,0.035400,0.075300,0.042100,0.082100,0.004400,0.019040,0.003008,,0.010464,0.001184,1,4,48,0,1
691,0.302900,0.291300,0.035400,0.123100,0.042500,0.095400,0.006000,0.019360,0.003424,,0.010496,0.001088,1,4,48,0,1
692,0.237900,0.354500,0.035300,0.075100,0.042200,0.081400,0.003500,0.019648,0.003296,,0.010784,0.001120,1,4,48,0,1
693,0.242400,0.289400,0.035800,0.074600,0.042300,0.085700,0.003600,0.019328,0.003232,,0.013056,0.001184,1,4,48,0,1
694,0.242300,0.294200,0.035100,0.075300,0.042700,0.076300,0.012400,0.018912,0.002976,,0.010432,0.001120,1,4,48,0,1
695,0.245800,0.294000,0.035300,0.074700,0.042700,0.076300,0.016200,0.021792,0.003168,,0.011072,0.001184,1,4,48,0,1
696,0.240200,0.297600,0.035400,0.074600,0.042500,0.082000,0.005200,0.019936,0.003008,,0.013984,0.001184,1,4,48,0,1
697,0.247400,0.292100,0.035500,0.075600,0.042800,0.076300,0.016700,0.018912,0.003136,,0.010304,0.001120,1,4,48,0,1
698,0.277000,0.330100,0.050200,0.085300,0.047900,0.085900,0.007200,0.019616,0.002944,,0.010368,0.001152,1,4,48,0,1
699,0.352700,0.329500,0.035800,0.077100,0.148000,0.079900,0.011500,0.019360,0.003168,,0.013184,0.001184,1,4,48,0,1
700,0.258300,0.405000,0.035600,0.077200,0.043500,0.096200,0.005200,0.019360,0.003136,,0.010528,0.001152,1,4,48,0,1
701,0.250100,0.310000,0.035600,0.076500,0.047800,0.077300,0.012700,0.019712,0.003104,,0.010304,0.001120,1,4,48,0,1
702,0.235400,0.301300,0.035000,0.075500,0.043000,0.076100,0.005300,0.020928,0.003008,,0.012992,0.001184,1,4,48,0,1
703,0.244100,0.286900,0.035600,0.075200,0.042900,0.086300,0.003700,0.019488,0.003040,,0.010464,0.001152,1,4,48,0,1
704,0.234900,0.295500,0.035200,0.075400,0.042000,0.076800,0.005100,0.019200,0.003264,,0.010464,0.001088,1,4,48,0,1
705,0.242900,0.286600,0.035600,0.074900,0.042600,0.079900,0.009400,0.019072,0.002976,,0.010560,0.001184,1,4,48,0,1
706,0.241700,0.294100,0.035200,0.076000,0.042900,0.082300,0.004800,0.021984,0.003040,,0.011360,0.001152,1,4,48,0,1
707,0.236200,0.293100,0.035600,0.075100,0.042500,0.077800,0.004800,0.018464,0.003040,,0.012512,0.001152,1,4,48,0,1
708,0.250900,0.287700,0.035400,0.078900,0.042800,0.075500,0.017800,0.019200,0.003040,,0.010624,0.001152,1,4,48,0,1
709,0.247500,0.302700,0.035400,0.075100,0.042300,0.085000,0.009400,0.019584,0.002944,,0.010400,0.001120,1,4,48,0,1
710,0.249500,0.299000,0.039300,0.075600,0.042300,0.074100,0.017600,0.019968,0.003168,,0.013856,0.001152,1,4,48,0,1
711,0.274500,0.301100,0.035300,0.100500,0.050000,0.081700,0.006700,0.020000,0.003104,,0.013856,0.001120,1,4,48,0,1
712,0.243900,0.326500,0.035700,0.076500,0.048200,0.076900,0.006100,0.018848,0.003232,,0.010400,0.001152,1,4,48,0,1
713,0.240000,0.295800,0.035600,0.076000,0.042600,0.080100,0.005200,0.019968,0.003072,,0.013920,0.001184,1,4,48,0,1
714,0.241700,0.292100,0.035100,0.075700,0.042700,0.081200,0.006500,0.019328,0.002944,,0.010528,0.001152,1,4,48,0,1
715,0.234600,0.297300,0.035300,0.075600,0.043100,0.075300,0.005000,0.019200,0.002976,,0.012960,0.001152,1,4,48,0,1
716,0.233600,0.286000,0.035200,0.075200,0.042400,0.075400,0.004800,0.019648,0.003200,,0.012128,0.001152,1,4,48,0,1
717,0.245800,0.285100,0.040700,0.078700,0.042600,0.076300,0.007100,0.019936,0.003232,,0.010464,0.001088,1,4,48,0,1
718,0.236000,0.297200,0.035400,0.075100,0.042900,0.075300,0.006900,0.019104,0.003136,,0.010464,0.001120,1,4,48,0,1
719,0.246700,0.287700,0.035500,0.082500,0.042100,0.079600,0.006700,0.019168,0.003040,,0.012992,0.001152,1,4,48,0,1
720,0.258700,0.298300,0.042600,0.083300,0.045300,0.081500,0.005500,0.019616,0.003008,,0.010368,0.001184,1,4,48,0,1
721,0.235400,0.310300,0.035900,0.075500,0.043200,0.075200,0.005200,0.019808,0.003232,,0.010368,0.001120,1,4,48,0,1
722,0.246400,0.287400,0.035300,0.079700,0.042200,0.081600,0.007400,0.019616,0.003040,,0.010464,0.001152,1,4,48,0,1
723,0.299400,0.301600,0.047700,0.097200,0.053000,0.093100,0.008100,0.018944,0.003136,,0.010336,0.001120,1,4,48,0,1
724,0.261400,0.365500,0.047500,0.083900,0.045100,0.078900,0.005500,0.021504,0.003040,,0.012448,0.001120,1,4,48,0,1
725,0.240800,0.314600,0.035500,0.075900,0.042800,0.081000,0.005200,0.021664,0.003008,,0.011136,0.001152,1,4,48,0,1
726,0.242300,0.292200,0.035300,0.075500,0.043100,0.084000,0.004000,0.021760,0.003040,,0.012576,0.001152,1,4,48,0,1
727,0.242500,0.293800,0.035400,0.079600,0.043200,0.076800,0.007100,0.018624,0.003072,,0.010944,0.001120,1,4,48,0,1
728,0.242400,0.293900,0.035200,0.075300,0.044600,0.076700,0.010200,0.018848,0.003072,,0.010432,0.001120,1,4,48,0,1
729,0.237500,0.293700,0.034900,0.075000,0.042300,0.080500,0.004300,0.021728,0.003104,,0.011072,0.001088,1,4,48,0,1
730,0.249800,0.288800,0.035100,0.075500,0.042800,0.089500,0.006500,0.020000,0.003136,,0.013856,0.001120,1,4,48,0,1
731,0.236800,0.301200,0.035700,0.074800,0.041800,0.077900,0.006100,0.019680,0.003008,,0.013920,0.001152,1,4,48,0,1
732,0.240000,0.288200,0.035100,0.074900,0.042500,0.081900,0.005200,0.019008,0.002976,,0.010496,0.001152,1,4,48,0,1
733,0.244800,0.292500,0.035500,0.074500,0.042300,0.074500,0.017400,0.019104,0.003136,,0.010496,0.001120,1,4,48,0,1
734,0.244200,0.296100,0.035000,0.075000,0.042100,0.075900,0.015800,0.019904,0.003136,,0.010176,0.001152,1,4,48,0,1
735,0.236500,0.295500,0.035500,0.074800,0.042500,0.077200,0.006000,0.019488,0.003008,,0.010368,0.001120,1,4,48,0,1
736,0.244600,0.287600,0.035000,0.074900,0.042200,0.087000,0.004900,0.018592,0.003168,,0.010848,0.001152,1,4,48,0,1
737,0.240600,0.295800,0.035300,0.074600,0.042900,0.075800,0.011600,0.019040,0.003072,,0.010464,0.001120,1,4,48,0,1
738,0.237400,0.291800,0.035000,0.074500,0.042700,0.081200,0.003700,0.019360,0.003168,,0.013152,0.001120,1,4,48,0,1
739,0.246200,0.289300,0.041500,0.074600,0.049000,0.075800,0.004800,0.021472,0.003008,,0.011200,0.001184,1,4,48,0,1
740,0.237000,0.297600,0.035400,0.075100,0.041000,0.081600,0.003600,0.019104,0.003008,,0.010400,0.001120,1,4,48,0,1
741,0.250100,0.288500,0.035200,0.083200,0.042500,0.080500,0.008200,0.019200,0.003072,,0.010368,0.001184,1,4,48,0,1
742,0.239100,0.303700,0.035100,0.076500,0.043200,0.077400,0.006500,0.019680,0.003424,,0.010400,0.001152,1,4,48,0,1
743,0.235900,0.290700,0.035400,0.075300,0.042700,0.075900,0.006100,0.018656,0.003008,,0.010272,0.001152,1,4,48,0,1
744,0.297400,0.287700,0.035400,0.074700,0.022600,0.161700,0.002400,0.020032,0.003104,,0.013888,0.001184,1,4,48,0,1
745,0.302200,0.350300,0.036900,0.112400,0.052600,0.083100,0.016800,0.018496,0.003008,,0.010880,0.001152,1,4,48,0,1
746,0.251000,0.354000,0.035800,0.079100,0.043400,0.086900,0.005300,0.019584,0.003072,,0.010496,0.001152,1,4,48,0,1
747,0.251100,0.302700,0.035600,0.077200,0.043800,0.088100,0.006000,0.018912,0.003072,,0.010304,0.001152,1,4,48,0,1
748,0.235800,0.302600,0.035000,0.075900,0.043100,0.076500,0.004800,0.020608,0.003104,,0.011456,0.001152,1,4,48,0,1
749,0.244600,0.287000,0.035500,0.076400,0.042800,0.085700,0.003900,0.018816,0.003072,,0.010272,0.001120,1,4,48,0,1
750,0.365300,0.295800,0.035000,0.153400,0.062700,0.107000,0.006600,0.019456,0.003040,,0.010208,0.001120,1,4,48,0,1
751,0.316400,0.433600,0.044600,0.097700,0.056900,0.097500,0.018900,0.018528,0.003072,,0.012576,0.001120,1,4,48,0,1
752,0.302000,0.382300,0.044100,0.094100,0.054600,0.101200,0.007500,0.018976,0.003040,,0.010400,0.001120,1,4,48,0,1
753,0.296200,0.367000,0.043500,0.093400,0.053300,0.098200,0.007300,0.019712,0.003104,,0.010464,0.001120,1,4,48,0,1
754,0.311600,0.364400,0.044100,0.093100,0.053500,0.114800,0.005700,0.018560,0.003072,,0.010848,0.001184,1,4,48,0,1
755,0.277400,0.366900,0.037700,0.084700,0.048800,0.086200,0.019500,0.020960,0.003360,,0.011776,0.001184,1,4,48,0,1
756,0.260800,0.331300,0.036100,0.080200,0.046400,0.093700,0.003700,0.018880,0.003008,,0.010432,0.001184,1,4,48,0,1
757,0.252200,0.313200,0.035800,0.077500,0.044900,0.078800,0.014500,0.018560,0.003040,,0.010752,0.001184,1,4,48,0,1
758,0.249000,0.304900,0.036600,0.077400,0.044700,0.083700,0.006200,0.018880,0.003360,,0.010432,0.001088,1,4,48,0,1
759,0.263900,0.300600,0.035900,0.076200,0.044300,0.098900,0.008200,0.021504,0.002912,,0.011136,0.001184,1,4,48,0,1
760,0.287300,0.315800,0.035700,0.106200,0.048700,0.092200,0.003900,0.018560,0.003008,,0.010400,0.001120,1,4,48,0,1
761,0.276100,0.342100,0.037300,0.080000,0.044700,0.102700,0.010900,0.020064,0.003264,,0.010496,0.001088,1,4,48,0,1
762,0.255700,0.328800,0.035900,0.077600,0.043700,0.091800,0.006200,0.018944,0.003008,,0.010432,0.001120,1,4,48,0,1
763,0.247400,0.313100,0.040500,0.079200,0.044400,0.079300,0.003600,0.018976,0.003008,,0.010432,0.001184,1,4,48,0,1
764,0.254000,0.299800,0.035500,0.077000,0.043400,0.091600,0.006000,0.019776,0.002944,,0.013920,0.001152,1,4,48,0,1
765,0.314900,0.305800,0.035700,0.076600,0.043100,0.151900,0.007300,0.018752,0.002976,,0.010432,0.001152,1,4,48,0,1
766,0.261900,0.368500,0.036600,0.084900,0.045900,0.090300,0.003800,0.020128,0.003232,,0.013920,0.001184,1,4,48,0,1
767,0.240400,0.314300,0.035600,0.077000,0.044000,0.078600,0.004700,0.018912,0.002944,,0.010368,0.001152,1,4,48,0,1
768,0.239100,0.292100,0.036100,0.075400,0.043600,0.078300,0.005200,0.019200,0.002912,,0.012960,0.001184,1,4,48,0,1
769,0.254600,0.291100,0.035500,0.076200,0.043800,0.092600,0.006200,0.018912,0.002912,,0.010560,0.001056,1,4,48,0,1
770,0.242400,0.306500,0.035900,0.075500,0.044000,0.080200,0.006200,0.019232,0.003136,,0.010400,0.001088,1,4,48,0,1
771,0.284500,0.293800,0.035500,0.075400,0.043300,0.124800,0.004600,0.021664,0.003008,,0.012480,0.001152,1,4,48,0,1
772,0.256700,0.338100,0.036800,0.079400,0.043700,0.079700,0.016500,0.019040,0.003104,,0.010368,0.001152,1,4,48,0,1
773,0.245900,0.309000,0.035800,0.076700,0.043300,0.078700,0.011000,0.019200,0.003008,,0.013120,0.001152,1,4,48,0,1
774,0.240600,0.297600,0.035300,0.076100,0.043200,0.078900,0.006700,0.019104,0.003072,,0.010560,0.001088,1,4,48,0,1
775,0.242200,0.292200,0.035400,0.076000,0.042900,0.077300,0.010200,0.018976,0.003008,,0.010432,0.001120,1,4,48,0,1
776,0.241400,0.293400,0.035000,0.079600,0.043200,0.079800,0.003300,0.019072,0.003264,,0.010304,0.001120,1,4,48,0,1
777,0.354300,0.292700,0.035500,0.083400,0.042500,0.186900,0.005500,0.020064,0.003200,,0.013888,0.001152,1,4,48,0,1
778,0.237500,0.405700,0.035000,0.075100,0.042400,0.078800,0.005700,0.018656,0.003008,,0.010400,0.001184,1,4,48,0,1
779,0.240800,0.288800,0.035300,0.079200,0.042600,0.077800,0.005400,0.018560,0.003136,,0.010976,0.001120,1,4,48,0,1
780,0.236500,0.292400,0.035400,0.074900,0.042000,0.077100,0.006600,0.021536,0.002944,,0.011104,0.001184,1,4,48,0,1
781,0.259800,0.287700,0.035400,0.088400,0.042700,0.089300,0.003600,0.019136,0.003104,,0.010464,0.001184,1,4,48,0,1
782,0.233000,0.311600,0.035600,0.074800,0.041700,0.075300,0.005200,0.019392,0.003136,,0.013056,0.001152,1,4,48,0,1
783,0.247900,0.284600,0.035400,0.074600,0.043200,0.090800,0.003600,0.019168,0.003104,,0.010528,0.001152,1,4,48,0,1
784,0.243700,0.299600,0.035000,0.074400,0.049500,0.077900,0.006500,0.019744,0.003168,,0.010528,0.001184,1,4,48,0,1
785,0.241800,0.295000,0.035300,0.075400,0.043100,0.081300,0.006300,0.018720,0.003232,,0.012544,0.001120,1,4,48,0,1
786,0.239000,0.292800,0.035500,0.074100,0.042300,0.081300,0.005400,0.018976,0.003040,,0.010400,0.001120,1,4,48,0,1
787,0.255400,0.290300,0.034900,0.074500,0.042200,0.098200,0.005100,0.021568,0.002976,,0.011072,0.001184,1,4,48,0,1
788,0.233400,0.313200,0.035100,0.075400,0.042600,0.074900,0.005100,0.020160,0.003296,,0.010560,0.001120,1,4,48,0,1
789,0.243600,0.284900,0.035400,0.074500,0.046100,0.081200,0.006100,0.018880,0.002816,,0.010528,0.001152,1,4,48,0,1
790,0.246200,0.294600,0.035100,0.073800,0.047800,0.085100,0.003900,0.021536,0.002976,,0.011104,0.001152,1,4,48,0,1
791,0.238800,0.297500,0.035300,0.074000,0.042000,0.082400,0.004800,0.018944,0.002976,,0.010432,0.001184,1,4,48,0,1
792,0.239700,0.289900,0.035100,0.074500,0.042800,0.076000,0.011000,0.021888,0.002976,,0.011456,0.001152,1,4,48,0,1
793,0.239400,0.291000,0.034900,0.074100,0.042600,0.083900,0.003600,0.020064,0.003200,,0.013920,0.001152,1,4,48,0,1
794,0.239000,0.290500,0.034900,0.073800,0.042000,0.084000,0.003800,0.019872,0.003104,,0.013888,0.001088,1,4,48,0,1
795,0.240200,0.290100,0.034900,0.074800,0.042200,0.075700,0.012100,0.019072,0.003040,,0.010528,0.001152,1,4,48,0,1
796,0.242900,0.291400,0.035100,0.074200,0.041600,0.075000,0.016500,0.018464,0.003104,,0.012512,0.001088,1,4,48,0,1
797,0.252300,0.294100,0.035100,0.081400,0.041800,0.082700,0.010900,0.019424,0.002944,,0.010240,0.001152,1,4,48,0,1
798,0.295000,0.303600,0.038900,0.113700,0.050600,0.084100,0.007100,0.019424,0.003328,,0.010336,0.001152,1,4,48,0,1
799,0.246400,0.346200,0.036500,0.075500,0.043200,0.084000,0.006900,0.019136,0.003040,,0.010560,0.001152,1,4,48,0,1
800,0.256200,0.297400,0.038900,0.075000,0.042200,0.080300,0.019100,0.019232,0.003104,,0.013120,0.001152,1,4,48,0,1
801,0.271600,0.307900,0.035300,0.074900,0.043500,0.112900,0.004700,0.021504,0.003200,,0.011040,0.001152,1,4,48,0,1
802,0.244000,0.322900,0.035400,0.076200,0.043200,0.083800,0.005100,0.019584,0.003296,,0.010400,0.001184,1,4,48,0,1
803,0.242800,0.295100,0.035300,0.075300,0.042000,0.084400,0.005400,0.019136,0.003072,,0.010560,0.001152,1,4,48,0,1
804,0.241400,0.293800,0.035000,0.074800,0.042300,0.084900,0.004100,0.019264,0.003232,,0.013088,0.001152,1,4,48,0,1
805,0.244100,0.294800,0.035900,0.075300,0.042400,0.083600,0.006400,0.019584,0.003008,,0.010304,0.001184,1,4,48,0,1
806,0.241700,0.294900,0.035200,0.077300,0.043000,0.079500,0.006300,0.019488,0.002912,,0.010304,0.001152,1,4,48,0,1
807,0.242600,0.293000,0.035700,0.076500,0.043500,0.080700,0.005700,0.019648,0.002976,,0.009984,0.001152,1,4,48,0,1
808,0.243800,0.293800,0.035200,0.075500,0.042300,0.075000,0.015400,0.020032,0.003072,,0.013920,0.001152,1,4,48,0,1
809,0.233700,0.294900,0.034800,0.074900,0.043100,0.075300,0.005100,0.019904,0.003040,,0.013952,0.001152,1,4,48,0,1
810,0.238100,0.284900,0.035400,0.074500,0.043300,0.079500,0.005100,0.018944,0.002944,,0.010464,0.001152,1,4,48,0,1
811,0.233700,0.288900,0.035300,0.075200,0.042900,0.074900,0.004700,0.021344,0.003104,,0.011040,0.001152,1,4,48,0,1
812,0.240200,0.285000,0.035400,0.076300,0.042700,0.080500,0.004900,0.018944,0.002944,,0.010528,0.001184,1,4,48,0,1
813,0.235200,0.291000,0.035200,0.074100,0.043200,0.077300,0.005000,0.019360,0.003072,,0.012928,0.001152,1,4,48,0,1
814,0.246200,0.286300,0.035600,0.074600,0.043000,0.081700,0.011000,0.019840,0.002976,,0.013888,0.001152,1,4,48,0,1
815,0.239700,0.297100,0.035100,0.074400,0.042000,0.081700,0.005800,0.019168,0.003136,,0.010464,0.001184,1,4,48,0,1
816,0.238000,0.290600,0.034600,0.074300,0.042500,0.082100,0.004000,0.019072,0.003008,,0.010496,0.001184,1,4,48,0,1
817,0.242000,0.288800,0.035700,0.074500,0.042300,0.076200,0.013000,0.021632,0.002912,,0.012480,0.001184,1,4,48,0,1
818,0.232400,0.293400,0.034800,0.073800,0.041600,0.075200,0.006600,0.021632,0.003008,,0.012352,0.001152,1,4,48,0,1
819,0.239500,0.283600,0.035600,0.074100,0.042400,0.076000,0.010900,0.021792,0.003072,,0.012448,0.001152,1,4,48,0,1
820,0.237400,0.290400,0.034700,0.073900,0.042700,0.080900,0.004800,0.019072,0.003072,,0.010464,0.001152,1,4,48,0,1
821,0.244400,0.288300,0.034900,0.074300,0.048700,0.081100,0.005000,0.019136,0.003264,,0.010336,0.001152,1,4,48,0,1
822,0.242800,0.295700,0.035000,0.074500,0.042500,0.086300,0.004200,0.021728,0.003200,,0.011168,0.001184,1,4,48,0,1
823,0.273100,0.293900,0.034900,0.074900,0.020900,0.135400,0.006300,0.019584,0.002976,,0.010336,0.001120,1,4,48,0,1
824,0.404300,0.353900,0.053700,0.157200,0.068700,0.118600,0.005400,0.018912,0.003136,,0.010336,0.001120,1,4,48,0,1
825,0.334100,0.481800,0.052100,0.111400,0.064600,0.100800,0.004700,0.019136,0.003104,,0.010496,0.001120,1,4,48,0,1
826,0.302600,0.398300,0.043100,0.092900,0.053100,0.108700,0.004200,0.019040,0.003072,,0.010400,0.001184,1,4,48,0,1
827,0.292400,0.366500,0.043600,0.092100,0.053000,0.098400,0.004800,0.018624,0.003168,,0.010624,0.001152,1,4,48,0,1
828,0.269300,0.356000,0.059100,0.074100,0.043300,0.076700,0.015700,0.019456,0.003104,,0.010496,0.001152,1,4,48,0,1
829,0.247400,0.320900,0.035400,0.075400,0.042800,0.087500,0.006000,0.019136,0.003008,,0.010592,0.001152,1,4,48,0,1
830,0.238200,0.298900,0.035400,0.074800,0.042500,0.076400,0.008700,0.018528,0.003136,,0.010784,0.001120,1,4,48,0,1
831,0.239100,0.289700,0.035600,0.075000,0.042300,0.082500,0.003400,0.019424,0.003072,,0.010560,0.001152,1,4,48,0,1
832,0.233400,0.290100,0.034800,0.074100,0.041800,0.076300,0.005900,0.019904,0.003104,,0.013856,0.001152,1,4,48,0,1
833,0.242800,0.284500,0.035600,0.074400,0.042400,0.084800,0.005100,0.019328,0.003456,,0.010496,0.001120,1,4,48,0,1
834,0.253000,0.294100,0.040900,0.075100,0.042700,0.087600,0.006400,0.019904,0.003264,,0.010336,0.001120,1,4,48,0,1
835,0.233600,0.304100,0.035400,0.074800,0.042600,0.075400,0.005000,0.019072,0.003008,,0.010560,0.001120,1,4,48,0,1
836,0.232400,0.284700,0.035000,0.074700,0.041800,0.074600,0.005700,0.021536,0.003136,,0.011392,0.001120,1,4,48,0,1
837,0.269700,0.283400,0.035000,0.104000,0.042000,0.074600,0.013800,0.019328,0.003008,,0.013152,0.001184,1,4,48,0,1
838,0.239500,0.321000,0.035300,0.074400,0.041800,0.076600,0.010800,0.021472,0.003008,,0.012384,0.001152,1,4,48,0,1
839,0.240200,0.290500,0.035200,0.074600,0.042400,0.083700,0.004000,0.021728,0.003072,,0.012512,0.001184,1,4,48,0,1
840,0.238000,0.291500,0.035200,0.074800,0.042100,0.075700,0.005100,0.018592,0.003136,,0.010816,0.001152,1,4,48,0,1
841,0.242700,0.289200,0.035400,0.075000,0.049200,0.077100,0.005600,0.019520,0.003168,,0.010400,0.001120,1,4,48,0,1
842,0.239100,0.294100,0.035000,0.074100,0.041500,0.082500,0.005500,0.019040,0.003008,,0.010496,0.001152,1,4,48,0,1
843,0.235000,0.290800,0.035400,0.075000,0.042200,0.078500,0.003600,0.019904,0.003040,,0.013952,0.001152,1,4,48,0,1
844,0.245700,0.287400,0.035100,0.074500,0.042000,0.075200,0.018300,0.019104,0.003040,,0.010528,0.001152,1,4,48,0,1
845,0.235300,0.296800,0.036900,0.075000,0.039800,0.077100,0.006000,0.021760,0.003168,,0.012416,0.001120,1,4,48,0,1
846,0.247500,0.286400,0.035000,0.074700,0.042000,0.089700,0.005600,0.018528,0.003040,,0.010784,0.001152,1,4,48,0,1
847,0.236800,0.298600,0.035600,0.074900,0.042000,0.079100,0.004800,0.018944,0.003072,,0.010304,0.001184,1,4,48,0,1
848,0.232800,0.288000,0.034900,0.074000,0.042700,0.074400,0.006400,0.019008,0.002976,,0.010496,0.001184,1,4,48,0,1
849,0.235300,0.284200,0.034800,0.074300,0.042000,0.077800,0.005700,0.021568,0.003072,,0.011328,0.001120,1,4,48,0,1
850,0.237200,0.286400,0.034600,0.074100,0.042000,0.074800,0.011000,0.019232,0.003072,,0.010592,0.001152,1,4,48,0,1
851,0.397900,0.288000,0.035000,0.167500,0.065500,0.123500,0.005700,0.018976,0.003008,,0.010400,0.001184,1,4,48,0,1
852,0.267100,0.455000,0.037100,0.087100,0.054800,0.082300,0.005400,0.019616,0.003296,,0.010400,0.001120,1,4,48,0,1
853,0.250400,0.318800,0.035700,0.077100,0.044800,0.086200,0.006100,0.019808,0.003008,,0.013920,0.001120,1,4,48,0,1
854,0.236400,0.301900,0.035400,0.077000,0.043500,0.076200,0.003900,0.018528,0.003008,,0.010240,0.001120,1,4,48,0,1
855,0.247600,0.287700,0.036100,0.075900,0.043700,0.076600,0.014900,0.018592,0.003072,,0.010656,0.001184,1,4,48,0,1
856,0.240700,0.298900,0.034900,0.075500,0.042300,0.076500,0.011100,0.019072,0.003104,,0.010432,0.001152,1,4,48,0,1
857,0.247100,0.291700,0.035000,0.075000,0.042600,0.088200,0.006100,0.019392,0.003168,,0.013056,0.001152,1,4,48,0,1
858,0.240100,0.298400,0.035000,0.074200,0.042700,0.075500,0.012200,0.019008,0.002976,,0.010464,0.001184,1,4,48,0,1
859,0.363300,0.291300,0.035200,0.074400,0.041600,0.206100,0.005300,0.019712,0.003168,,0.010496,0.001152,1,4,48,0,1
860,0.286700,0.418200,0.037100,0.102800,0.047200,0.089600,0.009100,0.019840,0.003008,,0.010464,0.001184,1,4,48,0,1
861,0.196400,0.341800,0.037100,0.078800,0.019400,0.059600,0.001300,0.019968,0.003328,,0.010432,0.001120,1,4,48,0,1
862,0.285900,0.248500,0.040600,0.108000,0.045800,0.086900,0.004400,0.021600,0.002976,,0.011104,0.001152,1,4,48,0,1
863,0.244800,0.338100,0.036000,0.077500,0.043600,0.083700,0.003400,0.021120,0.002976,,0.012160,0.001088,1,4,48,0,1
864,0.266300,0.296800,0.035500,0.076600,0.043500,0.100900,0.009200,0.018560,0.003072,,0.010912,0.001152,1,4,48,0,1
865,0.435400,0.317800,0.036000,0.076000,0.043400,0.275000,0.004500,0.019040,0.003040,,0.010464,0.001184,1,4,48,0,1
866,0.255000,0.487400,0.036000,0.076000,0.049700,0.078500,0.014300,0.019840,0.002944,,0.013888,0.001120,1,4,48,0,1
867,0.245800,0.306900,0.035500,0.075700,0.043900,0.076200,0.014000,0.020032,0.003104,,0.013888,0.001152,1,4,48,0,1
868,0.247000,0.297700,0.035500,0.075900,0.043100,0.085700,0.006500,0.018688,0.003200,,0.010560,0.001152,1,4,48,0,1
869,0.234500,0.298300,0.035200,0.075400,0.042600,0.076200,0.004600,0.021696,0.003200,,0.011200,0.001120,1,4,48,0,1
870,0.241700,0.286100,0.035100,0.074800,0.043100,0.083700,0.004500,0.018720,0.003168,,0.010592,0.001184,1,4,48,0,1
871,0.247300,0.293100,0.035000,0.075600,0.043100,0.087700,0.005100,0.021664,0.003040,,0.012512,0.001152,1,4,48,0,1
872,0.243200,0.298900,0.035400,0.074700,0.042600,0.076500,0.013500,0.018592,0.003136,,0.012512,0.001152,1,4,48,0,1
873,0.244800,0.294300,0.035400,0.075200,0.042400,0.076000,0.015500,0.021760,0.003136,,0.011104,0.001120,1,4,48,0,1
874,0.249300,0.296700,0.035100,0.075300,0.042700,0.074400,0.021200,0.019200,0.002976,,0.010496,0.001152,1,4,48,0,1
875,0.243900,0.300800,0.035800,0.075500,0.042500,0.075100,0.014600,0.019232,0.002976,,0.010496,0.001120,1,4,48,0,1
876,0.233700,0.295400,0.035100,0.074800,0.042000,0.075200,0.006100,0.019168,0.003008,,0.013056,0.001184,1,4,48,0,1
877,0.233900,0.285000,0.035300,0.075000,0.042900,0.075100,0.005000,0.021504,0.003040,,0.011456,0.001152,1,4,48,0,1
878,0.239900,0.285400,0.035000,0.075300,0.048100,0.076100,0.004900,0.021664,0.003072,,0.011104,0.001184,1,4,48,0,1
879,0.241400,0.291700,0.035100,0.075300,0.042200,0.084700,0.003500,0.018624,0.003008,,0.010496,0.001152,1,4,48,0,1
880,0.242500,0.293300,0.035600,0.075200,0.042900,0.082100,0.006400,0.019936,0.003168,,0.013952,0.001152,1,4,48,0,1
881,0.237100,0.293900,0.035100,0.075500,0.042700,0.077200,0.006000,0.019776,0.003008,,0.013888,0.001120,1,4,48,0,1
882,0.242600,0.288400,0.035300,0.075200,0.042200,0.076600,0.012600,0.021728,0.003072,,0.012544,0.001152,1,4,48,0,1
883,0.240200,0.293700,0.034900,0.075000,0.042400,0.076100,0.011300,0.019328,0.003136,,0.013088,0.001120,1,4,48,0,1
884,0.243700,0.291500,0.035500,0.074900,0.042400,0.081500,0.009100,0.019872,0.003008,,0.013888,0.001152,1,4,48,0,1
885,0.239700,0.294800,0.035300,0.081900,0.041300,0.075500,0.005300,0.019712,0.003232,,0.010400,0.001120,1,4,48,0,1
886,0.247400,0.318900,0.035400,0.075700,0.043000,0.085200,0.007700,0.019040,0.003104,,0.010400,0.001184,1,4,48,0,1
887,0.239900,0.299000,0.035300,0.075000,0.042600,0.080200,0.006300,0.022048,0.003104,,0.011392,0.001120,1,4,48,0,1
888,0.240300,0.291200,0.035100,0.074500,0.042200,0.083100,0.005100,0.019008,0.003008,,0.010496,0.001120,1,4,48,0,1
889,0.243000,0.291200,0.035600,0.075500,0.041900,0.075100,0.014400,0.018528,0.003040,,0.010560,0.001184,1,4,48,0,1
890,0.239800,0.294400,0.035100,0.074400,0.042200,0.075700,0.011900,0.018976,0.002944,,0.010528,0.001152,1,4,48,0,1
891,0.231900,0.291000,0.035400,0.074900,0.042000,0.074300,0.004800,0.021248,0.003008,,0.012096,0.001152,1,4,48,0,1
892,0.244000,0.283400,0.040100,0.075700,0.042400,0.080200,0.005100,0.019040,0.003200,,0.010368,0.001088,1,4,48,0,1
893,0.233600,0.295500,0.035000,0.074800,0.042300,0.075000,0.005900,0.019616,0.003168,,0.010464,0.001088,1,4,48,0,1
894,0.239600,0.285200,0.035400,0.074500,0.042500,0.082300,0.004400,0.018688,0.003168,,0.010400,0.001120,1,4,48,0,1
895,0.240700,0.290300,0.035100,0.074700,0.042600,0.075200,0.012500,0.019008,0.002944,,0.010528,0.001152,1,4,48,0,1
896,0.245200,0.291800,0.035600,0.074100,0.041900,0.075000,0.018100,0.019360,0.003008,,0.013056,0.001152,1,4,48,0,1
897,0.237600,0.297000,0.035400,0.075400,0.041600,0.079100,0.005800,0.019904,0.003040,,0.013952,0.001152,1,4,48,0,1
898,0.231500,0.289300,0.035200,0.074300,0.042000,0.074700,0.005000,0.019072,0.003040,,0.010464,0.001152,1,4,48,0,1
899,0.242200,0.287800,0.035300,0.075100,0.041800,0.074300,0.015300,0.019840,0.003104,,0.013888,0.001152,1,4,48,0,1
900,0.250800,0.293900,0.035100,0.075700,0.043000,0.090200,0.006400,0.019040,0.003136,,0.010496,0.001088,1,4,48,0,1
901,0.243400,0.302500,0.035200,0.074800,0.042600,0.085000,0.005400,0.019072,0.003136,,0.010368,0.001184,1,4,48,0,1
902,0.232800,0.294900,0.034900,0.074700,0.042400,0.074200,0.006100,0.019616,0.003072,,0.010272,0.001184,1,4,48,0,1
903,0.243200,0.287900,0.044800,0.074800,0.042600,0.075100,0.005200,0.019488,0.002976,,0.010208,0.001184,1,4,48,0,1
904,0.303700,0.294500,0.035000,0.074700,0.043400,0.143000,0.007100,0.019904,0.003040,,0.013888,0.001184,1,4,48,0,1
905,0.322900,0.371300,0.045700,0.100800,0.055700,0.115000,0.004800,0.019168,0.003008,,0.010464,0.001120,1,4,48,0,1
906,0.319800,0.387900,0.046700,0.095100,0.052900,0.119700,0.004800,0.019008,0.002976,,0.010496,0.001152,1,4,48,0,1
907,0.273100,0.386600,0.045100,0.094100,0.043600,0.085100,0.004600,0.021760,0.003168,,0.012512,0.001120,1,4,48,0,1
908,0.248900,0.325200,0.035800,0.076400,0.042900,0.087800,0.005300,0.019584,0.003232,,0.010432,0.001184,1,4,48,0,1
909,0.266600,0.322700,0.037200,0.083900,0.046200,0.092400,0.006600,0.019104,0.002976,,0.012992,0.001184,1,4,48,0,1
910,0.240600,0.319800,0.036500,0.077800,0.043500,0.077500,0.004800,0.021568,0.003264,,0.011072,0.001152,1,4,48,0,1
911,0.241800,0.292800,0.035400,0.076300,0.043600,0.082000,0.004200,0.018976,0.003296,,0.010368,0.001088,1,4,48,0,1
912,0.237900,0.293300,0.035100,0.075700,0.042900,0.079100,0.004700,0.019072,0.003136,,0.010464,0.001088,1,4,48,0,1
913,0.239900,0.289300,0.035100,0.076000,0.043400,0.080600,0.004200,0.021696,0.003072,,0.011104,0.001120,1,4,48,0,1
914,0.250200,0.295300,0.035400,0.076100,0.043200,0.088900,0.006200,0.019040,0.003008,,0.010496,0.001152,1,4,48,0,1
915,0.250700,0.301600,0.035800,0.075400,0.053600,0.076800,0.008700,0.018624,0.002976,,0.010272,0.001152,1,4,48,0,1
916,0.240300,0.302600,0.035300,0.075700,0.042800,0.079900,0.006200,0.021888,0.002944,,0.011424,0.001184,1,4,48,0,1
917,0.276600,0.291800,0.036000,0.075700,0.042800,0.096200,0.025500,0.019552,0.002976,,0.010496,0.001120,1,4,48,0,1
918,0.295500,0.328500,0.039000,0.088100,0.049100,0.097100,0.021900,0.019872,0.003040,,0.010368,0.001152,1,4,48,0,1
919,0.246000,0.351700,0.035900,0.077700,0.042500,0.083300,0.006200,0.018912,0.002944,,0.013088,0.001120,1,4,48,0,1
920,0.237500,0.297700,0.035200,0.076200,0.046400,0.076100,0.003300,0.019392,0.003008,,0.010496,0.001152,1,4,48,0,1
921,0.240300,0.289000,0.035000,0.082000,0.042500,0.075200,0.005100,0.020736,0.003040,,0.011968,0.001184,1,4,48,0,1
922,0.235300,0.291400,0.035200,0.075200,0.042700,0.076100,0.005500,0.021408,0.002912,,0.011392,0.001120,1,4,48,0,1
923,0.232000,0.286700,0.035000,0.074500,0.041900,0.074700,0.005600,0.019008,0.003008,,0.010432,0.001184,1,4,48,0,1
924,0.233300,0.283600,0.035400,0.074900,0.042700,0.074900,0.005100,0.018912,0.003040,,0.010272,0.001152,1,4,48,0,1
925,0.232200,0.285000,0.035000,0.075000,0.042500,0.074500,0.004800,0.019136,0.003072,,0.010528,0.001152,1,4,48,0,1
926,0.232100,0.283500,0.034800,0.074700,0.041900,0.074200,0.006100,0.019072,0.003136,,0.010432,0.001120,1,4,48,0,1
927,0.231700,0.283100,0.035200,0.074800,0.042200,0.074200,0.005000,0.018624,0.003040,,0.010944,0.001184,1,4,48,0,1
928,0.240600,0.282800,0.034800,0.081200,0.042600,0.074900,0.006500,0.019712,0.003104,,0.010272,0.001184,1,4,48,0,1
929,0.247500,0.291700,0.035100,0.073900,0.042900,0.090100,0.005100,0.018688,0.003168,,0.010848,0.001152,1,4,48,0,1
930,0.238900,0.298600,0.034700,0.074200,0.042100,0.083700,0.003800,0.018560,0.003104,,0.010656,0.001120,1,4,48,0,1
931,0.241400,0.290000,0.035600,0.074800,0.042100,0.076000,0.012400,0.021408,0.003104,,0.011040,0.001152,1,4,48,0,1
932,0.241100,0.292600,0.034900,0.074500,0.042300,0.075600,0.013300,0.021760,0.003168,,0.011360,0.001184,1,4,48,0,1
933,0.238400,0.292200,0.034800,0.074800,0.042400,0.081600,0.004400,0.019808,0.003200,,0.012736,0.001152,1,4,48,0,1
934,0.241500,0.289400,0.034700,0.074600,0.042300,0.075800,0.013800,0.022112,0.003264,,0.011424,0.001120,1,4,48,0,1
935,0.244300,0.292600,0.040100,0.075500,0.042500,0.081500,0.004400,0.019072,0.002848,,0.012992,0.001184,1,4,48,0,1
936,0.232100,0.295500,0.035000,0.074100,0.042300,0.075400,0.004600,0.022048,0.003200,,0.011360,0.001088,1,4,48,0,1
937,0.248100,0.283000,0.035100,0.074700,0.042500,0.090200,0.005200,0.019072,0.002944,,0.010592,0.001152,1,4,48,0,1
938,0.239700,0.299000,0.035400,0.074800,0.042100,0.081900,0.005000,0.021152,0.003104,,0.012128,0.001152,1,4,48,0,1
939,0.241100,0.290900,0.035000,0.074300,0.041700,0.085600,0.003900,0.019168,0.003040,,0.013152,0.001152,1,4,48,0,1
940,0.234400,0.292300,0.035400,0.074500,0.042100,0.074700,0.007300,0.019872,0.003008,,0.013920,0.001184,1,4,48,0,1
941,0.232900,0.285400,0.035200,0.074300,0.041700,0.075300,0.006100,0.019104,0.002976,,0.013120,0.001184,1,4,48,0,1
942,0.234500,0.288700,0.034900,0.074500,0.041700,0.074700,0.008100,0.019616,0.002976,,0.010432,0.001184,1,4,48,0,1
943,0.245000,0.285600,0.035200,0.074400,0.042500,0.086400,0.006100,0.018752,0.003008,,0.010400,0.001152,1,4,48,0,1
944,0.241800,0.295800,0.034900,0.074000,0.042400,0.076000,0.014200,0.019040,0.003008,,0.010464,0.001152,1,4,48,0,1
945,0.238200,0.292700,0.035400,0.074100,0.042100,0.075200,0.011100,0.019008,0.002976,,0.010496,0.001120,1,4,48,0,1
946,0.238200,0.289400,0.034800,0.074200,0.042300,0.075600,0.011000,0.018848,0.002944,,0.010432,0.001184,1,4,48,0,1
947,0.239300,0.289400,0.035100,0.074300,0.042100,0.082100,0.005200,0.019136,0.002944,,0.013056,0.001152,1,4,48,0,1
948,0.246800,0.290300,0.034800,0.074700,0.042500,0.090700,0.003700,0.019072,0.003072,,0.010432,0.001152,1,4,48,0,1
949,0.250300,0.297700,0.034800,0.074500,0.042000,0.095100,0.003400,0.019968,0.003104,,0.013920,0.001152,1,4,48,0,1
950,0.240000,0.301500,0.035000,0.074200,0.042300,0.076200,0.011900,0.019584,0.003104,,0.010464,0.001152,1,4,48,0,1
951,0.241400,0.291100,0.034900,0.074300,0.042100,0.084600,0.005100,0.018528,0.003040,,0.010944,0.001184,1,4,48,0,1
952,0.231800,0.292500,0.035300,0.074000,0.041600,0.074800,0.005700,0.021792,0.003232,,0.011200,0.001152,1,4,48,0,1
953,0.231400,0.282700,0.035300,0.074700,0.042200,0.075300,0.003500,0.019200,0.003072,,0.010400,0.001120,1,4,48,0,1
954,0.232200,0.282800,0.034900,0.074300,0.042100,0.074300,0.006200,0.019872,0.003040,,0.012416,0.001120,1,4,48,0,1
955,0.253500,0.283500,0.034800,0.086400,0.041900,0.083500,0.006300,0.019584,0.002912,,0.010272,0.001216,1,4,48,0,1
956,0.363600,0.304800,0.034800,0.074300,0.043500,0.198600,0.011800,0.019232,0.003008,,0.010336,0.001184,1,4,48,0,1
957,0.316200,0.431900,0.045400,0.099100,0.054600,0.107800,0.008900,0.018912,0.002912,,0.013120,0.001120,1,4,48,0,1
958,0.295500,0.381200,0.044300,0.095800,0.053500,0.096200,0.005200,0.019616,0.003072,,0.010432,0.001184,1,4,48,0,1
959,0.299000,0.359900,0.044000,0.093900,0.053000,0.101400,0.006300,0.019104,0.003104,,0.010432,0.001184,1,4,48,0,1
960,0.292200,0.362900,0.043400,0.091900,0.052700,0.097700,0.005900,0.020832,0.003008,,0.013024,0.001184,1,4,48,0,1
961,0.279100,0.355600,0.056500,0.082000,0.046600,0.088200,0.005400,0.021760,0.003136,,0.011104,0.001152,1,4,48,0,1
962,0.246800,0.332100,0.035400,0.077500,0.043800,0.085000,0.004700,0.021152,0.002976,,0.012064,0.001152,1,4,48,0,1
963,0.243200,0.298500,0.035300,0.076200,0.043500,0.081800,0.005900,0.019200,0.003232,,0.010496,0.001120,1,4,48,0,1
964,0.242700,0.294700,0.035400,0.075500,0.043500,0.082900,0.005100,0.018624,0.002976,,0.010240,0.001184,1,4,48,0,1
965,0.242400,0.294000,0.035200,0.075100,0.043600,0.082400,0.005700,0.019808,0.003040,,0.013856,0.001152,1,4,48,0,1
966,0.248400,0.293600,0.035600,0.075200,0.042600,0.077700,0.017000,0.019712,0.003104,,0.011936,0.001120,1,4,48,0,1
967,0.247500,0.299600,0.035500,0.075600,0.043100,0.076000,0.016800,0.018912,0.002944,,0.010432,0.001152,1,4,48,0,1
968,0.243600,0.299200,0.035200,0.074900,0.043100,0.082300,0.007900,0.019040,0.002912,,0.010336,0.001152,1,4,48,0,1
969,0.232300,0.294800,0.035200,0.074600,0.042500,0.074400,0.005200,0.019936,0.003008,,0.013888,0.001152,1,4,48,0,1
970,0.250700,0.283400,0.034900,0.075700,0.042600,0.091900,0.005200,0.019840,0.003104,,0.010080,0.001184,1,4,48,0,1
971,0.240500,0.301800,0.035200,0.075300,0.042200,0.081400,0.006000,0.018912,0.003040,,0.010336,0.001120,1,4,48,0,1
972,0.243200,0.291600,0.034900,0.074200,0.042500,0.074600,0.016300,0.019680,0.003104,,0.010304,0.001152,1,4,48,0,1
973,0.251300,0.294200,0.035600,0.075100,0.042500,0.092500,0.005300,0.019840,0.003040,,0.013856,0.001152,1,4,48,0,1
974,0.239900,0.302500,0.034800,0.074900,0.042600,0.080700,0.006500,0.019936,0.003072,,0.012128,0.001152,1,4,48,0,1
975,0.232300,0.291200,0.035200,0.074800,0.042000,0.074600,0.005200,0.021600,0.003072,,0.011136,0.001152,1,4,48,0,1
976,0.231900,0.283600,0.034800,0.074600,0.042500,0.074300,0.005200,0.020128,0.003328,,0.013824,0.001152,1,4,48,0,1
977,0.241100,0.282800,0.035000,0.074600,0.042300,0.082600,0.006400,0.019104,0.003040,,0.010496,0.001184,1,4,48,0,1
978,0.238000,0.292300,0.035100,0.074700,0.041900,0.079500,0.006400,0.019136,0.003040,,0.010528,0.001152,1,4,48,0,1
979,0.243100,0.289200,0.035000,0.074600,0.041700,0.075200,0.016200,0.019296,0.003200,,0.010560,0.001152,1,4,48,0,1
980,0.238400,0.294700,0.035200,0.074400,0.047200,0.076200,0.004900,0.019456,0.002880,,0.010336,0.001184,1,4,48,0,1
981,0.205400,0.289500,0.035000,0.074500,0.029700,0.064700,0.001200,0.019264,0.003072,,0.013152,0.001120,1,4,48,0,1
982,0.269700,0.256000,0.034200,0.106800,0.045100,0.077800,0.005300,0.019680,0.003008,,0.013920,0.001152,1,4,48,0,1
983,0.247900,0.321000,0.035300,0.076200,0.043700,0.076700,0.015600,0.019200,0.003072,,0.010528,0.001184,1,4,48,0,1
984,0.245800,0.299000,0.034900,0.075400,0.042800,0.076400,0.015700,0.020000,0.003392,,0.010336,0.001120,1,4,48,0,1
985,0.267000,0.296800,0.039500,0.075300,0.042400,0.099100,0.010100,0.019968,0.003232,,0.010400,0.001152,1,4,48,0,1
986,0.242800,0.318300,0.035200,0.084400,0.042500,0.074900,0.005500,0.021504,0.003008,,0.011072,0.001152,1,4,48,0,1
987,0.246500,0.294000,0.035600,0.081100,0.041700,0.084100,0.003800,0.018688,0.003072,,0.010400,0.001152,1,4,48,0,1
988,0.231000,0.297700,0.034900,0.074300,0.042000,0.074200,0.005000,0.021504,0.003168,,0.011104,0.001152,1,4,48,0,1
989,0.231900,0.282500,0.034900,0.074400,0.042200,0.074900,0.005100,0.018592,0.002944,,0.010240,0.001152,1,4,48,0,1
990,0.232500,0.282600,0.035200,0.074400,0.042500,0.074500,0.005500,0.021632,0.002976,,0.011296,0.001152,1,4,48,0,1
991,0.242100,0.283400,0.034900,0.074700,0.042700,0.084500,0.005000,0.019200,0.002976,,0.013152,0.001184,1,4,48,0,1
992,0.231100,0.293100,0.035200,0.074200,0.042400,0.074300,0.004600,0.018784,0.002944,,0.010432,0.001120,1,4,48,0,1
993,0.244000,0.281900,0.035700,0.074500,0.042700,0.084600,0.006100,0.019008,0.002912,,0.010528,0.001184,1,4,48,0,1
994,0.246100,0.295100,0.035000,0.080900,0.042000,0.083800,0.004000,0.019232,0.003136,,0.013056,0.001152,1,4,48,0,1
995,0.240200,0.297300,0.035200,0.074900,0.042600,0.076700,0.010300,0.021376,0.003072,,0.011072,0.001120,1,4,48,0,1
996,0.236100,0.302900,0.034700,0.074300,0.042400,0.080000,0.004300,0.019232,0.003008,,0.010656,0.001184,1,4,48,0,1
997,0.246200,0.287100,0.035000,0.074300,0.043100,0.085700,0.007600,0.019296,0.002816,,0.010528,0.001088,1,4,48,0,1
998,0.243500,0.298500,0.035200,0.074900,0.042200,0.076100,0.014700,0.018848,0.003200,,0.010464,0.001120,1,4,48,0,1
999,0.307100,0.294800,0.035100,0.074900,0.042000,0.141300,0.013300,0.019040,0.002944,,0.010528,0.001184,1,4,48,0,1
1000,0.248300,0.358900,0.035100,0.075000,0.042400,0.089200,0.006200,0.019424,0.003200,,0.013024,0.001184,1,4,48,0,1
1001,0.241100,0.299600,0.035600,0.074800,0.042800,0.080200,0.007300,0.021568,0.002944,,0.011072,0.001152,1,4,48,0,1
1002,0.234700,0.292500,0.035000,0.074400,0.042200,0.075600,0.007000,0.018944,0.003008,,0.013024,0.001152,1,4,48,0,1
1003,0.243200,0.286000,0.035200,0.074600,0.042000,0.075300,0.015700,0.021696,0.002976,,0.011104,0.001152,1,4,48,0,1
1004,0.240500,0.294800,0.035200,0.074100,0.042500,0.075800,0.012400,0.018976,0.002944,,0.010464,0.001184,1,4,48,0,1
1005,0.239200,0.291900,0.035000,0.074400,0.042500,0.076400,0.010400,0.020160,0.003168,,0.013984,0.001120,1,4,48,0,1
1006,0.245200,0.290800,0.035300,0.078000,0.042300,0.074700,0.014400,0.019264,0.002944,,0.010464,0.001152,1,4,48,0,1
1007,0.239000,0.296500,0.035300,0.074800,0.042200,0.081200,0.005200,0.021632,0.003104,,0.011072,0.001152,1,4,48,0,1
1008,0.263100,0.312300,0.039500,0.091500,0.045500,0.080900,0.005400,0.020224,0.003360,,0.013952,0.001152,1,4,48,0,1
1009,0.239000,0.315100,0.036100,0.076500,0.043900,0.076800,0.005200,0.019296,0.003072,,0.010464,0.001152,1,4,48,0,1
1010,0.245700,0.291000,0.035400,0.076200,0.043200,0.083900,0.006500,0.020032,0.003040,,0.010496,0.001184,1,4,48,0,1
1011,0.247900,0.297200,0.035600,0.075700,0.042900,0.087000,0.006400,0.019136,0.003136,,0.013024,0.001088,1,4,48,0,1
1012,0.243700,0.299300,0.035300,0.075400,0.043100,0.085900,0.003700,0.019328,0.003008,,0.010368,0.001088,1,4,48,0,1
1013,0.254800,0.295500,0.035700,0.075200,0.042900,0.084100,0.016400,0.019968,0.003136,,0.013952,0.001152,1,4,48,0,1
1014,0.252800,0.306500,0.035300,0.075400,0.045800,0.089800,0.006100,0.019040,0.003104,,0.010400,0.001184,1,4,48,0,1
1015,0.245200,0.303800,0.035700,0.074900,0.042500,0.085700,0.005900,0.018912,0.002944,,0.010464,0.001152,1,4,48,0,1
1016,0.233300,0.296200,0.035000,0.074300,0.042200,0.075500,0.005800,0.021856,0.003008,,0.011424,0.001184,1,4,48,0,1
1017,0.240600,0.284700,0.035000,0.074400,0.042600,0.076700,0.011400,0.021856,0.003200,,0.011136,0.001152,1,4,48,0,1
1018,0.245100,0.291900,0.035000,0.075000,0.042500,0.086500,0.005700,0.018880,0.002944,,0.010400,0.001152,1,4,48,0,1
1019,0.247600,0.296300,0.035200,0.087200,0.042600,0.076300,0.005700,0.021792,0.003168,,0.011104,0.001152,1,4,48,0,1
1020,0.246000,0.298800,0.035300,0.074500,0.047300,0.076300,0.012000,0.021568,0.003200,,0.011040,0.001184,1,4,48,0,1
1021,0.240300,0.297500,0.035600,0.078600,0.043100,0.079300,0.003300,0.019584,0.002944,,0.010400,0.001152,1,4,48,0,1
1022,0.349000,0.292400,0.035300,0.082900,0.017600,0.207000,0.005700,0.019680,0.002976,,0.010496,0.001184,1,4,48,0,1
1023,0.423000,0.417400,0.045200,0.147500,0.057000,0.167600,0.004800,0.019424,0.003072,,0.012992,0.001184,1,4,48,0,1
1024,0.352300,0.489000,0.044800,0.095000,0.053400,0.154200,0.004500,0.021472,0.003104,,0.011040,0.001184,1,4,48,0,1
1025,0.248600,0.404700,0.036100,0.076700,0.044100,0.078500,0.012600,0.019456,0.003040,,0.012928,0.001152,1,4,48,0,1
1026,0.243900,0.299900,0.035400,0.075900,0.043500,0.077300,0.011300,0.019008,0.003040,,0.010400,0.001184,1,4,48,0,1
1027,0.242400,0.295400,0.035300,0.075400,0.042900,0.084100,0.004100,0.021760,0.003008,,0.011424,0.001152,1,4,48,0,1
1028,0.241400,0.293600,0.034900,0.075500,0.042500,0.082200,0.005800,0.021504,0.002976,,0.012512,0.001152,1,4,48,0,1
1029,0.242800,0.292400,0.035700,0.075000,0.042900,0.083100,0.005600,0.018592,0.003008,,0.010432,0.001152,1,4,48,0,1
1030,0.250200,0.298400,0.035300,0.075900,0.048300,0.078200,0.012100,0.021312,0.002976,,0.011104,0.001152,1,4,48,0,1
1031,0.244400,0.301900,0.035500,0.075700,0.043100,0.076800,0.012900,0.021632,0.003104,,0.011072,0.001152,1,4,48,0,1
1032,0.247400,0.296000,0.035300,0.074900,0.042600,0.077800,0.016200,0.019488,0.003232,,0.013120,0.001152,1,4,48,0,1
1033,0.235000,0.298900,0.035300,0.075400,0.043200,0.075400,0.005300,0.021376,0.002944,,0.011168,0.001152,1,4,48,0,1
1034,0.254200,0.286200,0.035900,0.074700,0.042300,0.095500,0.005300,0.021472,0.003008,,0.011424,0.001088,1,4,48,0,1
1035,0.236300,0.305700,0.035300,0.075600,0.042600,0.077000,0.005400,0.021568,0.003200,,0.011072,0.001152,1,4,48,0,1
1036,0.244800,0.287800,0.035300,0.074500,0.047800,0.078400,0.008300,0.021632,0.003072,,0.011104,0.001152,1,4,48,0,1
1037,0.246500,0.296200,0.035000,0.081100,0.042100,0.082600,0.005200,0.018944,0.002912,,0.010496,0.001152,1,4,48,0,1
1038,0.234900,0.297700,0.035300,0.074400,0.042200,0.076700,0.006000,0.019680,0.003136,,0.010496,0.001152,1,4,48,0,1
1039,0.233000,0.286200,0.035000,0.074900,0.042500,0.075400,0.004700,0.019296,0.003296,,0.010496,0.001120,1,4,48,0,1
1040,0.233000,0.284400,0.034900,0.074300,0.042500,0.075700,0.005200,0.019648,0.003136,,0.010528,0.001152,1,4,48,0,1
1041,0.236900,0.284700,0.035400,0.077600,0.043200,0.075100,0.005300,0.019008,0.003040,,0.010400,0.001184,1,4,48,0,1
1042,0.248800,0.288400,0.035100,0.074300,0.042700,0.089100,0.007200,0.018912,0.003072,,0.010304,0.001152,1,4,48,0,1
1043,0.242000,0.300000,0.035600,0.074700,0.042600,0.083400,0.005400,0.019040,0.003136,,0.010336,0.001184,1,4,48,0,1
1044,0.239000,0.293200,0.035000,0.080600,0.042400,0.075300,0.005400,0.021696,0.003104,,0.011456,0.001184,1,4,48,0,1
1045,0.241000,0.290600,0.035400,0.074700,0.042500,0.082600,0.005200,0.019936,0.003104,,0.013920,0.001152,1,4,48,0,1
1046,0.240300,0.292100,0.035000,0.074500,0.042600,0.081600,0.006000,0.019200,0.003168,,0.013088,0.001184,1,4,48,0,1
1047,0.239600,0.291400,0.035300,0.074500,0.042200,0.081900,0.005300,0.019840,0.003008,,0.013888,0.001184,1,4,48,0,1
1048,0.241800,0.291300,0.035800,0.074600,0.042400,0.082400,0.005900,0.019936,0.003104,,0.013856,0.001216,1,4,48,0,1
1049,0.240800,0.293000,0.035300,0.074500,0.042600,0.082300,0.005800,0.019680,0.003008,,0.010336,0.001152,1,4,48,0,1
1050,0.241100,0.292100,0.034900,0.074800,0.043100,0.081900,0.005900,0.019136,0.003104,,0.010496,0.001120,1,4,48,0,1
1051,0.241600,0.297700,0.035600,0.075200,0.043100,0.081700,0.005600,0.020000,0.003104,,0.013952,0.001152,1,4,48,0,1
1052,0.241200,0.293100,0.035200,0.074400,0.042000,0.075300,0.013900,0.019008,0.003040,,0.010592,0.001152,1,4,48,0,1
1053,0.240800,0.292800,0.035400,0.074400,0.042500,0.076200,0.011800,0.019200,0.003136,,0.013056,0.001152,1,4,48,0,1
1054,0.241000,0.292700,0.035500,0.074400,0.042400,0.082400,0.005800,0.019552,0.002944,,0.010496,0.001152,1,4,48,0,1
1055,0.243200,0.292600,0.035200,0.074700,0.041700,0.084700,0.006400,0.021632,0.003200,,0.011072,0.001120,1,4,48,0,1
1056,0.249000,0.294600,0.035000,0.074200,0.042300,0.087900,0.009300,0.018784,0.002912,,0.010368,0.001152,1,4,48,0,1
1057,0.246000,0.300700,0.035600,0.074900,0.041900,0.086500,0.006600,0.019040,0.002976,,0.010528,0.001152,1,4,48,0,1
1058,0.230600,0.297700,0.035300,0.074600,0.042000,0.074000,0.004300,0.018688,0.003200,,0.010944,0.001152,1,4,48,0,1
1059,0.283100,0.365300,0.049400,0.099000,0.045400,0.081600,0.007100,0.019040,0.003008,,0.010496,0.001152,1,4,48,0,1
1060,0.244300,0.335600,0.035500,0.076000,0.043100,0.083500,0.005600,0.020032,0.003136,,0.013920,0.001152,1,4,48,0,1
1061,0.245700,0.296100,0.035200,0.076200,0.042200,0.082400,0.009300,0.019936,0.003232,,0.010560,0.001120,1,4,48,0,1
1062,0.246100,0.297200,0.037600,0.075500,0.042400,0.086300,0.003900,0.019936,0.003008,,0.013952,0.001184,1,4,48,0,1
1063,0.242900,0.297800,0.035200,0.075500,0.042500,0.082100,0.007100,0.019712,0.003008,,0.010400,0.001184,1,4,48,0,1
1064,0.251600,0.294300,0.035300,0.083000,0.042100,0.077000,0.013600,0.021600,0.003168,,0.012448,0.001152,1,4,48,0,1
1065,0.243700,0.302900,0.035200,0.074900,0.042600,0.076800,0.013600,0.018560,0.003104,,0.010752,0.001120,1,4,48,0,1
1066,0.241100,0.294500,0.035300,0.074600,0.043200,0.076300,0.011200,0.018656,0.003104,,0.010144,0.001120,1,4,48,0,1
1067,0.240500,0.292600,0.035100,0.074500,0.042800,0.075800,0.011900,0.019008,0.003264,,0.010240,0.001120,1,4,48,0,1
1068,0.253700,0.291700,0.035600,0.075200,0.053500,0.077100,0.011900,0.020032,0.003200,,0.010080,0.001184,1,4,48,0,1
1069,0.245800,0.305000,0.035200,0.075100,0.042500,0.086600,0.005900,0.019072,0.003136,,0.010432,0.001120,1,4,48,0,1
1070,0.233100,0.297100,0.034900,0.074100,0.042200,0.075700,0.005700,0.021664,0.003040,,0.011264,0.001184,1,4,48,0,1
1071,0.250600,0.284600,0.040800,0.074900,0.042500,0.086000,0.005900,0.018912,0.003008,,0.010336,0.001152,1,4,48,0,1
1072,0.246600,0.301600,0.035100,0.074700,0.042400,0.080000,0.013800,0.018976,0.003008,,0.010400,0.001184,1,4,48,0,1
1073,0.264400,0.298300,0.035400,0.088100,0.043100,0.091900,0.005200,0.019904,0.003328,,0.010272,0.001088,1,4,48,0,1
1074,0.239300,0.316200,0.035500,0.075000,0.041900,0.080100,0.006300,0.019392,0.003168,,0.013024,0.001152,1,4,48,0,1
1075,0.242100,0.291400,0.035200,0.075000,0.042400,0.083500,0.005400,0.018944,0.003040,,0.010336,0.001184,1,4,48,0,1
1076,0.242700,0.294000,0.036100,0.074800,0.042800,0.085200,0.003500,0.019072,0.003328,,0.010272,0.001088,1,4,48,0,1
1077,0.248800,0.294400,0.035400,0.078200,0.042500,0.075700,0.016500,0.019072,0.003040,,0.010464,0.001152,1,4,48,0,1
1078,0.235100,0.300500,0.035500,0.075200,0.042200,0.076900,0.005100,0.018688,0.003136,,0.010432,0.001120,1,4,48,0,1
1079,0.243700,0.287000,0.035400,0.074700,0.042400,0.085300,0.005500,0.019104,0.003264,,0.010336,0.001120,1,4,48,0,1
1080,0.233200,0.295100,0.035100,0.074500,0.042800,0.075200,0.005200,0.022240,0.003136,,0.011520,0.001184,1,4,48,0,1
1081,0.234600,0.284500,0.035200,0.075000,0.042600,0.076100,0.005300,0.020576,0.002976,,0.011872,0.001152,1,4,48,0,1
1082,0.239300,0.285900,0.035400,0.079100,0.042500,0.074800,0.007000,0.019456,0.002944,,0.010432,0.001120,1,4,48,0,1
1083,0.234400,0.290500,0.035400,0.074900,0.042300,0.074900,0.006400,0.019200,0.003296,,0.010400,0.001088,1,4,48,0,1
1084,0.245800,0.285900,0.036800,0.074200,0.042100,0.086000,0.006400,0.020000,0.003200,,0.013920,0.001120,1,4,48,0,1
1085,0.251500,0.297600,0.035600,0.074900,0.042000,0.091200,0.007500,0.021664,0.003040,,0.011168,0.001120,1,4,48,0,1
1086,0.241900,0.302700,0.035300,0.074600,0.042300,0.083700,0.005300,0.019424,0.003200,,0.010656,0.001120,1,4,48,0,1
1087,0.239000,0.293100,0.034900,0.074700,0.043100,0.080800,0.005200,0.018656,0.003104,,0.010944,0.001184,1,4,48,0,1
1088,0.242100,0.290100,0.035100,0.074100,0.042400,0.084900,0.005200,0.019072,0.003040,,0.010464,0.001120,1,4,48,0,1
1089,0.239500,0.293500,0.035100,0.074600,0.042300,0.083800,0.003400,0.018496,0.003008,,0.010560,0.001120,1,4,48,0,1
1090,0.233800,0.290600,0.035700,0.074000,0.042200,0.075100,0.006400,0.021792,0.003040,,0.012576,0.001184,1,4,48,0,1
1091,0.247900,0.285200,0.035000,0.074700,0.042100,0.088900,0.006800,0.018944,0.002944,,0.010496,0.001120,1,4,48,0,1
1092,0.238800,0.299100,0.035100,0.073900,0.042000,0.082300,0.005100,0.021600,0.003040,,0.011008,0.001184,1,4,48,0,1
1093,0.239800,0.290400,0.035000,0.075200,0.042300,0.081200,0.005400,0.018912,0.003008,,0.010528,0.001152,1,4,48,0,1
1094,0.247000,0.291300,0.035100,0.078500,0.041800,0.084900,0.006100,0.018816,0.003424,,0.010592,0.001184,1,4,48,0,1
1095,0.245900,0.298700,0.035700,0.075600,0.042100,0.085800,0.006100,0.019552,0.002944,,0.012736,0.001120,1,4,48,0,1
1096,0.248500,0.297700,0.037200,0.075500,0.042100,0.086000,0.007200,0.018912,0.002912,,0.010432,0.001152,1,4,48,0,1
1097,0.248400,0.300400,0.035800,0.075200,0.042400,0.089000,0.005600,0.021536,0.002944,,0.011072,0.001152,1,4,48,0,1
1098,0.245600,0.300400,0.035300,0.080800,0.042100,0.076000,0.010900,0.021760,0.003328,,0.011136,0.001152,1,4,48,0,1
1099,0.239700,0.297600,0.035600,0.074500,0.042700,0.081100,0.005400,0.018720,0.003104,,0.010272,0.001184,1,4,48,0,1
1100,0.242900,0.291200,0.035200,0.074200,0.042300,0.087000,0.003800,0.018912,0.003072,,0.010336,0.001120,1,4,48,0,1
1101,0.234100,0.294200,0.035500,0.075000,0.042400,0.075600,0.005300,0.022080,0.003136,,0.011392,0.001120,1,4,48,0,1
1102,0.241500,0.285300,0.035400,0.074500,0.042400,0.074700,0.014200,0.019584,0.003008,,0.010560,0.001152,1,4,48,0,1
1103,0.237800,0.292800,0.035600,0.074500,0.042600,0.078500,0.006000,0.019168,0.003040,,0.013088,0.001152,1,4,48,0,1
1104,0.246600,0.289000,0.035600,0.074600,0.044200,0.086700,0.005000,0.019584,0.003072,,0.010432,0.001088,1,4,48,0,1
1105,0.250600,0.298300,0.035500,0.081000,0.042400,0.076100,0.015000,0.019872,0.003040,,0.013984,0.001088,1,4,48,0,1
1106,0.237800,0.302500,0.035200,0.075500,0.042300,0.077800,0.006600,0.020128,0.003232,,0.013952,0.001184,1,4,48,0,1
1107,0.248400,0.289700,0.035300,0.074900,0.043000,0.080300,0.014500,0.019264,0.003328,,0.010464,0.001088,1,4,48,0,1
1108,0.247100,0.300100,0.038000,0.075100,0.042600,0.084700,0.006200,0.019232,0.003168,,0.010560,0.001120,1,4,48,0,1
1109,0.234800,0.298700,0.035400,0.074600,0.042500,0.075800,0.005900,0.021952,0.003008,,0.011232,0.001152,1,4,48,0,1
1110,0.240000,0.286400,0.035300,0.074500,0.043100,0.080800,0.005900,0.018976,0.003424,,0.010816,0.001184,1,4,48,0,1
1111,0.247700,0.291800,0.035500,0.076800,0.046100,0.074400,0.014400,0.021568,0.002976,,0.011104,0.001184,1,4,48,0,1
1112,0.238400,0.304400,0.035100,0.074600,0.042500,0.078800,0.006800,0.019072,0.002976,,0.010560,0.001120,1,4,48,0,1
1113,0.357100,0.289800,0.035400,0.148200,0.055700,0.107200,0.010000,0.021760,0.003040,,0.011872,0.001120,1,4,48,0,1
1114,0.292400,0.415300,0.049500,0.090700,0.057400,0.087600,0.006800,0.019136,0.003136,,0.010400,0.001088,1,4,48,0,1
1115,0.255500,0.344900,0.035900,0.077000,0.044000,0.088300,0.009700,0.019072,0.003008,,0.013120,0.001152,1,4,48,0,1
1116,0.241700,0.307800,0.035700,0.076300,0.043800,0.078700,0.006900,0.021888,0.003232,,0.011072,0.001184,1,4,48,0,1
1117,0.240000,0.293400,0.035200,0.075800,0.046500,0.077000,0.005100,0.019840,0.003264,,0.010336,0.001152,1,4,48,0,1
1118,0.242000,0.291500,0.036000,0.074800,0.048300,0.077300,0.005300,0.021472,0.002976,,0.011200,0.001088,1,4,48,0,1
1119,0.240600,0.293400,0.035300,0.075300,0.043100,0.082400,0.003900,0.018784,0.003136,,0.010336,0.001120,1,4,48,0,1
1120,0.244800,0.292000,0.035400,0.074900,0.043200,0.086300,0.004700,0.018976,0.003072,,0.010400,0.001120,1,4,48,0,1
1121,0.242700,0.296100,0.035200,0.075600,0.042500,0.076900,0.012000,0.019136,0.003168,,0.010496,0.001120,1,4,48,0,1
1122,0.261200,0.293900,0.035000,0.074600,0.042500,0.101300,0.007300,0.019584,0.002944,,0.010496,0.001152,1,4,48,0,1
1123,0.242000,0.312600,0.035200,0.075400,0.042400,0.080900,0.007300,0.019584,0.002912,,0.010144,0.001152,1,4,48,0,1
1124,0.247400,0.293500,0.035100,0.079300,0.042500,0.076300,0.013800,0.018528,0.003136,,0.010784,0.001152,1,4,48,0,1
1125,0.250400,0.298900,0.035800,0.082000,0.042700,0.077100,0.012400,0.018784,0.003136,,0.010336,0.001120,1,4,48,0,1
1126,0.236000,0.302100,0.035500,0.075100,0.042300,0.076400,0.006300,0.021984,0.003168,,0.011328,0.001152,1,4,48,0,1
1127,0.241000,0.287700,0.035700,0.075300,0.040400,0.085500,0.003600,0.019200,0.003328,,0.010368,0.001120,1,4,48,0,1
1128,0.244500,0.292500,0.035100,0.074800,0.042500,0.085700,0.006000,0.018976,0.002944,,0.010496,0.001152,1,4,48,0,1
1129,0.242800,0.296400,0.035200,0.075100,0.042500,0.085600,0.003900,0.019136,0.002944,,0.013056,0.001152,1,4,48,0,1
1130,0.233900,0.294500,0.035300,0.074800,0.042500,0.074900,0.005700,0.021536,0.003104,,0.011392,0.001120,1,4,48,0,1
1131,0.246500,0.285600,0.039000,0.074400,0.042400,0.075600,0.014700,0.021920,0.003264,,0.011104,0.001152,1,4,48,0,1
1132,0.249300,0.297900,0.041200,0.075500,0.042800,0.076700,0.012700,0.019264,0.002976,,0.013152,0.001152,1,4,48,0,1
1133,0.241400,0.300800,0.035400,0.074800,0.043000,0.076000,0.011600,0.021504,0.003232,,0.011072,0.001120,1,4,48,0,1
1134,0.244800,0.292700,0.035000,0.074400,0.046700,0.076400,0.011900,0.019264,0.003072,,0.013088,0.001184,1,4,48,0,1
1135,0.233300,0.297000,0.035500,0.074700,0.042500,0.075000,0.005100,0.018976,0.003040,,0.010400,0.001184,1,4,48,0,1
1136,0.242700,0.285000,0.035200,0.082400,0.042300,0.076100,0.005900,0.021408,0.003200,,0.011008,0.001088,1,4,48,0,1
1137,0.242400,0.294300,0.035400,0.074900,0.042700,0.076900,0.012300,0.021568,0.002976,,0.011104,0.001152,1,4,48,0,1
1138,0.246100,0.294200,0.035200,0.074700,0.042700,0.087300,0.005600,0.018848,0.002944,,0.010368,0.001152,1,4,48,0,1
1139,0.238500,0.302500,0.036200,0.075600,0.042300,0.078100,0.006000,0.019072,0.003040,,0.010496,0.001152,1,4,48,0,1
1140,0.233200,0.290600,0.035100,0.075100,0.042600,0.074500,0.005600,0.019808,0.003104,,0.010400,0.001152,1,4,48,0,1
1141,0.242600,0.284900,0.035500,0.078700,0.042200,0.082400,0.003500,0.019104,0.003072,,0.010528,0.001120,1,4,48,0,1
1142,0.260000,0.294000,0.034900,0.074000,0.042200,0.090900,0.017600,0.019008,0.003072,,0.010432,0.001120,1,4,48,0,1
1143,0.243000,0.311500,0.035700,0.074600,0.043000,0.080900,0.008200,0.019968,0.002912,,0.013984,0.001184,1,4,48,0,1
1144,0.234300,0.294200,0.035700,0.075300,0.042100,0.075400,0.005300,0.019168,0.003072,,0.010400,0.001184,1,4,48,0,1
1145,0.247500,0.285700,0.035700,0.075100,0.042900,0.087700,0.005700,0.020192,0.003264,,0.013920,0.001120,1,4,48,0,1
1146,0.248000,0.299300,0.035600,0.074300,0.042300,0.076600,0.018700,0.019616,0.003040,,0.010304,0.001120,1,4,48,0,1
1147,0.242000,0.299700,0.035100,0.075200,0.042400,0.076400,0.012400,0.019040,0.003072,,0.013088,0.001152,1,4,48,0,1
1148,0.243100,0.293500,0.035100,0.074100,0.042200,0.075800,0.015500,0.021472,0.002880,,0.011072,0.001184,1,4,48,0,1
1149,0.233200,0.294400,0.035300,0.074300,0.042200,0.075400,0.005200,0.019296,0.003104,,0.013056,0.001152,1,4,48,0,1
1150,0.239600,0.284500,0.035300,0.074500,0.042200,0.075500,0.011500,0.021952,0.003296,,0.011040,0.001184,1,4,48,0,1
1151,0.239200,0.290600,0.035100,0.074600,0.042200,0.081300,0.005500,0.018496,0.002976,,0.010752,0.001184,1,4,48,0,1
1152,0.246300,0.291000,0.035500,0.074600,0.046700,0.077600,0.011700,0.021568,0.003008,,0.011072,0.001152,1,4,48,0,1
1153,0.251600,0.297700,0.035700,0.083900,0.042300,0.076600,0.012700,0.019104,0.003136,,0.010464,0.001120,1,4,48,0,1
1154,0.235600,0.303200,0.035300,0.074600,0.042200,0.076900,0.006100,0.019232,0.003232,,0.010464,0.001120,1,4,48,0,1
1155,0.235800,0.286800,0.035500,0.074700,0.042500,0.076700,0.006000,0.021568,0.003104,,0.011104,0.001120,1,4,48,0,1
1156,0.250100,0.287300,0.035000,0.075200,0.041900,0.091500,0.006100,0.019360,0.002976,,0.010464,0.001184,1,4,48,0,1
1157,0.241400,0.301500,0.035400,0.074500,0.041900,0.082300,0.006900,0.018976,0.003072,,0.010400,0.001120,1,4,48,0,1
1158,0.248300,0.292900,0.035100,0.074400,0.042700,0.090100,0.005600,0.019136,0.003168,,0.010464,0.001120,1,4,48,0,1
1159,0.246500,0.299700,0.035100,0.081300,0.042500,0.075200,0.011900,0.021664,0.003072,,0.012576,0.001152,1,4,48,0,1
1160,0.240700,0.297800,0.035900,0.074400,0.042300,0.081700,0.006000,0.019040,0.003104,,0.010432,0.001120,1,4,48,0,1
1161,0.240600,0.292000,0.035000,0.074700,0.042800,0.082600,0.005100,0.021600,0.002976,,0.011104,0.001152,1,4,48,0,1
1162,0.244600,0.292000,0.035200,0.074400,0.042400,0.085000,0.007300,0.019456,0.003328,,0.013056,0.001120,1,4,48,0,1
1163,0.247300,0.296400,0.035200,0.075000,0.042300,0.091000,0.003300,0.018880,0.003040,,0.010368,0.001088,1,4,48,0,1
1164,0.332700,0.365900,0.050600,0.102000,0.068800,0.102100,0.008800,0.019872,0.003008,,0.010496,0.001152,1,4,48,0,1
1165,0.297700,0.400400,0.044400,0.094500,0.054200,0.098800,0.005200,0.019584,0.003008,,0.010496,0.001184,1,4,48,0,1
1166,0.292300,0.362800,0.044000,0.093100,0.052800,0.097000,0.004800,0.019040,0.002976,,0.010496,0.001184,1,4,48,0,1
1167,0.286700,0.356800,0.043700,0.092000,0.052400,0.093800,0.004300,0.019872,0.002944,,0.013952,0.001184,1,4,48,0,1
1168,0.330200,0.351000,0.043500,0.091500,0.071200,0.109000,0.013900,0.018720,0.003136,,0.010592,0.001184,1,4,48,0,1
1169,0.250600,0.383700,0.036400,0.078100,0.043800,0.088200,0.003600,0.019968,0.003072,,0.013888,0.001152,1,4,48,0,1
1170,0.244800,0.302300,0.035900,0.077100,0.043200,0.081500,0.006700,0.019776,0.003232,,0.010272,0.001184,1,4,48,0,1
1171,0.235000,0.296800,0.035200,0.075400,0.043000,0.075600,0.005200,0.019264,0.003200,,0.013152,0.001152,1,4,48,0,1
1172,0.243400,0.286300,0.035700,0.075800,0.042700,0.075800,0.013000,0.018656,0.003168,,0.010944,0.001184,1,4,48,0,1
1173,0.241400,0.295100,0.035500,0.075300,0.042400,0.081000,0.006700,0.019680,0.003072,,0.010432,0.001120,1,4,48,0,1
1174,0.250000,0.292900,0.035900,0.083900,0.042200,0.081300,0.006200,0.021664,0.003040,,0.012512,0.001152,1,4,48,0,1
1175,0.241500,0.301900,0.038400,0.075100,0.042100,0.078700,0.006800,0.019136,0.003200,,0.010368,0.001184,1,4,48,0,1
1176,0.342400,0.292800,0.038800,0.075100,0.043500,0.178900,0.005800,0.020160,0.003328,,0.013920,0.001152,1,4,48,0,1
1177,0.249300,0.394100,0.035400,0.075800,0.042600,0.089300,0.005800,0.018976,0.003008,,0.010496,0.001120,1,4,48,0,1
1178,0.232600,0.300700,0.035200,0.074500,0.042100,0.077000,0.003400,0.019648,0.003232,,0.010464,0.001088,1,4,48,0,1
1179,0.241300,0.284000,0.035200,0.075300,0.042800,0.081000,0.006400,0.019712,0.003072,,0.010400,0.001152,1,4,48,0,1
1180,0.242500,0.292500,0.035300,0.078200,0.042100,0.082700,0.003900,0.019136,0.003072,,0.010528,0.001152,1,4,48,0,1
1181,0.242700,0.293300,0.035200,0.074500,0.042300,0.082700,0.007400,0.021760,0.003168,,0.011104,0.001152,1,4,48,0,1
1182,0.327300,0.299000,0.035300,0.075100,0.042100,0.170800,0.003600,0.020064,0.003040,,0.013984,0.001152,1,4,48,0,1
1183,0.234400,0.378700,0.036100,0.075800,0.042200,0.074300,0.005500,0.018976,0.003072,,0.010336,0.001152,1,4,48,0,1
1184,0.245200,0.286000,0.035300,0.081100,0.041700,0.078800,0.007400,0.019072,0.003008,,0.010560,0.001152,1,4,48,0,1
1185,0.361300,0.300000,0.035300,0.074300,0.041900,0.202100,0.007000,0.019648,0.003104,,0.010528,0.001152,1,4,48,0,1
1186,0.389100,0.429200,0.045100,0.099900,0.054900,0.179300,0.009200,0.018400,0.002944,,0.010688,0.001120,1,4,48,0,1
1187,0.293900,0.445500,0.048200,0.087600,0.055900,0.085400,0.016300,0.019744,0.003200,,0.010400,0.001088,1,4,48,0,1
1188,0.248900,0.346400,0.038100,0.078300,0.043800,0.082800,0.005400,0.021600,0.003136,,0.011360,0.001152,1,4,48,0,1
1189,0.243700,0.301100,0.035200,0.079900,0.043200,0.079300,0.005800,0.019008,0.003072,,0.010368,0.001152,1,4,48,0,1
1190,0.240700,0.295200,0.034900,0.075700,0.043200,0.081900,0.004600,0.019104,0.003040,,0.010528,0.001152,1,4,48,0,1
1191,0.234700,0.292100,0.035300,0.075600,0.043000,0.075900,0.004500,0.019296,0.003360,,0.010432,0.001088,1,4,48,0,1
1192,0.239400,0.285900,0.035200,0.074800,0.048200,0.076600,0.004300,0.021728,0.003072,,0.011104,0.001152,1,4,48,0,1
1193,0.254100,0.290600,0.035100,0.074900,0.042800,0.091400,0.009500,0.019136,0.003104,,0.010464,0.001152,1,4,48,0,1
1194,0.249600,0.304900,0.035100,0.084400,0.042600,0.082600,0.004500,0.019168,0.003136,,0.010496,0.001152,1,4,48,0,1
1195,0.234100,0.301000,0.035200,0.074600,0.042400,0.076300,0.005000,0.018528,0.003008,,0.010592,0.001184,1,4,48,0,1
1196,0.241100,0.285400,0.034700,0.075200,0.042600,0.076400,0.011700,0.019008,0.003072,,0.010432,0.001120,1,4,48,0,1
1197,0.239100,0.291500,0.035700,0.074800,0.042700,0.080600,0.004900,0.021696,0.003104,,0.011136,0.001152,1,4,48,0,1
1198,0.241300,0.290800,0.034900,0.075300,0.042100,0.084800,0.003700,0.022048,0.003104,,0.011424,0.001184,1,4,48,0,1
1199,0.247700,0.292700,0.035600,0.083200,0.042600,0.079500,0.006200,0.019904,0.003040,,0.013888,0.001152,1,4,48,0,1
1200,0.239400,0.298700,0.035200,0.075000,0.042700,0.081000,0.005100,0.018976,0.003424,,0.010208,0.001120,1,4,48,0,1
1201,0.240900,0.290600,0.035100,0.075200,0.042800,0.083200,0.004200,0.019840,0.003008,,0.013920,0.001152,1,4,48,0,1
1202,0.244400,0.291900,0.035800,0.074400,0.042000,0.088300,0.003600,0.018976,0.003040,,0.010432,0.001152,1,4,48,0,1
1203,0.237800,0.295800,0.035100,0.074700,0.042500,0.081500,0.003600,0.018944,0.003104,,0.010272,0.001184,1,4,48,0,1
1204,0.237400,0.288800,0.035300,0.079400,0.042300,0.075100,0.004900,0.018880,0.003008,,0.010400,0.001152,1,4,48,0,1
1205,0.241200,0.288800,0.035300,0.074900,0.042800,0.084200,0.003600,0.021760,0.003360,,0.011296,0.001120,1,4,48,0,1
1206,0.251000,0.292000,0.037500,0.082900,0.041800,0.083700,0.004600,0.019168,0.003072,,0.010528,0.001184,1,4,48,0,1
1207,0.240500,0.302200,0.034800,0.074000,0.042700,0.083600,0.004900,0.019008,0.002976,,0.010528,0.001152,1,4,48,0,1
1208,0.240700,0.291700,0.035000,0.074800,0.042700,0.083100,0.004600,0.021696,0.003104,,0.012352,0.001184,1,4,48,0,1
1209,0.239500,0.291900,0.034900,0.074300,0.042700,0.076400,0.010700,0.021728,0.003232,,0.012512,0.001152,1,4,48,0,1
1210,0.246400,0.290500,0.035100,0.074700,0.042000,0.076300,0.017900,0.018944,0.002944,,0.010560,0.001184,1,4,48,0,1
1211,0.238800,0.297400,0.035500,0.074700,0.041900,0.075800,0.010500,0.019136,0.003296,,0.010368,0.001088,1,4,48,0,1
1212,0.240700,0.290100,0.035100,0.074300,0.042000,0.076300,0.012600,0.021856,0.003200,,0.011136,0.001152,1,4,48,0,1
1213,0.240400,0.296800,0.035300,0.074800,0.041800,0.084000,0.004100,0.018816,0.003168,,0.010336,0.001120,1,4,48,0,1
1214,0.261700,0.305500,0.040900,0.092400,0.044600,0.078000,0.005300,0.019584,0.003072,,0.010336,0.001120,1,4,48,0,1
1215,0.245400,0.313100,0.035500,0.075200,0.043300,0.076000,0.014900,0.019264,0.002912,,0.010464,0.001152,1,4,48,0,1
1216,0.245100,0.296600,0.035600,0.074600,0.042600,0.076400,0.015400,0.021888,0.002912,,0.011424,0.001184,1,4,48,0,1
1217,0.240500,0.296600,0.035500,0.074400,0.042700,0.076500,0.011100,0.021664,0.003104,,0.011072,0.001152,1,4,48,0,1
1218,0.245100,0.292000,0.035200,0.074700,0.042700,0.076500,0.015500,0.021792,0.002976,,0.011424,0.001184,1,4,48,0,1
1219,0.243300,0.296300,0.035000,0.074400,0.042000,0.081500,0.010000,0.019008,0.003040,,0.010464,0.001152,1,4,48,0,1
1220,0.240900,0.294100,0.035100,0.074600,0.042100,0.076200,0.012500,0.018496,0.003040,,0.010848,0.001120,1,4,48,0,1
1221,0.232800,0.291900,0.035000,0.074400,0.042500,0.075400,0.005000,0.018944,0.002912,,0.010496,0.001152,1,4,48,0,1
1222,0.241900,0.284100,0.034900,0.074400,0.041900,0.075400,0.014900,0.019584,0.003040,,0.010304,0.001152,1,4,48,0,1
1223,0.240300,0.292900,0.035100,0.074300,0.042800,0.076000,0.011600,0.019744,0.003296,,0.010464,0.001120,1,4,48,0,1
1224,0.246000,0.291300,0.034900,0.074200,0.042000,0.087500,0.006900,0.019168,0.003072,,0.013056,0.001152,1,4,48,0,1
1225,0.248600,0.297000,0.035200,0.075200,0.042500,0.088700,0.006800,0.019296,0.002880,,0.010336,0.001120,1,4,48,0,1
1226,0.251100,0.299500,0.034900,0.074600,0.046200,0.087600,0.007300,0.020096,0.003232,,0.010400,0.001152,1,4,48,0,1
1227,0.243100,0.302400,0.035000,0.074200,0.042100,0.075300,0.016100,0.018560,0.003008,,0.012640,0.001152,1,4,48,0,1
1228,0.242800,0.294500,0.034800,0.074400,0.042800,0.083100,0.007300,0.018848,0.003232,,0.010880,0.001184,1,4,48,0,1
1229,0.239200,0.293500,0.034900,0.073700,0.041500,0.075500,0.013100,0.019648,0.003008,,0.010368,0.001184,1,4,48,0,1
1230,0.242700,0.290200,0.035400,0.074600,0.042000,0.075800,0.014400,0.019136,0.003264,,0.010432,0.001088,1,4,48,0,1
1231,0.247000,0.293700,0.039900,0.074300,0.042600,0.075800,0.014000,0.021216,0.002976,,0.012128,0.001152,1,4,48,0,1
1232,0.247600,0.298000,0.034900,0.073900,0.042000,0.090400,0.005800,0.018432,0.003008,,0.010752,0.001120,1,4,48,0,1
1233,0.249300,0.298800,0.034700,0.081300,0.042100,0.085100,0.005700,0.018912,0.002944,,0.010496,0.001120,1,4,48,0,1
1234,0.241200,0.300500,0.034900,0.074100,0.042200,0.083900,0.005700,0.019360,0.003136,,0.013088,0.001152,1,4,48,0,1
1235,0.245500,0.292600,0.034900,0.074300,0.042000,0.087900,0.005900,0.019264,0.003200,,0.012992,0.001152,1,4,48,0,1
1236,0.242400,0.302600,0.034900,0.074200,0.042700,0.084500,0.005700,0.019168,0.003104,,0.010496,0.001184,1,4,48,0,1
1237,0.233800,0.293600,0.035300,0.074900,0.042800,0.074900,0.005400,0.018816,0.002848,,0.010432,0.001152,1,4,48,0,1
1238,0.234800,0.284700,0.035100,0.074500,0.042100,0.074600,0.008100,0.019904,0.003104,,0.013920,0.001120,1,4,48,0,1
1239,0.232700,0.286100,0.035700,0.074400,0.042100,0.075100,0.005000,0.018624,0.003104,,0.010912,0.001184,1,4,48,0,1
1240,0.247400,0.284000,0.040200,0.074700,0.041900,0.084100,0.006000,0.018688,0.003200,,0.010880,0.001152,1,4,48,0,1
1241,0.249400,0.298600,0.046100,0.074200,0.041900,0.075800,0.010900,0.019232,0.003072,,0.012992,0.001120,1,4,48,0,1
1242,0.231000,0.300300,0.035100,0.074200,0.042500,0.075600,0.003300,0.021408,0.003040,,0.012064,0.001184,1,4,48,0,1
1243,0.234800,0.282000,0.034900,0.074300,0.042600,0.074700,0.007800,0.019232,0.003040,,0.010368,0.001152,1,4,48,0,1
1244,0.242500,0.286000,0.035400,0.074500,0.042200,0.084000,0.006000,0.019456,0.003296,,0.013056,0.001152,1,4,48,0,1
1245,0.239900,0.293500,0.035000,0.074300,0.042400,0.075700,0.012200,0.018400,0.002976,,0.012512,0.001120,1,4,48,0,1
1246,0.231600,0.290900,0.034800,0.074200,0.041700,0.074900,0.005600,0.018816,0.002976,,0.010368,0.001184,1,4,48,0,1
1247,0.237600,0.282600,0.040000,0.074800,0.041900,0.074900,0.005500,0.022016,0.003040,,0.011456,0.001120,1,4,48,0,1
1248,0.250400,0.288300,0.034700,0.074700,0.042500,0.085200,0.012600,0.018656,0.003200,,0.010720,0.001088,1,4,48,0,1
1249,0.258900,0.304900,0.035400,0.074900,0.042200,0.099400,0.006600,0.018592,0.003072,,0.012576,0.001184,1,4,48,0,1
1250,0.252400,0.310100,0.035300,0.075300,0.042300,0.091400,0.007700,0.018688,0.003200,,0.012544,0.001184,1,4,48,0,1
1251,0.239000,0.303500,0.035200,0.074300,0.042000,0.075500,0.011600,0.019712,0.003008,,0.010432,0.001152,1,4,48,0,1
1252,0.241000,0.289900,0.034700,0.074200,0.042000,0.084100,0.005700,0.019008,0.003232,,0.010304,0.001120,1,4,48,0,1
1253,0.240300,0.291900,0.035300,0.074000,0.041600,0.083900,0.005100,0.018592,0.002976,,0.010208,0.001152,1,4,48,0,1
1254,0.237600,0.291400,0.034800,0.073700,0.042100,0.075100,0.011100,0.018912,0.002944,,0.010400,0.001184,1,4,48,0,1
1255,0.237300,0.288800,0.035000,0.074300,0.042000,0.079700,0.005900,0.021344,0.003040,,0.011072,0.001152,1,4,48,0,1
1256,0.242900,0.288300,0.035000,0.074100,0.042300,0.075500,0.015300,0.021824,0.003200,,0.011040,0.001152,1,4,48,0,1
1257,0.242400,0.294100,0.034800,0.074400,0.042400,0.084600,0.006000,0.019232,0.003040,,0.013184,0.001152,1,4,48,0,1
1258,0.242000,0.293100,0.035300,0.074000,0.042200,0.084500,0.005700,0.019840,0.003008,,0.013920,0.001152,1,4,48,0,1
1259,0.244100,0.292800,0.035000,0.074300,0.042600,0.086300,0.005600,0.019264,0.003072,,0.013088,0.001184,1,4,48,0,1
1260,0.242800,0.295100,0.034800,0.074500,0.042600,0.075900,0.014700,0.022048,0.003072,,0.011424,0.001120,1,4,48,0,1
1261,0.241400,0.293900,0.035000,0.074100,0.042300,0.084500,0.005000,0.018912,0.003072,,0.010400,0.001088,1,4,48,0,1
1262,0.242500,0.292300,0.034800,0.073900,0.042500,0.082200,0.008700,0.019200,0.003296,,0.010432,0.001088,1,4,48,0,1
1263,0.232100,0.293500,0.035000,0.074500,0.042200,0.075200,0.004500,0.019488,0.003104,,0.012992,0.001184,1,4,48,0,1
1264,0.241100,0.283200,0.034900,0.074400,0.042300,0.075000,0.014100,0.019168,0.003136,,0.010464,0.001184,1,4,48,0,1
1265,0.244000,0.292300,0.035300,0.074200,0.042500,0.083900,0.007800,0.019136,0.003168,,0.010496,0.001120,1,4,48,0,1
1266,0.242200,0.294800,0.035000,0.074200,0.042000,0.084600,0.005900,0.019040,0.002976,,0.010464,0.001184,1,4,48,0,1
1267,0.237100,0.293400,0.035200,0.074100,0.041900,0.080300,0.005100,0.019008,0.003040,,0.010432,0.001152,1,4,48,0,1
1268,0.275200,0.287800,0.035200,0.074100,0.049300,0.112400,0.003700,0.020544,0.003136,,0.011360,0.001088,1,4,48,0,1
1269,0.264900,0.326900,0.044200,0.087900,0.044900,0.080500,0.006900,0.019392,0.002848,,0.010336,0.001120,1,4,48,0,1
1270,0.240800,0.316000,0.035200,0.075200,0.042500,0.082200,0.005400,0.019712,0.003104,,0.010368,0.001216,1,4,48,0,1
1271,0.248000,0.291900,0.034800,0.074700,0.042500,0.086500,0.009100,0.020736,0.003008,,0.012128,0.001120,1,4,48,0,1
1272,0.243300,0.299000,0.035400,0.074800,0.043000,0.083900,0.005800,0.018656,0.003136,,0.010912,0.001152,1,4,48,0,1
1273,0.240100,0.294400,0.035000,0.074200,0.042000,0.084000,0.004400,0.018912,0.003008,,0.010400,0.001120,1,4,48,0,1
1274,0.239500,0.290900,0.035000,0.074100,0.041900,0.075500,0.012500,0.019040,0.003072,,0.010432,0.001152,1,4,48,0,1
1275,0.245300,0.290600,0.036300,0.074300,0.042000,0.076000,0.016100,0.021536,0.003168,,0.011104,0.001184,1,4,48,0,1
1276,0.265800,0.296300,0.040200,0.075600,0.042200,0.098200,0.009200,0.019424,0.002976,,0.010432,0.001152,1,4,48,0,1
1277,0.359600,0.346200,0.053300,0.117600,0.064900,0.117400,0.005700,0.019136,0.003104,,0.010496,0.001152,1,4,48,0,1
1278,0.339700,0.446200,0.051500,0.109500,0.064400,0.108800,0.004800,0.018912,0.002944,,0.013088,0.001184,1,4,48,0,1
1279,0.324100,0.416000,0.051100,0.107600,0.063200,0.097200,0.004400,0.019008,0.003040,,0.010432,0.001152,1,4,48,0,1
1280,0.286800,0.388100,0.043000,0.090700,0.052700,0.095400,0.004300,0.019136,0.003040,,0.013120,0.001152,1,4,48,0,1
1281,0.350100,0.350600,0.070800,0.102800,0.055500,0.113900,0.006700,0.019968,0.003200,,0.013856,0.001120,1,4,48,0,1
1282,0.296100,0.417500,0.047100,0.093900,0.053000,0.095900,0.005600,0.019264,0.003040,,0.013120,0.001152,1,4,48,0,1
1283,0.285800,0.361400,0.043200,0.091900,0.052500,0.092800,0.004700,0.019712,0.003008,,0.010464,0.001184,1,4,48,0,1
1284,0.309800,0.349700,0.043000,0.117100,0.052000,0.092500,0.004500,0.019232,0.003104,,0.010560,0.001184,1,4,48,0,1
1285,0.244800,0.370400,0.034900,0.075200,0.044000,0.085400,0.004700,0.019136,0.002944,,0.013056,0.001152,1,4,48,0,1
1286,0.240700,0.302800,0.035800,0.075000,0.042600,0.076800,0.010100,0.019264,0.003008,,0.013056,0.001184,1,4,48,0,1
1287,0.242600,0.292200,0.035200,0.074800,0.043600,0.084200,0.004400,0.019040,0.003168,,0.010400,0.001088,1,4,48,0,1
1288,0.242500,0.294000,0.034800,0.074700,0.042600,0.084600,0.005300,0.018688,0.003264,,0.010912,0.001120,1,4,48,0,1
1289,0.241900,0.293700,0.034900,0.074600,0.042400,0.076600,0.012900,0.021568,0.003104,,0.011072,0.001120,1,4,48,0,1
1290,0.243600,0.293500,0.034900,0.074100,0.042300,0.076900,0.014800,0.021696,0.003104,,0.011072,0.001184,1,4,48,0,1
1291,0.245200,0.295000,0.035300,0.074800,0.043000,0.085800,0.005800,0.019136,0.003296,,0.010368,0.001120,1,4,48,0,1
1292,0.246100,0.296400,0.035200,0.074500,0.042200,0.089500,0.004200,0.021760,0.003040,,0.012512,0.001184,1,4,48,0,1
1293,0.243500,0.297600,0.035200,0.074400,0.042200,0.085600,0.005600,0.019168,0.003072,,0.010560,0.001184,1,4,48,0,1
1294,0.238900,0.294300,0.035200,0.074300,0.042300,0.076100,0.010400,0.020192,0.003200,,0.013920,0.001152,1,4,48,0,1
1295,0.241400,0.289900,0.035400,0.074600,0.042100,0.083200,0.005700,0.018656,0.003168,,0.010816,0.001184,1,4,48,0,1
1296,0.253900,0.292800,0.035000,0.088000,0.042200,0.084400,0.003700,0.019776,0.003264,,0.012992,0.001184,1,4,48,0,1
1297,0.260700,0.305200,0.035300,0.075200,0.041700,0.099200,0.008700,0.019200,0.003200,,0.013024,0.001152,1,4,48,0,1
1298,0.309200,0.327000,0.044600,0.100800,0.057100,0.100300,0.006000,0.019584,0.003136,,0.010432,0.001120,1,4,48,0,1
1299,0.288100,0.373000,0.043400,0.091800,0.052700,0.095400,0.004300,0.021568,0.003040,,0.011072,0.001152,1,4,48,0,1
1300,0.293200,0.350900,0.043700,0.090800,0.052000,0.097300,0.009000,0.019744,0.003040,,0.010336,0.001120,1,4,48,0,1
1301,0.256000,0.357000,0.046900,0.077300,0.043000,0.076200,0.012300,0.019104,0.003040,,0.010496,0.001152,1,4,48,0,1
1302,0.243300,0.307100,0.035100,0.074600,0.042300,0.076400,0.014400,0.019264,0.003168,,0.010528,0.001184,1,4,48,0,1
1303,0.234800,0.300000,0.035400,0.075600,0.042900,0.075300,0.005200,0.021760,0.003168,,0.011136,0.001152,1,4,48,0,1
1304,0.243000,0.286200,0.034800,0.074700,0.042600,0.085400,0.005200,0.019072,0.003008,,0.010560,0.001120,1,4,48,0,1
1305,0.239400,0.294000,0.035000,0.074300,0.042600,0.083600,0.003500,0.019072,0.003136,,0.010432,0.001152,1,4,48,0,1
1306,0.237800,0.290100,0.035000,0.074100,0.042600,0.081300,0.004400,0.019040,0.003072,,0.010432,0.001152,1,4,48,0,1
1307,0.243800,0.288900,0.035200,0.074500,0.042700,0.086400,0.004700,0.018784,0.003168,,0.010432,0.001184,1,4,48,0,1
1308,0.239600,0.294900,0.035200,0.073700,0.042300,0.084000,0.004000,0.019392,0.003008,,0.013024,0.001120,1,4,48,0,1
1309,0.242800,0.294500,0.035300,0.074100,0.042600,0.080500,0.009900,0.018720,0.003200,,0.010848,0.001184,1,4,48,0,1
1310,0.250200,0.293700,0.035200,0.075000,0.042800,0.091100,0.005500,0.019328,0.003200,,0.013056,0.001088,1,4,48,0,1
1311,0.244500,0.301100,0.035100,0.074900,0.042500,0.086200,0.005500,0.019200,0.003104,,0.010528,0.001184,1,4,48,0,1
1312,0.243700,0.295500,0.034800,0.075100,0.042600,0.076600,0.014100,0.022144,0.003104,,0.011488,0.001120,1,4,48,0,1
1313,0.242800,0.294800,0.035000,0.074300,0.041700,0.085800,0.005600,0.019200,0.003168,,0.010528,0.001120,1,4,48,0,1
1314,0.243700,0.293900,0.035300,0.074100,0.042200,0.085900,0.005500,0.019008,0.003136,,0.010368,0.001120,1,4,48,0,1
1315,0.240600,0.294800,0.034900,0.074200,0.042300,0.075900,0.012800,0.021568,0.003008,,0.011072,0.001120,1,4,48,0,1
1316,0.246800,0.291600,0.035300,0.074300,0.048300,0.083500,0.005100,0.021408,0.003072,,0.011968,0.001120,1,4,48,0,1
1317,0.294500,0.297600,0.035000,0.080700,0.053100,0.116300,0.008800,0.019232,0.002976,,0.010432,0.001184,1,4,48,0,1
1318,0.261700,0.357600,0.035600,0.079500,0.047100,0.082900,0.016200,0.020640,0.003072,,0.011584,0.001152,1,4,48,0,1
1319,0.246900,0.313800,0.035300,0.075300,0.042400,0.085800,0.007700,0.018944,0.002944,,0.010464,0.001152,1,4,48,0,1
1320,0.241200,0.298000,0.034800,0.082400,0.042200,0.076300,0.004900,0.020000,0.003072,,0.013952,0.001088,1,4,48,0,1
1321,0.235000,0.292700,0.035100,0.074600,0.042500,0.074500,0.008000,0.019648,0.002976,,0.010400,0.001152,1,4,48,0,1
1322,0.233000,0.285900,0.035100,0.074100,0.041800,0.074500,0.007000,0.019840,0.002976,,0.013920,0.001152,1,4,48,0,1
1323,0.259300,0.284000,0.041000,0.074900,0.042700,0.093400,0.006900,0.019808,0.002944,,0.013952,0.001152,1,4,48,0,1
1324,0.232100,0.310400,0.035000,0.073800,0.042000,0.074300,0.006800,0.019616,0.003072,,0.010496,0.001056,1,4,48,0,1
1325,0.233400,0.283400,0.035000,0.074100,0.042100,0.075000,0.006800,0.021728,0.003040,,0.011680,0.001184,1,4,48,0,1
1326,0.240200,0.284200,0.035100,0.073700,0.042100,0.075900,0.012900,0.019008,0.003136,,0.010336,0.001088,1,4,48,0,1
1327,0.243300,0.291200,0.035100,0.077200,0.042300,0.082400,0.005900,0.018496,0.003008,,0.010912,0.001088,1,4,48,0,1
1328,0.244300,0.294200,0.035600,0.074000,0.041700,0.076400,0.016100,0.021536,0.003072,,0.011360,0.001088,1,4,48,0,1
1329,0.240300,0.295200,0.034900,0.074700,0.042200,0.075900,0.012200,0.021632,0.003008,,0.011136,0.001152,1,4,48,0,1
1330,0.244500,0.296000,0.035300,0.074300,0.042400,0.086100,0.005900,0.019008,0.002976,,0.010464,0.001184,1,4,48,0,1
1331,0.241600,0.295500,0.035100,0.074000,0.041900,0.076000,0.014200,0.021792,0.003104,,0.012544,0.001152,1,4,48,0,1
1332,0.264900,0.292500,0.035100,0.074100,0.062200,0.087400,0.005800,0.019296,0.003200,,0.013088,0.001152,1,4,48,0,1
1333,0.242600,0.316100,0.035100,0.074400,0.041900,0.085000,0.005700,0.018976,0.003072,,0.010432,0.001120,1,4,48,0,1
1334,0.240700,0.293600,0.034800,0.074500,0.042000,0.084200,0.005000,0.018816,0.003360,,0.010880,0.001152,1,4,48,0,1
1335,0.247200,0.291800,0.035500,0.073900,0.042000,0.090000,0.005500,0.018560,0.003008,,0.011008,0.001152,1,4,48,0,1
1336,0.242000,0.298600,0.034800,0.077700,0.041600,0.080900,0.006600,0.018880,0.002976,,0.010304,0.001152,1,4,48,0,1
1337,0.238700,0.293000,0.035400,0.074400,0.041800,0.083000,0.003800,0.020960,0.003040,,0.012096,0.001088,1,4,48,0,1
1338,0.242100,0.289800,0.035200,0.074200,0.042000,0.084600,0.005800,0.019328,0.003232,,0.010592,0.001120,1,4,48,0,1
1339,0.250300,0.293100,0.035000,0.083600,0.042100,0.083600,0.005600,0.018720,0.002816,,0.010400,0.001120,1,4,48,0,1
1340,0.241200,0.301100,0.034700,0.074300,0.042000,0.075900,0.013800,0.021696,0.003104,,0.011040,0.001184,1,4,48,0,1
1341,0.239700,0.292200,0.035200,0.074300,0.041900,0.074200,0.013500,0.021696,0.003168,,0.011072,0.001152,1,4,48,0,1
1342,0.237900,0.291000,0.035900,0.074100,0.041800,0.077900,0.007800,0.019648,0.003072,,0.010432,0.001152,1,4,48,0,1
1343,0.242900,0.288700,0.034900,0.073700,0.046300,0.076600,0.011000,0.019584,0.002976,,0.010368,0.001152,1,4,48,0,1
1344,0.241500,0.293800,0.034800,0.074000,0.042000,0.084200,0.005900,0.019264,0.002976,,0.012960,0.001184,1,4,48,0,1
1345,0.237800,0.292900,0.035000,0.074400,0.042100,0.081000,0.004900,0.019104,0.003040,,0.013024,0.001184,1,4,48,0,1
1346,0.241600,0.289100,0.034800,0.074100,0.042100,0.084300,0.005600,0.019040,0.003072,,0.010400,0.001184,1,4,48,0,1
1347,0.262500,0.292700,0.034800,0.075300,0.042500,0.094900,0.014500,0.019424,0.003072,,0.010496,0.001152,1,4,48,0,1
1348,0.239100,0.313500,0.035000,0.074600,0.042400,0.079500,0.007300,0.019872,0.002976,,0.013952,0.001184,1,4,48,0,1
1349,0.242000,0.290400,0.035000,0.074500,0.045500,0.081100,0.005500,0.018624,0.003232,,0.012480,0.001152,1,4,48,0,1
1350,0.244400,0.292800,0.034900,0.080900,0.041800,0.075900,0.010400,0.020960,0.003072,,0.012160,0.001120,1,4,48,0,1
1351,0.242100,0.295600,0.035500,0.074100,0.042400,0.083900,0.005700,0.019040,0.003200,,0.010464,0.001152,1,4,48,0,1
1352,0.231600,0.293000,0.034700,0.073900,0.041900,0.075000,0.005600,0.018976,0.003040,,0.010336,0.001216,1,4,48,0,1
1353,0.231700,0.282700,0.035000,0.074100,0.042200,0.074100,0.005700,0.021248,0.003072,,0.012064,0.001152,1,4,48,0,1
1354,0.244500,0.282600,0.036800,0.074200,0.042100,0.075700,0.015300,0.021824,0.003296,,0.011072,0.001152,1,4,48,0,1
1355,0.243100,0.295700,0.034800,0.074200,0.042000,0.085900,0.005800,0.019072,0.003072,,0.010496,0.001088,1,4,48,0,1
1356,0.240300,0.294100,0.035200,0.074300,0.041800,0.075900,0.012800,0.021856,0.003136,,0.011168,0.001152,1,4,48,0,1
1357,0.248400,0.291200,0.034900,0.080100,0.041900,0.085500,0.005700,0.019008,0.002976,,0.010496,0.001120,1,4,48,0,1
1358,0.242100,0.299600,0.035100,0.074300,0.042200,0.084400,0.005600,0.018624,0.003136,,0.010880,0.001152,1,4,48,0,1
1359,0.244100,0.292900,0.035000,0.074300,0.042200,0.085600,0.006500,0.019392,0.003072,,0.013184,0.001184,1,4,48,0,1
1360,0.241700,0.295000,0.034800,0.073800,0.041800,0.085000,0.005800,0.018976,0.003040,,0.010400,0.001152,1,4,48,0,1
1361,0.241800,0.292700,0.034800,0.074100,0.042200,0.075800,0.014500,0.019072,0.003104,,0.010464,0.001088,1,4,48,0,1
1362,0.230500,0.293000,0.034900,0.074300,0.042700,0.074400,0.003900,0.020032,0.003200,,0.013856,0.001152,1,4,48,0,1
1363,0.233000,0.281500,0.035000,0.074100,0.042300,0.074100,0.007300,0.019968,0.003040,,0.014016,0.001152,1,4,48,0,1
1364,0.243600,0.284000,0.040100,0.074300,0.042000,0.081400,0.005400,0.019104,0.003168,,0.010464,0.001088,1,4,48,0,1
1365,0.238000,0.294500,0.035300,0.073800,0.042300,0.076200,0.010200,0.019712,0.003136,,0.010368,0.001088,1,4,48,0,1
1366,0.241600,0.289000,0.035000,0.074100,0.042300,0.075600,0.014300,0.019296,0.003232,,0.010528,0.001152,1,4,48,0,1
1367,0.243200,0.292600,0.035000,0.074500,0.042000,0.085600,0.005800,0.018912,0.003008,,0.010432,0.001120,1,4,48,0,1
1368,0.241900,0.294200,0.034700,0.073900,0.042100,0.075800,0.015000,0.021216,0.003072,,0.012032,0.001152,1,4,48,0,1
1369,0.243200,0.292700,0.034800,0.074200,0.041900,0.085900,0.005900,0.018976,0.003040,,0.010368,0.001184,1,4,48,0,1
1370,0.323700,0.294100,0.035100,0.099500,0.063600,0.117400,0.007600,0.019936,0.003136,,0.013920,0.001120,1,4,48,0,1
1371,0.241900,0.375000,0.035600,0.075200,0.042300,0.083200,0.005100,0.019520,0.002976,,0.010464,0.001184,1,4,48,0,1
1372,0.243900,0.292900,0.034800,0.074300,0.042200,0.076100,0.016000,0.018944,0.003072,,0.010336,0.001152,1,4,48,0,1
1373,0.238700,0.295400,0.035000,0.074500,0.042600,0.081000,0.005100,0.019008,0.003008,,0.013056,0.001152,1,4,48,0,1
1374,0.262000,0.289800,0.034900,0.074700,0.042200,0.097000,0.012800,0.019232,0.003200,,0.013120,0.001152,1,4,48,0,1
1375,0.305000,0.330900,0.045000,0.098900,0.055000,0.099700,0.005600,0.019520,0.003072,,0.010336,0.001088,1,4,48,0,1
1376,0.290800,0.369600,0.043500,0.093100,0.052500,0.096500,0.004700,0.019584,0.003104,,0.010336,0.001152,1,4,48,0,1
1377,0.289300,0.355200,0.043200,0.091700,0.052700,0.096900,0.004400,0.019168,0.003232,,0.010432,0.001120,1,4,48,0,1
1378,0.249800,0.352700,0.042900,0.083200,0.042800,0.076100,0.004200,0.021408,0.003040,,0.011168,0.001120,1,4,48,0,1
1379,0.241200,0.301700,0.035700,0.075100,0.043000,0.076900,0.010100,0.021728,0.003168,,0.012480,0.001152,1,4,48,0,1
1380,0.240300,0.298400,0.035100,0.075100,0.042700,0.083500,0.003600,0.018880,0.002912,,0.010432,0.001152,1,4,48,0,1
1381,0.235500,0.291700,0.035100,0.075300,0.042600,0.076800,0.005000,0.022208,0.003264,,0.011456,0.001120,1,4,48,0,1
1382,0.311300,0.286600,0.041400,0.090200,0.022200,0.151100,0.005700,0.019008,0.003040,,0.010496,0.001088,1,4,48,0,1
1383,0.344200,0.379100,0.044900,0.131900,0.058400,0.103500,0.005100,0.020800,0.003008,,0.012128,0.001152,1,4,48,0,1
1384,0.296900,0.409200,0.044300,0.093900,0.055000,0.098600,0.004300,0.019264,0.003168,,0.013088,0.001184,1,4,48,0,1
1385,0.296300,0.361200,0.043000,0.092800,0.054700,0.101000,0.004200,0.019584,0.002976,,0.010496,0.001152,1,4,48,0,1
1386,0.293400,0.360200,0.043400,0.091400,0.054000,0.099500,0.004200,0.018976,0.002976,,0.010432,0.001184,1,4,48,0,1
1387,0.309400,0.357000,0.043100,0.091800,0.063100,0.106000,0.004900,0.018720,0.002944,,0.010432,0.001152,1,4,48,0,1
1388,0.288700,0.373400,0.043500,0.092700,0.052600,0.094700,0.004900,0.018976,0.003040,,0.010400,0.001152,1,4,48,0,1
1389,0.286700,0.351900,0.043100,0.090600,0.052500,0.094800,0.005000,0.019168,0.003040,,0.013056,0.001088,1,4,48,0,1
1390,0.283500,0.350900,0.043100,0.090100,0.051300,0.093400,0.004900,0.019872,0.003040,,0.013856,0.001184,1,4,48,0,1
1391,0.286600,0.346400,0.043100,0.090200,0.051500,0.096100,0.005200,0.018688,0.003104,,0.010304,0.001120,1,4,48,0,1
1392,0.290900,0.349500,0.042600,0.090000,0.058600,0.093800,0.005100,0.019424,0.002912,,0.010464,0.001152,1,4,48,0,1
1393,0.245000,0.342200,0.035600,0.075100,0.042500,0.076300,0.014800,0.022016,0.002976,,0.011424,0.001216,1,4,48,0,1
1394,0.234400,0.296700,0.034900,0.074200,0.042500,0.077000,0.005300,0.019840,0.003040,,0.013888,0.001152,1,4,48,0,1
1395,0.261600,0.285800,0.035100,0.079400,0.042100,0.098000,0.006400,0.019936,0.003040,,0.013984,0.001120,1,4,48,0,1
1396,0.300500,0.326800,0.044300,0.095700,0.054300,0.098900,0.006800,0.019904,0.003008,,0.013920,0.001152,1,4,48,0,1
1397,0.296400,0.364200,0.043400,0.091800,0.052900,0.097700,0.010000,0.018976,0.002976,,0.010496,0.001152,1,4,48,0,1
1398,0.319400,0.360400,0.043600,0.107700,0.053100,0.108500,0.005600,0.019712,0.003104,,0.010432,0.001152,1,4,48,0,1
1399,0.296500,0.383300,0.043000,0.091100,0.052700,0.102300,0.006800,0.019424,0.002848,,0.010432,0.001088,1,4,48,0,1
1400,0.304900,0.360200,0.042900,0.090900,0.060400,0.097500,0.012600,0.021600,0.003328,,0.012128,0.001152,1,4,48,0,1
1401,0.286200,0.368400,0.052900,0.090500,0.052200,0.086500,0.003500,0.019168,0.003104,,0.013152,0.001152,1,4,48,0,1
1402,0.240900,0.337700,0.035600,0.074800,0.043000,0.076300,0.011000,0.019328,0.002944,,0.010528,0.001184,1,4,48,0,1
1403,0.242100,0.292200,0.035200,0.075000,0.042900,0.084700,0.003800,0.018784,0.002976,,0.010272,0.001152,1,4,48,0,1
1404,0.242400,0.293400,0.035400,0.074500,0.042800,0.084900,0.004400,0.019104,0.003168,,0.010464,0.001088,1,4,48,0,1
1405,0.244700,0.294000,0.035300,0.074500,0.042900,0.076600,0.014700,0.022112,0.003232,,0.011392,0.001056,1,4,48,0,1
1406,0.244000,0.295700,0.035300,0.073900,0.042500,0.086100,0.005800,0.018784,0.002976,,0.010368,0.001184,1,4,48,0,1
1407,0.317200,0.295300,0.061100,0.098400,0.054300,0.097400,0.005400,0.019488,0.003104,,0.012992,0.001152,1,4,48,0,1
1408,0.289100,0.381500,0.043600,0.091800,0.052200,0.095200,0.005600,0.019680,0.002976,,0.010496,0.001152,1,4,48,0,1
1409,0.285500,0.352700,0.043000,0.090300,0.052100,0.093900,0.005600,0.019744,0.003104,,0.010336,0.001152,1,4,48,0,1
1410,0.285000,0.348900,0.042800,0.089700,0.051700,0.094600,0.005600,0.020096,0.003200,,0.013984,0.001152,1,4,48,0,1
1411,0.242400,0.341100,0.035300,0.074400,0.042600,0.083700,0.005800,0.019040,0.002944,,0.010560,0.001152,1,4,48,0,1
1412,0.249700,0.293400,0.041700,0.074800,0.042200,0.084700,0.005700,0.018528,0.003040,,0.010784,0.001152,1,4,48,0,1
1413,0.244200,0.301100,0.035000,0.074900,0.042700,0.086300,0.004900,0.019232,0.002976,,0.013120,0.001152,1,4,48,0,1
1414,0.241500,0.295500,0.034900,0.074500,0.041600,0.084500,0.005700,0.019232,0.003008,,0.013056,0.001184,1,4,48,0,1
1415,0.240300,0.293000,0.034900,0.073700,0.042200,0.084200,0.004900,0.019296,0.002976,,0.013024,0.001120,1,4,48,0,1
1416,0.334300,0.291500,0.034600,0.074300,0.092800,0.127600,0.004400,0.020736,0.003072,,0.011776,0.001152,1,4,48,0,1
1417,0.241500,0.398100,0.036300,0.078300,0.043400,0.078000,0.005100,0.019392,0.003136,,0.010496,0.001184,1,4,48,0,1
1418,0.241700,0.293300,0.035700,0.078300,0.042700,0.076300,0.008100,0.019936,0.003008,,0.010496,0.001184,1,4,48,0,1
1419,0.262400,0.293200,0.035500,0.077000,0.051600,0.089500,0.008200,0.019072,0.002880,,0.010336,0.001152,1,4,48,0,1
1420,0.234400,0.314100,0.035600,0.076100,0.042500,0.075200,0.004600,0.020032,0.003104,,0.013920,0.001120,1,4,48,0,1
1421,0.242500,0.285700,0.035600,0.074900,0.042700,0.075900,0.012800,0.019232,0.002944,,0.010336,0.001120,1,4,48,0,1
1422,0.238900,0.293600,0.035100,0.074800,0.042100,0.081000,0.005300,0.019616,0.002976,,0.013920,0.001120,1,4,48,0,1
1423,0.240700,0.290000,0.034900,0.074800,0.042100,0.076000,0.012400,0.021536,0.003072,,0.012416,0.001152,1,4,48,0,1
1424,0.232600,0.292000,0.035100,0.074100,0.041800,0.076000,0.005100,0.018496,0.003008,,0.010720,0.001152,1,4,48,0,1
1425,0.244200,0.284000,0.035200,0.074300,0.042500,0.086200,0.005700,0.019424,0.003136,,0.013152,0.001152,1,4,48,0,1
1426,0.234800,0.295700,0.035600,0.074600,0.041900,0.074800,0.007500,0.019520,0.002944,,0.010336,0.001184,1,4,48,0,1
1427,0.239700,0.285900,0.034800,0.074500,0.042300,0.084100,0.003300,0.019008,0.003072,,0.010400,0.001152,1,4,48,0,1
1428,0.242300,0.291000,0.034700,0.074100,0.042000,0.086100,0.005000,0.019872,0.003200,,0.012800,0.001152,1,4,48,0,1
1429,0.251800,0.293700,0.034900,0.074800,0.042100,0.088500,0.010800,0.019296,0.003264,,0.010528,0.001120,1,4,48,0,1
1430,0.245000,0.302700,0.035000,0.074700,0.042400,0.086400,0.005800,0.019328,0.003328,,0.010528,0.001120,1,4,48,0,1
1431,0.232000,0.296100,0.035100,0.074200,0.042300,0.073700,0.006100,0.019552,0.002944,,0.010400,0.001088,1,4,48,0,1
1432,0.245000,0.283100,0.035200,0.074700,0.042100,0.086800,0.005900,0.019488,0.003296,,0.013152,0.001184,1,4,48,0,1
1433,0.249800,0.296500,0.043400,0.074600,0.042100,0.076000,0.013300,0.019264,0.003168,,0.012960,0.001120,1,4,48,0,1
1434,0.242100,0.301200,0.034900,0.074600,0.042200,0.084200,0.005900,0.019232,0.003136,,0.010528,0.001184,1,4,48,0,1
1435,0.242300,0.294000,0.035300,0.075700,0.041800,0.083200,0.005800,0.018944,0.003360,,0.010496,0.001120,1,4,48,0,1
1436,0.241200,0.293300,0.034700,0.074100,0.042000,0.085100,0.004800,0.019104,0.002976,,0.010528,0.001184,1,4,48,0,1
1437,0.242100,0.292200,0.034900,0.074600,0.042500,0.083800,0.005800,0.018624,0.003072,,0.010976,0.001152,1,4,48,0,1
1438,0.242800,0.293400,0.034800,0.074800,0.042100,0.087200,0.003400,0.019584,0.002944,,0.010432,0.001184,1,4,48,0,1
1439,0.239400,0.294000,0.035000,0.074400,0.046900,0.074900,0.007500,0.019328,0.003136,,0.010496,0.001152,1,4,48,0,1
1440,0.245600,0.290600,0.035700,0.074600,0.042800,0.086000,0.006000,0.018976,0.002976,,0.010432,0.001152,1,4,48,0,1
1441,0.231200,0.296800,0.034700,0.074000,0.042000,0.074100,0.005900,0.021280,0.003232,,0.011968,0.001152,1,4,48,0,1
1442,0.238000,0.282600,0.034900,0.074100,0.041700,0.081500,0.005300,0.019200,0.003168,,0.013056,0.001184,1,4,48,0,1
1443,0.255600,0.289800,0.035200,0.074800,0.041700,0.095700,0.007700,0.019712,0.003136,,0.010528,0.001120,1,4,48,0,1
1444,0.242100,0.306800,0.037300,0.074700,0.041900,0.080100,0.007600,0.019584,0.003072,,0.010400,0.001184,1,4,48,0,1
1445,0.239800,0.293300,0.035100,0.074300,0.042200,0.075600,0.012300,0.019904,0.003072,,0.013888,0.001152,1,4,48,0,1
1446,0.243300,0.291000,0.035000,0.073900,0.042200,0.086100,0.005600,0.019136,0.003072,,0.010528,0.001152,1,4,48,0,1
1447,0.241100,0.294100,0.035100,0.074200,0.042100,0.075300,0.013900,0.019968,0.003200,,0.013920,0.001152,1,4,48,0,1
1448,0.241600,0.292300,0.034900,0.074700,0.042100,0.084300,0.005100,0.019136,0.003072,,0.010528,0.001184,1,4,48,0,1
1449,0.245100,0.293200,0.035700,0.074100,0.041800,0.087400,0.005800,0.019040,0.002944,,0.010592,0.001152,1,4,48,0,1
1450,0.238300,0.296400,0.035000,0.073900,0.041500,0.075400,0.012100,0.019296,0.003232,,0.010528,0.001120,1,4,48,0,1
1451,0.242500,0.289800,0.035000,0.074400,0.042400,0.084400,0.005700,0.018976,0.002976,,0.010464,0.001120,1,4,48,0,1
1452,0.237000,0.293400,0.034800,0.074200,0.041700,0.075700,0.010200,0.020160,0.003328,,0.013952,0.001152,1,4,48,0,1
1453,0.237200,0.288000,0.034900,0.074300,0.041900,0.074800,0.010700,0.018848,0.003040,,0.010368,0.001152,1,4,48,0,1
1454,0.236200,0.288700,0.035500,0.073700,0.041500,0.074800,0.010100,0.019136,0.003200,,0.010400,0.001184,1,4,48,0,1
1455,0.239700,0.287700,0.034900,0.074200,0.041600,0.075200,0.013100,0.021792,0.003360,,0.011168,0.001184,1,4,48,0,1
1456,0.242000,0.290900,0.035000,0.074600,0.042500,0.081300,0.008300,0.018848,0.002976,,0.010336,0.001152,1,4,48,0,1
1457,0.240700,0.293100,0.035700,0.074500,0.042100,0.075600,0.012400,0.021536,0.003040,,0.011040,0.001120,1,4,48,0,1
1458,0.240000,0.291700,0.035300,0.074100,0.041900,0.075800,0.012500,0.021920,0.003360,,0.011040,0.001152,1,4,48,0,1
1459,0.232300,0.291300,0.035000,0.074500,0.041900,0.075100,0.005400,0.019552,0.002976,,0.010304,0.001152,1,4,48,0,1
1460,0.233500,0.283700,0.034900,0.074000,0.041900,0.074700,0.007500,0.019264,0.003264,,0.010432,0.001152,1,4,48,0,1
1461,0.245000,0.284800,0.035500,0.074600,0.042000,0.086200,0.006100,0.019008,0.002976,,0.010496,0.001152,1,4,48,0,1
1462,0.244300,0.296100,0.034700,0.074500,0.042400,0.075900,0.016400,0.021920,0.003264,,0.011072,0.001184,1,4,48,0,1
1463,0.246100,0.295600,0.035500,0.074400,0.046700,0.076500,0.012600,0.021568,0.002880,,0.012480,0.001184,1,4,48,0,1
1464,0.232500,0.297600,0.035200,0.074500,0.042100,0.075400,0.005000,0.018816,0.003168,,0.010336,0.001184,1,4,48,0,1
1465,0.242200,0.283800,0.035100,0.073900,0.042200,0.084500,0.005900,0.019424,0.003232,,0.012992,0.001184,1,4,48,0,1
1466,0.238400,0.293700,0.035000,0.074600,0.041300,0.083700,0.003300,0.019968,0.003104,,0.013888,0.001152,1,4,48,0,1
1467,0.238900,0.289300,0.035000,0.074000,0.041800,0.075500,0.011800,0.019040,0.003104,,0.010432,0.001152,1,4,48,0,1
1468,0.241200,0.290200,0.035400,0.074300,0.042000,0.083900,0.005200,0.018560,0.003040,,0.010560,0.001184,1,4,48,0,1
1469,0.237300,0.292400,0.034800,0.074300,0.047000,0.075000,0.005700,0.018848,0.002848,,0.010432,0.001152,1,4,48,0,1
1470,0.353900,0.312200,0.048900,0.115300,0.054100,0.113600,0.021400,0.019968,0.003168,,0.013920,0.001120,1,4,48,0,1
1471,0.337600,0.422200,0.049600,0.100700,0.055400,0.124600,0.006600,0.020000,0.003040,,0.013888,0.001152,1,4,48,0,1
1472,0.338600,0.405500,0.045600,0.108900,0.056000,0.120000,0.007600,0.019584,0.003424,,0.010208,0.001088,1,4,48,0,1
1473,0.297300,0.404300,0.044000,0.094700,0.053900,0.098400,0.005800,0.019264,0.003200,,0.013120,0.001152,1,4,48,0,1
1474,0.290000,0.361800,0.043100,0.092100,0.053500,0.095500,0.005300,0.019616,0.003008,,0.010464,0.001120,1,4,48,0,1
1475,0.286700,0.357000,0.043200,0.091300,0.052400,0.094200,0.005200,0.019808,0.003296,,0.010304,0.001120,1,4,48,0,1
1476,0.299800,0.351000,0.043100,0.090600,0.066500,0.094700,0.004500,0.019040,0.003040,,0.010496,0.001184,1,4,48,0,1
1477,0.302800,0.352700,0.038300,0.077800,0.044700,0.128300,0.012800,0.018944,0.002912,,0.010496,0.001152,1,4,48,0,1
1478,0.254100,0.359900,0.035600,0.076800,0.043700,0.089600,0.008000,0.019936,0.003424,,0.010304,0.001184,1,4,48,0,1
1479,0.246500,0.305500,0.035200,0.075500,0.042800,0.084700,0.007700,0.018880,0.003040,,0.010336,0.001152,1,4,48,0,1
1480,0.241800,0.297600,0.035000,0.074700,0.042600,0.082400,0.006700,0.021696,0.003136,,0.011104,0.001152,1,4,48,0,1
1481,0.240800,0.293000,0.035200,0.075200,0.042100,0.081700,0.005700,0.019328,0.003456,,0.010304,0.001184,1,4,48,0,1
1482,0.260300,0.292100,0.054500,0.075800,0.042300,0.081500,0.005900,0.019904,0.002976,,0.013984,0.001120,1,4,48,0,1
1483,0.240500,0.311400,0.035200,0.075000,0.042600,0.081600,0.005800,0.019136,0.003136,,0.010496,0.001120,1,4,48,0,1
1484,0.241500,0.291900,0.035100,0.074000,0.042500,0.083800,0.005800,0.022208,0.003232,,0.011424,0.001088,1,4,48,0,1
1485,0.238300,0.292600,0.035100,0.074900,0.042500,0.080500,0.004800,0.020576,0.002944,,0.011776,0.001184,1,4,48,0,1
1486,0.238500,0.289500,0.035100,0.074700,0.042100,0.075900,0.010200,0.018624,0.003072,,0.010944,0.001152,1,4,48,0,1
1487,0.237600,0.289600,0.035000,0.074700,0.041700,0.075200,0.010300,0.018976,0.003264,,0.010400,0.001088,1,4,48,0,1
1488,0.237000,0.288900,0.035000,0.074600,0.042100,0.079100,0.005500,0.019264,0.003232,,0.013088,0.001152,1,4,48,0,1
1489,0.239000,0.294100,0.035700,0.075000,0.042000,0.080400,0.005500,0.019136,0.003008,,0.013088,0.001152,1,4,48,0,1
1490,0.240300,0.290300,0.035400,0.074200,0.042400,0.084000,0.004100,0.021600,0.003072,,0.011136,0.001120,1,4,48,0,1
1491,0.239200,0.291600,0.036300,0.074300,0.041700,0.080800,0.005600,0.019232,0.002976,,0.013152,0.001184,1,4,48,0,1
1492,0.252200,0.290400,0.035800,0.074500,0.042500,0.092400,0.006500,0.018816,0.002944,,0.010336,0.001152,1,4,48,0,1
1493,0.250900,0.304000,0.035400,0.083500,0.041800,0.075300,0.014500,0.018432,0.002976,,0.012544,0.001152,1,4,48,0,1
1494,0.232100,0.302000,0.035700,0.074700,0.041800,0.076000,0.003400,0.019104,0.003136,,0.010432,0.001152,1,4,48,0,1
1495,0.232700,0.283200,0.035200,0.074300,0.041900,0.074700,0.006200,0.019648,0.003104,,0.010432,0.001152,1,4,48,0,1
1496,0.242000,0.284100,0.035200,0.074200,0.042400,0.084100,0.005700,0.021632,0.003168,,0.011072,0.001120,1,4,48,0,1
1497,0.236900,0.293200,0.035200,0.074300,0.042100,0.079200,0.005400,0.018816,0.002912,,0.010400,0.001152,1,4,48,0,1
1498,0.244800,0.288100,0.035300,0.075100,0.042800,0.084500,0.006700,0.019488,0.003168,,0.010336,0.001184,1,4,48,0,1
1499,0.261400,0.295900,0.035200,0.075200,0.042500,0.095100,0.012700,0.019744,0.003104,,0.010464,0.001152,1,4,48,0,1
1500,0.238000,0.312800,0.035000,0.074500,0.042300,0.080400,0.005000,0.019552,0.003008,,0.010496,0.001184,1,4,48,0,1
1501,0.247500,0.289200,0.035400,0.075500,0.043200,0.086800,0.006100,0.018880,0.002848,,0.010496,0.001152,1,4,48,0,1
1502,0.242700,0.298800,0.035600,0.074600,0.041900,0.075900,0.014200,0.018880,0.003072,,0.010464,0.001088,1,4,48,0,1
1503,0.243600,0.294100,0.035000,0.074700,0.042100,0.086100,0.005100,0.018944,0.002912,,0.010528,0.001120,1,4,48,0,1
1504,0.240800,0.294800,0.035200,0.074000,0.042400,0.084000,0.005000,0.019168,0.003072,,0.010528,0.001184,1,4,48,0,1
1505,0.246700,0.292100,0.035700,0.074200,0.046800,0.083900,0.005700,0.018464,0.003040,,0.010560,0.001152,1,4,48,0,1
1506,0.240700,0.298200,0.034900,0.074100,0.041800,0.084300,0.004900,0.019456,0.003168,,0.013088,0.001152,1,4,48,0,1
1507,0.238400,0.291700,0.035100,0.074400,0.042400,0.081000,0.005100,0.019680,0.003072,,0.012768,0.001152,1,4,48,0,1
1508,0.241100,0.289700,0.035300,0.074300,0.041600,0.075200,0.014400,0.021632,0.003040,,0.011072,0.001152,1,4,48,0,1
1509,0.242400,0.292700,0.035400,0.074400,0.042100,0.084400,0.005700,0.018528,0.003104,,0.010912,0.001120,1,4,48,0,1
1510,0.240500,0.293500,0.035400,0.073900,0.041700,0.084300,0.004800,0.019296,0.003008,,0.013024,0.001184,1,4,48,0,1
1511,0.247800,0.291900,0.035100,0.074700,0.041600,0.090300,0.005600,0.018784,0.003008,,0.010368,0.001152,1,4,48,0,1
1512,0.239000,0.298900,0.035100,0.080800,0.042000,0.074700,0.005700,0.021920,0.003264,,0.011104,0.001184,1,4,48,0,1
1513,0.239200,0.290400,0.035200,0.074000,0.042200,0.083500,0.003900,0.019264,0.003008,,0.013152,0.001152,1,4,48,0,1
1514,0.236100,0.290600,0.034900,0.073500,0.041600,0.075300,0.010200,0.019008,0.003008,,0.010432,0.001184,1,4,48,0,1
1515,0.239100,0.287100,0.035300,0.074500,0.041600,0.075100,0.012000,0.019200,0.003008,,0.012960,0.001152,1,4,48,0,1
1516,0.241700,0.290200,0.035100,0.073900,0.041900,0.075500,0.014800,0.021984,0.003296,,0.012416,0.001184,1,4,48,0,1
1517,0.238300,0.292500,0.035200,0.074600,0.042500,0.078400,0.007200,0.019200,0.003072,,0.013184,0.001120,1,4,48,0,1
1518,0.239700,0.289700,0.034800,0.074400,0.041700,0.075400,0.012800,0.020096,0.003168,,0.013952,0.001184,1,4,48,0,1
1519,0.323900,0.291500,0.035500,0.081700,0.041800,0.158500,0.005700,0.019936,0.003104,,0.013920,0.001152,1,4,48,0,1
1520,0.345200,0.405600,0.062000,0.116100,0.054600,0.104600,0.007200,0.019776,0.002944,,0.013952,0.001088,1,4,48,0,1
1521,0.302100,0.410300,0.043800,0.094700,0.053000,0.104800,0.005100,0.019008,0.003008,,0.010432,0.001152,1,4,48,0,1
1522,0.257500,0.354600,0.036300,0.079900,0.044700,0.079700,0.016500,0.019552,0.002976,,0.010400,0.001184,1,4,48,0,1
1523,0.243500,0.309400,0.035400,0.075600,0.043100,0.078300,0.010700,0.018432,0.002944,,0.010848,0.001152,1,4,48,0,1
1524,0.264200,0.294600,0.036000,0.084200,0.044200,0.091900,0.007100,0.018880,0.003040,,0.010304,0.001120,1,4,48,0,1
1525,0.245500,0.315800,0.035600,0.074600,0.042800,0.086400,0.005800,0.018880,0.002912,,0.010464,0.001120,1,4,48,0,1
1526,0.243300,0.297000,0.035200,0.074400,0.041900,0.085300,0.006000,0.018912,0.003008,,0.010368,0.001088,1,4,48,0,1
1527,0.252200,0.295200,0.035300,0.074300,0.048300,0.088200,0.005600,0.021248,0.003072,,0.012128,0.001152,1,4,48,0,1
1528,0.234600,0.303700,0.035300,0.074800,0.042200,0.076800,0.005100,0.018976,0.003040,,0.010432,0.001120,1,4,48,0,1
1529,0.242200,0.302800,0.036000,0.076000,0.042500,0.075800,0.011400,0.019072,0.003072,,0.010496,0.001152,1,4,48,0,1
1530,0.243200,0.293300,0.035200,0.074700,0.042700,0.074900,0.015300,0.019488,0.003008,,0.010496,0.001152,1,4,48,0,1
1531,0.253000,0.294700,0.035500,0.074600,0.042900,0.088100,0.011400,0.019680,0.002880,,0.013888,0.001152,1,4,48,0,1
1532,0.250100,0.304200,0.042700,0.074500,0.042600,0.084000,0.005900,0.019872,0.003008,,0.013888,0.001152,1,4,48,0,1
1533,0.252600,0.301300,0.044800,0.075100,0.042700,0.083700,0.005800,0.018624,0.003040,,0.012640,0.001152,1,4,48,0,1
1534,0.244800,0.303900,0.034900,0.080300,0.042100,0.075700,0.011400,0.020992,0.002976,,0.012128,0.001120,1,4,48,0,1
1535,0.240900,0.300400,0.035200,0.074300,0.043000,0.075500,0.012400,0.021696,0.003104,,0.012416,0.001120,1,4,48,0,1
1536,0.238800,0.291900,0.035200,0.074500,0.041900,0.076000,0.010900,0.019072,0.003008,,0.010528,0.001152,1,4,48,0,1
1537,0.244400,0.290400,0.035100,0.074300,0.042700,0.086100,0.005700,0.019360,0.003008,,0.012992,0.001184,1,4,48,0,1
1538,0.241900,0.295700,0.035400,0.074400,0.042000,0.074200,0.015500,0.019872,0.002944,,0.013952,0.001184,1,4,48,0,1
1539,0.240900,0.293300,0.037600,0.074200,0.041800,0.079400,0.007500,0.019392,0.003168,,0.013024,0.001184,1,4,48,0,1
1540,0.232900,0.291900,0.035100,0.074300,0.042300,0.074800,0.005900,0.021472,0.003008,,0.011392,0.001216,1,4,48,0,1
1541,0.247800,0.284200,0.040500,0.074200,0.042200,0.086900,0.003500,0.019264,0.003040,,0.013120,0.001152,1,4,48,0,1
1542,0.272300,0.299700,0.035700,0.074900,0.041700,0.112200,0.007200,0.020064,0.003232,,0.012384,0.001152,1,4,48,0,1
1543,0.240600,0.323600,0.035500,0.075200,0.042000,0.080500,0.006900,0.019104,0.003104,,0.010464,0.001120,1,4,48,0,1
1544,0.239700,0.291900,0.035300,0.074200,0.041700,0.075800,0.012000,0.019936,0.003040,,0.013920,0.001184,1,4,48,0,1
1545,0.241600,0.290800,0.035200,0.073800,0.042200,0.075700,0.014000,0.021504,0.002976,,0.011136,0.001088,1,4,48,0,1
1546,0.240000,0.292900,0.034900,0.074300,0.041900,0.076000,0.012400,0.021568,0.003040,,0.011072,0.001184,1,4,48,0,1
1547,0.243200,0.290800,0.035100,0.073800,0.042100,0.085500,0.005900,0.019008,0.002944,,0.010496,0.001184,1,4,48,0,1
1548,0.249600,0.294500,0.035000,0.074300,0.041700,0.091800,0.006200,0.019136,0.003072,,0.010528,0.001184,1,4,48,0,1
1549,0.243700,0.301000,0.034900,0.074200,0.042200,0.086100,0.005800,0.019168,0.003200,,0.010464,0.001088,1,4,48,0,1
1550,0.236400,0.294700,0.034900,0.073900,0.041800,0.080400,0.004800,0.019136,0.003008,,0.013120,0.001152,1,4,48,0,1
1551,0.241600,0.287600,0.034800,0.074200,0.042000,0.084400,0.005700,0.019264,0.003040,,0.013088,0.001152,1,4,48,0,1
1552,0.240800,0.292700,0.035300,0.073700,0.041500,0.074600,0.015300,0.021280,0.003008,,0.011040,0.001152,1,4,48,0,1
1553,0.243700,0.291900,0.035300,0.074300,0.042300,0.085800,0.005700,0.019072,0.003072,,0.010496,0.001152,1,4,48,0,1
1554,0.238100,0.294700,0.035200,0.074400,0.041800,0.081600,0.004800,0.019040,0.002976,,0.010528,0.001120,1,4,48,0,1
1555,0.246100,0.289400,0.035000,0.074400,0.042300,0.089000,0.005200,0.018944,0.003008,,0.010464,0.001120,1,4,48,0,1
1556,0.239700,0.297300,0.034900,0.074300,0.041700,0.076100,0.012100,0.021376,0.003104,,0.011360,0.001120,1,4,48,0,1
1557,0.242100,0.291000,0.035200,0.075000,0.041700,0.084000,0.005600,0.019648,0.003136,,0.012448,0.001216,1,4,48,0,1
1558,0.231600,0.293200,0.034900,0.074200,0.041600,0.075400,0.005100,0.019040,0.003008,,0.010528,0.001120,1,4,48,0,1
1559,0.245100,0.282600,0.035300,0.077500,0.042400,0.074100,0.015500,0.019328,0.002976,,0.010464,0.001184,1,4,48,0,1
1560,0.234500,0.296500,0.034700,0.074100,0.042000,0.074800,0.008200,0.019488,0.002944,,0.010464,0.001120,1,4,48,0,1
1561,0.238900,0.286100,0.035300,0.074300,0.041900,0.075700,0.011000,0.019040,0.003040,,0.010464,0.001120,1,4,48,0,1
1562,0.257000,0.289900,0.035100,0.074200,0.047500,0.095500,0.004200,0.019328,0.003360,,0.010528,0.001088,1,4,48,0,1
1563,0.242100,0.308300,0.034800,0.074400,0.041800,0.085300,0.005400,0.018880,0.002976,,0.010368,0.001184,1,4,48,0,1
1564,0.233900,0.292900,0.034900,0.074300,0.042300,0.075400,0.006700,0.020096,0.003168,,0.013952,0.001184,1,4,48,0,1
1565,0.233100,0.285300,0.034700,0.074000,0.042000,0.074400,0.007300,0.019488,0.003168,,0.010304,0.001120,1,4,48,0,1
1566,0.231900,0.284500,0.035100,0.074200,0.041900,0.074100,0.006100,0.019872,0.003008,,0.010464,0.001184,1,4,48,0,1
1567,0.241100,0.283300,0.035000,0.074200,0.041900,0.083800,0.005800,0.018656,0.003136,,0.010944,0.001184,1,4,48,0,1
1568,0.241300,0.292500,0.035000,0.074000,0.041900,0.075500,0.014400,0.021728,0.003040,,0.011168,0.001184,1,4,48,0,1
1569,0.266300,0.292800,0.035200,0.081600,0.041700,0.100500,0.006800,0.019424,0.003072,,0.010336,0.001152,1,4,48,0,1
1570,0.365900,0.334100,0.080500,0.117400,0.055800,0.106200,0.005400,0.019264,0.003200,,0.013088,0.001152,1,4,48,0,1
1571,0.791500,0.431600,0.043900,0.094100,0.053500,0.592900,0.006400,0.018944,0.003008,,0.010432,0.001184,1,4,48,0,1
1572,0.249300,0.843800,0.035600,0.077900,0.043400,0.079400,0.012700,0.022176,0.003520,,0.012768,0.001120,1,4,48,0,1
1573,0.247100,0.301100,0.035500,0.076100,0.043500,0.086500,0.004900,0.018784,0.003104,,0.010656,0.001120,1,4,48,0,1
1574,0.233000,0.298100,0.035300,0.074900,0.042300,0.075200,0.004700,0.021696,0.003168,,0.011456,0.001184,1,4,48,0,1
1575,0.245100,0.285100,0.035200,0.074900,0.042600,0.086200,0.005700,0.018880,0.002976,,0.010464,0.001152,1,4,48,0,1
1576,0.242100,0.296500,0.034700,0.074500,0.042400,0.084300,0.005600,0.018592,0.003040,,0.010912,0.001152,1,4,48,0,1
1577,0.241400,0.293500,0.034900,0.074600,0.043200,0.083000,0.005300,0.019328,0.003264,,0.010560,0.001120,1,4,48,0,1
1578,0.236500,0.298200,0.035300,0.075000,0.042700,0.075500,0.007400,0.019904,0.003296,,0.010400,0.001120,1,4,48,0,1
1579,0.240700,0.287500,0.035000,0.074400,0.042200,0.075800,0.013000,0.018944,0.003008,,0.010496,0.001184,1,4,48,0,1
1580,0.239300,0.292100,0.035100,0.074000,0.041900,0.076300,0.011600,0.019200,0.003072,,0.013056,0.001184,1,4,48,0,1
1581,0.243600,0.290700,0.035100,0.074700,0.042400,0.075800,0.015100,0.019168,0.002976,,0.013152,0.001184,1,4,48,0,1
1582,0.245300,0.294900,0.035600,0.074800,0.042900,0.083600,0.007800,0.018720,0.003136,,0.010944,0.001152,1,4,48,0,1
1583,0.233400,0.296700,0.034900,0.074900,0.041700,0.076400,0.005000,0.018528,0.003104,,0.010784,0.001184,1,4,48,0,1
1584,0.238800,0.284800,0.035100,0.074300,0.047400,0.075400,0.006000,0.021632,0.003136,,0.012512,0.001152,1,4,48,0,1
1585,0.240500,0.290400,0.034900,0.074000,0.041900,0.083500,0.005700,0.018752,0.002816,,0.010368,0.001184,1,4,48,0,1
1586,0.242500,0.291400,0.035300,0.074700,0.042300,0.075500,0.014400,0.021568,0.003104,,0.012480,0.001184,1,4,48,0,1
1587,0.248800,0.293700,0.035200,0.074600,0.042200,0.091800,0.004500,0.019136,0.002944,,0.012960,0.001152,1,4,48,0,1
1588,0.232000,0.300100,0.034900,0.074300,0.042100,0.074900,0.005000,0.021536,0.003104,,0.011360,0.001184,1,4,48,0,1
1589,0.242200,0.283200,0.035200,0.074600,0.041700,0.084400,0.005700,0.018528,0.003072,,0.010592,0.001120,1,4,48,0,1
1590,0.240600,0.293300,0.034800,0.074500,0.042400,0.077500,0.011000,0.020032,0.003168,,0.012416,0.001152,1,4,48,0,1
1591,0.248000,0.291800,0.035200,0.081800,0.042600,0.075400,0.012600,0.020800,0.003008,,0.011392,0.001152,1,4,48,0,1
1592,0.239800,0.299100,0.035200,0.074300,0.041600,0.075600,0.012700,0.020448,0.003104,,0.011424,0.001120,1,4,48,0,1
1593,0.238800,0.290900,0.034900,0.074400,0.042300,0.081600,0.005000,0.021024,0.003104,,0.011520,0.001088,1,4,48,0,1
1594,0.240200,0.290000,0.035300,0.074200,0.042100,0.075800,0.012400,0.021728,0.003168,,0.011072,0.001152,1,4,48,0,1
1595,0.238400,0.291400,0.035000,0.074400,0.042400,0.081400,0.004800,0.019200,0.003200,,0.010464,0.001120,1,4,48,0,1
1596,0.238400,0.289400,0.034800,0.074400,0.041800,0.079900,0.006900,0.022240,0.003360,,0.011360,0.001088,1,4,48,0,1
1597,0.237300,0.289700,0.035000,0.078600,0.041500,0.074300,0.007200,0.019904,0.003104,,0.013888,0.001152,1,4,48,0,1
1598,0.240200,0.288600,0.034800,0.081400,0.041400,0.074200,0.008000,0.019552,0.003136,,0.010496,0.001152,1,4,48,0,1
1599,0.183800,0.291400,0.035300,0.073900,0.017300,0.055700,0.001200,0.019104,0.003008,,0.010560,0.001152,1,4,48,0,1
1600,0.302600,0.234100,0.036700,0.096900,0.035300,0.111500,0.021300,0.019936,0.002912,,0.013984,0.001184,1,4,48,0,1
1601,0.345900,0.370200,0.045100,0.130700,0.057900,0.105100,0.006500,0.019968,0.003136,,0.013952,0.001152,1,4,48,0,1
1602,0.302200,0.411200,0.043700,0.095200,0.053900,0.102900,0.005900,0.019104,0.003072,,0.013088,0.001184,1,4,48,0,1
1603,0.319500,0.366400,0.042900,0.106600,0.053100,0.110200,0.006100,0.019616,0.003072,,0.010144,0.001120,1,4,48,0,1
1604,0.287500,0.383700,0.043100,0.091300,0.051800,0.094500,0.006200,0.019744,0.003200,,0.010464,0.001152,1,4,48,0,1
1605,0.271800,0.349500,0.035200,0.075200,0.056700,0.091500,0.012800,0.019136,0.003072,,0.010560,0.001120,1,4,48,0,1
1606,0.248700,0.323300,0.035600,0.076200,0.043100,0.087700,0.005500,0.019136,0.003168,,0.010464,0.001120,1,4,48,0,1
1607,0.246900,0.300400,0.035200,0.075000,0.043100,0.087300,0.005600,0.019520,0.003040,,0.012992,0.001184,1,4,48,0,1
1608,0.276100,0.297800,0.035400,0.086700,0.051500,0.095600,0.006400,0.019616,0.003008,,0.010368,0.001152,1,4,48,0,1
1609,0.288200,0.339300,0.043100,0.090900,0.051900,0.095500,0.006300,0.019904,0.003360,,0.010336,0.001088,1,4,48,0,1
1610,0.291200,0.361700,0.043100,0.089600,0.051200,0.095000,0.011700,0.019072,0.002944,,0.010400,0.001120,1,4,48,0,1
1611,0.238800,0.354300,0.035500,0.074900,0.042700,0.079000,0.006100,0.018944,0.003008,,0.010432,0.001120,1,4,48,0,1
1612,0.234000,0.290000,0.035400,0.074300,0.042700,0.076200,0.005100,0.019136,0.003200,,0.010400,0.001152,1,4,48,0,1
1613,0.243100,0.285500,0.034900,0.074900,0.042300,0.076100,0.014400,0.019136,0.003104,,0.010528,0.001120,1,4,48,0,1
1614,0.240200,0.294400,0.034900,0.074200,0.042300,0.076500,0.011900,0.019968,0.002976,,0.013952,0.001184,1,4,48,0,1
1615,0.241600,0.291400,0.035200,0.074800,0.042300,0.075500,0.013300,0.019168,0.003168,,0.010432,0.001184,1,4,48,0,1
1616,0.240500,0.293300,0.035300,0.074100,0.042000,0.075300,0.013300,0.021248,0.003168,,0.012096,0.001184,1,4,48,0,1
1617,0.276000,0.291800,0.035100,0.083400,0.054900,0.094900,0.007100,0.019584,0.003040,,0.010496,0.001184,1,4,48,0,1
1618,0.234200,0.327600,0.035000,0.074900,0.042500,0.075900,0.005500,0.018880,0.002976,,0.010464,0.001152,1,4,48,0,1
1619,0.322500,0.330800,0.047900,0.101500,0.056400,0.109400,0.006600,0.019200,0.003072,,0.013088,0.001120,1,4,48,0,1
1620,0.297700,0.389700,0.043600,0.094500,0.053400,0.099800,0.005800,0.019936,0.003072,,0.012352,0.001184,1,4,48,0,1
1621,0.295800,0.362400,0.043400,0.092700,0.052500,0.099300,0.007100,0.020096,0.003232,,0.013920,0.001152,1,4,48,0,1
1622,0.299900,0.359600,0.043300,0.091000,0.052700,0.106400,0.005800,0.018976,0.003008,,0.010400,0.001152,1,4,48,0,1
1623,0.328000,0.363700,0.042800,0.091800,0.067600,0.117700,0.007300,0.020864,0.003104,,0.012000,0.001152,1,4,48,0,1
1624,0.296700,0.379500,0.035400,0.082500,0.043300,0.128100,0.006800,0.019168,0.003136,,0.013088,0.001152,1,4,48,0,1
1625,0.312100,0.362400,0.051600,0.097400,0.055300,0.101000,0.006000,0.019968,0.003040,,0.010592,0.001152,1,4,48,0,1
1626,0.293000,0.376100,0.043300,0.093100,0.052800,0.096900,0.006400,0.019648,0.003072,,0.010496,0.001152,1,4,48,0,1
1627,0.291400,0.368500,0.043200,0.091400,0.052900,0.097600,0.005900,0.019200,0.003168,,0.013088,0.001184,1,4,48,0,1
1628,0.288200,0.354700,0.042700,0.091500,0.052500,0.095000,0.005900,0.019200,0.003008,,0.013024,0.001184,1,4,48,0,1
1629,0.317800,0.351500,0.043300,0.091100,0.055400,0.116600,0.010900,0.019904,0.003104,,0.012352,0.001088,1,4,48,0,1
1630,0.255400,0.370200,0.037900,0.078900,0.044500,0.087100,0.006400,0.019008,0.003008,,0.010496,0.001152,1,4,48,0,1
1631,0.249900,0.306300,0.035900,0.077300,0.043600,0.086900,0.005800,0.019200,0.003008,,0.013024,0.001184,1,4,48,0,1
1632,0.285200,0.305600,0.042900,0.091000,0.052400,0.093900,0.004500,0.019200,0.003296,,0.010400,0.001120,1,4,48,0,1
1633,0.286400,0.348200,0.042900,0.091700,0.052400,0.094300,0.004500,0.021856,0.003360,,0.011424,0.001152,1,4,48,0,1
1634,0.295200,0.349400,0.042700,0.090500,0.051700,0.101300,0.008300,0.019168,0.003200,,0.013024,0.001152,1,4,48,0,1
1635,0.247800,0.346800,0.035600,0.075600,0.043400,0.086500,0.006200,0.019168,0.003296,,0.010432,0.001120,1,4,48,0,1
1636,0.252400,0.299500,0.035700,0.075600,0.042600,0.090500,0.007600,0.019712,0.003040,,0.010528,0.001152,1,4,48,0,1
1637,0.306600,0.322400,0.045100,0.096700,0.054400,0.099800,0.010100,0.019968,0.003072,,0.013920,0.001152,1,4,48,0,1
1638,0.301400,0.372200,0.044600,0.094900,0.054600,0.102000,0.004700,0.019008,0.003040,,0.010528,0.001088,1,4,48,0,1
1639,0.299300,0.367000,0.046800,0.094900,0.054200,0.098500,0.004500,0.021568,0.003104,,0.012480,0.001152,1,4,48,0,1
1640,0.289800,0.365300,0.044800,0.094700,0.054200,0.090500,0.005200,0.019232,0.003136,,0.010528,0.001184,1,4,48,0,1
1641,0.281800,0.344500,0.037000,0.080100,0.045600,0.112800,0.005800,0.021632,0.003072,,0.011008,0.001184,1,4,48,0,1
1642,0.258000,0.336800,0.037700,0.081300,0.046100,0.082500,0.009800,0.019008,0.003200,,0.010432,0.001088,1,4,48,0,1
1643,0.257400,0.312500,0.038100,0.079800,0.046000,0.088100,0.004900,0.019296,0.003392,,0.010432,0.001088,1,4,48,0,1
1644,0.247200,0.311300,0.037000,0.078600,0.044900,0.082100,0.004400,0.019136,0.003072,,0.013056,0.001152,1,4,48,0,1
1645,0.252600,0.301300,0.037600,0.079300,0.045000,0.085800,0.004500,0.019072,0.002976,,0.013120,0.001152,1,4,48,0,1
1646,0.249400,0.306800,0.036700,0.079100,0.044600,0.084100,0.004200,0.019104,0.003008,,0.010528,0.001184,1,4,48,0,1
1647,0.256400,0.303700,0.040400,0.084200,0.043400,0.083000,0.005000,0.021408,0.003008,,0.012480,0.001120,1,4,48,0,1
1648,0.240800,0.308800,0.035800,0.077200,0.043700,0.078400,0.005200,0.019008,0.003008,,0.010464,0.001152,1,4,48,0,1
1649,0.246100,0.293000,0.035700,0.076200,0.043700,0.086100,0.003800,0.019200,0.003168,,0.010496,0.001120,1,4,48,0,1
1650,0.250400,0.298700,0.036000,0.079600,0.042200,0.086200,0.005700,0.019744,0.003136,,0.010432,0.001152,1,4,48,0,1
1651,0.245000,0.301800,0.035300,0.075600,0.043200,0.084800,0.005800,0.018976,0.003072,,0.010432,0.001088,1,4,48,0,1
1652,0.234600,0.296600,0.035100,0.074800,0.043000,0.076300,0.005100,0.020896,0.003072,,0.012960,0.001152,1,4,48,0,1
1653,0.252600,0.287200,0.035900,0.087300,0.042900,0.078600,0.007500,0.021184,0.003040,,0.012096,0.001184,1,4,48,0,1
1654,0.243900,0.309600,0.035700,0.075200,0.042900,0.076300,0.013500,0.019712,0.003072,,0.010496,0.001184,1,4,48,0,1
1655,0.243900,0.295700,0.035300,0.074800,0.042300,0.076900,0.014100,0.019840,0.003040,,0.013888,0.001120,1,4,48,0,1
1656,0.243500,0.295700,0.035500,0.074800,0.043200,0.077600,0.011900,0.021952,0.002944,,0.011456,0.001184,1,4,48,0,1
1657,0.234800,0.295000,0.035700,0.075000,0.042800,0.075100,0.005900,0.018944,0.002944,,0.010464,0.001152,1,4,48,0,1
1658,0.242300,0.286300,0.035200,0.074900,0.042800,0.085000,0.003800,0.019168,0.003136,,0.013024,0.001184,1,4,48,0,1
1659,0.241300,0.294000,0.035500,0.075200,0.042700,0.083800,0.003500,0.019008,0.003072,,0.010464,0.001120,1,4,48,0,1
1660,0.252000,0.293300,0.035700,0.074600,0.046500,0.087800,0.007000,0.019520,0.003264,,0.012960,0.001152,1,4,48,0,1
1661,0.236100,0.304100,0.035600,0.075300,0.043300,0.075900,0.005500,0.021376,0.003072,,0.011072,0.001120,1,4,48,0,1
1662,0.252300,0.289100,0.037800,0.074600,0.042700,0.092200,0.004500,0.020928,0.003168,,0.011616,0.001120,1,4,48,0,1
1663,0.243700,0.305100,0.040700,0.076800,0.042600,0.075300,0.007700,0.019744,0.003072,,0.010336,0.001184,1,4,48,0,1
1664,0.246200,0.299500,0.035400,0.075400,0.042400,0.086600,0.006000,0.019104,0.003136,,0.010464,0.001152,1,4,48,0,1
1665,0.351800,0.297900,0.049100,0.107000,0.051000,0.136300,0.007800,0.020064,0.003136,,0.013952,0.001120,1,4,48,0,1
1666,0.287200,0.414000,0.053900,0.088900,0.050300,0.087500,0.006100,0.019456,0.002976,,0.010304,0.001152,1,4,48,0,1
1667,0.284000,0.348500,0.043400,0.089700,0.050400,0.092900,0.007000,0.020000,0.003136,,0.013920,0.001120,1,4,48,0,1
1668,0.274300,0.352000,0.043000,0.089100,0.050100,0.085600,0.006000,0.019584,0.003072,,0.010464,0.001152,1,4,48,0,1
1669,0.287200,0.335600,0.042900,0.087400,0.050800,0.090600,0.015000,0.019584,0.003136,,0.010528,0.001184,1,4,48,0,1
1670,0.281200,0.350200,0.043100,0.092500,0.049700,0.087600,0.007800,0.018976,0.003008,,0.010368,0.001216,1,4,48,0,1
1671,0.316900,0.351300,0.043100,0.088700,0.050600,0.122800,0.011200,0.020000,0.003136,,0.013952,0.001120,1,4,48,0,1
1672,0.304300,0.378400,0.046300,0.087900,0.049800,0.112400,0.007400,0.019808,0.003008,,0.013856,0.001152,1,4,48,0,1
1673,0.278100,0.365600,0.042600,0.087400,0.055400,0.086200,0.006000,0.019072,0.003040,,0.010496,0.001152,1,4,48,0,1
1674,0.277400,0.339000,0.043000,0.088100,0.050300,0.090200,0.005300,0.019168,0.003136,,0.010528,0.001088,1,4,48,0,1
1675,0.286600,0.338700,0.043800,0.087200,0.050400,0.097000,0.006900,0.021280,0.002976,,0.011072,0.001152,1,4,48,0,1
1676,0.277800,0.348500,0.042400,0.087100,0.050900,0.091300,0.005500,0.021568,0.003008,,0.012512,0.001152,1,4,48,0,1
1677,0.289600,0.338700,0.042900,0.088300,0.051700,0.098900,0.007200,0.018720,0.003072,,0.010240,0.001120,1,4,48,0,1
1678,0.282500,0.351100,0.046300,0.087600,0.050400,0.091900,0.005700,0.019200,0.003104,,0.013056,0.001152,1,4,48,0,1
1679,0.291800,0.343800,0.042800,0.096300,0.049900,0.098000,0.004300,0.019168,0.003200,,0.010528,0.001088,1,4,48,0,1
1680,0.284700,0.355700,0.043600,0.089200,0.051700,0.093100,0.006600,0.019296,0.003296,,0.010528,0.001120,1,4,48,0,1
1681,0.292100,0.349000,0.044600,0.092700,0.051200,0.098500,0.004600,0.019296,0.003008,,0.013088,0.001184,1,4,48,0,1
1682,0.340800,0.356400,0.047600,0.089900,0.049600,0.145500,0.007600,0.019360,0.003072,,0.010496,0.001088,1,4,48,0,1
1683,0.340900,0.412600,0.048600,0.101500,0.057400,0.125100,0.008000,0.020000,0.003296,,0.013920,0.001152,1,4,48,0,1
1684,0.303900,0.406200,0.044000,0.095300,0.053900,0.103700,0.006100,0.019840,0.003072,,0.010464,0.001152,1,4,48,0,1
1685,0.297700,0.368100,0.043800,0.093100,0.053700,0.101900,0.004500,0.021568,0.002944,,0.011104,0.001152,1,4,48,0,1
1686,0.291100,0.362900,0.043900,0.092100,0.053300,0.096000,0.005400,0.019008,0.003040,,0.010496,0.001152,1,4,48,0,1
1687,0.341900,0.355100,0.043600,0.091800,0.082300,0.116700,0.007000,0.019488,0.003072,,0.010432,0.001152,1,4,48,0,1
1688,0.300300,0.408100,0.044300,0.095100,0.053300,0.095200,0.011800,0.020896,0.003136,,0.011552,0.001152,1,4,48,0,1
1689,0.295000,0.364600,0.043800,0.092500,0.052200,0.099800,0.006100,0.019520,0.003104,,0.012256,0.001088,1,4,48,0,1
1690,0.288400,0.358600,0.043600,0.091700,0.053700,0.094100,0.004800,0.019520,0.002976,,0.010528,0.001152,1,4,48,0,1
1691,0.288600,0.352000,0.043100,0.092000,0.055100,0.093300,0.004600,0.020064,0.003168,,0.012416,0.001184,1,4,48,0,1
1692,0.301300,0.352100,0.043900,0.111200,0.046600,0.085300,0.013600,0.019744,0.003040,,0.010368,0.001152,1,4,48,0,1
1693,0.251700,0.356100,0.036800,0.078400,0.044700,0.080300,0.010900,0.018496,0.003008,,0.010848,0.001120,1,4,48,0,1
1694,0.250100,0.304700,0.035800,0.077000,0.044100,0.088300,0.004500,0.021728,0.003040,,0.012416,0.001152,1,4,48,0,1
1695,0.248000,0.302900,0.036600,0.076700,0.044200,0.085400,0.004700,0.018496,0.003008,,0.010880,0.001152,1,4,48,0,1
1696,0.245200,0.300400,0.035700,0.076500,0.044000,0.083400,0.005000,0.018912,0.003040,,0.010432,0.001088,1,4,48,0,1
1697,0.244400,0.297300,0.035700,0.076400,0.044800,0.082100,0.004900,0.018784,0.003008,,0.010240,0.001152,1,4,48,0,1
1698,0.298700,0.313900,0.037900,0.101500,0.056000,0.097300,0.005500,0.019904,0.003296,,0.010432,0.001088,1,4,48,0,1
1699,0.292900,0.363300,0.044000,0.093000,0.053000,0.097500,0.004800,0.019808,0.002944,,0.010528,0.001152,1,4,48,0,1
1700,0.298800,0.357400,0.043400,0.092100,0.052900,0.104700,0.005100,0.019904,0.003200,,0.010464,0.001152,1,4,48,0,1
1701,0.292000,0.363000,0.043500,0.092000,0.052500,0.098900,0.004400,0.018368,0.002848,,0.010656,0.001152,1,4,48,0,1
1702,0.288700,0.355500,0.042900,0.090800,0.051800,0.098200,0.004500,0.018976,0.002880,,0.010528,0.001184,1,4,48,0,1
1703,0.282700,0.352700,0.042900,0.091200,0.052400,0.090800,0.004800,0.020480,0.003136,,0.013888,0.001632,1,4,48,0,1
1704,0.242100,0.334300,0.035600,0.075000,0.042700,0.077000,0.011300,0.018560,0.003008,,0.010176,0.001152,1,4,48,0,1
1705,0.282000,0.302900,0.036300,0.075900,0.042600,0.114100,0.012600,0.019360,0.002976,,0.010432,0.001184,1,4,48,0,1
1706,0.247900,0.334700,0.037200,0.080100,0.045000,0.079500,0.005600,0.019744,0.002976,,0.010400,0.001152,1,4,48,0,1
1707,0.246200,0.300100,0.035900,0.077100,0.043900,0.082500,0.006000,0.018944,0.002976,,0.010432,0.001152,1,4,48,0,1
1708,0.237800,0.297900,0.035400,0.075400,0.043500,0.076500,0.006500,0.020096,0.003168,,0.013952,0.001152,1,4,48,0,1
1709,0.244800,0.289700,0.035700,0.075600,0.043500,0.077000,0.012400,0.021600,0.003136,,0.011040,0.001120,1,4,48,0,1
1710,0.243800,0.296300,0.035200,0.074800,0.043000,0.085400,0.004700,0.019072,0.002944,,0.010528,0.001152,1,4,48,0,1
1711,0.274500,0.295200,0.035400,0.075600,0.043300,0.113600,0.006100,0.018848,0.002976,,0.010432,0.001152,1,4,48,0,1
1712,0.260300,0.357600,0.040600,0.081400,0.045500,0.088800,0.003600,0.019648,0.003072,,0.010368,0.001184,1,4,48,0,1
1713,0.254100,0.312900,0.036000,0.076900,0.047400,0.086900,0.006400,0.019968,0.003040,,0.013920,0.001152,1,4,48,0,1
1714,0.247300,0.306200,0.035900,0.076800,0.043000,0.086700,0.004300,0.021888,0.003040,,0.011424,0.001184,1,4,48,0,1
1715,0.245700,0.299900,0.035400,0.076600,0.043100,0.084900,0.005200,0.018656,0.003072,,0.010176,0.001152,1,4,48,0,1
1716,0.249700,0.297500,0.035500,0.075500,0.043400,0.076800,0.017900,0.018592,0.002976,,0.011008,0.001152,1,4,48,0,1
1717,0.270900,0.301100,0.035600,0.075800,0.066600,0.087700,0.004300,0.019616,0.003008,,0.010496,0.001120,1,4,48,0,1
1718,0.244700,0.325400,0.036500,0.079100,0.044200,0.078700,0.005900,0.019328,0.003040,,0.010400,0.001184,1,4,48,0,1
1719,0.241200,0.297000,0.036000,0.077200,0.044000,0.078500,0.005200,0.019040,0.003168,,0.010368,0.001120,1,4,48,0,1
1720,0.243700,0.293600,0.036400,0.076400,0.043700,0.081600,0.004900,0.019008,0.003136,,0.010464,0.001184,1,4,48,0,1
1721,0.238700,0.295400,0.035600,0.076200,0.043400,0.078100,0.005000,0.018848,0.002944,,0.010400,0.001120,1,4,48,0,1
1722,0.238600,0.290800,0.035100,0.075400,0.043800,0.078900,0.004800,0.019808,0.003008,,0.010432,0.001152,1,4,48,0,1
1723,0.259300,0.289900,0.039900,0.084300,0.047700,0.081600,0.005000,0.018560,0.003104,,0.010816,0.001152,1,4,48,0,1
1724,0.236700,0.311300,0.035800,0.075800,0.043500,0.076200,0.004900,0.019200,0.003040,,0.010592,0.001184,1,4,48,0,1
1725,0.241500,0.288800,0.035500,0.075100,0.042900,0.082600,0.004700,0.019168,0.003168,,0.010464,0.001152,1,4,48,0,1
1726,0.238100,0.293400,0.035200,0.075200,0.042900,0.080700,0.003600,0.019136,0.003200,,0.010400,0.001152,1,4,48,0,1
1727,0.313000,0.290400,0.035600,0.075200,0.020500,0.179800,0.001600,0.019392,0.003392,,0.010496,0.001120,1,4,48,0,1
1728,0.290200,0.365800,0.036100,0.105200,0.045100,0.085400,0.017900,0.020736,0.003040,,0.012096,0.001120,1,4,48,0,1
1729,0.240300,0.342300,0.035900,0.077100,0.043600,0.077500,0.005700,0.019296,0.003104,,0.013056,0.001152,1,4,48,0,1
1730,0.243500,0.292300,0.036100,0.076500,0.042700,0.083500,0.004200,0.018720,0.003264,,0.010176,0.001184,1,4,48,0,1
1731,0.244000,0.295600,0.035900,0.075600,0.043400,0.084700,0.003900,0.019232,0.003264,,0.010496,0.001088,1,4,48,0,1
1732,0.245900,0.295600,0.035300,0.075800,0.042600,0.086800,0.004900,0.018720,0.003200,,0.010848,0.001184,1,4,48,0,1
1733,0.252800,0.297800,0.035700,0.075600,0.049500,0.086900,0.004700,0.018912,0.003072,,0.010368,0.001088,1,4,48,0,1
1734,0.246200,0.304300,0.036100,0.074900,0.042500,0.076900,0.015400,0.019104,0.003072,,0.010528,0.001120,1,4,48,0,1
1735,0.244000,0.298200,0.035400,0.075700,0.042900,0.076100,0.013500,0.019296,0.003072,,0.013056,0.001184,1,4,48,0,1
1736,0.242800,0.295800,0.035100,0.075400,0.042800,0.076800,0.012200,0.022112,0.003168,,0.011424,0.001088,1,4,48,0,1
1737,0.241900,0.294500,0.035700,0.075200,0.043300,0.082300,0.004900,0.019104,0.003040,,0.010528,0.001152,1,4,48,0,1
1738,0.241700,0.293600,0.035900,0.074700,0.042400,0.083200,0.005100,0.019104,0.003072,,0.010464,0.001184,1,4,48,0,1
1739,0.243400,0.293400,0.035300,0.075800,0.042200,0.084500,0.005100,0.018496,0.002976,,0.010880,0.001184,1,4,48,0,1
1740,0.244400,0.294900,0.039500,0.081400,0.042300,0.074700,0.006000,0.021696,0.003328,,0.011072,0.001152,1,4,48,0,1
1741,0.239300,0.295800,0.035400,0.075200,0.042200,0.080900,0.005000,0.018976,0.003232,,0.010272,0.001120,1,4,48,0,1
1742,0.239200,0.291200,0.035200,0.074300,0.042000,0.082200,0.005000,0.019072,0.002976,,0.010528,0.001152,1,4,48,0,1
1743,0.247100,0.290600,0.035500,0.075100,0.045900,0.085000,0.005100,0.018560,0.003072,,0.010944,0.001152,1,4,48,0,1
1744,0.236000,0.299100,0.035200,0.075300,0.042800,0.076800,0.005200,0.018720,0.003200,,0.010944,0.001152,1,4,48,0,1
1745,0.241400,0.287800,0.035300,0.074900,0.042900,0.077100,0.010800,0.021856,0.003264,,0.011072,0.001152,1,4,48,0,1
1746,0.235600,0.293200,0.035600,0.075200,0.042800,0.076500,0.005100,0.018912,0.003072,,0.010432,0.001120,1,4,48,0,1
1747,0.248700,0.287200,0.041100,0.076300,0.040700,0.075900,0.014200,0.019744,0.003008,,0.010176,0.001184,1,4,48,0,1
1748,0.255100,0.300600,0.047400,0.074900,0.042900,0.075800,0.013700,0.019008,0.002912,,0.013088,0.001184,1,4,48,0,1
1749,0.247100,0.307700,0.035600,0.074700,0.042500,0.086100,0.007700,0.019200,0.003168,,0.013024,0.001120,1,4,48,0,1
1750,0.243500,0.299100,0.035400,0.075200,0.041900,0.084100,0.006300,0.019008,0.003104,,0.010400,0.001120,1,4,48,0,1
1751,0.242300,0.295600,0.035900,0.074900,0.042700,0.076600,0.011700,0.018560,0.003072,,0.012544,0.001152,1,4,48,0,1
1752,0.242400,0.294100,0.035400,0.074700,0.042200,0.086200,0.003600,0.020224,0.003296,,0.013888,0.001152,1,4,48,0,1
1753,0.244100,0.294200,0.035700,0.075100,0.042900,0.077300,0.012600,0.021600,0.002944,,0.011104,0.001152,1,4,48,0,1
1754,0.234000,0.300400,0.035700,0.075000,0.042300,0.076300,0.004100,0.019264,0.003232,,0.010528,0.001088,1,4,48,0,1
1755,0.265900,0.286100,0.036000,0.074700,0.042000,0.105700,0.006800,0.019520,0.003168,,0.010464,0.001120,1,4,48,0,1
1756,0.369700,0.334500,0.045600,0.100500,0.055200,0.162000,0.006000,0.019200,0.003008,,0.010624,0.001184,1,4,48,0,1
1757,0.386600,0.435000,0.043900,0.103800,0.053600,0.159400,0.025000,0.018848,0.002976,,0.010368,0.001120,1,4,48,0,1
1758,0.306300,0.452900,0.045000,0.098700,0.055500,0.102000,0.004400,0.019232,0.003040,,0.013120,0.001184,1,4,48,0,1
1759,0.293500,0.375200,0.043700,0.093600,0.053100,0.097800,0.004500,0.018976,0.003072,,0.010368,0.001152,1,4,48,0,1
1760,0.366500,0.358000,0.043900,0.093100,0.053400,0.164900,0.010700,0.019616,0.003008,,0.010304,0.001152,1,4,48,0,1
1761,0.353200,0.446300,0.053800,0.116500,0.056500,0.120300,0.005500,0.019328,0.003104,,0.013152,0.001152,1,4,48,0,1
1762,0.300800,0.418100,0.044500,0.094600,0.053200,0.101900,0.006000,0.019360,0.003168,,0.010400,0.001120,1,4,48,0,1
1763,0.293200,0.409800,0.044400,0.093600,0.052700,0.097000,0.004800,0.021216,0.002976,,0.012032,0.001184,1,4,48,0,1
1764,0.295300,0.358200,0.043600,0.092800,0.052300,0.098100,0.008000,0.019936,0.003072,,0.013984,0.001120,1,4,48,0,1
1765,0.299700,0.359300,0.044000,0.117000,0.047100,0.084000,0.007000,0.019616,0.002944,,0.010528,0.001152,1,4,48,0,1
1766,0.242000,0.353200,0.036200,0.078300,0.043600,0.078200,0.005300,0.019808,0.002912,,0.013952,0.001184,1,4,48,0,1
1767,0.239400,0.294300,0.036200,0.077200,0.043500,0.077200,0.004700,0.019648,0.003040,,0.010400,0.001184,1,4,48,0,1
1768,0.251700,0.291500,0.035600,0.076400,0.043300,0.089100,0.006800,0.018528,0.002944,,0.010464,0.001152,1,4,48,0,1
1769,0.240500,0.303700,0.035800,0.075900,0.043000,0.078200,0.007000,0.019264,0.003200,,0.013120,0.001088,1,4,48,0,1
1770,0.241400,0.292100,0.035300,0.076500,0.043500,0.078900,0.006800,0.019488,0.002944,,0.010336,0.001120,1,4,48,0,1
1771,0.248400,0.298800,0.035700,0.085600,0.043600,0.076300,0.006700,0.020096,0.003072,,0.013984,0.001184,1,4,48,0,1
1772,0.256000,0.300500,0.035600,0.088100,0.043000,0.085000,0.003700,0.018880,0.003552,,0.010752,0.001120,1,4,48,0,1
1773,0.243700,0.307800,0.036300,0.075500,0.043100,0.077000,0.011400,0.021632,0.003072,,0.012512,0.001152,1,4,48,0,1
1774,0.243700,0.295600,0.036000,0.075200,0.043700,0.084300,0.003800,0.018912,0.003040,,0.010336,0.001152,1,4,48,0,1
1775,0.276100,0.296500,0.035500,0.075500,0.043400,0.114300,0.006800,0.018656,0.002976,,0.010368,0.001120,1,4,48,0,1
1776,0.384000,0.342900,0.045500,0.099000,0.055300,0.178600,0.005200,0.019680,0.003072,,0.010496,0.001152,1,4,48,0,1
1777,0.249800,0.435900,0.036100,0.077100,0.044400,0.076900,0.014800,0.019296,0.003072,,0.010240,0.001184,1,4,48,0,1
1778,0.246800,0.301100,0.035600,0.075500,0.043300,0.086900,0.005100,0.018528,0.003136,,0.010752,0.001152,1,4,48,0,1
1779,0.246800,0.298900,0.035800,0.076000,0.043600,0.085400,0.005500,0.018720,0.003264,,0.010848,0.001152,1,4,48,0,1
1780,0.241900,0.298200,0.035700,0.074700,0.043200,0.084500,0.003300,0.019360,0.003200,,0.013152,0.001152,1,4,48,0,1
1781,0.244500,0.293600,0.035600,0.075800,0.043400,0.076600,0.012700,0.018464,0.002976,,0.012544,0.001184,1,4,48,0,1
1782,0.251000,0.296500,0.035100,0.074900,0.042900,0.091900,0.005800,0.021664,0.003072,,0.011104,0.001152,1,4,48,0,1
1783,0.234800,0.302800,0.035600,0.075000,0.042900,0.075500,0.005300,0.019552,0.002976,,0.010496,0.001152,1,4,48,0,1
1784,0.246200,0.286900,0.035800,0.074900,0.042300,0.075500,0.017300,0.019584,0.003008,,0.010368,0.001152,1,4,48,0,1
1785,0.244400,0.298200,0.035400,0.075100,0.042900,0.076600,0.013800,0.018976,0.003168,,0.010336,0.001088,1,4,48,0,1
1786,0.245600,0.296400,0.035800,0.074900,0.042700,0.085300,0.006300,0.019840,0.003136,,0.013888,0.001152,1,4,48,0,1
1787,0.241200,0.296900,0.035600,0.075200,0.042400,0.082300,0.005200,0.018976,0.003040,,0.010400,0.001152,1,4,48,0,1
1788,0.235600,0.292800,0.035300,0.075800,0.042600,0.075500,0.005900,0.021760,0.003168,,0.011488,0.001120,1,4,48,0,1
1789,0.251700,0.286800,0.035300,0.080800,0.042900,0.082200,0.009900,0.019840,0.002912,,0.013952,0.001152,1,4,48,0,1
1790,0.243500,0.303300,0.035800,0.075200,0.042500,0.074400,0.014900,0.019264,0.003072,,0.010432,0.001184,1,4,48,0,1
1791,0.243500,0.295400,0.035800,0.075700,0.042500,0.085000,0.003900,0.019904,0.003008,,0.013952,0.001184,1,4,48,0,1
1792,0.243700,0.295300,0.035700,0.075000,0.042000,0.085500,0.004900,0.019520,0.002944,,0.010272,0.001184,1,4,48,0,1
1793,0.276200,0.295300,0.036100,0.098200,0.045200,0.090200,0.006200,0.183296,0.003424,,0.172544,0.001120,1,4,48,0,1
1794,0.257000,0.328500,0.036400,0.074700,0.059800,0.080400,0.005200,0.019168,0.003104,,0.010560,0.001152,1,4,48,0,1
1795,0.243600,0.309000,0.035700,0.075300,0.042900,0.076000,0.013200,0.019104,0.003104,,0.010496,0.001120,1,4,48,0,1
1796,0.242900,0.301500,0.036300,0.075500,0.042900,0.076100,0.011600,0.019072,0.003296,,0.010304,0.001088,1,4,48,0,1
1797,0.235100,0.294800,0.036100,0.074800,0.042500,0.076400,0.004800,0.021664,0.003168,,0.011424,0.001152,1,4,48,0,1
1798,0.244100,0.287300,0.035700,0.074500,0.042600,0.086000,0.004900,0.018528,0.002976,,0.010752,0.001152,1,4,48,0,1
1799,0.244200,0.295700,0.035700,0.075100,0.042500,0.085700,0.004700,0.019040,0.002912,,0.013088,0.001152,1,4,48,0,1
1800,0.246300,0.296100,0.035400,0.075000,0.042900,0.088800,0.003700,0.021984,0.003104,,0.011360,0.001120,1,4,48,0,1
1801,0.260900,0.298000,0.036500,0.075400,0.042400,0.099700,0.006400,0.019872,0.003296,,0.010272,0.001120,1,4,48,0,1
1802,0.256500,0.316000,0.037400,0.083700,0.046000,0.082400,0.006500,0.018912,0.003040,,0.010368,0.001120,1,4,48,0,1
1803,0.284200,0.309700,0.035900,0.086200,0.053900,0.102500,0.005000,0.019520,0.002912,,0.010304,0.001184,1,4,48,0,1
1804,0.391000,0.362500,0.055700,0.101800,0.023200,0.202300,0.007700,0.019168,0.003040,,0.013152,0.001184,1,4,48,0,1
1805,0.279800,0.443800,0.036600,0.109000,0.045900,0.082300,0.005500,0.019296,0.002944,,0.010368,0.001184,1,4,48,0,1
1806,0.254100,0.332000,0.035900,0.078800,0.044100,0.089600,0.005000,0.018976,0.003008,,0.010464,0.001120,1,4,48,0,1
1807,0.247400,0.306300,0.037800,0.077400,0.043700,0.083400,0.004600,0.019296,0.003200,,0.010624,0.001120,1,4,48,0,1
1808,0.244100,0.299400,0.035500,0.076300,0.043700,0.077800,0.010200,0.021600,0.003008,,0.011392,0.001184,1,4,48,0,1
1809,0.243600,0.295700,0.035600,0.076500,0.043200,0.083300,0.004500,0.018624,0.002976,,0.010400,0.001184,1,4,48,0,1
1810,0.730200,0.295800,0.035400,0.077300,0.070200,0.540300,0.006100,0.021824,0.003136,,0.011456,0.001120,1,4,48,0,1
1811,0.538500,0.804900,0.254600,0.101500,0.055400,0.121100,0.005500,0.019136,0.003168,,0.010400,0.001184,1,4,48,0,1
1812,0.298300,0.604700,0.043900,0.094000,0.053800,0.101200,0.004800,0.019776,0.002912,,0.013920,0.001152,1,4,48,0,1
1813,0.247000,0.358200,0.035700,0.077200,0.044000,0.085800,0.003800,0.021920,0.003264,,0.012448,0.001152,1,4,48,0,1
1814,0.246100,0.299500,0.035600,0.076800,0.043700,0.079100,0.010400,0.019584,0.002976,,0.010400,0.001152,1,4,48,0,1
1815,0.242800,0.298500,0.035400,0.076600,0.043100,0.082200,0.005000,0.018816,0.003328,,0.010176,0.001088,1,4,48,0,1
1816,0.283500,0.294500,0.035600,0.107200,0.045500,0.090900,0.003900,0.019616,0.002976,,0.010304,0.001184,1,4,48,0,1
1817,0.260300,0.336800,0.036000,0.090500,0.043900,0.084500,0.004600,0.021600,0.003008,,0.012512,0.001088,1,4,48,0,1
1818,0.247300,0.312200,0.035800,0.077100,0.043100,0.077900,0.012900,0.018944,0.002944,,0.010432,0.001152,1,4,48,0,1
1819,0.245200,0.299800,0.035500,0.076000,0.043400,0.085400,0.004100,0.019104,0.002944,,0.010592,0.001184,1,4,48,0,1
1820,0.260700,0.297100,0.035100,0.075800,0.043800,0.080700,0.024600,0.020000,0.003200,,0.013856,0.001152,1,4,48,0,1
1821,0.271700,0.317200,0.036300,0.078900,0.044700,0.104100,0.007100,0.019936,0.003008,,0.010176,0.001152,1,4,48,0,1
1822,0.248600,0.324600,0.037000,0.080500,0.044900,0.080000,0.005700,0.019552,0.003040,,0.010464,0.001152,1,4,48,0,1
1823,0.247500,0.301000,0.035600,0.077100,0.044500,0.078700,0.011000,0.019392,0.003072,,0.012928,0.001152,1,4,48,0,1
1824,0.249400,0.302600,0.035600,0.076800,0.044000,0.086800,0.005500,0.021728,0.003072,,0.011136,0.001152,1,4,48,0,1
1825,0.244800,0.301300,0.035500,0.075900,0.043100,0.077900,0.011700,0.019104,0.003040,,0.010496,0.001152,1,4,48,0,1
1826,0.243100,0.296400,0.035500,0.075600,0.043400,0.077700,0.010300,0.022112,0.003104,,0.011392,0.001152,1,4,48,0,1
1827,0.269000,0.295000,0.035400,0.075100,0.043000,0.103100,0.011800,0.021632,0.003040,,0.011104,0.001152,1,4,48,0,1
1828,0.239500,0.321300,0.035600,0.076000,0.042800,0.078700,0.006000,0.018560,0.003040,,0.012544,0.001152,1,4,48,0,1
1829,0.262000,0.291100,0.035400,0.075400,0.050600,0.093200,0.007000,0.019840,0.003008,,0.010432,0.001120,1,4,48,0,1
1830,0.288400,0.325900,0.043000,0.090900,0.052000,0.096900,0.005000,0.021504,0.003136,,0.011104,0.001152,1,4,48,0,1
1831,0.284800,0.352000,0.043500,0.090400,0.051800,0.093400,0.004900,0.018880,0.002912,,0.010496,0.001120,1,4,48,0,1
1832,0.257500,0.348300,0.043900,0.079900,0.043100,0.085000,0.005000,0.018528,0.002912,,0.010464,0.001184,1,4,48,0,1
1833,0.234100,0.315200,0.035600,0.074900,0.042900,0.075300,0.004800,0.021248,0.003104,,0.012096,0.001152,1,4,48,0,1
1834,0.243500,0.286100,0.035800,0.075100,0.042800,0.084900,0.004500,0.019296,0.003360,,0.010432,0.001088,1,4,48,0,1
1835,0.240700,0.295100,0.035500,0.075600,0.042300,0.077400,0.009500,0.018752,0.003104,,0.010336,0.001184,1,4,48,0,1
1836,0.246500,0.292000,0.035400,0.075800,0.047000,0.082800,0.005200,0.019808,0.002944,,0.013984,0.001152,1,4,48,0,1
1837,0.239600,0.298600,0.035300,0.075100,0.042100,0.081700,0.005000,0.018912,0.002976,,0.010368,0.001184,1,4,48,0,1
1838,0.240300,0.291300,0.035200,0.075200,0.042500,0.076300,0.010500,0.019968,0.003104,,0.013952,0.001152,1,4,48,0,1
1839,0.246100,0.292200,0.035500,0.075100,0.042800,0.086200,0.005800,0.021408,0.002944,,0.011040,0.001120,1,4,48,0,1
1840,0.202700,0.297800,0.035500,0.088500,0.019400,0.057600,0.001200,0.019040,0.003040,,0.010496,0.001184,1,4,48,0,1
1841,0.337900,0.254100,0.035500,0.110100,0.013500,0.171200,0.007000,0.019200,0.003264,,0.010432,0.001120,1,4,48,0,1
1842,0.279400,0.390100,0.035900,0.111500,0.044000,0.080500,0.006800,0.019136,0.002976,,0.013152,0.001152,1,4,48,0,1
1843,0.241300,0.331000,0.035600,0.079500,0.043000,0.077500,0.005200,0.019104,0.003008,,0.010592,0.001152,1,4,48,0,1
1844,0.243000,0.293400,0.035300,0.075200,0.043500,0.076800,0.011900,0.019072,0.003168,,0.010400,0.001120,1,4,48,0,1
1845,0.246900,0.294600,0.035600,0.075500,0.043100,0.087200,0.005000,0.019168,0.003072,,0.013088,0.001120,1,4,48,0,1
1846,0.239400,0.298900,0.035700,0.075400,0.041300,0.080300,0.006300,0.019648,0.003040,,0.010368,0.001088,1,4,48,0,1
1847,0.263400,0.290900,0.035600,0.083100,0.042100,0.094300,0.007600,0.019008,0.002912,,0.010464,0.001152,1,4,48,0,1
1848,0.304500,0.329000,0.048000,0.096800,0.054400,0.098800,0.005800,0.018976,0.003104,,0.010400,0.001088,1,4,48,0,1
1849,0.292800,0.369100,0.043800,0.092800,0.053500,0.097400,0.004700,0.019968,0.003072,,0.010400,0.001120,1,4,48,0,1
1850,0.290700,0.357100,0.043500,0.092400,0.053600,0.096500,0.004400,0.018912,0.002976,,0.010400,0.001152,1,4,48,0,1
1851,0.274200,0.355200,0.043500,0.091700,0.050900,0.082200,0.005500,0.018592,0.003072,,0.010784,0.001152,1,4,48,0,1
1852,0.300600,0.325900,0.035300,0.075400,0.043500,0.138300,0.007500,0.019328,0.003008,,0.012992,0.001152,1,4,48,0,1
1853,0.249600,0.352900,0.036500,0.077400,0.043300,0.077800,0.014100,0.020768,0.003040,,0.012032,0.001152,1,4,48,0,1
1854,0.241900,0.301200,0.035700,0.075400,0.043100,0.082500,0.004800,0.019456,0.003040,,0.012992,0.001152,1,4,48,0,1
1855,0.244700,0.293500,0.035200,0.075600,0.042600,0.085500,0.005400,0.018784,0.003264,,0.010752,0.001184,1,4,48,0,1
1856,0.299900,0.296600,0.035400,0.116300,0.045000,0.096000,0.006700,0.019680,0.003360,,0.010400,0.001120,1,4,48,0,1
1857,0.247400,0.352000,0.035600,0.076000,0.042800,0.077200,0.015000,0.019936,0.003040,,0.013888,0.001152,1,4,48,0,1
1858,0.242000,0.299300,0.035700,0.075300,0.048600,0.076900,0.005100,0.019168,0.003040,,0.013088,0.001120,1,4,48,0,1
1859,0.237100,0.294100,0.035600,0.075200,0.042900,0.076200,0.006700,0.021408,0.002944,,0.011168,0.001088,1,4,48,0,1
1860,0.243200,0.288500,0.035500,0.075100,0.042500,0.085800,0.003600,0.019104,0.003008,,0.010560,0.001152,1,4,48,0,1
1861,0.243700,0.294900,0.035800,0.075700,0.041900,0.076500,0.013200,0.021472,0.003008,,0.012544,0.001120,1,4,48,0,1
1862,0.247900,0.295400,0.035200,0.075100,0.042500,0.089800,0.004800,0.018944,0.003008,,0.010368,0.001152,1,4,48,0,1
1863,0.239700,0.299600,0.035100,0.075600,0.042500,0.082200,0.004000,0.019040,0.003072,,0.010400,0.001152,1,4,48,0,1
1864,0.242200,0.291800,0.035300,0.074900,0.043000,0.084900,0.003600,0.021568,0.003072,,0.012544,0.001184,1,4,48,0,1
1865,0.259000,0.294100,0.034900,0.081700,0.042100,0.094100,0.005900,0.018496,0.003008,,0.010944,0.001152,1,4,48,0,1
1866,0.242400,0.310900,0.035600,0.075000,0.042500,0.077100,0.011700,0.019488,0.003264,,0.013088,0.001152,1,4,48,0,1
1867,0.240600,0.293900,0.035500,0.074400,0.042300,0.076700,0.011100,0.019296,0.003168,,0.013056,0.001120,1,4,48,0,1
1868,0.242600,0.292000,0.035100,0.075200,0.042700,0.076700,0.012400,0.019424,0.003232,,0.012992,0.001184,1,4,48,0,1
1869,0.261300,0.295500,0.035200,0.075300,0.042400,0.099100,0.008800,0.019744,0.003040,,0.010496,0.001152,1,4,48,0,1
1870,0.303400,0.327400,0.045000,0.097400,0.054100,0.099900,0.006300,0.019776,0.003008,,0.013888,0.001120,1,4,48,0,1
1871,0.252000,0.367700,0.039000,0.076100,0.043800,0.087500,0.005200,0.019904,0.003008,,0.013920,0.001184,1,4,48,0,1
1872,0.248300,0.304200,0.035300,0.075500,0.043700,0.088000,0.005400,0.019200,0.003040,,0.010592,0.001184,1,4,48,0,1
1873,0.245000,0.300200,0.035500,0.075900,0.043300,0.084900,0.005000,0.018528,0.003072,,0.010752,0.001184,1,4,48,0,1
1874,0.247300,0.296900,0.035500,0.076400,0.043200,0.077400,0.014500,0.019936,0.003040,,0.010336,0.001184,1,4,48,0,1
1875,0.288100,0.299200,0.035800,0.111300,0.046300,0.087900,0.006500,0.019040,0.003040,,0.010464,0.001184,1,4,48,0,1
1876,0.246700,0.340800,0.036800,0.077400,0.043600,0.084200,0.004300,0.018784,0.002944,,0.010272,0.001152,1,4,48,0,1
1877,0.246600,0.298400,0.036000,0.077100,0.043400,0.084800,0.004800,0.018880,0.003072,,0.010368,0.001120,1,4,48,0,1
1878,0.238300,0.298700,0.035600,0.076100,0.043300,0.077700,0.005100,0.018656,0.003136,,0.010624,0.001152,1,4,48,0,1
1879,0.357800,0.290400,0.036000,0.081000,0.014300,0.219900,0.006000,0.019968,0.003040,,0.013888,0.001152,1,4,48,0,1
1880,0.320100,0.426300,0.044700,0.141700,0.044300,0.083300,0.005500,0.019648,0.003136,,0.010240,0.001152,1,4,48,0,1
1881,0.243800,0.372400,0.035900,0.075900,0.042900,0.083900,0.004700,0.019136,0.003136,,0.010464,0.001184,1,4,48,0,1
1882,0.236800,0.295800,0.035700,0.076300,0.042900,0.076600,0.004800,0.021344,0.003136,,0.012032,0.001184,1,4,48,0,1
1883,0.242700,0.288400,0.035500,0.075400,0.043000,0.084700,0.003700,0.019008,0.003008,,0.010496,0.001120,1,4,48,0,1
1884,0.244200,0.294300,0.035300,0.074900,0.043000,0.086000,0.004700,0.019072,0.003104,,0.010464,0.001120,1,4,48,0,1
1885,0.243200,0.295600,0.035100,0.075100,0.042600,0.085300,0.004500,0.019232,0.003104,,0.010560,0.001184,1,4,48,0,1
1886,0.239300,0.295300,0.041200,0.075200,0.042500,0.075100,0.004700,0.021376,0.003104,,0.011968,0.001184,1,4,48,0,1
1887,0.243500,0.291300,0.035200,0.074700,0.042400,0.075600,0.015100,0.021664,0.003008,,0.011104,0.001152,1,4,48,0,1
1888,0.240700,0.295200,0.035300,0.075200,0.042600,0.082000,0.005000,0.021408,0.003104,,0.011040,0.001184,1,4,48,0,1
1889,0.244400,0.292300,0.035600,0.074200,0.042200,0.085700,0.005900,0.018944,0.003136,,0.010304,0.001120,1,4,48,0,1
1890,0.235400,0.296400,0.035400,0.075000,0.042900,0.076100,0.005700,0.019008,0.002944,,0.010496,0.001152,1,4,48,0,1
1891,0.246100,0.287200,0.035500,0.074800,0.042900,0.086900,0.005600,0.019136,0.003072,,0.013056,0.001184,1,4,48,0,1
1892,0.243000,0.298100,0.035300,0.074700,0.042600,0.084800,0.005100,0.019008,0.002976,,0.010464,0.001120,1,4,48,0,1
1893,0.243600,0.300000,0.036000,0.075200,0.042600,0.076900,0.012200,0.020064,0.003072,,0.013920,0.001184,1,4,48,0,1
1894,0.241400,0.295400,0.035300,0.075100,0.042400,0.084700,0.003400,0.018496,0.003008,,0.010784,0.001152,1,4,48,0,1
1895,0.239600,0.293200,0.035800,0.074500,0.042300,0.081500,0.005100,0.019296,0.003264,,0.010496,0.001152,1,4,48,0,1
1896,0.245100,0.290900,0.035400,0.074600,0.042600,0.086400,0.005600,0.018976,0.003040,,0.010528,0.001120,1,4,48,0,1
1897,0.243700,0.296800,0.035500,0.075000,0.043000,0.083900,0.005800,0.018560,0.003008,,0.010432,0.001120,1,4,48,0,1
1898,0.260200,0.295500,0.035300,0.074400,0.042900,0.096200,0.010900,0.019168,0.003104,,0.010528,0.001152,1,4,48,0,1
1899,0.248800,0.312000,0.035300,0.075200,0.041900,0.083600,0.012400,0.019744,0.003232,,0.010496,0.001088,1,4,48,0,1
1900,0.247900,0.300700,0.035400,0.075500,0.042400,0.087000,0.007200,0.020192,0.003392,,0.013824,0.001184,1,4,48,0,1
1901,0.240100,0.299500,0.035600,0.074400,0.042300,0.081900,0.005600,0.019040,0.003040,,0.010464,0.001184,1,4,48,0,1
1902,0.241400,0.291500,0.035400,0.075200,0.042100,0.084500,0.003700,0.019008,0.003040,,0.010432,0.001152,1,4,48,0,1
1903,0.244000,0.292800,0.035400,0.075000,0.042400,0.085000,0.005800,0.018944,0.002976,,0.010432,0.001152,1,4,48,0,1
1904,0.235100,0.301500,0.035600,0.075100,0.042700,0.075500,0.005800,0.021600,0.002976,,0.011424,0.001184,1,4,48,0,1
1905,0.238500,0.286700,0.035200,0.074600,0.046600,0.076300,0.005100,0.018784,0.002944,,0.010432,0.001120,1,4,48,0,1
1906,0.250600,0.290100,0.035500,0.074800,0.047600,0.086400,0.005700,0.019104,0.003136,,0.010432,0.001152,1,4,48,0,1
1907,0.241600,0.302400,0.035500,0.074500,0.042200,0.076100,0.012900,0.021632,0.003040,,0.011168,0.001120,1,4,48,0,1
1908,0.339000,0.293200,0.035400,0.105200,0.060100,0.130000,0.007700,0.019200,0.002912,,0.010432,0.001184,1,4,48,0,1
1909,0.324100,0.407300,0.046300,0.100900,0.056400,0.114600,0.005100,0.019456,0.002880,,0.010496,0.001184,1,4,48,0,1
1910,0.297000,0.389700,0.044000,0.095300,0.053800,0.098900,0.004400,0.019072,0.003136,,0.010464,0.001088,1,4,48,0,1
1911,0.292500,0.362000,0.043900,0.093100,0.053500,0.097100,0.004300,0.019808,0.003072,,0.013856,0.001152,1,4,48,0,1
1912,0.290100,0.356700,0.043800,0.092300,0.052500,0.096400,0.004600,0.019616,0.002976,,0.010400,0.001184,1,4,48,0,1
1913,0.350000,0.354100,0.043900,0.091100,0.092100,0.117500,0.004700,0.019104,0.003072,,0.010496,0.001152,1,4,48,0,1
1914,0.304200,0.417000,0.044000,0.097200,0.055000,0.102600,0.004900,0.019488,0.003040,,0.013056,0.001152,1,4,48,0,1
1915,0.296000,0.368800,0.043700,0.093900,0.054000,0.099300,0.004500,0.019328,0.003264,,0.010496,0.001184,1,4,48,0,1
1916,0.290300,0.360800,0.043400,0.092400,0.053200,0.094600,0.006300,0.019072,0.003008,,0.010464,0.001184,1,4,48,0,1
1917,0.292800,0.354900,0.043300,0.092700,0.053500,0.096300,0.006600,0.019968,0.003104,,0.013984,0.001120,1,4,48,0,1
1918,0.346200,0.357100,0.042900,0.134000,0.055800,0.108000,0.004800,0.019264,0.003168,,0.013152,0.001184,1,4,48,0,1
1919,0.293700,0.411300,0.043900,0.093100,0.053500,0.096900,0.005800,0.021504,0.003040,,0.011136,0.001152,1,4,48,0,1
1920,0.289000,0.357900,0.043400,0.092200,0.052900,0.095200,0.004900,0.019328,0.003392,,0.010464,0.001120,1,4,48,0,1
1921,0.247900,0.349200,0.035500,0.075700,0.043200,0.088400,0.004600,0.018688,0.002976,,0.010272,0.001152,1,4,48,0,1
1922,0.244300,0.300100,0.035500,0.075500,0.043400,0.077800,0.011600,0.021952,0.002880,,0.011424,0.001184,1,4,48,0,1
1923,0.249500,0.296300,0.035900,0.075600,0.048500,0.078200,0.010800,0.021696,0.002976,,0.011136,0.001152,1,4,48,0,1
1924,0.241200,0.301100,0.035300,0.075200,0.042800,0.082400,0.005000,0.019136,0.003168,,0.010496,0.001088,1,4,48,0,1
1925,0.248800,0.292700,0.035500,0.075600,0.043100,0.088600,0.005700,0.018656,0.003104,,0.010304,0.001088,1,4,48,0,1
1926,0.243900,0.300500,0.035100,0.074300,0.042700,0.076900,0.014200,0.021728,0.003168,,0.011168,0.001152,1,4,48,0,1
1927,0.245200,0.295800,0.035800,0.075400,0.042900,0.077400,0.013300,0.018784,0.002880,,0.010336,0.001152,1,4,48,0,1
1928,0.241700,0.297000,0.035600,0.075000,0.043100,0.076600,0.011100,0.021216,0.002944,,0.011008,0.001120,1,4,48,0,1
1929,0.244500,0.293600,0.035100,0.074900,0.042700,0.077500,0.013900,0.019040,0.003136,,0.010528,0.001120,1,4,48,0,1
1930,0.246300,0.295900,0.035200,0.081100,0.042200,0.076900,0.010600,0.020096,0.003264,,0.013920,0.001152,1,4,48,0,1
1931,0.248500,0.297800,0.035400,0.074600,0.042800,0.089400,0.005900,0.019168,0.003296,,0.010432,0.001088,1,4,48,0,1
1932,0.245100,0.300000,0.035400,0.074900,0.042400,0.086200,0.005900,0.018656,0.003104,,0.010592,0.001184,1,4,48,0,1
1933,0.242400,0.296800,0.035300,0.075100,0.042900,0.076400,0.012500,0.018688,0.003200,,0.010912,0.001152,1,4,48,0,1
1934,0.247300,0.293700,0.037800,0.074300,0.043900,0.085400,0.005400,0.019040,0.003168,,0.010432,0.001152,1,4,48,0,1
1935,0.243400,0.298700,0.035200,0.085800,0.042100,0.074800,0.005100,0.021280,0.003040,,0.012096,0.001120,1,4,48,0,1
1936,0.239000,0.294800,0.035300,0.074500,0.042400,0.080200,0.006100,0.019008,0.003008,,0.010432,0.001152,1,4,48,0,1
1937,0.239500,0.296000,0.035700,0.075200,0.042000,0.079100,0.007200,0.019648,0.003040,,0.010240,0.001152,1,4,48,0,1
1938,0.239200,0.291100,0.035100,0.074000,0.042300,0.082000,0.005300,0.019904,0.002976,,0.012512,0.001152,1,4,48,0,1
1939,0.242800,0.290700,0.035200,0.074800,0.042000,0.082200,0.008100,0.019104,0.002912,,0.013024,0.001184,1,4,48,0,1
1940,0.233200,0.294800,0.035500,0.074700,0.042100,0.075200,0.005200,0.019008,0.002944,,0.010496,0.001152,1,4,48,0,1
1941,0.246000,0.284500,0.035100,0.077500,0.042500,0.084700,0.005900,0.019168,0.003008,,0.012960,0.001120,1,4,48,0,1
1942,0.245000,0.297500,0.036300,0.074800,0.042400,0.085200,0.005800,0.019168,0.003104,,0.010528,0.001152,1,4,48,0,1
1943,0.244700,0.296700,0.035300,0.074500,0.042300,0.086400,0.005700,0.019008,0.003008,,0.010496,0.001184,1,4,48,0,1
1944,0.242800,0.296400,0.035800,0.074600,0.042700,0.076700,0.012600,0.021728,0.003104,,0.011072,0.001120,1,4,48,0,1
1945,0.244400,0.294600,0.035300,0.074800,0.042300,0.085700,0.005700,0.019840,0.003072,,0.010496,0.001088,1,4,48,0,1
1946,0.240600,0.296000,0.035100,0.074800,0.042400,0.076600,0.011300,0.021504,0.003008,,0.011072,0.001120,1,4,48,0,1
1947,0.244000,0.292000,0.035200,0.075000,0.042500,0.085000,0.005800,0.019040,0.003040,,0.010432,0.001184,1,4,48,0,1
1948,0.246000,0.295400,0.035200,0.078400,0.042600,0.083600,0.005700,0.018624,0.003008,,0.010304,0.001184,1,4,48,0,1
1949,0.238200,0.297500,0.035400,0.074000,0.042000,0.081500,0.004900,0.018848,0.003104,,0.010368,0.001152,1,4,48,0,1
1950,0.246100,0.289600,0.035300,0.074400,0.042500,0.088400,0.005200,0.019616,0.003008,,0.010400,0.001152,1,4,48,0,1
1951,0.246400,0.297600,0.035700,0.074900,0.046200,0.077400,0.011800,0.019136,0.003040,,0.010528,0.001184,1,4,48,0,1
1952,0.246000,0.298100,0.035200,0.074600,0.042600,0.087600,0.005500,0.018432,0.002976,,0.010496,0.001152,1,4,48,0,1
1953,0.240800,0.303000,0.035400,0.074900,0.042200,0.081000,0.006800,0.019904,0.003104,,0.010464,0.001152,1,4,48,0,1
1954,0.240300,0.292600,0.035300,0.074700,0.042400,0.083900,0.003600,0.018688,0.003232,,0.010816,0.001152,1,4,48,0,1
1955,0.247200,0.291600,0.035600,0.077700,0.042400,0.076200,0.014800,0.021664,0.003200,,0.012384,0.001152,1,4,48,0,1
1956,0.353700,0.298800,0.035600,0.138200,0.066600,0.106500,0.006300,0.019872,0.003136,,0.010464,0.001120,1,4,48,0,1
1957,0.299500,0.422700,0.044100,0.094300,0.052800,0.101500,0.006300,0.019616,0.003104,,0.010528,0.001184,1,4,48,0,1
1958,0.287200,0.363300,0.044000,0.091200,0.054100,0.092800,0.004600,0.019040,0.002976,,0.013056,0.001184,1,4,48,0,1
1959,0.285400,0.351400,0.043000,0.091000,0.054500,0.092000,0.004300,0.019168,0.002912,,0.010464,0.001184,1,4,48,0,1
1960,0.264600,0.348900,0.043000,0.091300,0.049700,0.075800,0.004200,0.021376,0.003200,,0.012096,0.001152,1,4,48,0,1
1961,0.265700,0.338100,0.036900,0.080100,0.045100,0.095400,0.007700,0.019648,0.003104,,0.012992,0.001152,1,4,48,0,1
1962,0.241600,0.317300,0.035600,0.076200,0.042700,0.077000,0.009700,0.021568,0.002976,,0.011104,0.001184,1,4,48,0,1
1963,0.234500,0.293200,0.035200,0.075800,0.042800,0.076100,0.004000,0.019104,0.003104,,0.010464,0.001152,1,4,48,0,1
1964,0.232200,0.285600,0.034900,0.074600,0.042500,0.075700,0.004000,0.021536,0.003104,,0.011424,0.001120,1,4,48,0,1
1965,0.249100,0.283600,0.045100,0.074000,0.042300,0.083700,0.003600,0.019200,0.002944,,0.013120,0.001152,1,4,48,0,1
1966,0.242900,0.300200,0.036900,0.074800,0.042100,0.084600,0.004000,0.019136,0.003232,,0.010368,0.001120,1,4,48,0,1
1967,0.241600,0.293900,0.035200,0.074600,0.042500,0.083800,0.005000,0.019328,0.003360,,0.012992,0.001152,1,4,48,0,1
1968,0.234700,0.292800,0.035100,0.074200,0.044000,0.076800,0.004200,0.021504,0.002912,,0.011168,0.001152,1,4,48,0,1
1969,0.231300,0.285600,0.035100,0.075000,0.042200,0.074200,0.004300,0.021536,0.003040,,0.011136,0.001120,1,4,48,0,1
1970,0.240900,0.282800,0.034800,0.074000,0.042100,0.083900,0.005700,0.019072,0.003136,,0.010464,0.001088,1,4,48,0,1
1971,0.239600,0.292400,0.035000,0.074400,0.041700,0.075200,0.012700,0.018752,0.003168,,0.010880,0.001152,1,4,48,0,1
1972,0.240100,0.290500,0.035500,0.074400,0.042400,0.075600,0.011700,0.019648,0.003136,,0.010304,0.001120,1,4,48,0,1
1973,0.243200,0.291200,0.035100,0.074400,0.042100,0.086100,0.005100,0.021376,0.003104,,0.011008,0.001184,1,4,48,0,1
1974,0.240500,0.294200,0.035200,0.074000,0.041800,0.075600,0.013500,0.021728,0.003072,,0.012512,0.001152,1,4,48,0,1
1975,0.241600,0.292000,0.035300,0.075000,0.042000,0.083700,0.005200,0.018624,0.003072,,0.010912,0.001152,1,4,48,0,1
1976,0.231300,0.292700,0.034800,0.074200,0.041800,0.074100,0.005900,0.019488,0.003040,,0.010560,0.001184,1,4,48,0,1
1977,0.234800,0.282400,0.034700,0.074600,0.041700,0.075300,0.007800,0.019552,0.002944,,0.010304,0.001120,1,4,48,0,1
1978,0.240400,0.285600,0.035400,0.074400,0.042000,0.075300,0.012800,0.018752,0.003296,,0.012512,0.001184,1,4,48,0,1
1979,0.243500,0.291300,0.035400,0.074500,0.042000,0.085900,0.005200,0.019104,0.003136,,0.010368,0.001184,1,4,48,0,1
1980,0.241500,0.295100,0.034900,0.073900,0.042100,0.081200,0.008900,0.018752,0.002912,,0.010336,0.001088,1,4,48,0,1
1981,0.239300,0.292800,0.035400,0.074600,0.042000,0.075400,0.011200,0.019744,0.003008,,0.010528,0.001152,1,4,48,0,1
1982,0.242100,0.290300,0.035300,0.074400,0.042200,0.075600,0.014000,0.019872,0.003072,,0.013824,0.001184,1,4,48,0,1
1983,0.246000,0.293700,0.044000,0.074000,0.041900,0.075300,0.010300,0.019008,0.002944,,0.010496,0.001184,1,4,48,0,1
1984,0.242600,0.297200,0.035600,0.074900,0.041900,0.075800,0.013900,0.019168,0.003264,,0.010432,0.001152,1,4,48,0,1
1985,0.239100,0.294000,0.035000,0.074000,0.041700,0.074700,0.013100,0.018688,0.003104,,0.010272,0.001184,1,4,48,0,1
1986,0.241000,0.290400,0.035000,0.074200,0.041800,0.075900,0.013500,0.020000,0.003104,,0.013952,0.001184,1,4,48,0,1
1987,0.249300,0.291900,0.035100,0.074200,0.047000,0.084900,0.007300,0.019616,0.003200,,0.013056,0.001152,1,4,48,0,1
1988,0.241100,0.300600,0.035100,0.073800,0.042100,0.075400,0.014200,0.020000,0.003104,,0.013920,0.001184,1,4,48,0,1
1989,0.237500,0.292300,0.035200,0.074000,0.041600,0.075100,0.011200,0.019232,0.003264,,0.010528,0.001088,1,4,48,0,1
1990,0.240900,0.288700,0.035300,0.074200,0.041800,0.075300,0.014000,0.021824,0.003136,,0.011136,0.001152,1,4,48,0,1
1991,0.241400,0.292000,0.035500,0.074600,0.041900,0.075300,0.013700,0.021792,0.003232,,0.011072,0.001152,1,4,48,0,1
1992,0.251200,0.292600,0.035000,0.074300,0.041900,0.089300,0.010200,0.021792,0.003136,,0.011168,0.001152,1,4,48,0,1
1993,0.253600,0.302300,0.035400,0.084000,0.041800,0.086200,0.005700,0.018944,0.003104,,0.010336,0.001152,1,4,48,0,1
1994,0.245000,0.304700,0.034800,0.079900,0.041400,0.083400,0.005000,0.019360,0.003072,,0.013088,0.001184,1,4,48,0,1
1995,0.241300,0.296200,0.034900,0.074200,0.042000,0.084000,0.005600,0.019136,0.003072,,0.010528,0.001184,1,4,48,0,1
1996,0.231400,0.292200,0.035100,0.074100,0.042300,0.074400,0.004900,0.019680,0.003136,,0.009984,0.001184,1,4,48,0,1
1997,0.240800,0.282200,0.034800,0.074300,0.041700,0.074900,0.014800,0.019904,0.003040,,0.013888,0.001184,1,4,48,0,1
1998,0.233700,0.292600,0.035400,0.073800,0.041800,0.075100,0.007300,0.019840,0.003008,,0.013984,0.001184,1,4,48,0,1
1999,0.258000,0.284900,0.035100,0.074300,0.041600,0.097300,0.009300,0.018368,0.002944,,0.010784,0.001120,1,4,48,0,1
2000,0.240700,0.309200,0.035200,0.073600,0.041800,0.084400,0.005200,0.018944,0.003008,,0.010368,0.001152,1,4,48,0,1
2001,0.254200,0.291800,0.045000,0.075300,0.042200,0.085600,0.005800,0.019104,0.003136,,0.010304,0.001120,1,4,48,0,1
2002,0.241400,0.305500,0.035800,0.074900,0.042000,0.084000,0.004100,0.019904,0.003072,,0.013888,0.001184,1,4,48,0,1
2003,0.239600,0.292400,0.035200,0.074400,0.041900,0.075600,0.012000,0.019008,0.002976,,0.010496,0.001152,1,4,48,0,1
2004,0.242800,0.290700,0.035000,0.073900,0.042300,0.084700,0.006400,0.019904,0.003072,,0.013984,0.001152,1,4,48,0,1
2005,0.240800,0.293700,0.035300,0.074500,0.041800,0.075400,0.013400,0.019008,0.003008,,0.010496,0.001152,1,4,48,0,1
2006,0.241800,0.291900,0.035400,0.074100,0.042000,0.084700,0.005300,0.019968,0.003104,,0.013824,0.001120,1,4,48,0,1
2007,0.249700,0.292900,0.035300,0.074300,0.041800,0.075200,0.022900,0.021760,0.003168,,0.011104,0.001120,1,4,48,0,1
2008,0.442200,0.301100,0.035500,0.216800,0.057100,0.123400,0.008700,0.019360,0.002944,,0.010432,0.001184,1,4,48,0,1
2009,0.357900,0.523200,0.053400,0.117600,0.065700,0.115400,0.005400,0.020128,0.003328,,0.013888,0.001152,1,4,48,0,1
2010,0.310500,0.436000,0.051500,0.104800,0.052600,0.095800,0.005400,0.019552,0.002944,,0.010304,0.001184,1,4,48,0,1
2011,0.289400,0.375100,0.043900,0.092000,0.052200,0.095500,0.005400,0.018976,0.003072,,0.010368,0.001152,1,4,48,0,1
2012,0.288100,0.353400,0.043100,0.091300,0.052200,0.095600,0.005200,0.019136,0.003168,,0.010400,0.001152,1,4,48,0,1
2013,0.328700,0.351700,0.043000,0.122000,0.055400,0.102600,0.005400,0.019040,0.003008,,0.010496,0.001152,1,4,48,0,1
2014,0.292700,0.393400,0.044500,0.094100,0.052600,0.095600,0.005400,0.019072,0.003008,,0.010496,0.001152,1,4,48,0,1
2015,0.294200,0.356200,0.042900,0.091100,0.051500,0.099800,0.008200,0.019840,0.003296,,0.010368,0.001120,1,4,48,0,1
2016,0.245200,0.346900,0.034900,0.074900,0.042600,0.077000,0.015500,0.019840,0.003264,,0.010400,0.001120,1,4,48,0,1
2017,0.247800,0.296200,0.034800,0.075500,0.043100,0.085900,0.007900,0.019616,0.003104,,0.012992,0.001120,1,4,48,0,1
2018,0.245600,0.298700,0.035000,0.074400,0.042200,0.084100,0.009300,0.019104,0.003008,,0.010560,0.001152,1,4,48,0,1
2019,0.235200,0.296700,0.035200,0.074600,0.042000,0.075300,0.007600,0.019968,0.003136,,0.013888,0.001152,1,4,48,0,1
2020,0.241500,0.286400,0.035300,0.074900,0.042500,0.076100,0.012100,0.019360,0.003136,,0.013088,0.001152,1,4,48,0,1
2021,0.237600,0.292800,0.035400,0.073800,0.042100,0.075600,0.010400,0.018880,0.003264,,0.010176,0.001088,1,4,48,0,1
2022,0.238200,0.288600,0.035100,0.074200,0.041900,0.081600,0.004900,0.019328,0.003168,,0.013120,0.001184,1,4,48,0,1
2023,0.238600,0.289200,0.035300,0.074400,0.041600,0.081800,0.004800,0.019872,0.003008,,0.013920,0.001184,1,4,48,0,1
2024,0.241100,0.289500,0.035000,0.074000,0.041700,0.084300,0.005700,0.019264,0.003296,,0.010432,0.001152,1,4,48,0,1
2025,0.238800,0.292100,0.034800,0.074700,0.047500,0.075400,0.005700,0.018976,0.003040,,0.010400,0.001152,1,4,48,0,1
2026,0.238000,0.289900,0.035200,0.074000,0.042000,0.075900,0.010400,0.019616,0.003072,,0.010336,0.001184,1,4,48,0,1
2027,0.239900,0.289300,0.034900,0.074300,0.041800,0.075800,0.012600,0.021600,0.003040,,0.011040,0.001152,1,4,48,0,1
2028,0.241100,0.290600,0.035200,0.074200,0.042000,0.075500,0.013800,0.021824,0.003200,,0.012416,0.001152,1,4,48,0,1
2029,0.241900,0.292600,0.035000,0.074100,0.042000,0.084700,0.005700,0.019168,0.003264,,0.010400,0.001120,1,4,48,0,1
2030,0.244000,0.292900,0.035900,0.074200,0.042100,0.085600,0.005700,0.019296,0.003072,,0.013184,0.001152,1,4,48,0,1
2031,0.240400,0.295000,0.035200,0.074500,0.042500,0.083900,0.003900,0.018912,0.002976,,0.010432,0.001152,1,4,48,0,1
2032,0.248600,0.291600,0.035400,0.080400,0.041800,0.076000,0.014600,0.019200,0.003040,,0.010592,0.001152,1,4,48,0,1
2033,0.237100,0.299700,0.035100,0.073900,0.041900,0.080800,0.004900,0.019872,0.003072,,0.013856,0.001184,1,4,48,0,1
2034,0.240200,0.288200,0.035100,0.074800,0.041600,0.084400,0.003900,0.019872,0.002944,,0.013952,0.001120,1,4,48,0,1
2035,0.233900,0.291800,0.035300,0.075000,0.041800,0.077700,0.003700,0.021056,0.003072,,0.011392,0.001184,1,4,48,0,1
2036,0.250900,0.285300,0.035000,0.084900,0.041900,0.074900,0.013600,0.019072,0.003072,,0.013024,0.001120,1,4,48,0,1
2037,0.245900,0.302200,0.035200,0.073900,0.041600,0.085100,0.009500,0.019488,0.003136,,0.010400,0.001152,1,4,48,0,1
2038,0.248300,0.297000,0.035500,0.074700,0.042100,0.075900,0.019500,0.019488,0.002912,,0.010496,0.001184,1,4,48,0,1
2039,0.236800,0.299400,0.040400,0.074400,0.041900,0.074100,0.005500,0.021440,0.003040,,0.012448,0.001184,1,4,48,0,1
2040,0.241500,0.288000,0.035100,0.074400,0.041700,0.075300,0.014500,0.021664,0.003072,,0.011072,0.001184,1,4,48,0,1
2041,0.240000,0.292700,0.035600,0.073800,0.041900,0.076100,0.011900,0.019232,0.002976,,0.012992,0.001152,1,4,48,0,1
2042,0.241100,0.291000,0.035200,0.074000,0.041800,0.075100,0.014500,0.021408,0.003072,,0.011136,0.001120,1,4,48,0,1
2043,0.241600,0.292500,0.034800,0.074400,0.041700,0.085100,0.005000,0.018880,0.002976,,0.010464,0.001088,1,4,48,0,1
2044,0.236900,0.292500,0.035300,0.074000,0.041600,0.075300,0.010300,0.019104,0.003072,,0.010496,0.001152,1,4,48,0,1
2045,0.236400,0.287900,0.035100,0.073800,0.041900,0.080300,0.004900,0.019040,0.003008,,0.010528,0.001120,1,4,48,0,1
2046,0.244700,0.287800,0.040300,0.074200,0.041700,0.076000,0.012100,0.018688,0.003168,,0.010848,0.001184,1,4,48,0,1
2047,0.242700,0.295900,0.035100,0.074300,0.042100,0.084900,0.005800,0.019008,0.002944,,0.010592,0.001152,1,4,48,0,1
2048,0.238000,0.293700,0.035000,0.073900,0.041900,0.075600,0.011200,0.019296,0.003168,,0.010560,0.001184,1,4,48,0,1
2049,0.241200,0.289000,0.035300,0.073700,0.042100,0.083800,0.005800,0.019104,0.003040,,0.010496,0.001184,1,4,48,0,1
2050,0.257500,0.292200,0.052200,0.075300,0.042000,0.075900,0.011600,0.019168,0.003040,,0.010560,0.001184,1,4,48,0,1
2051,0.239300,0.308600,0.035300,0.074300,0.041900,0.075600,0.011700,0.019200,0.003296,,0.010464,0.001088,1,4,48,0,1
2052,0.243700,0.290400,0.035100,0.073500,0.041700,0.075100,0.017700,0.021504,0.003072,,0.012384,0.001152,1,4,48,0,1
2053,0.233800,0.294900,0.035400,0.074800,0.041600,0.074500,0.007100,0.019744,0.002912,,0.013920,0.001152,1,4,48,0,1
2054,0.238300,0.284800,0.035000,0.074200,0.041900,0.075300,0.011600,0.018784,0.002912,,0.010336,0.001184,1,4,48,0,1
2055,0.231500,0.289300,0.035000,0.074200,0.041800,0.074200,0.005800,0.021376,0.003040,,0.011072,0.001152,1,4,48,0,1
2056,0.231800,0.283200,0.035400,0.073700,0.042000,0.073600,0.006500,0.019744,0.003040,,0.010432,0.001120,1,4,48,0,1
2057,0.237600,0.283000,0.039000,0.074100,0.042100,0.074100,0.008000,0.019072,0.003168,,0.010528,0.001088,1,4,48,0,1
2058,0.238100,0.288600,0.034900,0.074200,0.042300,0.080800,0.005400,0.019168,0.003136,,0.010496,0.001152,1,4,48,0,1
2059,0.242900,0.289100,0.034900,0.073900,0.041900,0.086100,0.005800,0.019072,0.003008,,0.010560,0.001152,1,4,48,0,1
2060,0.383400,0.294000,0.035300,0.074400,0.115700,0.150800,0.006600,0.019840,0.003296,,0.010400,0.001120,1,4,48,0,1
2061,0.350100,0.464300,0.052400,0.114500,0.063500,0.113800,0.005100,0.019104,0.003104,,0.010336,0.001184,1,4,48,0,1
2062,0.336900,0.427800,0.052400,0.110400,0.064600,0.104400,0.004500,0.020000,0.003200,,0.013856,0.001184,1,4,48,0,1
2063,0.299000,0.401200,0.047200,0.093200,0.054100,0.099600,0.004200,0.018528,0.003072,,0.010880,0.001152,1,4,48,0,1
2064,0.323700,0.363200,0.043300,0.091700,0.053900,0.127100,0.007100,0.019328,0.003200,,0.013120,0.001152,1,4,48,0,1
2065,0.251900,0.376100,0.035800,0.078100,0.043800,0.079300,0.014400,0.019552,0.003008,,0.010432,0.001184,1,4,48,0,1
2066,0.248900,0.303200,0.035300,0.076000,0.043100,0.088000,0.006100,0.019040,0.003104,,0.010400,0.001152,1,4,48,0,1
2067,0.246900,0.300000,0.035300,0.076400,0.042400,0.086600,0.005800,0.019232,0.003104,,0.013152,0.001152,1,4,48,0,1
2068,0.236200,0.298200,0.035500,0.075200,0.042500,0.075700,0.006800,0.019968,0.003328,,0.010528,0.001120,1,4,48,0,1
2069,0.234000,0.287300,0.035300,0.075200,0.041900,0.074600,0.006500,0.019552,0.003040,,0.010400,0.001152,1,4,48,0,1
2070,0.244900,0.285100,0.035300,0.074900,0.047500,0.076100,0.010600,0.019072,0.003008,,0.010528,0.001152,1,4,48,0,1
2071,0.239500,0.296200,0.035000,0.075200,0.042300,0.075600,0.010700,0.019296,0.003040,,0.012960,0.001152,1,4,48,0,1
2072,0.242400,0.290800,0.035400,0.074500,0.042300,0.085000,0.004800,0.019328,0.003328,,0.010560,0.001120,1,4,48,0,1
2073,0.231400,0.293700,0.035200,0.074400,0.042200,0.074500,0.004700,0.021536,0.003232,,0.011072,0.001152,1,4,48,0,1
2074,0.231900,0.282900,0.035300,0.074700,0.042400,0.074700,0.004400,0.019008,0.002944,,0.010528,0.001152,1,4,48,0,1
2075,0.245100,0.283200,0.034800,0.074000,0.040400,0.091800,0.003600,0.019136,0.003040,,0.013120,0.001152,1,4,48,0,1
2076,0.232700,0.296200,0.035000,0.074100,0.041600,0.075100,0.006500,0.018976,0.002944,,0.010464,0.001152,1,4,48,0,1
2077,0.246600,0.284000,0.035300,0.080500,0.042000,0.075700,0.012800,0.021536,0.003072,,0.011072,0.001120,1,4,48,0,1
2078,0.241400,0.297800,0.035300,0.073900,0.042200,0.075100,0.014600,0.021664,0.003008,,0.012480,0.001152,1,4,48,0,1
2079,0.242200,0.300500,0.035500,0.074400,0.041500,0.084300,0.006100,0.018720,0.003072,,0.010336,0.001184,1,4,48,0,1
2080,0.241300,0.293200,0.035300,0.074200,0.041300,0.084200,0.005800,0.018432,0.003008,,0.010880,0.001088,1,4,48,0,1
2081,0.239400,0.292700,0.035100,0.074200,0.041700,0.075300,0.012700,0.019904,0.003104,,0.013920,0.001120,1,4,48,0,1
2082,0.241800,0.290200,0.035000,0.074700,0.041800,0.075800,0.014000,0.021696,0.003040,,0.011072,0.001152,1,4,48,0,1
2083,0.242400,0.293400,0.035000,0.074400,0.042000,0.076100,0.014500,0.021440,0.003168,,0.011008,0.001152,1,4,48,0,1
2084,0.244500,0.293600,0.040500,0.074700,0.042000,0.076100,0.010800,0.019200,0.003232,,0.010464,0.001120,1,4,48,0,1
2085,0.241600,0.295700,0.035100,0.074300,0.042300,0.084400,0.004900,0.019136,0.002912,,0.013088,0.001152,1,4,48,0,1
2086,0.245300,0.292600,0.045000,0.075400,0.042100,0.074700,0.007700,0.019072,0.003008,,0.010528,0.001152,1,4,48,0,1
2087,0.242600,0.296400,0.035100,0.074500,0.041900,0.084600,0.006000,0.018432,0.003136,,0.010560,0.001152,1,4,48,0,1
2088,0.241400,0.293700,0.035000,0.073800,0.042200,0.084300,0.005700,0.019232,0.003296,,0.010464,0.001088,1,4,48,0,1
2089,0.238900,0.292600,0.035200,0.074300,0.041900,0.075500,0.011600,0.019072,0.002976,,0.010528,0.001184,1,4,48,0,1
2090,0.237200,0.290000,0.035000,0.073700,0.041700,0.075400,0.010800,0.019680,0.003040,,0.010272,0.001152,1,4,48,0,1
2091,0.241300,0.293500,0.035300,0.074600,0.041900,0.084200,0.005000,0.019008,0.003072,,0.010464,0.001088,1,4,48,0,1
2092,0.240400,0.292500,0.035000,0.074200,0.041500,0.083300,0.005800,0.019008,0.002944,,0.010496,0.001184,1,4,48,0,1
2093,0.238400,0.291700,0.035100,0.074200,0.042500,0.075200,0.010900,0.019232,0.003456,,0.010336,0.001120,1,4,48,0,1
2094,0.237400,0.289600,0.035200,0.074200,0.041800,0.080900,0.004900,0.019168,0.003360,,0.010304,0.001120,1,4,48,0,1
2095,0.231500,0.288600,0.034800,0.074100,0.041600,0.075500,0.005100,0.019072,0.003040,,0.010528,0.001120,1,4,48,0,1
2096,0.252600,0.283300,0.035300,0.077300,0.042200,0.090300,0.007000,0.019456,0.002976,,0.010336,0.001152,1,4,48,0,1
2097,0.242000,0.303700,0.035200,0.074700,0.041800,0.075000,0.014600,0.019136,0.003008,,0.013120,0.001184,1,4,48,0,1
2098,0.241800,0.293600,0.035400,0.074400,0.041800,0.075500,0.014200,0.019040,0.003136,,0.010464,0.001088,1,4,48,0,1
2099,0.239800,0.292800,0.035200,0.073800,0.041600,0.074600,0.014200,0.021568,0.003328,,0.011008,0.001120,1,4,48,0,1
2100,0.246200,0.296500,0.035500,0.074300,0.042500,0.087800,0.005700,0.019040,0.003104,,0.010432,0.001152,1,4,48,0,1
2101,0.238400,0.297100,0.035500,0.074300,0.042000,0.081000,0.005100,0.019136,0.003072,,0.013056,0.001120,1,4,48,0,1
2102,0.242400,0.289700,0.035100,0.074000,0.041900,0.075900,0.015100,0.021408,0.003296,,0.012000,0.001152,1,4,48,0,1
2103,0.238100,0.293500,0.035100,0.074200,0.041800,0.080900,0.005200,0.018944,0.003072,,0.010464,0.001152,1,4,48,0,1
2104,0.253600,0.289500,0.035800,0.074900,0.041600,0.080700,0.020100,0.019584,0.002976,,0.010432,0.001152,1,4,48,0,1
2105,0.243200,0.305200,0.035600,0.074200,0.041800,0.084800,0.006100,0.019136,0.003136,,0.010464,0.001184,1,4,48,0,1
2106,0.231800,0.294300,0.035000,0.073800,0.041900,0.075000,0.005700,0.021440,0.003104,,0.011104,0.001152,1,4,48,0,1
2107,0.243100,0.283200,0.035000,0.074500,0.042200,0.076100,0.014700,0.019200,0.003008,,0.010656,0.001152,1,4,48,0,1
2108,0.243800,0.294200,0.035100,0.074000,0.042200,0.086400,0.005800,0.019808,0.003168,,0.012672,0.001152,1,4,48,0,1
2109,0.241300,0.295200,0.034900,0.073700,0.042200,0.084200,0.005700,0.018400,0.002944,,0.010880,0.001088,1,4,48,0,1
2110,0.237400,0.292500,0.034900,0.074300,0.041800,0.080900,0.005000,0.019232,0.002944,,0.013056,0.001152,1,4,48,0,1
2111,0.412100,0.294800,0.088000,0.128700,0.066300,0.121700,0.007000,0.019808,0.002976,,0.013952,0.001120,1,4,48,0,1
2112,0.346900,0.492200,0.052400,0.110100,0.053400,0.122300,0.008100,0.018944,0.002976,,0.010432,0.001152,1,4,48,0,1
2113,0.319100,0.422400,0.045200,0.100900,0.055600,0.108000,0.008800,0.019456,0.002880,,0.010528,0.001184,1,4,48,0,1
2114,0.254700,0.371900,0.036200,0.079000,0.045200,0.087900,0.005800,0.018944,0.002944,,0.010496,0.001152,1,4,48,0,1
2115,0.248300,0.306400,0.035100,0.076500,0.043200,0.085100,0.008000,0.018912,0.002976,,0.010432,0.001152,1,4,48,0,1
2116,0.247500,0.299900,0.038000,0.075400,0.042800,0.082900,0.008100,0.019232,0.003200,,0.013120,0.001152,1,4,48,0,1
2117,0.246900,0.298700,0.034900,0.074900,0.042200,0.088000,0.006200,0.019264,0.003456,,0.010400,0.001120,1,4,48,0,1
2118,0.241000,0.298000,0.035100,0.074300,0.042700,0.084500,0.004100,0.019104,0.003008,,0.010592,0.001120,1,4,48,0,1
2119,0.258600,0.292000,0.035200,0.074500,0.041500,0.097300,0.009700,0.019072,0.003104,,0.010432,0.001184,1,4,48,0,1
2120,0.243500,0.310100,0.035100,0.074700,0.042000,0.085600,0.005800,0.018976,0.003040,,0.010400,0.001152,1,4,48,0,1
2121,0.232300,0.294700,0.035100,0.074600,0.041700,0.074900,0.005600,0.021312,0.002912,,0.011136,0.001152,1,4,48,0,1
2122,0.242100,0.283700,0.034900,0.074600,0.042000,0.084500,0.005700,0.018464,0.003008,,0.010848,0.001152,1,4,48,0,1
2123,0.247300,0.293400,0.036900,0.087200,0.042500,0.074500,0.005700,0.021120,0.002976,,0.012160,0.001152,1,4,48,0,1
2124,0.243200,0.298600,0.034900,0.074000,0.042400,0.075900,0.015600,0.021664,0.003136,,0.011104,0.001152,1,4,48,0,1
2125,0.243100,0.294700,0.035200,0.074800,0.042100,0.075800,0.014700,0.021696,0.003136,,0.011456,0.001152,1,4,48,0,1
2126,0.247800,0.294500,0.035400,0.080300,0.041500,0.084700,0.005600,0.019168,0.003168,,0.010496,0.001088,1,4,48,0,1
2127,0.240400,0.299000,0.035200,0.074900,0.042400,0.083500,0.004000,0.019072,0.003040,,0.010464,0.001184,1,4,48,0,1
2128,0.240600,0.291800,0.035200,0.074300,0.042500,0.075800,0.012400,0.021568,0.003040,,0.011040,0.001152,1,4,48,0,1
2129,0.238200,0.291600,0.035100,0.074200,0.042200,0.075600,0.010800,0.019200,0.003136,,0.013088,0.001184,1,4,48,0,1
2130,0.239100,0.289700,0.035000,0.073700,0.042100,0.075300,0.012400,0.021568,0.003168,,0.011136,0.001152,1,4,48,0,1
2131,0.240400,0.290500,0.035000,0.074600,0.042300,0.075700,0.012400,0.021632,0.003136,,0.012384,0.001184,1,4,48,0,1
2132,0.241200,0.291400,0.035100,0.074300,0.041900,0.084300,0.005200,0.018656,0.003136,,0.010816,0.001152,1,4,48,0,1
2133,0.248300,0.292300,0.035500,0.080700,0.042100,0.083800,0.005800,0.019008,0.002976,,0.010528,0.001152,1,4,48,0,1
2134,0.239600,0.299500,0.035200,0.074700,0.042000,0.075800,0.011500,0.018944,0.003008,,0.010368,0.001152,1,4,48,0,1
2135,0.237900,0.290800,0.035200,0.074500,0.041500,0.082300,0.003900,0.019872,0.003200,,0.009984,0.001152,1,4,48,0,1
2136,0.247100,0.289300,0.034800,0.088900,0.041500,0.074100,0.007300,0.019712,0.003104,,0.010400,0.001152,1,4,48,0,1
2137,0.242400,0.298900,0.035200,0.074100,0.041500,0.074900,0.016300,0.019136,0.002944,,0.013056,0.001120,1,4,48,0,1
2138,0.243100,0.293700,0.035400,0.074000,0.042100,0.085000,0.006200,0.018624,0.003200,,0.010944,0.001120,1,4,48,0,1
2139,0.241200,0.294400,0.035500,0.074400,0.041600,0.084100,0.005000,0.018592,0.003264,,0.010816,0.001152,1,4,48,0,1
2140,0.243100,0.292200,0.040500,0.074800,0.041600,0.080500,0.005200,0.019200,0.003168,,0.010528,0.001152,1,4,48,0,1
2141,0.241400,0.294300,0.035200,0.074000,0.041600,0.084300,0.005800,0.018528,0.003072,,0.010880,0.001120,1,4,48,0,1
2142,0.239600,0.292700,0.034800,0.074100,0.042000,0.075900,0.012400,0.021760,0.003104,,0.012512,0.001120,1,4,48,0,1
2143,0.238300,0.290500,0.035100,0.074100,0.041600,0.075700,0.011600,0.019104,0.003072,,0.010496,0.001152,1,4,48,0,1
2144,0.270700,0.289300,0.035200,0.074200,0.042000,0.113100,0.005700,0.018976,0.003040,,0.010400,0.001184,1,4,48,0,1
2145,0.241300,0.322800,0.035000,0.074200,0.042000,0.084100,0.005600,0.019200,0.003104,,0.010496,0.001184,1,4,48,0,1
2146,0.239200,0.292300,0.034800,0.074100,0.041900,0.075300,0.012500,0.021664,0.003008,,0.011136,0.001184,1,4,48,0,1
2147,0.238900,0.290700,0.035200,0.074400,0.042100,0.075300,0.011300,0.019264,0.003136,,0.010528,0.001120,1,4,48,0,1
2148,0.243200,0.307700,0.035500,0.074800,0.042500,0.084300,0.005600,0.019136,0.002912,,0.012992,0.001120,1,4,48,0,1
2149,0.237600,0.294400,0.035200,0.074100,0.041600,0.075200,0.011000,0.020000,0.003232,,0.013888,0.001088,1,4,48,0,1
2150,0.236500,0.288800,0.035200,0.073700,0.041700,0.075300,0.010200,0.019040,0.003072,,0.010400,0.001152,1,4,48,0,1
2151,0.241000,0.287800,0.035000,0.074300,0.041600,0.084600,0.005100,0.019232,0.003104,,0.010560,0.001152,1,4,48,0,1
2152,0.241000,0.291900,0.034600,0.074400,0.041900,0.075700,0.013800,0.021536,0.003008,,0.012384,0.001152,1,4,48,0,1
2153,0.244100,0.292100,0.035400,0.074200,0.041400,0.087300,0.005500,0.019712,0.003104,,0.012576,0.001184,1,4,48,0,1
2154,0.238100,0.295300,0.035500,0.073900,0.042100,0.078700,0.007500,0.020896,0.003008,,0.013120,0.001152,1,4,48,0,1
2155,0.235200,0.289400,0.034700,0.074500,0.042300,0.078000,0.005300,0.019136,0.003072,,0.010464,0.001152,1,4,48,0,1
2156,0.243300,0.286600,0.036100,0.074100,0.041700,0.075200,0.015800,0.020128,0.003296,,0.013920,0.001152,1,4,48,0,1
2157,0.241200,0.295100,0.037100,0.073900,0.041800,0.075700,0.012200,0.019168,0.003264,,0.010400,0.001152,1,4,48,0,1
2158,0.237900,0.292600,0.034800,0.073900,0.042100,0.075300,0.011200,0.019744,0.003104,,0.010496,0.001120,1,4,48,0,1
2159,0.238900,0.289200,0.035200,0.074000,0.042100,0.075700,0.011500,0.019104,0.003040,,0.010496,0.001152,1,4,48,0,1
2160,0.248500,0.290300,0.035000,0.074100,0.047700,0.077100,0.014100,0.021312,0.002944,,0.011104,0.001152,1,4,48,0,1
2161,0.339300,0.299600,0.035100,0.074600,0.041800,0.179400,0.007700,0.021824,0.003200,,0.012352,0.001152,1,4,48,0,1
2162,0.333900,0.420600,0.053000,0.109100,0.060500,0.106400,0.004300,0.019840,0.002976,,0.013824,0.001120,1,4,48,0,1
2163,0.294800,0.399300,0.043900,0.094300,0.053000,0.096400,0.006700,0.019456,0.003072,,0.010560,0.001152,1,4,48,0,1
2164,0.291000,0.359200,0.043400,0.091500,0.053500,0.096400,0.005600,0.019616,0.003040,,0.010304,0.001152,1,4,48,0,1
2165,0.286400,0.354800,0.042700,0.091100,0.052000,0.094500,0.005600,0.019904,0.002976,,0.014016,0.001120,1,4,48,0,1
2166,0.296700,0.350100,0.062100,0.092300,0.045000,0.091200,0.005500,0.019968,0.003040,,0.013984,0.001184,1,4,48,0,1
2167,0.243400,0.349200,0.035600,0.075900,0.042800,0.082900,0.005500,0.019808,0.003200,,0.010528,0.001152,1,4,48,0,1
2168,0.236500,0.294900,0.035400,0.075500,0.043500,0.076400,0.005200,0.021408,0.003136,,0.011072,0.001120,1,4,48,0,1
2169,0.241900,0.288400,0.035400,0.075100,0.042400,0.082100,0.006300,0.019136,0.003136,,0.010528,0.001120,1,4,48,0,1
2170,0.241100,0.293200,0.035000,0.074600,0.043000,0.076700,0.011300,0.019776,0.003168,,0.010432,0.001184,1,4,48,0,1
2171,0.244700,0.292200,0.035200,0.075100,0.042200,0.076300,0.015500,0.018848,0.003008,,0.010336,0.001120,1,4,48,0,1
2172,0.242900,0.301900,0.035200,0.074500,0.042200,0.075500,0.015200,0.021536,0.003040,,0.011072,0.001152,1,4,48,0,1
2173,0.240700,0.294300,0.035300,0.074700,0.042000,0.076100,0.012100,0.019200,0.003168,,0.010496,0.001152,1,4,48,0,1
2174,0.240800,0.291700,0.035100,0.074500,0.041900,0.076400,0.012400,0.021792,0.003200,,0.012384,0.001120,1,4,48,0,1
2175,0.230900,0.291800,0.035300,0.074300,0.041700,0.075500,0.003300,0.021376,0.002912,,0.011168,0.001184,1,4,48,0,1
2176,0.234300,0.282500,0.035000,0.074400,0.042100,0.074400,0.007900,0.019360,0.003168,,0.013088,0.001152,1,4,48,0,1
2177,0.249900,0.285700,0.046400,0.074100,0.042100,0.075200,0.011500,0.019264,0.003104,,0.013088,0.001152,1,4,48,0,1
2178,0.244700,0.301200,0.035100,0.074600,0.042400,0.086300,0.005800,0.019168,0.003008,,0.013184,0.001152,1,4,48,0,1
2179,0.237300,0.295900,0.035100,0.074400,0.041500,0.081000,0.004700,0.019168,0.003104,,0.010496,0.001184,1,4,48,0,1
2180,0.250900,0.288900,0.044800,0.074500,0.042000,0.083600,0.005500,0.018656,0.003200,,0.010912,0.001152,1,4,48,0,1
2181,0.237900,0.302000,0.035300,0.074500,0.041900,0.080800,0.005000,0.019168,0.002944,,0.013056,0.001152,1,4,48,0,1
2182,0.240800,0.288900,0.035400,0.073800,0.041700,0.075500,0.014000,0.018816,0.003200,,0.010144,0.001152,1,4,48,0,1
2183,0.240600,0.291800,0.035100,0.073400,0.041900,0.075300,0.014200,0.021856,0.003168,,0.012576,0.001152,1,4,48,0,1
2184,0.237100,0.292000,0.035200,0.073800,0.041700,0.075400,0.010400,0.019104,0.003040,,0.010496,0.001184,1,4,48,0,1
2185,0.246200,0.301100,0.035000,0.074300,0.041800,0.089500,0.005200,0.019136,0.003136,,0.010496,0.001120,1,4,48,0,1
2186,0.240600,0.297800,0.034900,0.073700,0.041700,0.075900,0.013800,0.021824,0.003200,,0.011136,0.001184,1,4,48,0,1
2187,0.241500,0.291900,0.034900,0.074400,0.042200,0.075900,0.013600,0.021536,0.002944,,0.011072,0.001152,1,4,48,0,1
2188,0.241200,0.293000,0.035100,0.074400,0.041800,0.075400,0.013900,0.021760,0.003136,,0.011040,0.001184,1,4,48,0,1
2189,0.241800,0.292200,0.035400,0.074300,0.042100,0.075600,0.014000,0.019136,0.003200,,0.010432,0.001152,1,4,48,0,1
2190,0.243700,0.292800,0.035400,0.073900,0.042100,0.083700,0.007900,0.018624,0.003040,,0.010944,0.001152,1,4,48,0,1
2191,0.231800,0.294800,0.034800,0.074600,0.041600,0.074300,0.006200,0.021504,0.003232,,0.011040,0.001184,1,4,48,0,1
2192,0.246000,0.282900,0.034800,0.074000,0.047400,0.084500,0.004900,0.019040,0.003072,,0.010528,0.001088,1,4,48,0,1
2193,0.239100,0.297300,0.034900,0.073800,0.041900,0.075500,0.012400,0.021632,0.002944,,0.012480,0.001152,1,4,48,0,1
2194,0.242800,0.290300,0.035000,0.074200,0.041800,0.085700,0.005700,0.018944,0.003008,,0.010464,0.001120,1,4,48,0,1
2195,0.240600,0.293800,0.035100,0.073800,0.041500,0.084200,0.005600,0.018528,0.003040,,0.010912,0.001184,1,4,48,0,1
2196,0.244200,0.292000,0.035200,0.074100,0.042300,0.085000,0.007200,0.019200,0.003072,,0.013088,0.001184,1,4,48,0,1
2197,0.233000,0.295800,0.035100,0.074300,0.041900,0.074300,0.006900,0.019072,0.003136,,0.010432,0.001152,1,4,48,0,1
2198,0.243900,0.284900,0.035300,0.073900,0.042100,0.086100,0.006100,0.019232,0.003072,,0.013056,0.001152,1,4,48,0,1
2199,0.259000,0.294900,0.035000,0.085600,0.041600,0.087200,0.009300,0.019360,0.002944,,0.010336,0.001184,1,4,48,0,1
2200,0.250200,0.310400,0.035100,0.083100,0.041900,0.084400,0.005400,0.019072,0.002912,,0.013120,0.001184,1,4,48,0,1
2201,0.240400,0.301200,0.035000,0.074300,0.041600,0.080100,0.008800,0.019328,0.003040,,0.010400,0.001152,1,4,48,0,1
2202,0.248600,0.291500,0.035300,0.074100,0.041500,0.075700,0.021400,0.020064,0.003040,,0.013984,0.001184,1,4,48,0,1
2203,0.239300,0.299700,0.035300,0.073800,0.042400,0.075000,0.012400,0.019232,0.003104,,0.010592,0.001120,1,4,48,0,1
2204,0.240700,0.290500,0.034900,0.073900,0.041700,0.075300,0.014400,0.021728,0.003136,,0.011072,0.001184,1,4,48,0,1
2205,0.241500,0.291900,0.035200,0.073900,0.041600,0.084600,0.005700,0.019104,0.002944,,0.013088,0.001120,1,4,48,0,1
2206,0.248200,0.292600,0.040400,0.075300,0.041900,0.085100,0.005000,0.018976,0.002912,,0.010528,0.001152,1,4,48,0,1
2207,0.240600,0.299400,0.034800,0.074200,0.041500,0.075100,0.014500,0.021632,0.003104,,0.012320,0.001120,1,4,48,0,1
2208,0.241100,0.291900,0.034900,0.074000,0.041800,0.084100,0.005800,0.019360,0.003392,,0.010400,0.001152,1,4,48,0,1
2209,0.243000,0.292100,0.035000,0.075000,0.041800,0.084900,0.005800,0.018944,0.002944,,0.010432,0.001152,1,4,48,0,1
2210,0.241200,0.294000,0.035000,0.074000,0.041900,0.084000,0.005700,0.019616,0.003104,,0.012256,0.001184,1,4,48,0,1
2211,0.398900,0.292100,0.034700,0.149600,0.065800,0.143500,0.004700,0.019904,0.003040,,0.012352,0.001184,1,4,48,0,1
2212,0.329800,0.466400,0.044500,0.097800,0.053600,0.128100,0.005200,0.020096,0.003200,,0.012288,0.001184,1,4,48,0,1
2213,0.324400,0.394800,0.043300,0.093400,0.052700,0.129100,0.005300,0.019168,0.003104,,0.013088,0.001152,1,4,48,0,1
2214,0.322700,0.389100,0.043200,0.092700,0.052200,0.128700,0.005200,0.019552,0.002976,,0.010304,0.001184,1,4,48,0,1
2215,0.321100,0.394800,0.056800,0.099100,0.072100,0.087300,0.005400,0.019328,0.002912,,0.010336,0.001184,1,4,48,0,1
2216,0.249800,0.373800,0.035600,0.077800,0.043400,0.078000,0.014700,0.021600,0.003296,,0.012128,0.001152,1,4,48,0,1
2217,0.246400,0.301600,0.035200,0.076000,0.042700,0.077000,0.014900,0.021728,0.003200,,0.011040,0.001152,1,4,48,0,1
2218,0.244200,0.297900,0.034900,0.074900,0.042600,0.084400,0.006700,0.018816,0.003328,,0.010528,0.001152,1,4,48,0,1
2219,0.242000,0.295700,0.035200,0.075000,0.042000,0.076400,0.012800,0.021728,0.003200,,0.011104,0.001152,1,4,48,0,1
2220,0.240700,0.293100,0.034900,0.075300,0.042000,0.076300,0.011900,0.021600,0.002976,,0.011104,0.001184,1,4,48,0,1
2221,0.243600,0.291900,0.035000,0.082200,0.042000,0.078500,0.005400,0.019328,0.003040,,0.013024,0.001120,1,4,48,0,1
2222,0.238300,0.294700,0.035000,0.074200,0.041700,0.082900,0.004000,0.019552,0.002976,,0.010496,0.001184,1,4,48,0,1
2223,0.238300,0.289700,0.034900,0.074700,0.041700,0.082400,0.004000,0.021792,0.003072,,0.011136,0.001152,1,4,48,0,1
2224,0.243200,0.289600,0.035400,0.074100,0.041800,0.085800,0.005600,0.019232,0.003168,,0.010496,0.001184,1,4,48,0,1
2225,0.237200,0.294500,0.035000,0.073900,0.041900,0.081100,0.004800,0.019648,0.003136,,0.012960,0.001120,1,4,48,0,1
2226,0.243100,0.288300,0.035300,0.074000,0.041900,0.085800,0.005600,0.019264,0.003040,,0.013088,0.001152,1,4,48,0,1
2227,0.242200,0.294200,0.035000,0.074200,0.041500,0.086100,0.005000,0.019136,0.003200,,0.010400,0.001152,1,4,48,0,1
2228,0.239400,0.293500,0.040500,0.074900,0.042200,0.076200,0.005000,0.019040,0.003040,,0.010432,0.001184,1,4,48,0,1
2229,0.240000,0.290500,0.035200,0.074600,0.041700,0.075700,0.012300,0.018656,0.002848,,0.010368,0.001120,1,4,48,0,1
2230,0.241800,0.291100,0.035300,0.075000,0.042600,0.076300,0.012300,0.019232,0.003136,,0.010560,0.001152,1,4,48,0,1
2231,0.239200,0.292800,0.035300,0.074200,0.042000,0.075900,0.011300,0.019072,0.003072,,0.010496,0.001120,1,4,48,0,1
2232,0.241300,0.290200,0.035000,0.074200,0.042000,0.084100,0.005700,0.019040,0.003040,,0.010464,0.001152,1,4,48,0,1
2233,0.240400,0.292800,0.035000,0.074700,0.041900,0.084500,0.003900,0.019840,0.003328,,0.010464,0.001088,1,4,48,0,1
2234,0.238800,0.296300,0.034900,0.074300,0.042000,0.081400,0.005700,0.018624,0.003072,,0.010528,0.001088,1,4,48,0,1
2235,0.231100,0.295500,0.035400,0.074700,0.041700,0.075000,0.003800,0.019008,0.003040,,0.010496,0.001152,1,4,48,0,1
2236,0.237300,0.282200,0.035000,0.078600,0.041800,0.074400,0.007000,0.019072,0.003072,,0.010496,0.001152,1,4,48,0,1
2237,0.240900,0.288300,0.034900,0.074300,0.041700,0.083500,0.005900,0.018880,0.002976,,0.010528,0.001152,1,4,48,0,1
2238,0.241500,0.292100,0.035100,0.074300,0.042200,0.083700,0.005900,0.019072,0.003040,,0.010528,0.001152,1,4,48,0,1
2239,0.241000,0.292700,0.035000,0.075200,0.042000,0.076700,0.011400,0.019008,0.003008,,0.010432,0.001184,1,4,48,0,1
2240,0.231700,0.292200,0.034700,0.074400,0.042000,0.074400,0.005800,0.021280,0.003008,,0.012128,0.001184,1,4,48,0,1
2241,0.240400,0.282500,0.035100,0.074200,0.041900,0.075700,0.013000,0.021696,0.003168,,0.011104,0.001152,1,4,48,0,1
2242,0.241900,0.296800,0.035500,0.074500,0.041700,0.083900,0.005800,0.018592,0.003072,,0.010880,0.001152,1,4,48,0,1
2243,0.241700,0.293100,0.035100,0.074300,0.041900,0.084200,0.005600,0.018432,0.002944,,0.010912,0.001152,1,4,48,0,1
2244,0.242100,0.293700,0.034900,0.073700,0.042300,0.085100,0.005700,0.018848,0.003008,,0.010400,0.001184,1,4,48,0,1
2245,0.241400,0.293000,0.035300,0.074200,0.041900,0.075400,0.014200,0.021696,0.003072,,0.011072,0.001152,1,4,48,0,1
2246,0.240600,0.292700,0.034900,0.073800,0.042100,0.083700,0.005600,0.018624,0.003136,,0.010784,0.001184,1,4,48,0,1
2247,0.232800,0.308100,0.035300,0.075200,0.041600,0.074700,0.005700,0.022016,0.003040,,0.011360,0.001152,1,4,48,0,1
2248,0.240900,0.284000,0.035300,0.074200,0.042100,0.084000,0.004900,0.019104,0.003008,,0.010592,0.001088,1,4,48,0,1
2249,0.240100,0.292400,0.034900,0.074400,0.041700,0.083900,0.004900,0.018432,0.003104,,0.010464,0.001088,1,4,48,0,1
2250,0.231500,0.291100,0.035100,0.073700,0.042100,0.074500,0.005600,0.021952,0.002944,,0.011424,0.001120,1,4,48,0,1
2251,0.240900,0.282800,0.035000,0.074500,0.041700,0.083700,0.005500,0.019264,0.003040,,0.013056,0.001152,1,4,48,0,1
