frame_id,frame_ms,frame_interval_ms,prepare_cpu_ms,record_cpu_ms,submit_cpu_ms,present_cpu_ms,sync_cpu_ms,gpu_ms,mesh_gpu_ms,lighting_gpu_ms,sky_gpu_ms,ui_gpu_ms,mesh_draw_calls,primitive_instances,triangles,point_lights,queue_submissions
611,0.271000,0.303200,0.029400,0.089900,0.046700,0.100700,0.003800,0.035136,0.013728,0.007936,0.010432,0.001280,1,4,48,0,1
612,0.284200,0.323700,0.045000,0.095700,0.046600,0.082500,0.014100,0.035424,0.013696,0.008224,0.010400,0.001312,1,4,48,0,1
613,0.257900,0.337700,0.029400,0.090100,0.046300,0.084800,0.006700,0.035072,0.011200,0.007904,0.010272,0.001344,1,4,48,0,1
614,0.253100,0.310800,0.028800,0.089600,0.045800,0.084700,0.003700,0.035424,0.012416,0.008128,0.010336,0.001312,1,4,48,0,1
615,0.251500,0.306100,0.028600,0.089700,0.045900,0.082500,0.004400,0.035232,0.013696,0.008032,0.010464,0.001312,1,4,48,0,1
616,0.255500,0.304600,0.029000,0.089700,0.045900,0.085100,0.005500,0.035392,0.011168,0.008256,0.010240,0.001312,1,4,48,0,1
617,0.256800,0.308500,0.028600,0.090200,0.045700,0.076000,0.015900,0.036000,0.011264,0.008128,0.010208,0.001216,1,4,48,0,1
618,0.249000,0.309900,0.031100,0.090400,0.045700,0.076200,0.005200,0.037088,0.011232,0.008160,0.010400,0.001248,1,4,48,0,1
619,0.259200,0.302100,0.028900,0.095800,0.046200,0.076300,0.011500,0.035296,0.011232,0.008096,0.010272,0.001280,1,4,48,0,1
620,0.250900,0.312200,0.028700,0.089900,0.045900,0.081300,0.004700,0.035584,0.011168,0.008384,0.010304,0.001312,1,4,48,0,1
621,0.251900,0.303500,0.028900,0.089300,0.045800,0.083600,0.003800,0.035168,0.011200,0.008064,0.010240,0.001312,1,4,48,0,1
622,0.250700,0.304900,0.028700,0.090200,0.045600,0.081300,0.004500,0.037056,0.013760,0.008160,0.010240,0.001312,1,4,48,0,1
623,0.250300,0.304100,0.028900,0.089700,0.045600,0.080400,0.005300,0.035136,0.011136,0.008032,0.010304,0.001248,1,4,48,0,1
624,0.251700,0.303100,0.028900,0.089600,0.045900,0.081400,0.005600,0.035168,0.011168,0.008160,0.010208,0.001248,1,4,48,0,1
625,0.288000,0.304900,0.029000,0.089800,0.046600,0.115800,0.006300,0.035936,0.011168,0.008256,0.010208,0.001248,1,4,48,0,1
626,0.322500,0.357600,0.037300,0.120500,0.058900,0.098600,0.006600,0.037312,0.011232,0.008224,0.010208,0.001216,1,4,48,0,1
627,0.310500,0.389600,0.036000,0.113500,0.057100,0.099100,0.004300,0.035040,0.013728,0.007872,0.010432,0.001248,1,4,48,0,1
628,0.307700,0.376500,0.036000,0.111400,0.058500,0.097000,0.004300,0.035360,0.011168,0.008256,0.010304,0.001280,1,4,48,0,1
629,0.254200,0.374000,0.030300,0.090900,0.046500,0.081800,0.004200,0.034944,0.011136,0.007808,0.010240,0.001344,1,4,48,0,1
630,0.254700,0.308000,0.028900,0.091400,0.046400,0.083200,0.004400,0.037120,0.011200,0.007968,0.010400,0.001216,1,4,48,0,1
631,0.252300,0.314200,0.029200,0.090700,0.046400,0.081300,0.004100,0.035232,0.011232,0.008064,0.010272,0.001312,1,4,48,0,1
632,0.250600,0.305200,0.028900,0.090300,0.046200,0.080300,0.004400,0.035232,0.011168,0.008160,0.010208,0.001280,1,4,48,0,1
633,0.271600,0.303800,0.028700,0.108700,0.045900,0.083900,0.003700,0.035104,0.011200,0.007968,0.010272,0.001312,1,4,48,0,1
634,0.250600,0.324900,0.028900,0.090000,0.046000,0.080900,0.004400,0.035424,0.011200,0.008352,0.010240,0.001216,1,4,48,0,1
635,0.250500,0.304000,0.028700,0.089700,0.045400,0.076100,0.010200,0.035200,0.011232,0.007968,0.010240,0.001344,1,4,48,0,1
636,0.256200,0.303900,0.028500,0.089500,0.046200,0.076000,0.015400,0.035520,0.011232,0.008032,0.010240,0.001248,1,4,48,0,1
637,0.262500,0.309400,0.031500,0.095600,0.045300,0.074500,0.015400,0.035296,0.013728,0.008096,0.010496,0.001216,1,4,48,0,1
638,0.252500,0.315800,0.028900,0.089900,0.046000,0.083600,0.003800,0.035360,0.011200,0.008192,0.010272,0.001248,1,4,48,0,1
639,0.251100,0.305400,0.028600,0.089200,0.045800,0.075400,0.011600,0.035200,0.012224,0.007968,0.010496,0.001312,1,4,48,0,1
640,0.253200,0.304400,0.029000,0.089900,0.045900,0.084200,0.003800,0.035264,0.013696,0.008064,0.010464,0.001216,1,4,48,0,1
641,0.250800,0.306200,0.028700,0.090000,0.045300,0.081100,0.005400,0.035136,0.011232,0.008032,0.010176,0.001280,1,4,48,0,1
642,0.254200,0.304300,0.029000,0.089600,0.045400,0.076300,0.013600,0.035232,0.013728,0.008160,0.010368,0.001184,1,4,48,0,1
643,0.255600,0.307200,0.029200,0.089800,0.045700,0.083200,0.007300,0.035104,0.011168,0.008032,0.010304,0.001248,1,4,48,0,1
644,0.253300,0.308600,0.028500,0.090400,0.045700,0.081800,0.006600,0.035168,0.011232,0.008032,0.010240,0.001248,1,4,48,0,1
645,0.251200,0.306000,0.028700,0.089900,0.045300,0.076100,0.010700,0.037056,0.013664,0.007968,0.010240,0.001248,1,4,48,0,1
646,0.251400,0.304300,0.028600,0.090600,0.045900,0.081300,0.004600,0.037280,0.011232,0.008032,0.010272,0.001344,1,4,48,0,1
647,0.253300,0.304500,0.028600,0.090100,0.046200,0.083900,0.004100,0.035136,0.013728,0.007936,0.010432,0.001280,1,4,48,0,1
648,0.251100,0.306400,0.028800,0.089800,0.045900,0.081600,0.004600,0.036992,0.011232,0.008000,0.010432,0.001312,1,4,48,0,1
649,0.249900,0.304300,0.029100,0.089700,0.045500,0.080700,0.004600,0.035168,0.011232,0.008064,0.010240,0.001280,1,4,48,0,1
650,0.256600,0.303400,0.028500,0.096000,0.045400,0.081700,0.004500,0.035264,0.013760,0.007936,0.010496,0.001280,1,4,48,0,1
651,0.251300,0.309800,0.028800,0.089800,0.045300,0.081100,0.005700,0.035168,0.011168,0.008000,0.010272,0.001344,1,4,48,0,1
652,0.251500,0.304200,0.028900,0.089600,0.045300,0.083700,0.003600,0.035200,0.011168,0.008096,0.010240,0.001280,1,4,48,0,1
653,0.252600,0.304600,0.028800,0.089700,0.045000,0.082900,0.005800,0.035104,0.011232,0.007936,0.010272,0.001248,1,4,48,0,1
654,0.250100,0.305600,0.028600,0.089900,0.045700,0.081000,0.004600,0.035552,0.011264,0.008320,0.010272,0.001344,1,4,48,0,1
655,0.251400,0.302900,0.029000,0.089900,0.046000,0.081500,0.004700,0.035328,0.013760,0.008064,0.010400,0.001312,1,4,48,0,1
656,0.259000,0.304500,0.028800,0.090800,0.046800,0.085000,0.007200,0.035296,0.013696,0.008128,0.010464,0.001248,1,4,48,0,1
657,0.255300,0.313000,0.028800,0.090100,0.045900,0.075300,0.014700,0.035840,0.011136,0.008128,0.010304,0.001344,1,4,48,0,1
658,0.254500,0.308300,0.028800,0.090500,0.045900,0.084500,0.004300,0.035392,0.013728,0.008128,0.010496,0.001312,1,4,48,0,1
659,0.252700,0.307500,0.028600,0.090500,0.045600,0.083800,0.003700,0.034976,0.011136,0.007968,0.010240,0.001248,1,4,48,0,1
660,0.251000,0.305800,0.028600,0.090200,0.045400,0.081100,0.005300,0.035200,0.011168,0.008064,0.010272,0.001280,1,4,48,0,1
661,0.252700,0.303800,0.029000,0.090000,0.045800,0.081900,0.005800,0.035104,0.011200,0.007968,0.010240,0.001344,1,4,48,0,1
662,0.470800,0.306100,0.028600,0.093300,0.190800,0.150700,0.006400,0.036288,0.011200,0.008352,0.010336,0.001312,1,4,48,0,1
663,0.323500,0.541200,0.037600,0.121000,0.060200,0.097400,0.006700,0.035648,0.011200,0.008160,0.010304,0.001312,1,4,48,0,1
664,0.391400,0.390400,0.142200,0.108800,0.048700,0.087400,0.003700,0.035488,0.012256,0.008352,0.010400,0.001216,1,4,48,0,1
665,0.258500,0.445200,0.029100,0.092100,0.047100,0.084000,0.005900,0.035328,0.011232,0.008064,0.010304,0.001344,1,4,48,0,1
666,0.255300,0.311900,0.029200,0.091500,0.045900,0.084700,0.003700,0.035136,0.011168,0.008064,0.010240,0.001248,1,4,48,0,1
667,0.253600,0.308500,0.029300,0.090500,0.045900,0.083600,0.004000,0.035136,0.012320,0.007904,0.010400,0.001312,1,4,48,0,1
668,0.246400,0.307200,0.029000,0.090700,0.045100,0.076000,0.005200,0.035904,0.011232,0.008128,0.010304,0.001280,1,4,48,0,1
669,0.257200,0.299600,0.028600,0.089800,0.046100,0.086100,0.006000,0.037312,0.011232,0.008096,0.010432,0.001248,1,4,48,0,1
670,0.251800,0.310300,0.028600,0.090100,0.045600,0.083400,0.003700,0.035232,0.011200,0.008192,0.010240,0.001216,1,4,48,0,1
671,0.252100,0.304600,0.028700,0.089900,0.045400,0.084200,0.003600,0.035360,0.011200,0.008128,0.010304,0.001344,1,4,48,0,1
672,0.253000,0.305000,0.028600,0.090400,0.045600,0.084000,0.004000,0.035136,0.011200,0.008096,0.010240,0.001216,1,4,48,0,1
673,0.252500,0.305700,0.029500,0.090400,0.045100,0.082500,0.004600,0.035072,0.011200,0.007936,0.010240,0.001312,1,4,48,0,1
674,0.249000,0.305800,0.029200,0.089800,0.045600,0.078800,0.005300,0.035520,0.013696,0.008256,0.010496,0.001312,1,4,48,0,1
675,0.250900,0.302200,0.028700,0.095800,0.045300,0.075300,0.005100,0.035296,0.013696,0.008128,0.010432,0.001280,1,4,48,0,1
676,0.257700,0.303600,0.028700,0.096100,0.045600,0.081100,0.005900,0.037408,0.011200,0.008096,0.010528,0.001312,1,4,48,0,1
677,0.254200,0.310600,0.028600,0.089600,0.045300,0.084200,0.006100,0.035104,0.011168,0.008160,0.010144,0.001184,1,4,48,0,1
678,0.250200,0.307400,0.029500,0.089500,0.045500,0.080100,0.005300,0.035136,0.011200,0.008064,0.010272,0.001216,1,4,48,0,1
679,0.251200,0.303300,0.028900,0.089800,0.045900,0.075500,0.010700,0.037024,0.011296,0.008000,0.010400,0.001312,1,4,48,0,1
680,0.250000,0.304100,0.028400,0.089900,0.045700,0.081200,0.004500,0.035424,0.011200,0.008256,0.010272,0.001344,1,4,48,0,1
681,0.311000,0.302800,0.028600,0.149700,0.046000,0.080800,0.005500,0.035104,0.011168,0.008000,0.010272,0.001248,1,4,48,0,1
682,0.313500,0.364300,0.028800,0.090600,0.071400,0.116400,0.005700,0.035488,0.011232,0.007936,0.010272,0.001312,1,4,48,0,1
683,0.323100,0.383800,0.036600,0.127900,0.058700,0.095100,0.004400,0.035616,0.011136,0.008064,0.010272,0.001312,1,4,48,0,1
684,0.310000,0.390400,0.035900,0.112900,0.058300,0.098000,0.004300,0.035168,0.011168,0.008032,0.010272,0.001312,1,4,48,0,1
685,0.301000,0.375900,0.035900,0.111800,0.056700,0.091900,0.004200,0.035104,0.011168,0.008000,0.010208,0.001312,1,4,48,0,1
686,0.297700,0.366600,0.035700,0.110300,0.055600,0.091300,0.004400,0.035168,0.011200,0.007968,0.010336,0.001280,1,4,48,0,1
687,0.316200,0.363200,0.046900,0.110300,0.058000,0.096200,0.004200,0.035264,0.011232,0.008000,0.010240,0.001344,1,4,48,0,1
688,0.260600,0.381700,0.035800,0.090600,0.046400,0.077200,0.009900,0.036704,0.013728,0.008128,0.010240,0.001216,1,4,48,0,1
689,0.252900,0.313700,0.029000,0.090000,0.046200,0.083800,0.003600,0.037216,0.011168,0.008160,0.010400,0.001184,1,4,48,0,1
690,0.252800,0.305800,0.028900,0.091100,0.045800,0.082300,0.004200,0.035168,0.011200,0.008000,0.010272,0.001312,1,4,48,0,1
691,0.251300,0.305600,0.029100,0.089800,0.045700,0.075900,0.010500,0.035264,0.011200,0.008096,0.010240,0.001280,1,4,48,0,1
692,0.254900,0.304800,0.029200,0.089700,0.045200,0.075100,0.015300,0.035168,0.011232,0.008064,0.010336,0.001216,1,4,48,0,1
693,0.267100,0.307900,0.031200,0.097400,0.045900,0.076300,0.015900,0.035680,0.011200,0.008032,0.010240,0.001280,1,4,48,0,1
694,0.253900,0.320100,0.029100,0.089700,0.045800,0.084200,0.004500,0.035360,0.011232,0.008160,0.010240,0.001344,1,4,48,0,1
695,0.252900,0.306700,0.028600,0.089900,0.045800,0.076300,0.011900,0.035296,0.013728,0.008096,0.010432,0.001248,1,4,48,0,1
696,0.250500,0.306100,0.028900,0.089600,0.045800,0.081000,0.004800,0.035200,0.011264,0.008064,0.010272,0.001216,1,4,48,0,1
697,0.257800,0.303900,0.029100,0.090400,0.045600,0.085000,0.007300,0.035200,0.012192,0.008032,0.010400,0.001312,1,4,48,0,1
698,0.250800,0.311200,0.029000,0.090000,0.045300,0.081600,0.004500,0.035520,0.011232,0.008256,0.010272,0.001312,1,4,48,0,1
699,0.252900,0.303800,0.028800,0.090000,0.046100,0.084100,0.003600,0.037024,0.013760,0.007936,0.010336,0.001280,1,4,48,0,1
700,0.258800,0.311000,0.029000,0.090200,0.046400,0.079700,0.013200,0.035808,0.011200,0.008096,0.010208,0.001280,1,4,48,0,1
701,0.254700,0.311900,0.029300,0.090300,0.045800,0.076600,0.012200,0.037280,0.011232,0.007936,0.010464,0.001312,1,4,48,0,1
702,0.251200,0.308100,0.028700,0.090000,0.045600,0.081800,0.004600,0.037440,0.013760,0.008160,0.010240,0.001344,1,4,48,0,1
703,0.253800,0.304100,0.029200,0.090500,0.045800,0.076700,0.011100,0.037184,0.013696,0.007872,0.010368,0.001344,1,4,48,0,1
704,0.252300,0.306500,0.028700,0.089600,0.046200,0.083700,0.003800,0.035328,0.011232,0.008128,0.010208,0.001344,1,4,48,0,1
705,0.249500,0.305200,0.028600,0.089400,0.045500,0.080200,0.005400,0.035136,0.011264,0.007904,0.010304,0.001280,1,4,48,0,1
706,0.255400,0.302700,0.028600,0.095500,0.045100,0.081300,0.004500,0.037472,0.011264,0.008288,0.010400,0.001184,1,4,48,0,1
707,0.252000,0.308400,0.028500,0.089800,0.045500,0.081900,0.005800,0.035136,0.011200,0.008000,0.010272,0.001248,1,4,48,0,1
708,0.317900,0.304700,0.028900,0.100000,0.062200,0.117300,0.009300,0.037248,0.011168,0.008192,0.010240,0.001216,1,4,48,0,1
709,0.263600,0.372000,0.030200,0.103300,0.046500,0.077900,0.005300,0.035808,0.011200,0.008064,0.010336,0.001344,1,4,48,0,1
710,0.247700,0.317300,0.029100,0.090800,0.046100,0.076000,0.005300,0.035328,0.011168,0.008192,0.010272,0.001280,1,4,48,0,1
711,0.256900,0.301100,0.028900,0.090300,0.046500,0.077200,0.013600,0.035136,0.013632,0.008032,0.010368,0.001312,1,4,48,0,1
712,0.259800,0.310000,0.028700,0.090400,0.046600,0.085900,0.007700,0.035296,0.013760,0.008064,0.010400,0.001344,1,4,48,0,1
713,0.256200,0.313200,0.028900,0.089900,0.045600,0.076700,0.014700,0.035072,0.012224,0.007936,0.010368,0.001312,1,4,48,0,1
714,0.257200,0.309500,0.029400,0.090600,0.045900,0.085200,0.005600,0.035392,0.012224,0.008128,0.010432,0.001312,1,4,48,0,1
715,0.251700,0.309800,0.030000,0.089600,0.045500,0.081900,0.004400,0.035200,0.011200,0.008064,0.010240,0.001312,1,4,48,0,1
716,0.253700,0.304900,0.028700,0.089900,0.045700,0.085000,0.004100,0.037152,0.011168,0.008064,0.010496,0.001344,1,4,48,0,1
717,0.259900,0.306700,0.028600,0.089900,0.045300,0.088100,0.007400,0.035136,0.013728,0.007968,0.010432,0.001216,1,4,48,0,1
718,0.251200,0.313100,0.029100,0.089500,0.045500,0.081600,0.005200,0.035200,0.013696,0.008000,0.010464,0.001312,1,4,48,0,1
719,0.277300,0.304100,0.029600,0.095700,0.045500,0.099000,0.007000,0.035680,0.011104,0.007872,0.010272,0.001280,1,4,48,0,1
720,0.318900,0.346100,0.036800,0.118100,0.058800,0.098800,0.005900,0.035136,0.011168,0.008064,0.010240,0.001248,1,4,48,0,1
721,0.302300,0.385400,0.035600,0.112200,0.056700,0.092900,0.004400,0.034848,0.011136,0.007744,0.010272,0.001344,1,4,48,0,1
722,0.312300,0.368700,0.035600,0.111500,0.062400,0.097600,0.004700,0.035264,0.011200,0.008096,0.010304,0.001280,1,4,48,0,1
723,0.254400,0.367700,0.029000,0.090700,0.046200,0.084300,0.003600,0.035200,0.011200,0.008000,0.010304,0.001312,1,4,48,0,1
724,0.255100,0.307700,0.028700,0.090100,0.046100,0.085500,0.004200,0.037280,0.011200,0.008224,0.010368,0.001216,1,4,48,0,1
725,0.251800,0.308500,0.028600,0.090600,0.045600,0.083000,0.003700,0.035040,0.011264,0.007872,0.010304,0.001248,1,4,48,0,1
726,0.257000,0.305100,0.028900,0.090100,0.045700,0.076600,0.015400,0.035456,0.011232,0.008224,0.010272,0.001344,1,4,48,0,1
727,0.254000,0.315100,0.028900,0.090600,0.046300,0.084000,0.003700,0.036896,0.013632,0.007904,0.010336,0.001344,1,4,48,0,1
728,0.251700,0.307100,0.029000,0.090600,0.046300,0.081200,0.004200,0.035520,0.011264,0.008288,0.010240,0.001344,1,4,48,0,1
729,0.251200,0.305100,0.028500,0.089900,0.045500,0.081600,0.005300,0.035040,0.011200,0.007904,0.010240,0.001280,1,4,48,0,1
730,0.258300,0.304500,0.028700,0.102500,0.045500,0.076100,0.005100,0.037184,0.011296,0.008128,0.010464,0.001280,1,4,48,0,1
731,0.257700,0.311600,0.028500,0.103100,0.045400,0.075100,0.005100,0.035616,0.010976,0.007872,0.010240,0.001280,1,4,48,0,1
732,0.253600,0.310700,0.029100,0.089700,0.045500,0.075600,0.013200,0.035360,0.011168,0.008160,0.010336,0.001312,1,4,48,0,1
733,0.251700,0.306600,0.028900,0.090300,0.046100,0.080200,0.005800,0.034880,0.011168,0.007936,0.010208,0.001216,1,4,48,0,1
734,0.256300,0.305300,0.028800,0.089800,0.045500,0.084800,0.007100,0.035296,0.011264,0.008128,0.010240,0.001312,1,4,48,0,1
735,0.252300,0.309300,0.028700,0.090000,0.046000,0.083800,0.003600,0.035040,0.011168,0.008000,0.010176,0.001312,1,4,48,0,1
736,0.256500,0.305300,0.028700,0.090400,0.045800,0.085200,0.006100,0.035424,0.011232,0.008192,0.010336,0.001248,1,4,48,0,1
737,0.251000,0.309300,0.028700,0.090000,0.045400,0.081100,0.005200,0.035104,0.011200,0.007968,0.010240,0.001312,1,4,48,0,1
738,0.252300,0.304300,0.028800,0.089700,0.045400,0.083800,0.004100,0.035328,0.011232,0.008256,0.010240,0.001248,1,4,48,0,1
739,0.252300,0.305100,0.028800,0.090000,0.045800,0.083200,0.004000,0.035072,0.012224,0.007808,0.010432,0.001312,1,4,48,0,1
740,0.244800,0.305300,0.029000,0.089600,0.045200,0.075500,0.005200,0.037408,0.013728,0.008064,0.010336,0.001344,1,4,48,0,1
741,0.274900,0.297800,0.029300,0.089500,0.045800,0.103000,0.006900,0.035872,0.011232,0.008128,0.010272,0.001248,1,4,48,0,1
742,0.321700,0.342300,0.040900,0.117600,0.058100,0.099000,0.005600,0.036064,0.011200,0.008128,0.010240,0.001280,1,4,48,0,1
743,0.302000,0.387800,0.036000,0.112200,0.056700,0.092400,0.004300,0.035104,0.013728,0.007776,0.010528,0.001312,1,4,48,0,1
744,0.308200,0.368100,0.035600,0.111800,0.058100,0.097600,0.004700,0.035328,0.011232,0.008160,0.010272,0.001280,1,4,48,0,1
745,0.259100,0.372200,0.028900,0.090600,0.046300,0.088500,0.004300,0.035168,0.011168,0.008000,0.010240,0.001312,1,4,48,0,1
746,0.257600,0.312200,0.028900,0.090400,0.046400,0.087300,0.004100,0.037312,0.011328,0.008192,0.010432,0.001344,1,4,48,0,1
747,0.254600,0.310800,0.028600,0.090300,0.046400,0.084200,0.004800,0.037056,0.011168,0.007872,0.010432,0.001216,1,4,48,0,1
748,0.253100,0.307900,0.028900,0.090300,0.046400,0.081700,0.005300,0.035264,0.011168,0.008128,0.010240,0.001344,1,4,48,0,1
749,0.246900,0.306200,0.028700,0.090200,0.045600,0.076900,0.005200,0.035392,0.011232,0.008064,0.010400,0.001344,1,4,48,0,1
750,0.289900,0.299800,0.028800,0.094300,0.019200,0.145600,0.001600,0.035456,0.013760,0.008224,0.010432,0.001280,1,4,48,0,1
751,0.293800,0.342900,0.029100,0.121200,0.048600,0.080300,0.014300,0.035904,0.010912,0.008000,0.010272,0.001312,1,4,48,0,1
752,0.256400,0.346900,0.029500,0.091100,0.046800,0.077000,0.011800,0.035296,0.011232,0.008192,0.010240,0.001280,1,4,48,0,1
753,0.255800,0.309300,0.028800,0.091500,0.046000,0.085300,0.003800,0.035296,0.011264,0.008096,0.010272,0.001312,1,4,48,0,1
754,0.256800,0.308700,0.029000,0.090100,0.046000,0.085100,0.006200,0.035200,0.011168,0.008064,0.010304,0.001312,1,4,48,0,1
755,0.252700,0.309800,0.028800,0.090100,0.045500,0.084200,0.003700,0.035328,0.011264,0.008224,0.010240,0.001280,1,4,48,0,1
756,0.374800,0.305900,0.028900,0.178200,0.064900,0.097100,0.005200,0.035296,0.013632,0.008160,0.010400,0.001312,1,4,48,0,1
757,0.257500,0.428100,0.029000,0.092300,0.046600,0.085000,0.004200,0.035232,0.013696,0.008128,0.010368,0.001280,1,4,48,0,1
758,0.262600,0.310300,0.035400,0.091000,0.046300,0.083100,0.006400,0.035008,0.013728,0.007872,0.010400,0.001248,1,4,48,0,1
759,0.245700,0.315600,0.028700,0.090200,0.045700,0.076400,0.004400,0.035264,0.013824,0.008128,0.010272,0.001280,1,4,48,0,1
760,0.255200,0.299400,0.028600,0.090800,0.045800,0.075700,0.013900,0.037504,0.011264,0.008096,0.010464,0.001344,1,4,48,0,1
761,0.253200,0.308700,0.028800,0.090600,0.045900,0.081400,0.006000,0.035168,0.011168,0.008000,0.010336,0.001280,1,4,48,0,1
762,0.260000,0.306200,0.028700,0.090300,0.051300,0.076800,0.012500,0.037504,0.011264,0.008160,0.010464,0.001280,1,4,48,0,1
763,0.256800,0.312900,0.029000,0.090400,0.047000,0.075100,0.014900,0.035072,0.013696,0.007904,0.010432,0.001248,1,4,48,0,1
764,0.253900,0.310000,0.028900,0.089400,0.046500,0.076100,0.012500,0.035200,0.011200,0.007904,0.010368,0.001312,1,4,48,0,1
765,0.249100,0.307200,0.030400,0.091600,0.044100,0.077400,0.005200,0.034944,0.011136,0.007968,0.010208,0.001312,1,4,48,0,1
766,0.289700,0.302100,0.029100,0.089900,0.045500,0.118000,0.006500,0.035200,0.013696,0.007936,0.010528,0.001312,1,4,48,0,1
767,0.383700,0.359900,0.037300,0.121700,0.059200,0.156600,0.008500,0.035392,0.013632,0.008192,0.010432,0.001344,1,4,48,0,1
768,0.475400,0.451900,0.036100,0.233600,0.085900,0.111300,0.007900,0.035328,0.013696,0.008032,0.010496,0.001248,1,4,48,0,1
769,0.321200,0.546200,0.036900,0.120300,0.058300,0.099100,0.005900,0.037344,0.011200,0.008064,0.010400,0.001344,1,4,48,0,1
770,0.315900,0.388700,0.036100,0.115000,0.059300,0.100200,0.004700,0.035456,0.013824,0.008096,0.010464,0.001312,1,4,48,0,1
771,0.295500,0.382600,0.035500,0.112700,0.057600,0.084500,0.004700,0.035328,0.011168,0.008160,0.010240,0.001344,1,4,48,0,1
772,0.258500,0.349600,0.028700,0.092000,0.047100,0.085000,0.005400,0.037184,0.013728,0.008000,0.010272,0.001280,1,4,48,0,1
773,0.298000,0.312200,0.028900,0.125300,0.048800,0.088700,0.006000,0.035136,0.013664,0.007936,0.010432,0.001344,1,4,48,0,1
774,0.274600,0.377400,0.029700,0.094500,0.047500,0.081700,0.020700,0.035456,0.011200,0.008192,0.010304,0.001312,1,4,48,0,1
775,0.263100,0.328400,0.034300,0.091400,0.046900,0.077300,0.012700,0.035072,0.013728,0.007968,0.010400,0.001312,1,4,48,0,1
776,0.248100,0.316500,0.028900,0.091900,0.046700,0.074800,0.005200,0.035200,0.011200,0.008000,0.010272,0.001312,1,4,48,0,1
777,0.259500,0.301600,0.028800,0.091700,0.046100,0.078600,0.013700,0.035264,0.012224,0.008000,0.010464,0.001344,1,4,48,0,1
778,0.269800,0.314100,0.028900,0.091800,0.046300,0.083300,0.019100,0.035328,0.012256,0.008128,0.010432,0.001312,1,4,48,0,1
779,0.250900,0.323400,0.029000,0.092700,0.047100,0.076300,0.005100,0.037088,0.011168,0.007904,0.010432,0.001280,1,4,48,0,1
780,0.255100,0.304700,0.028700,0.090700,0.046200,0.085100,0.004100,0.037376,0.011264,0.007936,0.010496,0.001312,1,4,48,0,1
781,0.255800,0.308200,0.028700,0.090100,0.046300,0.084900,0.005400,0.035424,0.011168,0.008288,0.010272,0.001312,1,4,48,0,1
782,0.260100,0.308600,0.036100,0.090400,0.045900,0.083800,0.003600,0.035392,0.012192,0.008160,0.010496,0.001312,1,4,48,0,1
783,0.254000,0.313300,0.028700,0.089800,0.049600,0.080500,0.005000,0.035104,0.011200,0.008032,0.010240,0.001280,1,4,48,0,1
784,0.251000,0.306900,0.028900,0.090000,0.045600,0.081600,0.004500,0.035328,0.011168,0.008128,0.010272,0.001344,1,4,48,0,1
785,0.256900,0.304300,0.035100,0.090700,0.046200,0.077300,0.007100,0.037056,0.011232,0.007840,0.010496,0.001248,1,4,48,0,1
786,0.253900,0.310600,0.029300,0.092900,0.045600,0.079800,0.005800,0.037472,0.011200,0.008192,0.010368,0.001248,1,4,48,0,1
787,0.276100,0.307600,0.029300,0.091800,0.047500,0.099400,0.007500,0.035584,0.011232,0.007872,0.010240,0.001344,1,4,48,0,1
788,0.249500,0.331100,0.029400,0.093000,0.046200,0.075300,0.005200,0.036128,0.011168,0.008192,0.010304,0.001312,1,4,48,0,1
789,0.245900,0.302700,0.029100,0.090300,0.045400,0.075600,0.005000,0.035040,0.013696,0.007936,0.010464,0.001184,1,4,48,0,1
790,0.252800,0.299200,0.029100,0.090400,0.045800,0.081600,0.005400,0.035360,0.012256,0.008096,0.010464,0.001312,1,4,48,0,1
791,0.253500,0.305700,0.028700,0.090400,0.045800,0.084500,0.003600,0.035296,0.012352,0.007936,0.010464,0.001376,1,4,48,0,1
792,0.256100,0.307000,0.028900,0.091100,0.046100,0.075500,0.014100,0.037216,0.013728,0.008256,0.010304,0.001280,1,4,48,0,1
793,0.250500,0.309200,0.028600,0.090700,0.051500,0.074300,0.005100,0.035744,0.011264,0.008064,0.010208,0.001376,1,4,48,0,1
794,0.255900,0.303400,0.028700,0.090100,0.045800,0.084600,0.006200,0.035232,0.011168,0.008096,0.010240,0.001344,1,4,48,0,1
795,0.261000,0.309000,0.028700,0.090800,0.046300,0.075300,0.019500,0.035072,0.011200,0.007808,0.010272,0.001376,1,4,48,0,1
796,0.245600,0.314300,0.029000,0.090700,0.045600,0.074700,0.005200,0.037280,0.011200,0.008256,0.010464,0.001344,1,4,48,0,1
797,0.261200,0.298800,0.028600,0.090600,0.046400,0.076400,0.018900,0.037088,0.011264,0.007904,0.010336,0.001280,1,4,48,0,1
798,0.244300,0.315000,0.029200,0.090600,0.045600,0.074600,0.003800,0.035936,0.011200,0.008352,0.010272,0.001248,1,4,48,0,1
799,0.253000,0.297400,0.028700,0.090100,0.046000,0.081400,0.006300,0.035328,0.013728,0.008160,0.010464,0.001184,1,4,48,0,1
800,0.313600,0.310900,0.029000,0.090600,0.046500,0.137900,0.009100,0.037472,0.011296,0.008192,0.010432,0.001248,1,4,48,0,1
801,0.275800,0.370500,0.030300,0.100700,0.049800,0.090300,0.004300,0.035232,0.013728,0.008096,0.010336,0.001312,1,4,48,0,1
802,0.327900,0.329900,0.029300,0.094500,0.047600,0.149400,0.006600,0.035840,0.011232,0.008288,0.010368,0.001184,1,4,48,0,1
803,0.257400,0.381500,0.029300,0.092800,0.046700,0.082600,0.005600,0.034976,0.011200,0.007808,0.010304,0.001280,1,4,48,0,1
804,0.449000,0.311000,0.028800,0.198300,0.061600,0.152500,0.007200,0.035840,0.011072,0.008160,0.010240,0.001312,1,4,48,0,1
805,0.491800,0.519000,0.135700,0.126300,0.060800,0.162400,0.005900,0.035104,0.013664,0.007872,0.010432,0.001344,1,4,48,0,1
806,0.279500,0.564500,0.031400,0.101700,0.050400,0.082700,0.012700,0.035136,0.011168,0.008032,0.010272,0.001344,1,4,48,0,1
807,0.454800,0.334200,0.029600,0.094500,0.047800,0.275100,0.007300,0.035200,0.011232,0.008032,0.010272,0.001280,1,4,48,0,1
808,0.267200,0.509700,0.030000,0.096900,0.047700,0.086400,0.005800,0.035424,0.011136,0.008256,0.010304,0.001344,1,4,48,0,1
809,0.283500,0.321400,0.029000,0.094600,0.047600,0.108000,0.003800,0.035424,0.011200,0.007936,0.010272,0.001216,1,4,48,0,1
810,0.253900,0.337600,0.029700,0.094400,0.046700,0.077600,0.005200,0.037440,0.011168,0.008192,0.010400,0.001312,1,4,48,0,1
811,0.257600,0.307500,0.029100,0.091200,0.046800,0.086400,0.003700,0.037248,0.011232,0.007968,0.010432,0.001344,1,4,48,0,1
812,0.257600,0.312000,0.028600,0.092900,0.047000,0.083500,0.005200,0.035328,0.011264,0.008128,0.010304,0.001184,1,4,48,0,1
813,0.256100,0.310700,0.029000,0.091100,0.046200,0.076900,0.012400,0.035296,0.013632,0.008160,0.010400,0.001312,1,4,48,0,1
814,0.253200,0.309400,0.028700,0.091000,0.045700,0.083900,0.003500,0.035040,0.011200,0.008064,0.010208,0.001280,1,4,48,0,1
815,0.254900,0.306500,0.029000,0.100400,0.045500,0.074700,0.004700,0.035200,0.013792,0.007968,0.010400,0.001248,1,4,48,0,1
816,0.248300,0.308000,0.029100,0.092400,0.046400,0.074700,0.005300,0.035264,0.013760,0.008032,0.010432,0.001280,1,4,48,0,1
817,0.246800,0.301200,0.029000,0.090700,0.045900,0.075600,0.005200,0.035744,0.011104,0.008000,0.010304,0.001280,1,4,48,0,1
818,0.283000,0.300000,0.054100,0.092100,0.046400,0.076500,0.013500,0.035424,0.013760,0.008224,0.010432,0.001248,1,4,48,0,1
819,0.255400,0.336200,0.028800,0.091100,0.046000,0.082800,0.006200,0.035168,0.011168,0.008128,0.010272,0.001248,1,4,48,0,1
820,0.258300,0.308200,0.028800,0.090900,0.045900,0.076000,0.016100,0.035392,0.013632,0.008224,0.010528,0.001344,1,4,48,0,1
821,0.255500,0.311700,0.028700,0.090600,0.046800,0.084300,0.004600,0.035136,0.010944,0.008032,0.010208,0.001280,1,4,48,0,1
822,0.248900,0.308700,0.029200,0.091500,0.046600,0.075900,0.005200,0.035744,0.011040,0.008032,0.010304,0.001312,1,4,48,0,1
823,0.245700,0.302400,0.028900,0.090400,0.045700,0.075100,0.005300,0.037088,0.011232,0.008064,0.010400,0.001312,1,4,48,0,1
824,0.254400,0.299000,0.028900,0.090400,0.045900,0.076200,0.012600,0.035392,0.011136,0.008256,0.010272,0.001344,1,4,48,0,1
825,0.247400,0.307400,0.028800,0.091600,0.045500,0.075900,0.005300,0.035104,0.013696,0.008000,0.010400,0.001216,1,4,48,0,1
826,0.245300,0.300100,0.028500,0.091300,0.045500,0.074500,0.005100,0.035360,0.011200,0.008160,0.010336,0.001312,1,4,48,0,1
827,0.261500,0.298200,0.030400,0.091400,0.045500,0.074900,0.018900,0.035168,0.011136,0.008192,0.010240,0.001184,1,4,48,0,1
828,0.252300,0.314300,0.029100,0.096100,0.045600,0.074900,0.006000,0.035424,0.011168,0.008256,0.010272,0.001344,1,4,48,0,1
829,0.257200,0.305800,0.028900,0.101600,0.045300,0.075800,0.005100,0.035104,0.011232,0.008000,0.010272,0.001248,1,4,48,0,1
830,0.250200,0.310700,0.028700,0.089300,0.045600,0.080300,0.005800,0.035200,0.011200,0.008096,0.010272,0.001248,1,4,48,0,1
831,0.261500,0.303000,0.028600,0.090200,0.050100,0.078000,0.014200,0.037216,0.011200,0.007936,0.010432,0.001344,1,4,48,0,1
832,0.246300,0.314700,0.028700,0.091100,0.045900,0.074500,0.005700,0.035840,0.011232,0.008128,0.010240,0.001280,1,4,48,0,1
833,0.254000,0.299500,0.029100,0.090500,0.045800,0.076300,0.012000,0.035776,0.010944,0.008032,0.010272,0.001216,1,4,48,0,1
834,0.247100,0.306800,0.028600,0.090300,0.045300,0.079200,0.003400,0.035232,0.012256,0.008128,0.010400,0.001248,1,4,48,0,1
835,0.254300,0.305600,0.028900,0.090200,0.045900,0.082700,0.006000,0.035168,0.013728,0.007936,0.010464,0.001280,1,4,48,0,1
836,0.245900,0.307600,0.028700,0.092100,0.045000,0.074500,0.005100,0.035648,0.011072,0.007840,0.010336,0.001280,1,4,48,0,1
837,0.253800,0.299100,0.028600,0.090000,0.045300,0.075400,0.014100,0.035200,0.011200,0.008096,0.010240,0.001312,1,4,48,0,1
838,0.244500,0.306800,0.028900,0.089800,0.045100,0.075000,0.005200,0.035424,0.011136,0.008352,0.010336,0.001216,1,4,48,0,1
839,0.253200,0.297700,0.029200,0.090100,0.045000,0.075600,0.013100,0.037472,0.011264,0.008096,0.010400,0.001344,1,4,48,0,1
840,0.254000,0.306700,0.028600,0.089600,0.045600,0.084400,0.005400,0.037376,0.011296,0.008128,0.010464,0.001248,1,4,48,0,1
841,0.252100,0.307100,0.028700,0.090700,0.050200,0.076700,0.005100,0.035104,0.011136,0.008032,0.010240,0.001312,1,4,48,0,1
842,0.260300,0.305200,0.028600,0.090800,0.046100,0.075900,0.018500,0.035232,0.013632,0.008096,0.010432,0.001312,1,4,48,0,1
843,0.260200,0.313600,0.029000,0.095700,0.045800,0.083700,0.005500,0.035136,0.011264,0.007936,0.010304,0.001280,1,4,48,0,1
844,0.245300,0.313100,0.028900,0.089800,0.045700,0.075500,0.005000,0.035264,0.011232,0.008096,0.010304,0.001280,1,4,48,0,1
845,0.251800,0.298500,0.028600,0.090300,0.045600,0.075200,0.011600,0.035232,0.011232,0.008096,0.010240,0.001280,1,4,48,0,1
846,0.246400,0.304800,0.028800,0.090200,0.046100,0.075700,0.005100,0.035264,0.013696,0.008224,0.010400,0.001184,1,4,48,0,1
847,0.256500,0.299500,0.028800,0.090300,0.045600,0.087800,0.003500,0.035168,0.011104,0.008160,0.010272,0.001248,1,4,48,0,1
848,0.260400,0.309600,0.034300,0.091000,0.045800,0.085300,0.003700,0.035392,0.011232,0.008224,0.010240,0.001280,1,4,48,0,1
849,0.259800,0.313100,0.028900,0.091100,0.045900,0.075500,0.018000,0.035232,0.011200,0.008032,0.010272,0.001344,1,4,48,0,1
850,0.252100,0.313200,0.028600,0.090400,0.046000,0.081500,0.005300,0.035456,0.011168,0.008256,0.010272,0.001344,1,4,48,0,1
851,0.321500,0.304800,0.028700,0.090300,0.049700,0.144200,0.008000,0.037280,0.011232,0.007936,0.010464,0.001280,1,4,48,0,1
852,0.258900,0.376300,0.029500,0.096500,0.047900,0.079600,0.005100,0.035232,0.013696,0.007904,0.010560,0.001312,1,4,48,0,1
853,0.261500,0.312300,0.031400,0.092900,0.046600,0.077300,0.012800,0.035264,0.013728,0.008064,0.010368,0.001344,1,4,48,0,1
854,0.249600,0.315200,0.028900,0.091200,0.046100,0.076600,0.006300,0.035200,0.011168,0.008064,0.010272,0.001312,1,4,48,0,1
855,0.255900,0.303300,0.029500,0.091100,0.049500,0.079100,0.006400,0.035264,0.011232,0.008032,0.010368,0.001344,1,4,48,0,1
856,0.272900,0.309700,0.029000,0.092200,0.046700,0.079000,0.025600,0.035680,0.011264,0.008256,0.010272,0.001216,1,4,48,0,1
857,0.302900,0.327400,0.029800,0.101800,0.048000,0.119100,0.003800,0.035104,0.013664,0.008000,0.010400,0.001248,1,4,48,0,1
858,0.250100,0.356300,0.029300,0.093400,0.046400,0.075500,0.005200,0.035776,0.011168,0.008128,0.010272,0.001344,1,4,48,0,1
859,0.254500,0.303100,0.029100,0.090600,0.046000,0.076400,0.011900,0.035328,0.013696,0.008128,0.010464,0.001280,1,4,48,0,1
860,0.253400,0.307600,0.028700,0.092300,0.045800,0.080700,0.005500,0.035296,0.011200,0.008064,0.010336,0.001280,1,4,48,0,1
861,0.250500,0.306800,0.028900,0.090700,0.045600,0.079700,0.005300,0.035424,0.011264,0.008160,0.010336,0.001280,1,4,48,0,1
862,0.295200,0.303900,0.031600,0.092500,0.021700,0.147400,0.001700,0.037472,0.011168,0.008192,0.010560,0.001216,1,4,48,0,1
863,0.299200,0.348900,0.029300,0.122700,0.051900,0.080600,0.014300,0.035232,0.012288,0.008032,0.010400,0.001280,1,4,48,0,1
864,0.303800,0.352100,0.029500,0.090800,0.046800,0.131000,0.005400,0.035104,0.011200,0.008032,0.010240,0.001216,1,4,48,0,1
865,0.304900,0.360700,0.031000,0.127500,0.049400,0.091300,0.005200,0.035040,0.011200,0.007936,0.010304,0.001216,1,4,48,0,1
866,0.258900,0.359700,0.029500,0.094800,0.047400,0.082100,0.004700,0.037376,0.011136,0.008192,0.010464,0.001280,1,4,48,0,1
867,0.252600,0.312800,0.029000,0.092300,0.046700,0.079600,0.004700,0.035264,0.012256,0.008032,0.010400,0.001344,1,4,48,0,1
868,0.297900,0.306700,0.029200,0.109700,0.057000,0.096800,0.004700,0.035072,0.011168,0.007968,0.010272,0.001280,1,4,48,0,1
869,0.300100,0.363900,0.035300,0.110100,0.056800,0.092900,0.004600,0.035264,0.012256,0.008096,0.010464,0.001216,1,4,48,0,1
870,0.263200,0.376100,0.030000,0.093700,0.047000,0.077600,0.014400,0.035776,0.011200,0.008160,0.010272,0.001280,1,4,48,0,1
871,0.252600,0.316900,0.029000,0.090800,0.046000,0.081600,0.004900,0.035232,0.011200,0.008096,0.010208,0.001344,1,4,48,0,1
872,0.250700,0.306100,0.028700,0.090500,0.045900,0.080400,0.004900,0.035168,0.011200,0.007968,0.010304,0.001280,1,4,48,0,1
873,0.251000,0.303500,0.028800,0.089900,0.045800,0.081300,0.004800,0.035072,0.011232,0.007968,0.010240,0.001280,1,4,48,0,1
874,0.252700,0.304100,0.028800,0.091500,0.045800,0.081400,0.004900,0.037248,0.011200,0.007968,0.010464,0.001312,1,4,48,0,1
875,0.260800,0.305500,0.028700,0.090600,0.052000,0.084700,0.004200,0.037248,0.011232,0.007936,0.010496,0.001248,1,4,48,0,1
876,0.250400,0.314100,0.028700,0.090400,0.045100,0.081300,0.004300,0.035296,0.011168,0.008192,0.010272,0.001312,1,4,48,0,1
877,0.254300,0.303300,0.029000,0.089800,0.045700,0.084500,0.004800,0.035104,0.011168,0.007904,0.010304,0.001344,1,4,48,0,1
878,0.254700,0.307100,0.028900,0.090200,0.046000,0.084600,0.004600,0.035296,0.011200,0.008064,0.010336,0.001312,1,4,48,0,1
879,0.270600,0.308100,0.029300,0.089700,0.045900,0.099700,0.005500,0.035104,0.011200,0.008032,0.010176,0.001280,1,4,48,0,1
880,0.270400,0.324600,0.029800,0.094200,0.046600,0.085400,0.014000,0.035680,0.010976,0.007968,0.010304,0.001280,1,4,48,0,1
881,0.303100,0.336500,0.035300,0.111000,0.056900,0.092800,0.006700,0.035296,0.013696,0.008192,0.010368,0.001344,1,4,48,0,1
882,0.307300,0.368700,0.035200,0.111700,0.056600,0.098200,0.005000,0.035168,0.011168,0.007968,0.010304,0.001312,1,4,48,0,1
883,0.286800,0.373100,0.036000,0.108900,0.046700,0.075900,0.018900,0.035232,0.013696,0.007968,0.010432,0.001344,1,4,48,0,1
884,0.259000,0.340000,0.028800,0.090400,0.046100,0.088700,0.004500,0.035072,0.011136,0.008000,0.010208,0.001312,1,4,48,0,1
885,0.254800,0.312300,0.028900,0.090400,0.045900,0.085100,0.004300,0.035456,0.012320,0.008256,0.010400,0.001280,1,4,48,0,1
886,0.256800,0.308200,0.028600,0.091600,0.046000,0.085400,0.004700,0.037376,0.011168,0.008160,0.010400,0.001344,1,4,48,0,1
887,0.252600,0.309900,0.029200,0.090500,0.045800,0.082100,0.004600,0.035168,0.012256,0.008064,0.010432,0.001248,1,4,48,0,1
888,0.247700,0.305700,0.028800,0.090700,0.045800,0.076800,0.005200,0.037408,0.011200,0.008256,0.010400,0.001248,1,4,48,0,1
889,0.259200,0.301500,0.029200,0.090800,0.046400,0.086200,0.006200,0.035200,0.011200,0.007968,0.010272,0.001376,1,4,48,0,1
890,0.246800,0.312500,0.028800,0.091400,0.045400,0.075600,0.005100,0.034880,0.011136,0.008032,0.010208,0.001248,1,4,48,0,1
891,0.313200,0.300100,0.028500,0.125400,0.060000,0.093500,0.005400,0.036160,0.010784,0.008192,0.010208,0.001216,1,4,48,0,1
892,0.261500,0.367300,0.029000,0.093500,0.047100,0.082800,0.008800,0.035232,0.011232,0.008096,0.010368,0.001216,1,4,48,0,1
893,0.304000,0.316800,0.035500,0.110400,0.056400,0.095100,0.005900,0.035200,0.011168,0.008032,0.010272,0.001280,1,4,48,0,1
894,0.297900,0.370000,0.035500,0.110000,0.055400,0.091600,0.004800,0.035488,0.012256,0.008224,0.010464,0.001280,1,4,48,0,1
895,0.294500,0.364300,0.035700,0.109600,0.055700,0.087600,0.005400,0.035328,0.012288,0.008032,0.010464,0.001312,1,4,48,0,1
896,0.260100,0.347500,0.028800,0.098800,0.046000,0.081200,0.004900,0.035200,0.011168,0.008128,0.010240,0.001248,1,4,48,0,1
897,0.252700,0.313800,0.028800,0.090500,0.046000,0.081700,0.005300,0.035040,0.012224,0.007936,0.010464,0.001280,1,4,48,0,1
898,0.416200,0.306200,0.033400,0.177100,0.073300,0.125100,0.006600,0.035904,0.010784,0.007936,0.010304,0.001376,1,4,48,0,1
899,0.382200,0.486300,0.037000,0.115500,0.058500,0.165100,0.005700,0.035232,0.013664,0.008096,0.010368,0.001312,1,4,48,0,1
900,0.350400,0.449300,0.036300,0.121200,0.056700,0.117500,0.018000,0.035264,0.012288,0.008160,0.010400,0.001216,1,4,48,0,1
901,0.267600,0.405800,0.029900,0.092700,0.047200,0.083300,0.014000,0.035040,0.012224,0.007872,0.010432,0.001280,1,4,48,0,1
902,0.336800,0.321900,0.029200,0.157800,0.049900,0.095700,0.003800,0.035104,0.013696,0.008032,0.010400,0.001280,1,4,48,0,1
903,0.277600,0.390900,0.029500,0.093800,0.047800,0.099600,0.006600,0.035680,0.011136,0.008128,0.010240,0.001344,1,4,48,0,1
904,0.269300,0.334500,0.030400,0.100100,0.049700,0.085000,0.003700,0.035072,0.011136,0.008000,0.010240,0.001312,1,4,48,0,1
905,0.264400,0.323600,0.029500,0.102000,0.047600,0.079500,0.005300,0.035168,0.011232,0.008096,0.010176,0.001248,1,4,48,0,1
906,0.259700,0.318200,0.028900,0.093800,0.046800,0.082900,0.006800,0.035264,0.011168,0.008288,0.010208,0.001248,1,4,48,0,1
907,0.256400,0.313300,0.029200,0.092100,0.047300,0.082600,0.005000,0.035392,0.011168,0.008256,0.010208,0.001344,1,4,48,0,1
908,0.249600,0.310000,0.029100,0.091800,0.046000,0.077300,0.005200,0.037184,0.011136,0.008128,0.010464,0.001344,1,4,48,0,1
909,0.260800,0.302900,0.028500,0.099100,0.045900,0.080000,0.006800,0.035104,0.011232,0.008032,0.010208,0.001248,1,4,48,0,1
910,0.246200,0.314000,0.028700,0.091200,0.045700,0.076100,0.004200,0.035168,0.013696,0.008064,0.010400,0.001216,1,4,48,0,1
911,0.270200,0.305800,0.034100,0.098600,0.047000,0.076800,0.013400,0.035136,0.011232,0.007904,0.010304,0.001312,1,4,48,0,1
912,0.249300,0.323500,0.028700,0.090900,0.046600,0.077600,0.005100,0.037408,0.011264,0.008128,0.010240,0.001280,1,4,48,0,1
913,0.265700,0.302500,0.029700,0.091700,0.047200,0.078400,0.018300,0.035584,0.011136,0.008128,0.010272,0.001312,1,4,48,0,1
914,0.269300,0.318800,0.029400,0.106200,0.051100,0.076900,0.005300,0.035200,0.011200,0.008064,0.010272,0.001280,1,4,48,0,1
915,0.261000,0.322900,0.030100,0.091200,0.045500,0.086500,0.007000,0.035072,0.011264,0.007840,0.010240,0.001312,1,4,48,0,1
916,0.260100,0.314600,0.028600,0.092400,0.046400,0.077300,0.015000,0.035488,0.011200,0.008256,0.010336,0.001184,1,4,48,0,1
917,0.340600,0.313700,0.028900,0.090500,0.019400,0.147200,0.054000,0.035360,0.013760,0.007968,0.010528,0.001312,1,4,48,0,1
918,0.349300,0.409600,0.037300,0.176100,0.048800,0.081000,0.005600,0.037344,0.011296,0.008064,0.010432,0.001280,1,4,48,0,1
919,0.266400,0.405500,0.031600,0.095900,0.047900,0.084500,0.006000,0.035200,0.011200,0.008064,0.010208,0.001344,1,4,48,0,1
920,0.259200,0.320600,0.029300,0.093700,0.047000,0.082300,0.006600,0.035232,0.011200,0.008128,0.010304,0.001248,1,4,48,0,1
921,0.260400,0.321500,0.029000,0.092400,0.046600,0.078400,0.013500,0.035072,0.013696,0.008000,0.010336,0.001312,1,4,48,0,1
922,0.263500,0.316600,0.029400,0.095000,0.045500,0.076300,0.017000,0.037152,0.011136,0.007968,0.010400,0.001376,1,4,48,0,1
923,0.265200,0.316900,0.028800,0.091700,0.048700,0.088500,0.007000,0.037024,0.011232,0.008064,0.010368,0.001248,1,4,48,0,1
924,0.277500,0.320300,0.029000,0.092400,0.046500,0.103300,0.005900,0.035264,0.013728,0.008064,0.010464,0.001280,1,4,48,0,1
925,0.362300,0.333500,0.030300,0.106300,0.060500,0.160200,0.004500,0.035104,0.011200,0.008032,0.010272,0.001216,1,4,48,0,1
926,0.364200,0.428800,0.035800,0.113400,0.056900,0.152700,0.004800,0.035232,0.013696,0.008096,0.010432,0.001216,1,4,48,0,1
927,0.272500,0.430100,0.040400,0.094100,0.048700,0.084000,0.004700,0.034816,0.011168,0.008064,0.010176,0.001216,1,4,48,0,1
928,0.248100,0.326100,0.029000,0.091400,0.046800,0.075800,0.004600,0.035264,0.011200,0.008192,0.010208,0.001248,1,4,48,0,1
929,0.251200,0.302000,0.031100,0.092100,0.046300,0.075600,0.005600,0.035296,0.012256,0.008064,0.010400,0.001344,1,4,48,0,1
930,0.252900,0.304600,0.028600,0.091000,0.046400,0.082700,0.003600,0.035392,0.013760,0.008192,0.010432,0.001280,1,4,48,0,1
931,0.254600,0.306200,0.033500,0.090400,0.045600,0.081200,0.003400,0.035104,0.011168,0.008000,0.010272,0.001312,1,4,48,0,1
932,0.263500,0.308400,0.028900,0.090200,0.052400,0.085000,0.006600,0.035264,0.011200,0.008064,0.010272,0.001312,1,4,48,0,1
933,0.254300,0.317100,0.029400,0.090800,0.046200,0.083900,0.003600,0.035264,0.011232,0.008032,0.010272,0.001312,1,4,48,0,1
934,0.246500,0.307800,0.028600,0.090300,0.046000,0.076100,0.005100,0.035808,0.011232,0.008256,0.010304,0.001312,1,4,48,0,1
935,0.254100,0.299500,0.028600,0.090900,0.046400,0.076200,0.011700,0.035296,0.013728,0.008064,0.010464,0.001248,1,4,48,0,1
936,0.254200,0.307100,0.028700,0.090000,0.045800,0.084000,0.005400,0.035424,0.011168,0.008256,0.010272,0.001344,1,4,48,0,1
937,0.252300,0.307600,0.029100,0.091300,0.046300,0.080500,0.004800,0.035104,0.011200,0.007968,0.010272,0.001280,1,4,48,0,1
938,0.253000,0.305400,0.029100,0.090000,0.045900,0.083100,0.004300,0.037536,0.011168,0.008320,0.010400,0.001312,1,4,48,0,1
939,0.255700,0.311200,0.029100,0.091200,0.046500,0.075800,0.012400,0.034976,0.011200,0.007904,0.010272,0.001248,1,4,48,0,1
940,0.252600,0.308800,0.030800,0.090100,0.046400,0.080900,0.003900,0.035232,0.011264,0.008064,0.010272,0.001248,1,4,48,0,1
941,0.261300,0.305800,0.028900,0.090600,0.046600,0.076300,0.018600,0.035360,0.013696,0.008096,0.010432,0.001312,1,4,48,0,1
942,0.257500,0.316000,0.029100,0.096300,0.046000,0.080600,0.005100,0.035488,0.011232,0.008096,0.010336,0.001216,1,4,48,0,1
943,0.267400,0.311300,0.029600,0.090700,0.050200,0.077100,0.019300,0.035136,0.010944,0.007904,0.010272,0.001312,1,4,48,0,1
944,0.328900,0.321000,0.028500,0.090400,0.046100,0.156100,0.007100,0.035328,0.011168,0.008128,0.010304,0.001344,1,4,48,0,1
945,0.329400,0.402000,0.037700,0.121800,0.061100,0.101600,0.006500,0.035520,0.011040,0.008000,0.010304,0.001312,1,4,48,0,1
946,0.310500,0.396500,0.036000,0.114700,0.058500,0.094700,0.006300,0.037344,0.011200,0.008128,0.010464,0.001312,1,4,48,0,1
947,0.306300,0.377200,0.035500,0.111700,0.057100,0.095900,0.005400,0.037440,0.011296,0.008160,0.010400,0.001248,1,4,48,0,1
948,0.303700,0.373100,0.036100,0.111200,0.056400,0.093300,0.006400,0.035328,0.013696,0.008096,0.010496,0.001280,1,4,48,0,1
949,0.323000,0.370400,0.035900,0.130400,0.049300,0.102800,0.004000,0.035776,0.011168,0.008032,0.010272,0.001376,1,4,48,0,1
950,0.271900,0.377600,0.029200,0.102900,0.047000,0.078200,0.014200,0.035584,0.012288,0.008384,0.010464,0.001248,1,4,48,0,1
951,0.248100,0.326000,0.029100,0.091300,0.045700,0.076400,0.005200,0.037248,0.011168,0.008000,0.010464,0.001344,1,4,48,0,1
952,0.261000,0.301400,0.028400,0.092300,0.046500,0.076500,0.016700,0.036992,0.011232,0.008224,0.010272,0.001312,1,4,48,0,1
953,0.258300,0.314200,0.028900,0.091600,0.045600,0.076600,0.015300,0.035840,0.011072,0.008160,0.010240,0.001280,1,4,48,0,1
954,0.270200,0.312000,0.029100,0.091200,0.046700,0.096200,0.006400,0.035328,0.011136,0.008256,0.010240,0.001280,1,4,48,0,1
955,0.253200,0.323700,0.029600,0.091300,0.046200,0.080500,0.005200,0.035232,0.011232,0.008096,0.010272,0.001248,1,4,48,0,1
956,0.258500,0.312500,0.028900,0.091200,0.045500,0.075200,0.017100,0.035136,0.011200,0.008096,0.010208,0.001248,1,4,48,0,1
957,0.254100,0.311800,0.028900,0.091000,0.046500,0.083400,0.003900,0.036768,0.011232,0.007936,0.010304,0.001216,1,4,48,0,1
958,0.258700,0.307200,0.031300,0.091200,0.047400,0.083400,0.005000,0.035136,0.011136,0.008128,0.010208,0.001280,1,4,48,0,1
959,0.256400,0.311900,0.028700,0.091000,0.045300,0.076600,0.014500,0.035040,0.011232,0.008000,0.010176,0.001216,1,4,48,0,1
960,0.357900,0.309300,0.028800,0.096900,0.045300,0.180600,0.005800,0.037504,0.011168,0.008256,0.010400,0.001344,1,4,48,0,1
961,0.257500,0.411100,0.030900,0.091600,0.046900,0.076000,0.011600,0.035424,0.013696,0.008096,0.010528,0.001312,1,4,48,0,1
962,0.246500,0.310600,0.028800,0.090500,0.045600,0.075900,0.005200,0.035136,0.013664,0.008096,0.010368,0.001216,1,4,48,0,1
963,0.264500,0.299500,0.040200,0.090200,0.045800,0.084000,0.003600,0.035232,0.012288,0.007968,0.010432,0.001376,1,4,48,0,1
964,0.252700,0.317800,0.029100,0.090300,0.045700,0.076400,0.010900,0.037376,0.011168,0.008096,0.010464,0.001312,1,4,48,0,1
965,0.254600,0.305700,0.028800,0.090200,0.045400,0.084000,0.005500,0.035104,0.011168,0.007968,0.010240,0.001312,1,4,48,0,1
966,0.258600,0.307600,0.029000,0.089600,0.051400,0.084200,0.003800,0.035328,0.011264,0.008096,0.010272,0.001248,1,4,48,0,1
967,0.253000,0.312000,0.028800,0.090100,0.045900,0.082900,0.004800,0.035360,0.013696,0.008096,0.010432,0.001312,1,4,48,0,1
968,0.249600,0.306300,0.028700,0.094800,0.045200,0.074800,0.005700,0.035872,0.011168,0.008160,0.010304,0.001248,1,4,48,0,1
969,0.260400,0.302500,0.029000,0.091800,0.047000,0.075000,0.017200,0.035168,0.011232,0.008000,0.010304,0.001216,1,4,48,0,1
970,0.273500,0.327500,0.029700,0.093600,0.046500,0.099500,0.003700,0.035168,0.013696,0.007968,0.010464,0.001280,1,4,48,0,1
971,0.255800,0.326600,0.029000,0.091200,0.046000,0.085300,0.004000,0.037312,0.011232,0.008000,0.010464,0.001248,1,4,48,0,1
972,0.258600,0.308500,0.028700,0.090700,0.045800,0.076300,0.016700,0.035200,0.013632,0.008064,0.010432,0.001312,1,4,48,0,1
973,0.252400,0.311600,0.028900,0.089900,0.045800,0.082000,0.005300,0.036992,0.011136,0.007808,0.010464,0.001280,1,4,48,0,1
974,0.256900,0.305700,0.029000,0.090200,0.045300,0.076300,0.015900,0.037120,0.011360,0.007968,0.010432,0.001280,1,4,48,0,1
975,0.253600,0.310200,0.028700,0.089700,0.045700,0.075800,0.013400,0.035968,0.011232,0.008160,0.010208,0.001344,1,4,48,0,1
976,0.259900,0.307100,0.028900,0.096600,0.045100,0.076200,0.012600,0.035520,0.011168,0.008320,0.010304,0.001312,1,4,48,0,1
977,0.253800,0.313200,0.028800,0.090000,0.045500,0.076000,0.013100,0.035168,0.011232,0.008000,0.010240,0.001248,1,4,48,0,1
978,0.245700,0.307200,0.029100,0.090400,0.045000,0.075300,0.005400,0.037376,0.013664,0.008288,0.010272,0.001216,1,4,48,0,1
979,0.243800,0.298900,0.028800,0.089600,0.045800,0.074000,0.005200,0.036544,0.013696,0.007968,0.010272,0.001216,1,4,48,0,1
980,0.252400,0.296700,0.028700,0.089700,0.045900,0.081000,0.006800,0.035040,0.011200,0.007968,0.010240,0.001248,1,4,48,0,1
981,0.253900,0.305300,0.028700,0.089900,0.045500,0.076700,0.012600,0.035104,0.013728,0.007904,0.010464,0.001248,1,4,48,0,1
982,0.256900,0.307400,0.028900,0.091500,0.046400,0.084500,0.005300,0.037376,0.013728,0.008128,0.010240,0.001344,1,4,48,0,1
983,0.253400,0.315600,0.029000,0.092200,0.046200,0.080700,0.004800,0.035104,0.011232,0.008000,0.010240,0.001280,1,4,48,0,1
984,0.250900,0.306800,0.029400,0.090600,0.046200,0.079400,0.004900,0.035232,0.011264,0.008032,0.010240,0.001312,1,4,48,0,1
985,0.256300,0.304200,0.029000,0.089700,0.045800,0.086500,0.004800,0.035264,0.012224,0.008128,0.010368,0.001312,1,4,48,0,1
986,0.249800,0.309400,0.028500,0.090100,0.046100,0.080200,0.004500,0.035328,0.011168,0.008128,0.010272,0.001344,1,4,48,0,1
987,0.250500,0.302900,0.028700,0.089900,0.045900,0.080000,0.005700,0.035168,0.011200,0.007936,0.010304,0.001280,1,4,48,0,1
988,0.258300,0.303800,0.029100,0.090500,0.046200,0.076200,0.015800,0.035360,0.011296,0.008032,0.010304,0.001312,1,4,48,0,1
989,0.251500,0.311300,0.028800,0.090500,0.050600,0.076100,0.005200,0.035104,0.013696,0.007904,0.010432,0.001344,1,4,48,0,1
990,0.262500,0.304500,0.028700,0.090000,0.045600,0.082300,0.015500,0.035328,0.011232,0.008128,0.010272,0.001312,1,4,48,0,1
991,0.447700,0.467600,0.057000,0.155200,0.062500,0.166100,0.006200,0.035392,0.013792,0.008096,0.010368,0.001376,1,4,48,0,1
992,0.346600,0.517800,0.035900,0.116300,0.058800,0.130900,0.004100,0.035488,0.013760,0.008288,0.010464,0.001248,1,4,48,0,1
993,0.273600,0.400400,0.029900,0.094100,0.048300,0.095700,0.005200,0.037056,0.013664,0.007936,0.010272,0.001280,1,4,48,0,1
994,0.270300,0.327500,0.029200,0.092400,0.045900,0.096800,0.005600,0.035360,0.012128,0.008192,0.010464,0.001280,1,4,48,0,1
995,0.276900,0.327400,0.030300,0.100100,0.050000,0.083000,0.012900,0.035392,0.013728,0.008096,0.010528,0.001248,1,4,48,0,1
996,0.259600,0.331500,0.029600,0.094100,0.047600,0.083500,0.004500,0.035264,0.011264,0.007968,0.010304,0.001344,1,4,48,0,1
997,0.252300,0.313600,0.028900,0.093300,0.047700,0.077200,0.004600,0.035872,0.011136,0.008128,0.010272,0.001344,1,4,48,0,1
998,0.260200,0.308100,0.029500,0.093300,0.046900,0.086400,0.003700,0.035264,0.011168,0.008160,0.010304,0.001248,1,4,48,0,1
999,0.301800,0.313600,0.029100,0.093600,0.046300,0.123000,0.009300,0.037248,0.011168,0.008000,0.010464,0.001312,1,4,48,0,1
1000,0.261900,0.355500,0.029100,0.099700,0.046400,0.081100,0.005300,0.035200,0.011232,0.008096,0.010176,0.001280,1,4,48,0,1
1001,0.263900,0.315600,0.029300,0.092700,0.046600,0.076700,0.017900,0.035040,0.011168,0.007968,0.010240,0.001248,1,4,48,0,1
1002,0.267200,0.317500,0.034800,0.092100,0.047100,0.083600,0.009200,0.036992,0.011168,0.008032,0.010496,0.001216,1,4,48,0,1
1003,0.261700,0.320500,0.029100,0.090700,0.046400,0.076800,0.018000,0.035040,0.011200,0.008000,0.010176,0.001248,1,4,48,0,1
1004,0.254300,0.314900,0.029000,0.090600,0.046600,0.081700,0.006000,0.035328,0.012288,0.008000,0.010528,0.001312,1,4,48,0,1
1005,0.252400,0.307500,0.029000,0.091700,0.045600,0.081000,0.004700,0.035232,0.011200,0.008064,0.010272,0.001344,1,4,48,0,1
1006,0.260900,0.305500,0.028900,0.090300,0.052600,0.077300,0.011300,0.036960,0.011232,0.008160,0.010240,0.001280,1,4,48,0,1
1007,0.256900,0.314100,0.028900,0.090600,0.046000,0.076800,0.014200,0.035200,0.011200,0.008128,0.010304,0.001216,1,4,48,0,1
1008,0.246300,0.310100,0.029300,0.090400,0.045700,0.075200,0.005300,0.035200,0.011168,0.008224,0.010176,0.001248,1,4,48,0,1
1009,0.323900,0.299700,0.029000,0.125800,0.051900,0.106800,0.009800,0.035616,0.011136,0.007904,0.010272,0.001280,1,4,48,0,1
1010,0.297000,0.393600,0.040600,0.125600,0.047200,0.077800,0.005400,0.035776,0.011168,0.008032,0.010240,0.001312,1,4,48,0,1
1011,0.249000,0.350600,0.029100,0.091100,0.046200,0.077100,0.005100,0.035680,0.011072,0.007936,0.010240,0.001376,1,4,48,0,1
1012,0.262200,0.302600,0.028800,0.091300,0.046700,0.083100,0.012000,0.035360,0.012256,0.008256,0.010400,0.001248,1,4,48,0,1
1013,0.258700,0.315800,0.028900,0.092700,0.046100,0.077200,0.013500,0.037408,0.011264,0.008224,0.010368,0.001312,1,4,48,0,1
1014,0.260200,0.311700,0.029200,0.092800,0.046400,0.076200,0.015200,0.035360,0.011168,0.008256,0.010272,0.001280,1,4,48,0,1
1015,0.252800,0.313600,0.028600,0.091300,0.046300,0.080500,0.005600,0.035232,0.012288,0.008032,0.010464,0.001216,1,4,48,0,1
1016,0.253600,0.306200,0.029000,0.090200,0.046000,0.076100,0.012000,0.037376,0.011232,0.008096,0.010464,0.001184,1,4,48,0,1
1017,0.296000,0.306500,0.028600,0.090200,0.046200,0.122500,0.008100,0.034944,0.011168,0.008000,0.010208,0.001184,1,4,48,0,1
1018,0.272800,0.353400,0.030700,0.098700,0.049500,0.087000,0.006300,0.035424,0.011232,0.008320,0.010240,0.001280,1,4,48,0,1
1019,0.257900,0.327000,0.029200,0.093700,0.047100,0.082900,0.004600,0.035104,0.011200,0.007904,0.010240,0.001344,1,4,48,0,1
1020,0.254700,0.311800,0.029300,0.093500,0.046500,0.080100,0.004900,0.035200,0.011232,0.008032,0.010240,0.001312,1,4,48,0,1
1021,0.252500,0.308400,0.029100,0.091200,0.046000,0.081200,0.004400,0.035296,0.011232,0.008160,0.010208,0.001344,1,4,48,0,1
1022,0.251600,0.305800,0.028700,0.091200,0.046300,0.080300,0.004700,0.035488,0.011232,0.008224,0.010272,0.001344,1,4,48,0,1
1023,0.259300,0.305400,0.029000,0.098400,0.046300,0.080300,0.004800,0.035008,0.011200,0.007968,0.010304,0.001344,1,4,48,0,1
1024,0.255600,0.312700,0.028700,0.090700,0.047100,0.084900,0.003800,0.035328,0.012224,0.008128,0.010464,0.001312,1,4,48,0,1
1025,0.250900,0.308700,0.028800,0.090100,0.046000,0.080700,0.004800,0.035136,0.012192,0.007968,0.010400,0.001312,1,4,48,0,1
1026,0.252600,0.303600,0.028900,0.089800,0.045600,0.082200,0.005600,0.035264,0.013728,0.007968,0.010432,0.001344,1,4,48,0,1
1027,0.251600,0.305800,0.028800,0.090000,0.045800,0.081200,0.005200,0.035232,0.011264,0.008032,0.010208,0.001344,1,4,48,0,1
1028,0.259200,0.304600,0.028700,0.091500,0.046000,0.075800,0.016800,0.035200,0.013728,0.008000,0.010432,0.001344,1,4,48,0,1
1029,0.260000,0.313100,0.028600,0.090900,0.045900,0.076000,0.018300,0.035424,0.013696,0.008224,0.010432,0.001312,1,4,48,0,1
1030,0.255600,0.313000,0.028900,0.090400,0.046200,0.082300,0.007300,0.035200,0.011168,0.008064,0.010240,0.001312,1,4,48,0,1
1031,0.255400,0.308900,0.028800,0.090000,0.046000,0.084400,0.005700,0.035136,0.012288,0.007968,0.010400,0.001280,1,4,48,0,1
1032,0.253200,0.320700,0.028600,0.089900,0.045800,0.076600,0.011700,0.037280,0.011296,0.008288,0.010400,0.001280,1,4,48,0,1
1033,0.250900,0.306300,0.028700,0.089900,0.046400,0.081600,0.004000,0.037280,0.011296,0.008032,0.010368,0.001312,1,4,48,0,1
1034,0.251800,0.303600,0.029000,0.089800,0.046200,0.082400,0.003900,0.035328,0.011232,0.008096,0.010304,0.001248,1,4,48,0,1
1035,0.255000,0.305000,0.028700,0.090600,0.046000,0.084500,0.004900,0.035168,0.012192,0.008064,0.010368,0.001312,1,4,48,0,1
1036,0.259500,0.308200,0.028700,0.096100,0.045700,0.083800,0.004800,0.035104,0.011200,0.008064,0.010208,0.001216,1,4,48,0,1
1037,0.251100,0.312700,0.028600,0.089600,0.045300,0.075800,0.011400,0.035168,0.011264,0.008000,0.010240,0.001216,1,4,48,0,1
1038,0.561300,0.304300,0.035100,0.289700,0.092500,0.134900,0.008300,0.035840,0.011232,0.008000,0.010272,0.001312,1,4,48,0,1
1039,0.890900,0.642200,0.037700,0.117100,0.058700,0.669800,0.007200,0.035040,0.011136,0.008064,0.010240,0.001248,1,4,48,0,1
1040,0.279300,0.945300,0.030000,0.100000,0.048400,0.080800,0.019700,0.040064,0.015072,0.008256,0.010656,0.001312,1,4,48,0,1
1041,0.268000,0.333700,0.029100,0.093700,0.047800,0.080300,0.016600,0.036928,0.011328,0.007808,0.010368,0.001216,1,4,48,0,1
1042,0.254600,0.322100,0.029400,0.092900,0.047400,0.079000,0.005400,0.035168,0.011232,0.007936,0.010304,0.001280,1,4,48,0,1
1043,0.269200,0.308700,0.029100,0.097700,0.047500,0.077000,0.017400,0.035648,0.010912,0.008064,0.010272,0.001216,1,4,48,0,1
1044,0.255700,0.322700,0.029000,0.092400,0.050300,0.078400,0.005100,0.035232,0.011200,0.008160,0.010272,0.001344,1,4,48,0,1
1045,0.267700,0.309100,0.029100,0.099200,0.047800,0.087400,0.003600,0.035136,0.013632,0.007936,0.010496,0.001280,1,4,48,0,1
1046,0.272000,0.321700,0.028900,0.092100,0.050400,0.089300,0.010900,0.035264,0.011232,0.008192,0.010240,0.001216,1,4,48,0,1
1047,0.255700,0.325400,0.028800,0.090400,0.046800,0.077400,0.011900,0.035392,0.013760,0.008128,0.010432,0.001280,1,4,48,0,1
1048,0.261600,0.308700,0.029300,0.090700,0.046600,0.087200,0.007300,0.036960,0.011200,0.008096,0.010336,0.001312,1,4,48,0,1
1049,0.255500,0.314500,0.028900,0.091000,0.046200,0.085500,0.003600,0.035232,0.013760,0.008064,0.010336,0.001312,1,4,48,0,1
1050,0.254100,0.308700,0.028600,0.090700,0.046100,0.076600,0.011700,0.037376,0.011232,0.008128,0.010464,0.001248,1,4,48,0,1
1051,0.273400,0.307400,0.028700,0.089400,0.051600,0.098300,0.005100,0.037056,0.011232,0.007936,0.010240,0.001344,1,4,48,0,1
1052,0.259700,0.326600,0.028900,0.090900,0.046000,0.077700,0.015600,0.037280,0.013696,0.008128,0.010272,0.001184,1,4,48,0,1
1053,0.247300,0.313300,0.029000,0.090800,0.046200,0.075700,0.005300,0.035648,0.011168,0.008000,0.010208,0.001248,1,4,48,0,1
1054,0.255900,0.300800,0.028500,0.090000,0.046400,0.082000,0.008600,0.035264,0.011200,0.008160,0.010272,0.001248,1,4,48,0,1
1055,0.250900,0.308900,0.028700,0.089500,0.045600,0.080500,0.006000,0.035232,0.013664,0.008032,0.010400,0.001344,1,4,48,0,1
1056,0.254400,0.304200,0.028800,0.089800,0.045700,0.075900,0.013800,0.035136,0.011200,0.008064,0.010272,0.001248,1,4,48,0,1
1057,0.257200,0.307000,0.028400,0.090200,0.051400,0.081400,0.005400,0.035200,0.011200,0.008064,0.010272,0.001280,1,4,48,0,1
1058,0.255700,0.310300,0.029200,0.091900,0.045800,0.075600,0.012800,0.035200,0.011200,0.008064,0.010240,0.001312,1,4,48,0,1
1059,0.247900,0.308600,0.029100,0.091200,0.045900,0.075900,0.005100,0.035680,0.011200,0.008000,0.010240,0.001344,1,4,48,0,1
1060,0.246500,0.301200,0.029500,0.089900,0.045700,0.075800,0.005200,0.035008,0.011168,0.008000,0.010208,0.001280,1,4,48,0,1
1061,0.268300,0.299900,0.028900,0.090500,0.046300,0.082300,0.020000,0.035104,0.013696,0.007936,0.010400,0.001312,1,4,48,0,1
1062,0.248300,0.322000,0.028800,0.091300,0.045600,0.076700,0.005300,0.035168,0.013728,0.008064,0.010368,0.001280,1,4,48,0,1
1063,0.250000,0.301200,0.029100,0.093100,0.046300,0.075800,0.005200,0.035776,0.011072,0.008064,0.010272,0.001216,1,4,48,0,1
1064,0.261100,0.308900,0.029400,0.091000,0.046100,0.075500,0.018700,0.035584,0.012288,0.008320,0.010432,0.001312,1,4,48,0,1
1065,0.204000,0.314500,0.028800,0.089800,0.021000,0.062800,0.001200,0.036992,0.011200,0.008000,0.010272,0.001280,1,4,48,0,1
1066,0.281600,0.256800,0.028000,0.136500,0.040300,0.075000,0.001300,0.035776,0.011104,0.007968,0.010304,0.001344,1,4,48,0,1
1067,0.289400,0.334900,0.028400,0.118500,0.049000,0.088800,0.004300,0.035232,0.013696,0.008000,0.010464,0.001376,1,4,48,0,1
1068,0.264500,0.342600,0.030000,0.093200,0.047600,0.078900,0.014400,0.035616,0.011232,0.007904,0.010304,0.001184,1,4,48,0,1
1069,0.257700,0.318000,0.029000,0.090900,0.047400,0.085800,0.004100,0.035072,0.011104,0.007968,0.010272,0.001312,1,4,48,0,1
1070,0.269400,0.310900,0.028800,0.091400,0.058300,0.076300,0.014200,0.036320,0.011104,0.008448,0.010400,0.001280,1,4,48,0,1
1071,0.247500,0.322600,0.028800,0.091500,0.046000,0.075500,0.005200,0.035232,0.013664,0.008096,0.010432,0.001248,1,4,48,0,1
1072,0.268500,0.301000,0.040400,0.100800,0.045700,0.075900,0.005200,0.035264,0.013760,0.008064,0.010368,0.001280,1,4,48,0,1
1073,0.248200,0.321700,0.029000,0.091800,0.046100,0.075900,0.005100,0.035104,0.011200,0.007968,0.010304,0.001280,1,4,48,0,1
1074,0.247700,0.301200,0.028900,0.091000,0.046100,0.076000,0.005100,0.035104,0.011200,0.007968,0.010304,0.001248,1,4,48,0,1
1075,0.255400,0.301200,0.029000,0.090900,0.046300,0.081300,0.007500,0.035168,0.011136,0.008192,0.010208,0.001184,1,4,48,0,1
1076,0.255800,0.308700,0.028900,0.090800,0.046500,0.076700,0.012500,0.036096,0.011232,0.008128,0.010240,0.001216,1,4,48,0,1
1077,0.253500,0.308700,0.028900,0.090100,0.045600,0.082200,0.006300,0.037312,0.011232,0.008000,0.010464,0.001344,1,4,48,0,1
1078,0.257100,0.306200,0.028900,0.090000,0.046100,0.086100,0.005600,0.035296,0.011296,0.008032,0.010272,0.001344,1,4,48,0,1
1079,0.253000,0.310100,0.028600,0.091000,0.045700,0.081200,0.006200,0.035168,0.011200,0.008032,0.010240,0.001280,1,4,48,0,1
1080,0.245500,0.306200,0.029000,0.090000,0.046000,0.075600,0.004700,0.035808,0.011232,0.008160,0.010304,0.001248,1,4,48,0,1
1081,0.257600,0.299000,0.029000,0.091500,0.046600,0.076600,0.013400,0.035616,0.011264,0.007840,0.010272,0.001312,1,4,48,0,1
1082,0.245500,0.310600,0.028500,0.091100,0.045700,0.074700,0.005100,0.035328,0.011232,0.008064,0.010304,0.001344,1,4,48,0,1
1083,0.267900,0.298600,0.029100,0.090800,0.049100,0.084600,0.013800,0.035456,0.011200,0.008032,0.010272,0.001312,1,4,48,0,1
1084,0.257000,0.326000,0.029000,0.091300,0.046700,0.085600,0.004100,0.035168,0.011200,0.008032,0.010272,0.001280,1,4,48,0,1
1085,0.257200,0.310100,0.028700,0.098600,0.045900,0.080200,0.003400,0.034976,0.011232,0.007904,0.010304,0.001216,1,4,48,0,1
1086,0.463400,0.354700,0.048700,0.274300,0.050600,0.083600,0.005600,0.035328,0.013760,0.008128,0.010368,0.001312,1,4,48,0,1
1087,0.262100,0.517400,0.029500,0.093800,0.047700,0.084500,0.006100,0.035232,0.013728,0.007968,0.010432,0.001344,1,4,48,0,1
1088,0.254400,0.316000,0.029200,0.091600,0.047100,0.081600,0.004500,0.035200,0.011808,0.008224,0.010336,0.001248,1,4,48,0,1
1089,0.257500,0.307600,0.029100,0.091400,0.046300,0.085300,0.005100,0.035264,0.012224,0.008096,0.010432,0.001248,1,4,48,0,1
1090,0.254000,0.310800,0.029100,0.090600,0.045500,0.076900,0.011300,0.035392,0.011232,0.008224,0.010240,0.001280,1,4,48,0,1
1091,0.263600,0.311200,0.028900,0.091000,0.046400,0.081800,0.015100,0.035648,0.011040,0.008032,0.010208,0.001312,1,4,48,0,1
1092,0.255400,0.316500,0.029000,0.094000,0.046100,0.079800,0.006200,0.035296,0.013792,0.008000,0.010464,0.001248,1,4,48,0,1
1093,0.277800,0.309100,0.029300,0.091000,0.046900,0.102200,0.008000,0.035680,0.011200,0.008096,0.010208,0.001216,1,4,48,0,1
1094,0.267500,0.331100,0.033000,0.089900,0.046500,0.093000,0.004600,0.035424,0.011264,0.008096,0.010336,0.001280,1,4,48,0,1
1095,0.271900,0.325100,0.029700,0.092300,0.060800,0.083700,0.005100,0.035168,0.011200,0.008096,0.010240,0.001216,1,4,48,0,1
1096,0.246900,0.325000,0.028700,0.090000,0.045700,0.076300,0.005800,0.035104,0.012352,0.008000,0.010208,0.001280,1,4,48,0,1
1097,0.260000,0.299900,0.028600,0.089900,0.045800,0.088300,0.007000,0.035040,0.011200,0.007936,0.010240,0.001216,1,4,48,0,1
1098,0.252700,0.313400,0.034500,0.092300,0.045600,0.074300,0.005600,0.035328,0.011168,0.008160,0.010304,0.001248,1,4,48,0,1
1099,0.246900,0.306000,0.029200,0.090300,0.045900,0.075900,0.005100,0.035136,0.011168,0.007968,0.010272,0.001280,1,4,48,0,1
1100,0.253800,0.300100,0.029100,0.090900,0.046300,0.081300,0.005700,0.035104,0.011200,0.007936,0.010240,0.001312,1,4,48,0,1
1101,0.253600,0.307200,0.029100,0.091500,0.045800,0.083100,0.003600,0.035232,0.011840,0.008128,0.010400,0.001248,1,4,48,0,1
1102,0.254400,0.307400,0.028600,0.090300,0.046100,0.075600,0.013400,0.035392,0.013696,0.008320,0.010336,0.001248,1,4,48,0,1
1103,0.247800,0.307800,0.029100,0.090900,0.046200,0.075300,0.005800,0.035392,0.011232,0.008224,0.010272,0.001248,1,4,48,0,1
1104,0.265600,0.301100,0.028900,0.090400,0.046100,0.082100,0.017700,0.035296,0.012352,0.008128,0.010304,0.001280,1,4,48,0,1
1105,0.261500,0.318900,0.028900,0.090300,0.045500,0.091000,0.005300,0.035232,0.013792,0.007968,0.010432,0.001280,1,4,48,0,1
1106,0.247400,0.314900,0.028800,0.090700,0.047600,0.074800,0.005100,0.035296,0.013728,0.008064,0.010400,0.001344,1,4,48,0,1
1107,0.255400,0.300600,0.028700,0.091100,0.046900,0.082700,0.005700,0.037216,0.011200,0.008000,0.010400,0.001280,1,4,48,0,1
1108,0.245500,0.308200,0.028800,0.091200,0.045700,0.074600,0.004900,0.035264,0.011136,0.008192,0.010272,0.001216,1,4,48,0,1
1109,0.258800,0.298600,0.028700,0.090400,0.045300,0.076300,0.017600,0.035360,0.011232,0.008160,0.010336,0.001216,1,4,48,0,1
1110,0.258400,0.312000,0.028600,0.090100,0.045800,0.086800,0.006800,0.035232,0.011936,0.008000,0.010400,0.001312,1,4,48,0,1
1111,0.252000,0.311400,0.034300,0.090700,0.045400,0.075800,0.005200,0.035744,0.011104,0.007968,0.010240,0.001312,1,4,48,0,1
1112,0.253400,0.304700,0.028900,0.090200,0.046100,0.076400,0.011200,0.037280,0.013696,0.008160,0.010240,0.001216,1,4,48,0,1
1113,0.246500,0.306500,0.029000,0.090200,0.045400,0.076200,0.005000,0.035136,0.011232,0.007936,0.010304,0.001280,1,4,48,0,1
1114,0.257900,0.299600,0.028900,0.089800,0.046000,0.076400,0.016400,0.035200,0.011200,0.008192,0.010272,0.001248,1,4,48,0,1
1115,0.329000,0.311000,0.028800,0.090700,0.045900,0.144200,0.019000,0.035104,0.011200,0.007904,0.010368,0.001216,1,4,48,0,1
1116,0.380700,0.399500,0.037300,0.121200,0.059600,0.155600,0.006400,0.035264,0.013760,0.008096,0.010432,0.001216,1,4,48,0,1
1117,0.275100,0.437500,0.029900,0.098200,0.048700,0.081900,0.015800,0.037376,0.011232,0.008032,0.010432,0.001344,1,4,48,0,1
1118,0.263800,0.329700,0.029800,0.094500,0.047900,0.085200,0.005900,0.035296,0.012256,0.008160,0.010432,0.001216,1,4,48,0,1
1119,0.301200,0.318300,0.029100,0.108700,0.058300,0.100300,0.004300,0.035808,0.011072,0.008000,0.010336,0.001216,1,4,48,0,1
1120,0.312900,0.367600,0.035200,0.111300,0.058700,0.094600,0.012800,0.035744,0.011232,0.008128,0.010272,0.001280,1,4,48,0,1
1121,0.335600,0.379200,0.035700,0.110900,0.056900,0.124800,0.006700,0.035584,0.011232,0.007968,0.010208,0.001248,1,4,48,0,1
1122,0.252400,0.389900,0.029500,0.093600,0.046600,0.077100,0.005300,0.035168,0.011232,0.008000,0.010208,0.001312,1,4,48,0,1
1123,0.248800,0.306400,0.029200,0.091400,0.045900,0.076900,0.005100,0.035200,0.011232,0.008096,0.010208,0.001280,1,4,48,0,1
1124,0.255600,0.302100,0.029100,0.092000,0.046200,0.075500,0.012500,0.035200,0.011200,0.008064,0.010304,0.001280,1,4,48,0,1
1125,0.247000,0.308900,0.028800,0.091100,0.045600,0.076100,0.005100,0.035264,0.011168,0.008032,0.010304,0.001312,1,4,48,0,1
1126,0.251600,0.300100,0.028800,0.089800,0.045900,0.075600,0.011100,0.035264,0.011168,0.008160,0.010272,0.001248,1,4,48,0,1
1127,0.254200,0.304600,0.028700,0.098100,0.045600,0.076100,0.005300,0.036096,0.010784,0.008064,0.010304,0.001280,1,4,48,0,1
1128,0.283700,0.307200,0.028800,0.090200,0.046100,0.112300,0.005800,0.035296,0.011232,0.008160,0.010208,0.001344,1,4,48,0,1
1129,0.259000,0.336900,0.029200,0.091800,0.045800,0.076400,0.015400,0.035200,0.013696,0.007936,0.010464,0.001312,1,4,48,0,1
1130,0.252200,0.312100,0.029100,0.090000,0.046200,0.082900,0.003700,0.035264,0.011232,0.008128,0.010240,0.001280,1,4,48,0,1
1131,0.246700,0.305600,0.028600,0.090700,0.046300,0.075500,0.005200,0.035296,0.011232,0.008128,0.010272,0.001312,1,4,48,0,1
1132,0.244800,0.299700,0.029000,0.090200,0.045900,0.074200,0.005300,0.037184,0.013696,0.008128,0.010208,0.001216,1,4,48,0,1
1133,0.255700,0.297700,0.028800,0.089900,0.045700,0.084900,0.006000,0.034976,0.011200,0.007872,0.010272,0.001216,1,4,48,0,1
1134,0.251700,0.308900,0.028700,0.090000,0.051400,0.076100,0.005000,0.035840,0.011200,0.008160,0.010176,0.001312,1,4,48,0,1
1135,0.330500,0.304800,0.028600,0.089900,0.045800,0.153100,0.011900,0.035872,0.011136,0.007968,0.010272,0.001280,1,4,48,0,1
1136,0.322600,0.406200,0.036600,0.119200,0.059000,0.102400,0.004800,0.035232,0.011232,0.008160,0.010176,0.001280,1,4,48,0,1
1137,0.312900,0.389400,0.036000,0.114000,0.057900,0.099700,0.004900,0.035072,0.011136,0.007968,0.010240,0.001280,1,4,48,0,1
1138,0.393500,0.378900,0.036000,0.126600,0.062000,0.160200,0.008100,0.035296,0.011168,0.008160,0.010272,0.001312,1,4,48,0,1
1139,0.323200,0.460200,0.035900,0.112500,0.056000,0.111800,0.006500,0.035232,0.013728,0.008064,0.010368,0.001280,1,4,48,0,1
1140,0.276200,0.377200,0.030000,0.095600,0.053200,0.079800,0.017200,0.035872,0.011232,0.008064,0.010304,0.001280,1,4,48,0,1
1141,0.254300,0.329600,0.029100,0.092300,0.050300,0.077100,0.005100,0.035200,0.013664,0.008000,0.010432,0.001344,1,4,48,0,1
1142,0.260700,0.307600,0.028800,0.091600,0.046400,0.077200,0.016200,0.035328,0.013664,0.008192,0.010464,0.001280,1,4,48,0,1
1143,0.246800,0.314000,0.028900,0.090400,0.046200,0.075600,0.005300,0.035648,0.011136,0.008000,0.010240,0.001184,1,4,48,0,1
1144,0.253500,0.300100,0.029000,0.097100,0.045700,0.076000,0.005100,0.035040,0.013600,0.007968,0.010464,0.001248,1,4,48,0,1
1145,0.252800,0.307300,0.028900,0.097100,0.045800,0.075400,0.005100,0.037088,0.011232,0.008032,0.010528,0.001312,1,4,48,0,1
1146,0.251600,0.305900,0.028600,0.089800,0.046100,0.082500,0.004300,0.037216,0.011168,0.008256,0.010432,0.001312,1,4,48,0,1
1147,0.251100,0.304400,0.028700,0.090800,0.045500,0.079900,0.005900,0.036064,0.011168,0.008096,0.010304,0.001312,1,4,48,0,1
1148,0.253200,0.304300,0.028800,0.090300,0.045900,0.077200,0.010500,0.037344,0.011264,0.008256,0.010496,0.001312,1,4,48,0,1
1149,0.249500,0.306400,0.028800,0.090100,0.050000,0.075600,0.004600,0.035968,0.010880,0.007968,0.010240,0.001280,1,4,48,0,1
1150,0.257500,0.303100,0.029200,0.091000,0.046600,0.076900,0.013500,0.035936,0.011040,0.008128,0.010208,0.001312,1,4,48,0,1
1151,0.259600,0.310700,0.029000,0.091900,0.045400,0.075500,0.017500,0.035104,0.011200,0.007968,0.010272,0.001280,1,4,48,0,1
1152,0.250700,0.318500,0.029400,0.091500,0.046000,0.078900,0.004700,0.037472,0.011232,0.008160,0.010400,0.001344,1,4,48,0,1
1153,0.254500,0.304300,0.028800,0.090300,0.046300,0.075600,0.013100,0.035712,0.011168,0.008000,0.010272,0.001280,1,4,48,0,1
1154,0.253100,0.307800,0.028800,0.090100,0.045600,0.075600,0.012600,0.035456,0.011200,0.008320,0.010240,0.001312,1,4,48,0,1
1155,0.253300,0.306200,0.028700,0.089600,0.046200,0.081800,0.006600,0.035232,0.012320,0.008000,0.010432,0.001312,1,4,48,0,1
1156,0.252000,0.306200,0.028700,0.089600,0.045400,0.084000,0.003800,0.035104,0.011168,0.007936,0.010304,0.001312,1,4,48,0,1
1157,0.250700,0.305100,0.028700,0.090500,0.045700,0.080400,0.005000,0.035200,0.011232,0.008032,0.010240,0.001312,1,4,48,0,1
1158,0.262800,0.303400,0.029200,0.090300,0.050800,0.075500,0.016500,0.037408,0.011328,0.008032,0.010400,0.001312,1,4,48,0,1
1159,0.245600,0.315800,0.028500,0.090700,0.045400,0.076600,0.004000,0.035552,0.011264,0.008064,0.010208,0.001312,1,4,48,0,1
1160,0.328700,0.301000,0.034200,0.135800,0.051900,0.099900,0.006100,0.035360,0.013696,0.008128,0.010496,0.001344,1,4,48,0,1
1161,0.382700,0.402600,0.042800,0.143900,0.063400,0.124300,0.007400,0.035328,0.013728,0.008032,0.010432,0.001344,1,4,48,0,1
1162,0.274900,0.456600,0.040800,0.094200,0.047700,0.077400,0.014300,0.037344,0.011232,0.008160,0.010400,0.001248,1,4,48,0,1
1163,0.253700,0.328100,0.029100,0.091300,0.046700,0.080200,0.005900,0.037248,0.011232,0.007936,0.010496,0.001312,1,4,48,0,1
1164,0.260600,0.306900,0.034700,0.092200,0.045600,0.075800,0.011800,0.035264,0.011232,0.008192,0.010272,0.001216,1,4,48,0,1
1165,0.250700,0.313500,0.028800,0.089900,0.046100,0.080700,0.004700,0.035104,0.011200,0.008000,0.010208,0.001280,1,4,48,0,1
1166,0.251300,0.303700,0.028900,0.090200,0.046000,0.082200,0.003700,0.035392,0.011200,0.008224,0.010240,0.001344,1,4,48,0,1
1167,0.251500,0.304100,0.028700,0.090400,0.045400,0.081600,0.005100,0.035200,0.011232,0.008096,0.010272,0.001216,1,4,48,0,1
1168,0.256700,0.304700,0.031600,0.090200,0.045800,0.076600,0.012300,0.035520,0.011232,0.008288,0.010272,0.001312,1,4,48,0,1
1169,0.252400,0.309800,0.029000,0.089500,0.045800,0.084300,0.003500,0.035104,0.011200,0.008032,0.010240,0.001248,1,4,48,0,1
1170,0.255200,0.305100,0.029000,0.089600,0.045600,0.085500,0.005000,0.036992,0.013696,0.007968,0.010240,0.001280,1,4,48,0,1
1171,0.252400,0.308300,0.029500,0.089600,0.045500,0.081800,0.005600,0.037248,0.011232,0.008032,0.010368,0.001280,1,4,48,0,1
1172,0.251600,0.311700,0.028900,0.090000,0.045400,0.083200,0.003800,0.037376,0.011264,0.008000,0.010464,0.001344,1,4,48,0,1
1173,0.253300,0.304700,0.028900,0.090100,0.045900,0.084300,0.003700,0.035360,0.012320,0.008096,0.010400,0.001344,1,4,48,0,1
1174,0.254100,0.306000,0.029600,0.090400,0.045800,0.076400,0.011300,0.035552,0.011200,0.007904,0.010272,0.001216,1,4,48,0,1
1175,0.253600,0.306600,0.028800,0.090300,0.046200,0.082800,0.005100,0.035136,0.011136,0.008064,0.010240,0.001248,1,4,48,0,1
1176,0.253600,0.306800,0.028600,0.090000,0.045600,0.083900,0.005100,0.035328,0.011200,0.008096,0.010272,0.001312,1,4,48,0,1
1177,0.249200,0.306500,0.029000,0.095600,0.044700,0.074300,0.005300,0.035392,0.012384,0.008096,0.010464,0.001280,1,4,48,0,1
1178,0.252600,0.302000,0.028700,0.089900,0.046100,0.075500,0.012000,0.035200,0.013728,0.008000,0.010464,0.001216,1,4,48,0,1
1179,0.254400,0.305700,0.028500,0.089700,0.045900,0.076500,0.013300,0.036800,0.011168,0.007872,0.010400,0.001280,1,4,48,0,1
1180,0.253200,0.307200,0.029200,0.090300,0.045500,0.075900,0.011900,0.037088,0.013728,0.008064,0.010368,0.001312,1,4,48,0,1
1181,0.251200,0.306100,0.028600,0.089900,0.045600,0.076200,0.010500,0.035264,0.011168,0.008032,0.010336,0.001312,1,4,48,0,1
1182,0.251300,0.304300,0.028800,0.089700,0.045500,0.075600,0.011300,0.035648,0.011264,0.008352,0.010336,0.001312,1,4,48,0,1
1183,0.288300,0.304100,0.028800,0.090100,0.046100,0.116800,0.006000,0.035136,0.011168,0.008032,0.010208,0.001344,1,4,48,0,1
1184,0.367100,0.358300,0.036600,0.157400,0.061400,0.105200,0.006100,0.035168,0.012128,0.008000,0.010400,0.001312,1,4,48,0,1
1185,0.309800,0.434700,0.035800,0.114900,0.058100,0.095700,0.004800,0.034944,0.011264,0.007904,0.010208,0.001184,1,4,48,0,1
1186,0.333500,0.375900,0.036200,0.111500,0.056500,0.123800,0.004900,0.035328,0.011232,0.008128,0.010304,0.001280,1,4,48,0,1
1187,0.267900,0.388100,0.029200,0.102400,0.046600,0.085600,0.003700,0.037280,0.013696,0.008064,0.010272,0.001344,1,4,48,0,1
1188,0.298300,0.321600,0.029300,0.127600,0.048400,0.088800,0.003900,0.035232,0.013728,0.008096,0.010400,0.001312,1,4,48,0,1
1189,0.257800,0.352800,0.029300,0.093300,0.046800,0.082700,0.005300,0.035136,0.011136,0.008064,0.010240,0.001312,1,4,48,0,1
1190,0.248500,0.311300,0.028600,0.091200,0.046300,0.076800,0.005300,0.035744,0.011168,0.008160,0.010272,0.001312,1,4,48,0,1
1191,0.255600,0.302400,0.028700,0.091500,0.046500,0.083200,0.005200,0.036928,0.011200,0.007968,0.010400,0.001376,1,4,48,0,1
1192,0.248200,0.308900,0.029200,0.091200,0.046100,0.076000,0.005200,0.035392,0.011232,0.008320,0.010272,0.001216,1,4,48,0,1
1193,0.264200,0.301200,0.029200,0.091400,0.046200,0.076500,0.020500,0.035040,0.013696,0.008000,0.010432,0.001184,1,4,48,0,1
1194,0.249200,0.317800,0.028900,0.091400,0.047000,0.076200,0.005200,0.037248,0.011264,0.007872,0.010496,0.001312,1,4,48,0,1
1195,0.273600,0.302800,0.028900,0.094400,0.046400,0.093900,0.009500,0.036576,0.011200,0.007872,0.010304,0.001312,1,4,48,0,1
1196,0.253000,0.328900,0.029400,0.092700,0.047600,0.078200,0.004700,0.035296,0.013696,0.008128,0.010432,0.001280,1,4,48,0,1
1197,0.262800,0.308000,0.036200,0.097800,0.047100,0.076100,0.005300,0.035328,0.013696,0.008128,0.010400,0.001344,1,4,48,0,1
1198,0.256200,0.316600,0.029500,0.091500,0.046100,0.085200,0.003600,0.035296,0.013728,0.008128,0.010400,0.001280,1,4,48,0,1
1199,0.255800,0.309400,0.028600,0.091500,0.046100,0.077300,0.011900,0.035232,0.012320,0.008000,0.010400,0.001280,1,4,48,0,1
1200,0.287100,0.311900,0.029000,0.096600,0.049000,0.105100,0.007100,0.035200,0.011168,0.008224,0.010240,0.001312,1,4,48,0,1
1201,0.298200,0.340500,0.029100,0.092400,0.046700,0.121700,0.007700,0.035360,0.013760,0.008224,0.010368,0.001248,1,4,48,0,1
1202,0.257900,0.351700,0.029300,0.091900,0.046500,0.076700,0.013100,0.035328,0.012352,0.008128,0.010240,0.001344,1,4,48,0,1
1203,0.258900,0.311100,0.028900,0.090200,0.046300,0.077400,0.015700,0.037184,0.013728,0.008096,0.010208,0.001216,1,4,48,0,1
1204,0.249700,0.311800,0.029100,0.091500,0.046600,0.076900,0.005300,0.037440,0.013760,0.008096,0.010336,0.001312,1,4,48,0,1
1205,0.247900,0.302700,0.029000,0.090900,0.046300,0.076100,0.005200,0.035232,0.013728,0.008000,0.010496,0.001248,1,4,48,0,1
1206,0.246600,0.301100,0.028800,0.090700,0.046200,0.075500,0.005000,0.035872,0.011136,0.008192,0.010240,0.001344,1,4,48,0,1
1207,0.264300,0.299800,0.029000,0.091000,0.051700,0.075800,0.016300,0.035872,0.010976,0.008192,0.010272,0.001216,1,4,48,0,1
1208,0.246700,0.318000,0.029100,0.090400,0.046000,0.075800,0.005000,0.035296,0.011200,0.008192,0.010208,0.001312,1,4,48,0,1
1209,0.245300,0.300200,0.028700,0.090200,0.046100,0.074900,0.004800,0.036256,0.010880,0.008096,0.010208,0.001280,1,4,48,0,1
1210,0.253500,0.298600,0.029300,0.090100,0.045700,0.084300,0.003800,0.035360,0.013696,0.008256,0.010400,0.001248,1,4,48,0,1
1211,0.245700,0.306500,0.028600,0.090800,0.045800,0.075900,0.004300,0.035936,0.011104,0.008128,0.010304,0.001248,1,4,48,0,1
1212,0.247800,0.298600,0.029200,0.090800,0.046200,0.075900,0.005200,0.035296,0.013664,0.008224,0.010400,0.001248,1,4,48,0,1
1213,0.257500,0.301400,0.029000,0.090300,0.046100,0.075400,0.016200,0.035808,0.011072,0.008000,0.010240,0.001312,1,4,48,0,1
1214,0.252000,0.310300,0.034200,0.090700,0.045700,0.076000,0.004900,0.035072,0.013632,0.007968,0.010496,0.001216,1,4,48,0,1
1215,0.249600,0.305500,0.029000,0.094900,0.044800,0.074700,0.005700,0.035584,0.011200,0.008064,0.010304,0.001344,1,4,48,0,1
1216,0.256600,0.302800,0.029300,0.090400,0.046400,0.075900,0.014100,0.035712,0.011232,0.008000,0.010240,0.001280,1,4,48,0,1
1217,0.292700,0.309600,0.038800,0.090300,0.046300,0.110700,0.006200,0.035328,0.013728,0.008064,0.010432,0.001312,1,4,48,0,1
1218,0.276200,0.346200,0.029400,0.090800,0.045900,0.093700,0.016000,0.037248,0.011168,0.007968,0.010432,0.001280,1,4,48,0,1
1219,0.258200,0.329100,0.029000,0.090300,0.046400,0.076900,0.015100,0.035136,0.013664,0.007904,0.010400,0.001376,1,4,48,0,1
1220,0.259500,0.311500,0.028600,0.090300,0.046000,0.075900,0.018200,0.035296,0.013760,0.008000,0.010432,0.001344,1,4,48,0,1
1221,0.244600,0.312800,0.029000,0.090200,0.045600,0.074900,0.004400,0.035168,0.011200,0.007936,0.010240,0.001312,1,4,48,0,1
1222,0.264200,0.297800,0.029100,0.091100,0.045800,0.080500,0.017100,0.037184,0.011328,0.008160,0.010432,0.001248,1,4,48,0,1
1223,0.266600,0.317100,0.028700,0.097600,0.045700,0.075300,0.018900,0.035136,0.013728,0.007872,0.010432,0.001312,1,4,48,0,1
1224,0.256900,0.319800,0.028800,0.090100,0.046500,0.074900,0.016100,0.037376,0.011168,0.008160,0.010400,0.001344,1,4,48,0,1
1225,0.256800,0.310100,0.028800,0.090300,0.045700,0.085200,0.006400,0.035072,0.011200,0.007872,0.010304,0.001312,1,4,48,0,1
1226,0.270500,0.310900,0.029000,0.089800,0.045700,0.097900,0.007800,0.035296,0.013664,0.008224,0.010400,0.001216,1,4,48,0,1
1227,0.247700,0.323600,0.029500,0.091400,0.045800,0.075200,0.005200,0.035296,0.011200,0.008128,0.010272,0.001280,1,4,48,0,1
1228,0.257400,0.300700,0.031000,0.090700,0.046200,0.074300,0.014700,0.035456,0.013664,0.008352,0.010432,0.001248,1,4,48,0,1
1229,0.255500,0.310500,0.028600,0.089900,0.045600,0.084700,0.006300,0.035168,0.011232,0.007968,0.010272,0.001344,1,4,48,0,1
1230,0.245800,0.308000,0.028700,0.089700,0.045800,0.076200,0.005200,0.035264,0.011232,0.008096,0.010272,0.001248,1,4,48,0,1
1231,0.255300,0.299100,0.028900,0.089800,0.046200,0.084600,0.005400,0.035168,0.011136,0.008032,0.010336,0.001248,1,4,48,0,1
1232,0.260600,0.308400,0.028700,0.089600,0.051700,0.085000,0.005100,0.035296,0.011264,0.008032,0.010240,0.001344,1,4,48,0,1
1233,0.253000,0.314000,0.029200,0.090100,0.046000,0.081700,0.005700,0.035072,0.011232,0.008000,0.010240,0.001312,1,4,48,0,1
1234,0.350600,0.306000,0.029100,0.089800,0.051600,0.169000,0.010100,0.036128,0.011168,0.008096,0.010304,0.001376,1,4,48,0,1
1235,0.256700,0.404800,0.029500,0.095700,0.048000,0.077800,0.005200,0.035744,0.011072,0.008000,0.010208,0.001280,1,4,48,0,1
1236,0.258800,0.310500,0.028900,0.092200,0.046900,0.083200,0.007300,0.035200,0.013728,0.008064,0.010400,0.001216,1,4,48,0,1
1237,0.258100,0.312200,0.029000,0.091100,0.046200,0.076900,0.014500,0.035680,0.011136,0.008064,0.010272,0.001248,1,4,48,0,1
1238,0.258500,0.311300,0.029100,0.091400,0.046200,0.085800,0.005800,0.035296,0.011200,0.008160,0.010272,0.001280,1,4,48,0,1
1239,0.254400,0.311600,0.028800,0.090800,0.045800,0.083000,0.005600,0.035136,0.011168,0.008000,0.010272,0.001344,1,4,48,0,1
1240,0.256900,0.308200,0.028700,0.096800,0.045500,0.080000,0.005500,0.035008,0.011200,0.007872,0.010240,0.001280,1,4,48,0,1
1241,0.255200,0.309900,0.028700,0.090400,0.045600,0.081800,0.008400,0.035040,0.011168,0.007872,0.010304,0.001280,1,4,48,0,1
1242,0.252600,0.308400,0.028900,0.090100,0.045600,0.076200,0.011500,0.037216,0.011264,0.008160,0.010432,0.001312,1,4,48,0,1
1243,0.254100,0.305700,0.028900,0.090000,0.045900,0.083000,0.005700,0.035008,0.011232,0.007872,0.010240,0.001280,1,4,48,0,1
1244,0.253400,0.307500,0.028700,0.090900,0.045800,0.083800,0.003500,0.035424,0.011232,0.008256,0.010272,0.001280,1,4,48,0,1
1245,0.253400,0.306600,0.029000,0.089800,0.045900,0.084300,0.004000,0.037344,0.013728,0.008096,0.010272,0.001312,1,4,48,0,1
1246,0.253300,0.306400,0.028700,0.089700,0.045800,0.082100,0.006400,0.035424,0.011136,0.008256,0.010272,0.001312,1,4,48,0,1
1247,0.257200,0.311100,0.029400,0.090700,0.046100,0.086900,0.003600,0.035296,0.012320,0.008064,0.010400,0.001312,1,4,48,0,1
1248,0.341500,0.310300,0.029200,0.112100,0.050400,0.142500,0.006900,0.036352,0.012224,0.008224,0.010400,0.001280,1,4,48,0,1
1249,0.317400,0.394500,0.029200,0.091000,0.046100,0.144300,0.006200,0.035680,0.011232,0.008064,0.010240,0.001344,1,4,48,0,1
1250,0.278400,0.374600,0.030500,0.099700,0.049600,0.080500,0.017700,0.035328,0.011232,0.008160,0.010272,0.001216,1,4,48,0,1
1251,0.266000,0.333200,0.030200,0.094000,0.047900,0.078500,0.015000,0.035008,0.011136,0.008000,0.010208,0.001280,1,4,48,0,1
1252,0.261700,0.319800,0.029000,0.092400,0.046400,0.086500,0.007000,0.034912,0.011232,0.007808,0.010272,0.001216,1,4,48,0,1
1253,0.262600,0.315500,0.029400,0.091600,0.046200,0.076300,0.018600,0.035168,0.011200,0.008128,0.010240,0.001184,1,4,48,0,1
1254,0.254000,0.316000,0.029500,0.092300,0.050100,0.076700,0.005000,0.035808,0.011104,0.008000,0.010272,0.001280,1,4,48,0,1
1255,0.261000,0.307400,0.028800,0.097900,0.046100,0.081800,0.006100,0.035040,0.011200,0.007936,0.010208,0.001344,1,4,48,0,1
1256,0.247500,0.314000,0.028800,0.090800,0.046000,0.075900,0.005400,0.036192,0.011136,0.008160,0.010368,0.001312,1,4,48,0,1
1257,0.252100,0.301000,0.028900,0.093600,0.046200,0.077400,0.005200,0.035808,0.011232,0.008128,0.010240,0.001312,1,4,48,0,1
1258,0.248900,0.306000,0.028800,0.090100,0.046900,0.077400,0.005400,0.035200,0.013728,0.008032,0.010368,0.001312,1,4,48,0,1
1259,0.250400,0.302200,0.029100,0.091800,0.046600,0.077400,0.005200,0.035360,0.011200,0.008032,0.010368,0.001248,1,4,48,0,1
1260,0.252800,0.303900,0.031900,0.091400,0.046900,0.077000,0.005100,0.035328,0.013664,0.008128,0.010432,0.001344,1,4,48,0,1
1261,0.271800,0.306100,0.030100,0.091600,0.046300,0.081600,0.021700,0.035168,0.013728,0.008032,0.010432,0.001216,1,4,48,0,1
1262,0.248500,0.325400,0.029400,0.090800,0.046100,0.076700,0.005100,0.035520,0.011200,0.008320,0.010304,0.001344,1,4,48,0,1
1263,0.261600,0.301500,0.028700,0.090900,0.046700,0.077000,0.017900,0.035200,0.011200,0.008160,0.010176,0.001248,1,4,48,0,1
1264,0.247900,0.314600,0.029100,0.090800,0.046100,0.076400,0.005200,0.035072,0.011104,0.008032,0.010208,0.001344,1,4,48,0,1
1265,0.258500,0.301500,0.029000,0.090500,0.046100,0.085800,0.006700,0.035104,0.011264,0.008000,0.010240,0.001248,1,4,48,0,1
1266,0.251400,0.311600,0.029500,0.090000,0.045800,0.080400,0.005300,0.035488,0.011168,0.008256,0.010304,0.001344,1,4,48,0,1
1267,0.250600,0.304400,0.029100,0.090300,0.046000,0.079800,0.005100,0.035168,0.011200,0.008128,0.010240,0.001248,1,4,48,0,1
1268,0.258000,0.303600,0.028900,0.097500,0.046500,0.079800,0.005000,0.035264,0.011200,0.008224,0.010272,0.001216,1,4,48,0,1
1269,0.254300,0.311300,0.030300,0.090400,0.046100,0.083500,0.003600,0.035072,0.012288,0.007840,0.010464,0.001312,1,4,48,0,1
1270,0.252400,0.307400,0.028900,0.089700,0.045600,0.084100,0.003700,0.035072,0.012320,0.008000,0.010304,0.001248,1,4,48,0,1
1271,0.268900,0.305100,0.028800,0.090000,0.054500,0.081600,0.013500,0.035232,0.011232,0.007968,0.010272,0.001312,1,4,48,0,1
1272,0.245200,0.321900,0.029200,0.090200,0.045500,0.074800,0.005000,0.037056,0.011168,0.008256,0.010272,0.001312,1,4,48,0,1
1273,0.365900,0.298500,0.029100,0.090300,0.020600,0.222300,0.003100,0.035552,0.011072,0.007936,0.010176,0.001312,1,4,48,0,1
1274,0.430700,0.436000,0.037700,0.162300,0.062200,0.162000,0.005900,0.035488,0.011232,0.008064,0.010208,0.001376,1,4,48,0,1
1275,0.361700,0.497900,0.036000,0.115900,0.057300,0.146400,0.005600,0.035776,0.011168,0.008064,0.010336,0.001248,1,4,48,0,1
1276,0.260800,0.415300,0.029100,0.093500,0.047000,0.085600,0.005100,0.035200,0.011200,0.008128,0.010240,0.001248,1,4,48,0,1
1277,0.254700,0.314200,0.028900,0.091400,0.046800,0.082300,0.004900,0.035072,0.011168,0.007936,0.010272,0.001312,1,4,48,0,1
1278,0.256500,0.308100,0.029200,0.093500,0.046400,0.082000,0.004900,0.035872,0.011168,0.008096,0.010336,0.001312,1,4,48,0,1
1279,0.245900,0.309800,0.028700,0.090300,0.045700,0.075600,0.005200,0.037120,0.013664,0.007840,0.010336,0.001344,1,4,48,0,1
1280,0.254000,0.301600,0.029200,0.090500,0.046400,0.076400,0.011000,0.036096,0.010784,0.008160,0.010272,0.001216,1,4,48,0,1
1281,0.256600,0.307400,0.028700,0.099900,0.045600,0.076900,0.005100,0.035264,0.013728,0.008064,0.010432,0.001280,1,4,48,0,1
1282,0.342000,0.310000,0.036600,0.149000,0.052000,0.087600,0.016500,0.035232,0.013664,0.008160,0.010400,0.001248,1,4,48,0,1
1283,0.258800,0.411400,0.031000,0.095300,0.047900,0.078700,0.005400,0.035296,0.011200,0.007808,0.010304,0.001344,1,4,48,0,1
1284,0.249200,0.312400,0.029000,0.091900,0.046800,0.076100,0.005000,0.035264,0.012320,0.008032,0.010432,0.001312,1,4,48,0,1
1285,0.261700,0.302400,0.029200,0.090600,0.046100,0.075900,0.019400,0.036768,0.013760,0.008032,0.010304,0.001216,1,4,48,0,1
1286,0.254700,0.315100,0.029200,0.090200,0.046400,0.084700,0.003700,0.035328,0.011264,0.008064,0.010240,0.001376,1,4,48,0,1
1287,0.263300,0.307700,0.028700,0.090600,0.052500,0.085900,0.005200,0.036864,0.011200,0.008000,0.010336,0.001216,1,4,48,0,1
1288,0.257600,0.316300,0.035500,0.090000,0.046300,0.080600,0.004700,0.035200,0.011168,0.008064,0.010272,0.001312,1,4,48,0,1
1289,0.249400,0.310500,0.028700,0.089900,0.045200,0.080400,0.004700,0.035328,0.011232,0.008192,0.010240,0.001248,1,4,48,0,1
1290,0.252900,0.302100,0.028800,0.090000,0.045900,0.082700,0.005100,0.035616,0.011200,0.008000,0.010272,0.001280,1,4,48,0,1
1291,0.263500,0.306100,0.029000,0.090600,0.046000,0.078100,0.019400,0.035552,0.011232,0.008000,0.010208,0.001280,1,4,48,0,1
1292,0.249000,0.316600,0.031200,0.091400,0.046100,0.074700,0.005200,0.035296,0.013760,0.008128,0.010432,0.001216,1,4,48,0,1
1293,0.257900,0.302000,0.028900,0.091600,0.046100,0.075700,0.014900,0.035136,0.011072,0.008160,0.010272,0.001184,1,4,48,0,1
1294,0.264000,0.317700,0.029300,0.092000,0.046200,0.081700,0.014300,0.037344,0.011200,0.008064,0.010464,0.001280,1,4,48,0,1
1295,0.249200,0.319900,0.029000,0.091700,0.047000,0.075500,0.005600,0.035584,0.011168,0.008064,0.010304,0.001344,1,4,48,0,1
1296,0.256400,0.302500,0.029000,0.091000,0.046200,0.076500,0.013300,0.037312,0.011232,0.008096,0.010432,0.001216,1,4,48,0,1
1297,0.257000,0.309600,0.033100,0.090300,0.045900,0.081700,0.005500,0.035136,0.011168,0.008096,0.010208,0.001248,1,4,48,0,1
1298,0.247400,0.310600,0.028900,0.091500,0.045800,0.075700,0.005100,0.035392,0.011200,0.008192,0.010240,0.001376,1,4,48,0,1
1299,0.251100,0.300200,0.028500,0.090000,0.045700,0.080100,0.006200,0.035360,0.011200,0.008160,0.010272,0.001344,1,4,48,0,1
1300,0.260700,0.304300,0.028900,0.090400,0.051100,0.084900,0.004900,0.035328,0.011200,0.008224,0.010272,0.001344,1,4,48,0,1
1301,0.256000,0.313700,0.028900,0.090500,0.046500,0.076900,0.012700,0.034912,0.011200,0.007840,0.010208,0.001344,1,4,48,0,1
1302,0.252700,0.309100,0.028700,0.090100,0.045800,0.075900,0.011600,0.036032,0.011200,0.008288,0.010272,0.001280,1,4,48,0,1
1303,0.258900,0.305600,0.028800,0.091000,0.045800,0.076900,0.016000,0.034880,0.011168,0.007744,0.010272,0.001280,1,4,48,0,1
1304,0.244500,0.312200,0.028700,0.089900,0.046100,0.074300,0.005100,0.035232,0.011232,0.008096,0.010272,0.001216,1,4,48,0,1
1305,0.247900,0.297800,0.028800,0.090400,0.046400,0.076500,0.005300,0.035264,0.012288,0.008128,0.010400,0.001216,1,4,48,0,1
1306,0.256600,0.301200,0.029100,0.090000,0.045700,0.085000,0.006400,0.035136,0.011200,0.007904,0.010272,0.001312,1,4,48,0,1
1307,0.254700,0.315200,0.028900,0.091200,0.045400,0.075700,0.013000,0.037152,0.013760,0.007872,0.010208,0.001344,1,4,48,0,1
1308,0.247000,0.307700,0.029200,0.090100,0.046300,0.076000,0.005100,0.035904,0.011168,0.008256,0.010272,0.001216,1,4,48,0,1
1309,0.282900,0.300500,0.028700,0.090500,0.045900,0.110700,0.006700,0.035104,0.013632,0.008032,0.010400,0.001248,1,4,48,0,1
1310,0.247600,0.336600,0.029100,0.091300,0.046300,0.075400,0.005200,0.035488,0.013728,0.008160,0.010528,0.001312,1,4,48,0,1
1311,0.246500,0.300900,0.028500,0.090500,0.045600,0.076100,0.005400,0.035680,0.011104,0.007840,0.010336,0.001216,1,4,48,0,1
1312,0.246100,0.300300,0.028700,0.090200,0.045700,0.076000,0.005100,0.035840,0.011296,0.008032,0.010272,0.001344,1,4,48,0,1
1313,0.254300,0.298800,0.028800,0.090000,0.046300,0.083400,0.005400,0.035232,0.012288,0.008128,0.010400,0.001184,1,4,48,0,1
1314,0.259600,0.307400,0.029000,0.090400,0.045800,0.076000,0.018000,0.035104,0.011168,0.008160,0.010176,0.001216,1,4,48,0,1
1315,0.388200,0.312500,0.029000,0.089400,0.052200,0.210800,0.006400,0.035200,0.011264,0.008032,0.010304,0.001216,1,4,48,0,1
1316,0.278200,0.445300,0.034000,0.100100,0.049300,0.087500,0.006600,0.035392,0.011200,0.008224,0.010272,0.001248,1,4,48,0,1
1317,0.265300,0.332600,0.029100,0.094100,0.047600,0.079400,0.014500,0.035104,0.011168,0.008032,0.010240,0.001248,1,4,48,0,1
1318,0.266100,0.319000,0.029200,0.093000,0.047100,0.077400,0.018900,0.035328,0.011136,0.008256,0.010272,0.001280,1,4,48,0,1
1319,0.250600,0.320000,0.028900,0.091700,0.046900,0.077600,0.005300,0.035072,0.011232,0.008000,0.010240,0.001216,1,4,48,0,1
1320,0.251200,0.304200,0.029000,0.092700,0.046300,0.077400,0.005300,0.035200,0.012320,0.008000,0.010464,0.001216,1,4,48,0,1
1321,0.300900,0.304600,0.028900,0.131400,0.050800,0.083700,0.005700,0.035232,0.011264,0.008000,0.010336,0.001248,1,4,48,0,1
1322,0.260400,0.358100,0.029800,0.096800,0.048300,0.079400,0.005700,0.035296,0.012160,0.008224,0.010400,0.001248,1,4,48,0,1
1323,0.270700,0.315300,0.032500,0.093600,0.047400,0.078700,0.018200,0.035296,0.013664,0.008128,0.010432,0.001312,1,4,48,0,1
1324,0.280700,0.324500,0.031000,0.104100,0.047000,0.077400,0.020600,0.035136,0.011168,0.007968,0.010304,0.001280,1,4,48,0,1
1325,0.256100,0.344700,0.029000,0.092600,0.046800,0.082100,0.005000,0.035040,0.011232,0.007904,0.010240,0.001280,1,4,48,0,1
1326,0.257300,0.309800,0.029000,0.091300,0.046600,0.084900,0.005100,0.035136,0.013728,0.008000,0.010400,0.001280,1,4,48,0,1
1327,0.253000,0.310700,0.028600,0.091800,0.046200,0.081100,0.004900,0.035072,0.011168,0.008064,0.010176,0.001248,1,4,48,0,1
1328,0.312500,0.306500,0.029400,0.091200,0.046300,0.076800,0.068600,0.035424,0.012256,0.008224,0.010496,0.001248,1,4,48,0,1
1329,0.437600,0.365700,0.028700,0.201100,0.065200,0.136100,0.005900,0.035904,0.011104,0.008128,0.010240,0.001312,1,4,48,0,1
1330,0.273600,0.493400,0.030200,0.097600,0.049700,0.079400,0.016400,0.035776,0.011104,0.008064,0.010336,0.001216,1,4,48,0,1
1331,0.263800,0.327500,0.029200,0.092500,0.047500,0.078000,0.016000,0.035872,0.011072,0.008192,0.010208,0.001280,1,4,48,0,1
1332,0.258600,0.317400,0.028900,0.091400,0.047100,0.077800,0.013200,0.035360,0.011168,0.008288,0.010208,0.001312,1,4,48,0,1
1333,0.262600,0.312000,0.029400,0.092600,0.047800,0.076400,0.016000,0.035264,0.013728,0.008032,0.010432,0.001344,1,4,48,0,1
1334,0.271400,0.316300,0.029000,0.092800,0.052900,0.078700,0.017500,0.035424,0.013760,0.008096,0.010432,0.001344,1,4,48,0,1
1335,0.274000,0.324500,0.028700,0.105800,0.046800,0.086100,0.005900,0.037216,0.011168,0.007968,0.010464,0.001280,1,4,48,0,1
1336,0.254500,0.327500,0.028700,0.090900,0.046200,0.084400,0.003900,0.035840,0.011136,0.008192,0.010304,0.001280,1,4,48,0,1
1337,0.249800,0.307700,0.029000,0.091500,0.046700,0.077100,0.005100,0.035136,0.013760,0.007968,0.010368,0.001312,1,4,48,0,1
1338,0.255900,0.303200,0.029100,0.090800,0.046400,0.076900,0.012000,0.035392,0.013728,0.008192,0.010400,0.001344,1,4,48,0,1
1339,0.258800,0.309100,0.029000,0.090800,0.046200,0.086700,0.005800,0.035264,0.013728,0.008032,0.010400,0.001312,1,4,48,0,1
1340,0.255000,0.312100,0.028800,0.092500,0.046600,0.081500,0.005100,0.035200,0.013728,0.007968,0.010464,0.001280,1,4,48,0,1
1341,0.253100,0.313500,0.028800,0.092200,0.046600,0.080300,0.004600,0.035040,0.011232,0.007968,0.010240,0.001248,1,4,48,0,1
1342,0.262100,0.306300,0.029200,0.091200,0.046300,0.091100,0.004000,0.035328,0.012128,0.008128,0.010432,0.001312,1,4,48,0,1
1343,0.261200,0.315600,0.029000,0.091500,0.046000,0.076400,0.017900,0.035168,0.013664,0.008128,0.010496,0.001248,1,4,48,0,1
1344,0.256400,0.314700,0.028900,0.090700,0.046000,0.075300,0.015000,0.035200,0.011200,0.008032,0.010336,0.001312,1,4,48,0,1
1345,0.256400,0.309300,0.028900,0.091100,0.046500,0.076600,0.012900,0.037440,0.011232,0.008000,0.010464,0.001344,1,4,48,0,1
1346,0.247500,0.309700,0.028700,0.091300,0.045900,0.076100,0.005100,0.035392,0.013728,0.008096,0.010464,0.001312,1,4,48,0,1
1347,0.268500,0.300700,0.029000,0.098300,0.045900,0.087900,0.006900,0.035936,0.010816,0.007968,0.010272,0.001216,1,4,48,0,1
1348,0.205900,0.321800,0.029100,0.091900,0.020400,0.063000,0.001100,0.035520,0.013760,0.008064,0.010528,0.001376,1,4,48,0,1
1349,0.289800,0.258600,0.027900,0.122900,0.048000,0.086600,0.004000,0.035808,0.011200,0.008032,0.010272,0.001280,1,4,48,0,1
1350,0.251600,0.343200,0.029100,0.091700,0.045800,0.079900,0.004700,0.035488,0.011200,0.008320,0.010240,0.001344,1,4,48,0,1
1351,0.248500,0.304600,0.029500,0.091500,0.045800,0.076100,0.005300,0.036160,0.011136,0.007808,0.010304,0.001344,1,4,48,0,1
1352,0.253800,0.301500,0.028600,0.090900,0.046100,0.084400,0.003600,0.036928,0.013728,0.008128,0.010304,0.001344,1,4,48,0,1
1353,0.253000,0.306800,0.029200,0.091300,0.045300,0.081500,0.005200,0.035904,0.011104,0.008096,0.010304,0.001344,1,4,48,0,1
1354,0.258300,0.311600,0.029100,0.091000,0.046500,0.076600,0.014600,0.035328,0.013632,0.008288,0.010400,0.001248,1,4,48,0,1
1355,0.256300,0.311600,0.028400,0.090700,0.046000,0.084500,0.006300,0.034880,0.011136,0.007808,0.010304,0.001216,1,4,48,0,1
1356,0.250600,0.309500,0.028700,0.090200,0.045500,0.082200,0.003700,0.037216,0.011264,0.008224,0.010400,0.001248,1,4,48,0,1
1357,0.248300,0.303700,0.029000,0.090100,0.045900,0.078600,0.004400,0.037184,0.011200,0.007904,0.010496,0.001248,1,4,48,0,1
1358,0.250200,0.301400,0.028900,0.089900,0.045100,0.082200,0.003600,0.035456,0.011232,0.008224,0.010368,0.001280,1,4,48,0,1
1359,0.246700,0.303200,0.028600,0.090000,0.045900,0.077400,0.004300,0.035008,0.012160,0.007936,0.010400,0.001216,1,4,48,0,1
1360,0.256700,0.299700,0.029100,0.090300,0.050300,0.081200,0.005500,0.035904,0.011136,0.008000,0.010272,0.001344,1,4,48,0,1
1361,0.250500,0.309600,0.028600,0.090100,0.046000,0.080100,0.005200,0.035328,0.012320,0.008032,0.010400,0.001312,1,4,48,0,1
1362,0.258900,0.303800,0.037800,0.089900,0.045700,0.081800,0.003400,0.035360,0.012320,0.008000,0.010464,0.001344,1,4,48,0,1
1363,0.256900,0.312100,0.028800,0.090300,0.045600,0.087000,0.004600,0.035008,0.013664,0.008000,0.010368,0.001216,1,4,48,0,1
1364,0.281500,0.312400,0.039100,0.095300,0.047500,0.094300,0.005100,0.035136,0.011200,0.007904,0.010336,0.001344,1,4,48,0,1
1365,0.374900,0.354400,0.043100,0.144100,0.064500,0.116100,0.006300,0.035168,0.013728,0.008000,0.010400,0.001216,1,4,48,0,1
1366,0.256400,0.428000,0.029200,0.092000,0.051600,0.077900,0.005200,0.035264,0.011168,0.008000,0.010336,0.001344,1,4,48,0,1
1367,0.255100,0.310100,0.028900,0.090300,0.046900,0.084800,0.003700,0.035168,0.012224,0.007904,0.010464,0.001312,1,4,48,0,1
1368,0.246200,0.308800,0.028800,0.090800,0.045800,0.075400,0.005100,0.035808,0.011200,0.008256,0.010272,0.001248,1,4,48,0,1
1369,0.245900,0.299200,0.028800,0.090100,0.045800,0.075700,0.005100,0.037312,0.011264,0.008000,0.010432,0.001312,1,4,48,0,1
1370,0.257500,0.299300,0.028900,0.089800,0.045600,0.076500,0.016400,0.037248,0.011200,0.008096,0.010432,0.001216,1,4,48,0,1
1371,0.244200,0.310400,0.028400,0.089800,0.045600,0.074700,0.005100,0.037056,0.011168,0.007840,0.010400,0.001312,1,4,48,0,1
1372,0.252000,0.297400,0.028700,0.089600,0.045700,0.083800,0.003600,0.035136,0.011168,0.008096,0.010208,0.001312,1,4,48,0,1
1373,0.254200,0.309800,0.029300,0.090600,0.046900,0.076100,0.010900,0.035296,0.013728,0.008096,0.010400,0.001312,1,4,48,0,1
1374,0.255600,0.307500,0.029100,0.090500,0.046300,0.084200,0.004900,0.035296,0.011168,0.008064,0.010336,0.001312,1,4,48,0,1
1375,0.254200,0.308600,0.028700,0.089800,0.046100,0.084100,0.005000,0.035264,0.011232,0.008032,0.010272,0.001344,1,4,48,0,1
1376,0.378000,0.307000,0.028700,0.099800,0.045400,0.197900,0.005600,0.035232,0.011200,0.008128,0.010208,0.001344,1,4,48,0,1
1377,0.283500,0.434900,0.030600,0.099600,0.049600,0.088200,0.015200,0.035552,0.011168,0.007872,0.010272,0.001344,1,4,48,0,1
1378,0.283200,0.341200,0.029900,0.096200,0.047900,0.102600,0.006200,0.036000,0.011168,0.008224,0.010272,0.001280,1,4,48,0,1
1379,0.319300,0.349400,0.036100,0.112600,0.057500,0.108100,0.004500,0.035168,0.011168,0.008096,0.010208,0.001280,1,4,48,0,1
1380,0.320000,0.385400,0.035800,0.112200,0.056200,0.110400,0.004800,0.035360,0.012288,0.008160,0.010432,0.001248,1,4,48,0,1
1381,0.297400,0.385900,0.035600,0.117800,0.048400,0.080300,0.014800,0.035520,0.011008,0.007936,0.010272,0.001312,1,4,48,0,1
1382,0.258500,0.351600,0.029000,0.092000,0.047300,0.085600,0.004200,0.035456,0.012384,0.008160,0.010368,0.001312,1,4,48,0,1
1383,0.255300,0.311700,0.029000,0.091400,0.046800,0.080100,0.007600,0.035136,0.011200,0.008000,0.010240,0.001312,1,4,48,0,1
1384,0.252100,0.308500,0.028800,0.090700,0.046400,0.079300,0.006400,0.035456,0.011168,0.008256,0.010336,0.001312,1,4,48,0,1
1385,0.247100,0.305000,0.029300,0.090200,0.046800,0.075300,0.005200,0.035392,0.011264,0.008064,0.010208,0.001312,1,4,48,0,1
1386,0.264900,0.300300,0.028600,0.091200,0.045900,0.089800,0.009000,0.035424,0.013664,0.008160,0.010528,0.001312,1,4,48,0,1
1387,0.254600,0.318200,0.028600,0.090900,0.046100,0.076800,0.011800,0.035296,0.012160,0.008064,0.010400,0.001312,1,4,48,0,1
1388,0.246200,0.307700,0.029200,0.091600,0.045100,0.074600,0.005300,0.035232,0.013728,0.008064,0.010432,0.001216,1,4,48,0,1
1389,0.246300,0.299000,0.029000,0.090300,0.046200,0.074500,0.005700,0.035776,0.011104,0.007936,0.010304,0.001344,1,4,48,0,1
1390,0.257100,0.299400,0.029000,0.089800,0.045800,0.076300,0.015800,0.035200,0.013632,0.008096,0.010400,0.001312,1,4,48,0,1
1391,0.253700,0.310100,0.028600,0.089800,0.046000,0.084400,0.004500,0.035264,0.011232,0.008064,0.010304,0.001280,1,4,48,0,1
1392,0.254500,0.307100,0.028700,0.090500,0.045600,0.076400,0.012800,0.037088,0.011264,0.008192,0.010432,0.001184,1,4,48,0,1
1393,0.259800,0.307700,0.028900,0.096200,0.046100,0.081700,0.006400,0.035424,0.011200,0.008128,0.010368,0.001312,1,4,48,0,1
1394,0.252100,0.312800,0.028600,0.090500,0.046000,0.081400,0.005300,0.035264,0.011200,0.008128,0.010272,0.001280,1,4,48,0,1
1395,0.254000,0.305300,0.028600,0.089600,0.045900,0.082900,0.006500,0.035008,0.011168,0.007872,0.010272,0.001344,1,4,48,0,1
1396,0.250400,0.307300,0.028500,0.089900,0.045800,0.081300,0.004600,0.035360,0.012288,0.008192,0.010432,0.001248,1,4,48,0,1
1397,0.258400,0.303500,0.028600,0.089600,0.049300,0.076100,0.014400,0.035488,0.011168,0.007936,0.010304,0.001216,1,4,48,0,1
1398,0.257700,0.312000,0.028800,0.090600,0.046000,0.076700,0.015200,0.036000,0.011200,0.008224,0.010208,0.001344,1,4,48,0,1
1399,0.256800,0.310700,0.028800,0.090300,0.045800,0.084900,0.006500,0.035936,0.011168,0.008128,0.010208,0.001312,1,4,48,0,1
1400,0.266900,0.310100,0.028600,0.091500,0.046100,0.085800,0.014600,0.035680,0.011200,0.008096,0.010272,0.001312,1,4,48,0,1
1401,0.260800,0.327400,0.031400,0.089700,0.045800,0.076200,0.017300,0.035136,0.011200,0.008064,0.010272,0.001216,1,4,48,0,1
1402,0.247200,0.313900,0.028700,0.090600,0.045700,0.075600,0.006100,0.035136,0.013696,0.008096,0.010432,0.001184,1,4,48,0,1
1403,0.254500,0.300500,0.028500,0.090100,0.046300,0.075600,0.013700,0.035424,0.013728,0.008128,0.010432,0.001376,1,4,48,0,1
1404,0.247400,0.307800,0.028900,0.089900,0.046100,0.075600,0.006500,0.035456,0.012320,0.008160,0.010432,0.001344,1,4,48,0,1
1405,0.240700,0.300500,0.040500,0.116900,0.018500,0.062200,0.002100,0.035584,0.011040,0.007968,0.010240,0.001248,1,4,48,0,1
1406,0.348800,0.295200,0.032200,0.129200,0.047900,0.130900,0.008100,0.035328,0.013696,0.008192,0.010400,0.001280,1,4,48,0,1
1407,0.263100,0.406300,0.029200,0.092800,0.047300,0.077300,0.016100,0.035200,0.011200,0.008000,0.010304,0.001344,1,4,48,0,1
1408,0.261400,0.316600,0.029400,0.104000,0.046100,0.076500,0.005200,0.035168,0.013664,0.008128,0.010368,0.001280,1,4,48,0,1
1409,0.257000,0.314800,0.029100,0.090700,0.046200,0.076700,0.013700,0.035264,0.011232,0.008160,0.010208,0.001312,1,4,48,0,1
1410,0.263000,0.310300,0.028900,0.094600,0.046100,0.085900,0.007100,0.035296,0.013664,0.008096,0.010432,0.001280,1,4,48,0,1
1411,0.320900,0.316400,0.028900,0.090100,0.046400,0.151500,0.003700,0.035200,0.013664,0.008096,0.010464,0.001216,1,4,48,0,1
1412,0.246000,0.374100,0.029000,0.090500,0.046500,0.074900,0.004800,0.035392,0.013760,0.008192,0.010432,0.001216,1,4,48,0,1
1413,0.247100,0.299500,0.029200,0.089900,0.045900,0.076500,0.005100,0.034848,0.011232,0.007840,0.010208,0.001280,1,4,48,0,1
1414,0.337500,0.300500,0.028900,0.089900,0.046200,0.163600,0.008500,0.035264,0.013728,0.008128,0.010400,0.001248,1,4,48,0,1
1415,0.268100,0.394800,0.030500,0.100000,0.049800,0.082400,0.004700,0.035616,0.011232,0.007872,0.010272,0.001312,1,4,48,0,1
1416,0.257800,0.324900,0.030200,0.095000,0.047900,0.079100,0.005100,0.035264,0.011168,0.008032,0.010336,0.001344,1,4,48,0,1
1417,0.264100,0.311900,0.029500,0.094800,0.047300,0.085600,0.006600,0.035136,0.011168,0.007936,0.010304,0.001280,1,4,48,0,1
1418,0.257700,0.317800,0.029200,0.091800,0.046400,0.086300,0.003500,0.035360,0.011232,0.008128,0.010272,0.001312,1,4,48,0,1
1419,0.256800,0.311000,0.029100,0.091800,0.047300,0.083100,0.005100,0.035232,0.011264,0.008128,0.010272,0.001312,1,4,48,0,1
1420,0.263400,0.309900,0.028900,0.100100,0.046400,0.082500,0.005100,0.034944,0.011200,0.007872,0.010240,0.001248,1,4,48,0,1
1421,0.281400,0.318400,0.029100,0.090700,0.046500,0.109900,0.004700,0.035200,0.011200,0.008000,0.010240,0.001312,1,4,48,0,1
1422,0.266000,0.334900,0.028900,0.091600,0.045800,0.092500,0.006600,0.035200,0.013696,0.008064,0.010432,0.001248,1,4,48,0,1
1423,0.259100,0.319200,0.028900,0.091300,0.046300,0.076700,0.015400,0.035456,0.011136,0.008128,0.010304,0.001216,1,4,48,0,1
1424,0.383800,0.312700,0.029000,0.095300,0.015500,0.233500,0.010000,0.035328,0.013760,0.008096,0.010400,0.001344,1,4,48,0,1
1425,0.473100,0.471400,0.053700,0.223900,0.073300,0.116000,0.005700,0.036160,0.010848,0.008064,0.010208,0.001216,1,4,48,0,1
1426,0.356000,0.553800,0.044400,0.133100,0.069600,0.103300,0.005000,0.035392,0.011136,0.008224,0.010304,0.001344,1,4,48,0,1
1427,0.343500,0.442300,0.046300,0.121500,0.065600,0.104900,0.004700,0.035168,0.011232,0.008064,0.010208,0.001280,1,4,48,0,1
1428,0.341600,0.414100,0.040500,0.153600,0.051000,0.088900,0.007000,0.035360,0.011200,0.008096,0.010272,0.001312,1,4,48,0,1
1429,0.281200,0.397100,0.034600,0.102800,0.047900,0.089800,0.005800,0.034976,0.011200,0.007936,0.010272,0.001216,1,4,48,0,1
1430,0.263700,0.335900,0.029300,0.093200,0.048500,0.083200,0.009000,0.035296,0.011232,0.008192,0.010272,0.001248,1,4,48,0,1
1431,0.267000,0.317900,0.029300,0.092900,0.048600,0.078700,0.017000,0.035648,0.010976,0.007968,0.010240,0.001312,1,4,48,0,1
1432,0.262500,0.321300,0.029000,0.092100,0.047100,0.089900,0.004000,0.035936,0.011104,0.008160,0.010304,0.001280,1,4,48,0,1
1433,0.268200,0.316500,0.029600,0.092600,0.046800,0.095100,0.003600,0.035168,0.011232,0.007968,0.010304,0.001344,1,4,48,0,1
1434,0.264100,0.321900,0.029600,0.091400,0.046300,0.077800,0.018700,0.035232,0.011232,0.008192,0.010304,0.001216,1,4,48,0,1
1435,0.259300,0.317900,0.029300,0.092700,0.047800,0.078200,0.010800,0.037344,0.011200,0.008032,0.010496,0.001312,1,4,48,0,1
1436,0.255300,0.316600,0.028800,0.091100,0.046200,0.077300,0.011300,0.035360,0.011200,0.008128,0.010368,0.001280,1,4,48,0,1
1437,0.251300,0.308300,0.028800,0.091100,0.046200,0.080000,0.004800,0.035072,0.011232,0.007968,0.010176,0.001280,1,4,48,0,1
1438,0.250600,0.305100,0.029300,0.090600,0.045400,0.080000,0.004900,0.037376,0.011232,0.008192,0.010464,0.001216,1,4,48,0,1
1439,0.255100,0.303400,0.029100,0.090700,0.046300,0.076300,0.012200,0.035072,0.011200,0.008000,0.010304,0.001216,1,4,48,0,1
1440,0.263600,0.308600,0.034200,0.090700,0.047600,0.078100,0.012500,0.036672,0.011168,0.008288,0.010240,0.001280,1,4,48,0,1
1441,0.255500,0.317100,0.029100,0.091400,0.045400,0.076400,0.012800,0.035168,0.011264,0.007936,0.010304,0.001344,1,4,48,0,1
1442,0.257800,0.308300,0.029200,0.090400,0.045800,0.084900,0.007000,0.035392,0.013728,0.008192,0.010368,0.001344,1,4,48,0,1
1443,0.253400,0.311200,0.029000,0.090300,0.045700,0.084300,0.003600,0.037344,0.011200,0.008000,0.010560,0.001280,1,4,48,0,1
1444,0.251400,0.306400,0.029100,0.090000,0.045800,0.081600,0.004500,0.035264,0.011200,0.008224,0.010208,0.001280,1,4,48,0,1
1445,0.252400,0.304400,0.028700,0.089700,0.045400,0.083400,0.004600,0.035424,0.011360,0.008064,0.010304,0.001312,1,4,48,0,1
1446,0.258400,0.305600,0.028500,0.089700,0.052000,0.077500,0.010200,0.035040,0.011168,0.008096,0.010240,0.001312,1,4,48,0,1
1447,0.254500,0.311600,0.028700,0.090000,0.045700,0.076400,0.013400,0.035680,0.011200,0.007872,0.010304,0.001280,1,4,48,0,1
1448,0.256500,0.307800,0.028900,0.090000,0.045800,0.085200,0.006300,0.035232,0.011200,0.008128,0.010240,0.001280,1,4,48,0,1
1449,0.265600,0.310000,0.028600,0.102400,0.045900,0.084300,0.004000,0.035200,0.011232,0.008096,0.010240,0.001248,1,4,48,0,1
1450,0.259800,0.318900,0.028900,0.091100,0.050500,0.085300,0.003600,0.037376,0.011232,0.008224,0.010400,0.001280,1,4,48,0,1
1451,0.252700,0.313000,0.028600,0.089800,0.046600,0.081800,0.005300,0.035104,0.011232,0.007872,0.010240,0.001376,1,4,48,0,1
1452,0.252300,0.306200,0.028500,0.089900,0.045700,0.084000,0.003600,0.035520,0.011232,0.008256,0.010272,0.001312,1,4,48,0,1
1453,0.252800,0.311200,0.029200,0.090300,0.045800,0.076000,0.011100,0.037312,0.013696,0.008064,0.010368,0.001280,1,4,48,0,1
1454,0.252200,0.305800,0.028800,0.090200,0.046100,0.083200,0.003600,0.035296,0.011168,0.008096,0.010272,0.001280,1,4,48,0,1
1455,0.253400,0.305200,0.028600,0.090000,0.045700,0.084900,0.003800,0.035136,0.011232,0.007936,0.010272,0.001312,1,4,48,0,1
1456,0.251100,0.306400,0.028800,0.089400,0.045200,0.075800,0.011400,0.035136,0.011200,0.008096,0.010272,0.001184,1,4,48,0,1
1457,0.253200,0.303900,0.028900,0.090000,0.045800,0.084500,0.003600,0.035296,0.011264,0.007968,0.010304,0.001344,1,4,48,0,1
1458,0.254200,0.306000,0.029300,0.090600,0.046400,0.083700,0.003600,0.035136,0.012288,0.007904,0.010432,0.001280,1,4,48,0,1
1459,0.254100,0.307400,0.028900,0.090100,0.051100,0.077700,0.005700,0.035936,0.011200,0.007968,0.010336,0.001280,1,4,48,0,1
1460,0.244200,0.307300,0.028600,0.089900,0.045500,0.074400,0.005300,0.036448,0.012096,0.008192,0.010464,0.001312,1,4,48,0,1
1461,0.253400,0.297500,0.028700,0.090300,0.046000,0.075900,0.011900,0.035648,0.011168,0.008032,0.010208,0.001312,1,4,48,0,1
1462,0.252100,0.306400,0.028600,0.089900,0.045500,0.084200,0.003500,0.035104,0.011168,0.008032,0.010240,0.001248,1,4,48,0,1
1463,0.252900,0.305100,0.028800,0.089700,0.046400,0.081300,0.006200,0.035232,0.012288,0.007936,0.010464,0.001312,1,4,48,0,1
1464,0.251800,0.305800,0.028800,0.089400,0.045400,0.076000,0.011600,0.035392,0.011200,0.008192,0.010272,0.001312,1,4,48,0,1
1465,0.251500,0.304400,0.028700,0.089900,0.045400,0.075900,0.011100,0.035360,0.012256,0.008064,0.010496,0.001312,1,4,48,0,1
1466,0.258000,0.304300,0.034100,0.090600,0.045800,0.075900,0.011300,0.035104,0.013696,0.007840,0.010496,0.001312,1,4,48,0,1
1467,0.254700,0.310900,0.028700,0.089500,0.046000,0.084700,0.005300,0.035008,0.011200,0.007968,0.010240,0.001312,1,4,48,0,1
1468,0.251600,0.314000,0.029400,0.089500,0.045400,0.075600,0.011300,0.035264,0.011200,0.008096,0.010272,0.001312,1,4,48,0,1
1469,0.251000,0.304600,0.028900,0.089400,0.046000,0.081800,0.004600,0.035200,0.011168,0.008128,0.010176,0.001312,1,4,48,0,1
1470,0.264400,0.304500,0.029100,0.089800,0.057500,0.076000,0.011600,0.035488,0.013728,0.008224,0.010464,0.001312,1,4,48,0,1
1471,0.245700,0.317300,0.028900,0.090100,0.046300,0.074700,0.005100,0.037152,0.011168,0.007968,0.010400,0.001312,1,4,48,0,1
1472,0.355200,0.298600,0.036000,0.152400,0.058700,0.103800,0.003800,0.036192,0.004192,0.008032,0.010208,0.001280,1,4,48,0,1
1473,0.257100,0.408800,0.029300,0.090900,0.046600,0.077700,0.012000,0.035168,0.012192,0.007872,0.010432,0.001376,1,4,48,0,1
1474,0.252200,0.310200,0.028800,0.090100,0.045900,0.076800,0.010200,0.037184,0.011136,0.008032,0.010368,0.001280,1,4,48,0,1
1475,0.252100,0.305300,0.028800,0.090100,0.046100,0.081900,0.004800,0.035168,0.011200,0.008000,0.010240,0.001376,1,4,48,0,1
1476,0.250800,0.305100,0.028600,0.089800,0.045600,0.076600,0.009700,0.037344,0.013696,0.008160,0.010240,0.001312,1,4,48,0,1
1477,0.256300,0.304000,0.028600,0.090100,0.046300,0.076100,0.014800,0.035168,0.013664,0.007968,0.010464,0.001312,1,4,48,0,1
1478,0.258800,0.309500,0.029200,0.098600,0.045600,0.079700,0.005200,0.037312,0.013728,0.008128,0.010304,0.001216,1,4,48,0,1
1479,0.274300,0.312000,0.029100,0.093400,0.046000,0.101700,0.003700,0.036384,0.011200,0.008096,0.010240,0.001280,1,4,48,0,1
1480,0.312900,0.328000,0.029100,0.091300,0.020500,0.169900,0.001700,0.035104,0.011168,0.008032,0.010304,0.001248,1,4,48,0,1
1481,0.289000,0.366100,0.030900,0.122900,0.048800,0.080500,0.005200,0.035264,0.013728,0.008000,0.010464,0.001312,1,4,48,0,1
1482,0.251300,0.342900,0.029400,0.092200,0.046600,0.077300,0.005400,0.037312,0.013728,0.008224,0.010208,0.001216,1,4,48,0,1
1483,0.261600,0.304900,0.029300,0.091700,0.050400,0.082700,0.006900,0.035136,0.013728,0.007936,0.010464,0.001248,1,4,48,0,1
1484,0.248600,0.315000,0.028800,0.090800,0.046200,0.077400,0.005100,0.035488,0.012192,0.008256,0.010464,0.001280,1,4,48,0,1
1485,0.256800,0.301800,0.028900,0.090600,0.045700,0.075800,0.015300,0.035200,0.013760,0.007968,0.010304,0.001376,1,4,48,0,1
1486,0.261400,0.310100,0.028600,0.098300,0.045900,0.084600,0.003700,0.035328,0.012288,0.008096,0.010432,0.001280,1,4,48,0,1
1487,0.263100,0.314500,0.029200,0.090000,0.046400,0.075700,0.021300,0.035040,0.011200,0.007936,0.010304,0.001248,1,4,48,0,1
1488,0.254400,0.316400,0.029300,0.090600,0.045900,0.076400,0.011800,0.035296,0.013664,0.008224,0.010400,0.001248,1,4,48,0,1
1489,0.248100,0.307400,0.029000,0.090600,0.047700,0.075200,0.005300,0.035008,0.013728,0.007872,0.010432,0.001216,1,4,48,0,1
1490,0.245600,0.301400,0.029000,0.090200,0.045600,0.075400,0.005100,0.035360,0.013728,0.008224,0.010464,0.001216,1,4,48,0,1
1491,0.256400,0.298800,0.029200,0.089800,0.046300,0.075900,0.014900,0.035712,0.011200,0.008096,0.010176,0.001312,1,4,48,0,1
1492,0.254600,0.309300,0.028700,0.090200,0.045800,0.076100,0.013400,0.037632,0.011296,0.008320,0.010432,0.001280,1,4,48,0,1
1493,0.259000,0.312600,0.029600,0.090800,0.046400,0.085900,0.005800,0.035168,0.011168,0.008032,0.010304,0.001312,1,4,48,0,1
1494,0.386200,0.312300,0.029100,0.090200,0.046100,0.214000,0.006300,0.035392,0.012320,0.008192,0.010240,0.001344,1,4,48,0,1
1495,0.280200,0.443100,0.030200,0.099600,0.049000,0.081300,0.019700,0.035552,0.011264,0.007968,0.010272,0.001216,1,4,48,0,1
1496,0.254800,0.334700,0.029600,0.094200,0.046800,0.078400,0.005400,0.035232,0.011200,0.008160,0.010272,0.001216,1,4,48,0,1
1497,0.258600,0.308700,0.029000,0.092500,0.046700,0.086200,0.003700,0.037056,0.011264,0.007808,0.010432,0.001312,1,4,48,0,1
1498,0.249500,0.312600,0.028700,0.091900,0.046300,0.076900,0.005200,0.035232,0.013696,0.008064,0.010464,0.001248,1,4,48,0,1
1499,0.285900,0.303100,0.028900,0.091600,0.014600,0.148100,0.002200,0.035264,0.011232,0.008064,0.010272,0.001280,1,4,48,0,1
1500,0.304400,0.343500,0.036300,0.122200,0.049300,0.091800,0.004200,0.036992,0.011264,0.008224,0.010240,0.001248,1,4,48,0,1
1501,0.269500,0.358000,0.029400,0.093500,0.047400,0.089700,0.008900,0.035264,0.013728,0.008160,0.010400,0.001216,1,4,48,0,1
1502,0.412700,0.326200,0.030400,0.100000,0.049500,0.224800,0.007500,0.035296,0.013696,0.008128,0.010432,0.001248,1,4,48,0,1
1503,0.251100,0.466500,0.029500,0.092700,0.046600,0.076700,0.005100,0.035040,0.013696,0.007968,0.010336,0.001280,1,4,48,0,1
1504,0.258000,0.304700,0.028900,0.091000,0.047100,0.084000,0.006700,0.035520,0.011232,0.008448,0.010240,0.001248,1,4,48,0,1
1505,0.257900,0.311200,0.030200,0.090900,0.046800,0.083600,0.005900,0.035264,0.011232,0.008032,0.010240,0.001376,1,4,48,0,1
1506,0.252500,0.310900,0.028900,0.090500,0.046400,0.081900,0.004400,0.035136,0.011168,0.008064,0.010240,0.001280,1,4,48,0,1
1507,0.260600,0.305700,0.036600,0.091100,0.046500,0.081800,0.004200,0.034816,0.011104,0.007872,0.010208,0.001184,1,4,48,0,1
1508,0.277800,0.313600,0.029400,0.096500,0.045400,0.099000,0.007200,0.035296,0.011264,0.008256,0.010272,0.001280,1,4,48,0,1
1509,0.246100,0.331000,0.028700,0.090400,0.046100,0.075100,0.005200,0.035328,0.013664,0.008192,0.010432,0.001248,1,4,48,0,1
1510,0.252700,0.299800,0.029000,0.089800,0.046100,0.081700,0.005700,0.035392,0.012288,0.008192,0.010464,0.001248,1,4,48,0,1
1511,0.253000,0.305600,0.028500,0.090700,0.046200,0.081500,0.005700,0.035136,0.011232,0.007968,0.010304,0.001280,1,4,48,0,1
1512,0.246700,0.306300,0.028600,0.090700,0.045600,0.076400,0.005100,0.035840,0.011072,0.008128,0.010240,0.001312,1,4,48,0,1
1513,0.261200,0.299800,0.029000,0.090600,0.045700,0.090000,0.005500,0.035200,0.011232,0.007904,0.010368,0.001344,1,4,48,0,1
1514,0.253600,0.314500,0.028700,0.090300,0.046600,0.081700,0.005900,0.035232,0.011200,0.008160,0.010240,0.001248,1,4,48,0,1
1515,0.257500,0.311900,0.028800,0.097700,0.045800,0.080800,0.004000,0.035264,0.011232,0.008032,0.010272,0.001248,1,4,48,0,1
1516,0.249500,0.310800,0.028600,0.089900,0.045900,0.080400,0.004200,0.035264,0.011136,0.008160,0.010272,0.001344,1,4,48,0,1
1517,0.259700,0.302300,0.028900,0.090300,0.045800,0.077100,0.017300,0.036128,0.010848,0.008032,0.010176,0.001280,1,4,48,0,1
1518,0.245800,0.313300,0.028900,0.091100,0.046200,0.074100,0.005300,0.035360,0.013728,0.008128,0.010432,0.001312,1,4,48,0,1
1519,0.252000,0.299200,0.029100,0.090700,0.045000,0.081900,0.004800,0.035264,0.013760,0.008032,0.010464,0.001216,1,4,48,0,1
1520,0.245800,0.305400,0.028700,0.090300,0.045600,0.075400,0.005300,0.035232,0.011200,0.008096,0.010304,0.001280,1,4,48,0,1
1521,0.252100,0.299200,0.029200,0.090300,0.051000,0.076000,0.005100,0.035264,0.011232,0.008128,0.010240,0.001280,1,4,48,0,1
1522,0.330800,0.320500,0.050300,0.130400,0.050900,0.078900,0.019600,0.036000,0.011200,0.008224,0.010240,0.001344,1,4,48,0,1
1523,0.251200,0.384500,0.029500,0.091800,0.047300,0.076000,0.006100,0.035456,0.013792,0.008224,0.010432,0.001248,1,4,48,0,1
1524,0.259100,0.304300,0.028800,0.091200,0.046700,0.077400,0.014700,0.035424,0.011136,0.008288,0.010240,0.001344,1,4,48,0,1
1525,0.250100,0.312600,0.028600,0.095900,0.044600,0.076100,0.004600,0.035136,0.013664,0.007968,0.010432,0.001344,1,4,48,0,1
1526,0.264900,0.303500,0.030000,0.095300,0.045800,0.075700,0.017800,0.035232,0.011232,0.007968,0.010400,0.001248,1,4,48,0,1
1527,0.264200,0.318200,0.029000,0.090600,0.045800,0.081300,0.017000,0.035264,0.011232,0.008128,0.010240,0.001248,1,4,48,0,1
1528,0.283300,0.317500,0.028900,0.103500,0.046300,0.086500,0.017600,0.035904,0.011136,0.008160,0.010240,0.001280,1,4,48,0,1
1529,0.247300,0.336200,0.028900,0.091700,0.046500,0.074300,0.005300,0.035232,0.013760,0.008096,0.010304,0.001280,1,4,48,0,1
1530,0.248900,0.302400,0.029100,0.091700,0.046200,0.076900,0.004700,0.035776,0.011104,0.008128,0.010240,0.001216,1,4,48,0,1
1531,0.257700,0.303500,0.028800,0.091600,0.046400,0.075100,0.015300,0.035136,0.011232,0.008032,0.010208,0.001312,1,4,48,0,1
1532,0.252900,0.310800,0.029000,0.090800,0.045900,0.080700,0.006100,0.035328,0.011232,0.008256,0.010304,0.001248,1,4,48,0,1
1533,0.256800,0.305700,0.028900,0.092100,0.045800,0.083600,0.006000,0.035296,0.011232,0.008064,0.010272,0.001344,1,4,48,0,1
1534,0.262700,0.309800,0.034200,0.091700,0.046300,0.084400,0.005600,0.035040,0.011168,0.008032,0.010240,0.001216,1,4,48,0,1
1535,0.255700,0.315800,0.028600,0.093500,0.046200,0.083300,0.003700,0.035200,0.011200,0.008032,0.010272,0.001280,1,4,48,0,1
1536,0.247200,0.308800,0.029000,0.090200,0.045800,0.076400,0.005400,0.037056,0.011264,0.008000,0.010432,0.001312,1,4,48,0,1
1537,0.200100,0.300700,0.029200,0.090500,0.020500,0.058300,0.001200,0.037152,0.013728,0.007904,0.010272,0.001312,1,4,48,0,1
1538,0.296000,0.252500,0.028500,0.128400,0.048700,0.086000,0.003900,0.035360,0.013792,0.008160,0.010400,0.001280,1,4,48,0,1
1539,0.253600,0.349300,0.029200,0.091900,0.046600,0.080600,0.005000,0.035168,0.012192,0.008128,0.010368,0.001248,1,4,48,0,1
1540,0.256400,0.306900,0.029300,0.091500,0.046100,0.084400,0.004700,0.037024,0.011200,0.008160,0.010400,0.001248,1,4,48,0,1
1541,0.254400,0.310100,0.028800,0.090700,0.047000,0.084000,0.003500,0.035136,0.011232,0.008032,0.010240,0.001280,1,4,48,0,1
1542,0.256100,0.307600,0.028500,0.091600,0.046300,0.085200,0.004000,0.035296,0.011200,0.008192,0.010336,0.001184,1,4,48,0,1
1543,0.257200,0.309300,0.029000,0.090200,0.045200,0.075700,0.016600,0.035168,0.011168,0.007968,0.010304,0.001312,1,4,48,0,1
1544,0.247500,0.310600,0.029200,0.091100,0.045400,0.076200,0.005200,0.035904,0.011200,0.008192,0.010208,0.001344,1,4,48,0,1
1545,0.256800,0.300600,0.029000,0.091100,0.046400,0.076300,0.013600,0.035232,0.011264,0.007968,0.010272,0.001344,1,4,48,0,1
1546,0.256400,0.310000,0.028600,0.090700,0.045400,0.075000,0.016400,0.035328,0.013664,0.008096,0.010432,0.001344,1,4,48,0,1
1547,0.260000,0.309600,0.033800,0.091300,0.046300,0.082200,0.006200,0.035232,0.011168,0.008032,0.010304,0.001344,1,4,48,0,1
1548,0.255100,0.312700,0.029300,0.090300,0.045600,0.084500,0.004900,0.035360,0.011136,0.008256,0.010240,0.001280,1,4,48,0,1
1549,0.253500,0.308100,0.029000,0.089900,0.045500,0.084300,0.004600,0.035264,0.011232,0.008000,0.010272,0.001408,1,4,48,0,1
1550,0.256500,0.306700,0.028500,0.090200,0.045400,0.087700,0.004500,0.035456,0.011232,0.008256,0.010304,0.001280,1,4,48,0,1
1551,0.251400,0.309600,0.028800,0.089700,0.045800,0.079900,0.006900,0.035136,0.011264,0.007904,0.010336,0.001280,1,4,48,0,1
1552,0.246600,0.304100,0.028700,0.090100,0.045900,0.076200,0.005200,0.035264,0.013696,0.008192,0.010336,0.001312,1,4,48,0,1
1553,0.252000,0.299800,0.028900,0.090300,0.045400,0.081700,0.005200,0.035936,0.011200,0.008032,0.010240,0.001184,1,4,48,0,1
1554,0.248700,0.309500,0.028800,0.091100,0.046200,0.076800,0.005400,0.036032,0.010848,0.008064,0.010240,0.001344,1,4,48,0,1
1555,0.255600,0.302600,0.028800,0.090800,0.044400,0.076000,0.015100,0.036736,0.013696,0.008032,0.010272,0.001216,1,4,48,0,1
1556,0.247600,0.308900,0.028700,0.090500,0.046600,0.076400,0.005100,0.035360,0.012256,0.008128,0.010400,0.001344,1,4,48,0,1
1557,0.263900,0.301100,0.029100,0.094700,0.046200,0.075100,0.018400,0.035168,0.013728,0.007968,0.010336,0.001344,1,4,48,0,1
1558,0.253300,0.317200,0.029000,0.090200,0.045600,0.075400,0.012700,0.035488,0.011200,0.008288,0.010272,0.001312,1,4,48,0,1
1559,0.251400,0.306000,0.028600,0.090100,0.045400,0.083200,0.003500,0.035200,0.011200,0.008192,0.010208,0.001216,1,4,48,0,1
1560,0.275700,0.304200,0.028600,0.095800,0.046100,0.100100,0.004800,0.035520,0.011232,0.008320,0.010272,0.001344,1,4,48,0,1
1561,0.251800,0.329100,0.028700,0.089300,0.045400,0.083100,0.005000,0.035232,0.012288,0.007968,0.010464,0.001312,1,4,48,0,1
1562,0.248200,0.304900,0.028600,0.089900,0.045200,0.080200,0.003900,0.037472,0.011232,0.008288,0.010336,0.001216,1,4,48,0,1
1563,0.245400,0.301600,0.028700,0.089900,0.045700,0.075400,0.005400,0.035008,0.011200,0.007872,0.010240,0.001312,1,4,48,0,1
1564,0.248000,0.304900,0.029400,0.093800,0.045500,0.074200,0.004700,0.035328,0.012256,0.008128,0.010432,0.001280,1,4,48,0,1
1565,0.264700,0.301700,0.028900,0.089800,0.045600,0.081100,0.018800,0.035392,0.011136,0.008288,0.010272,0.001280,1,4,48,0,1
1566,0.267000,0.320900,0.029200,0.091400,0.046600,0.082600,0.016800,0.036000,0.010784,0.007936,0.010240,0.001248,1,4,48,0,1
1567,0.247100,0.320000,0.028800,0.090800,0.045700,0.076400,0.004700,0.035296,0.011168,0.008160,0.010272,0.001312,1,4,48,0,1
1568,0.258500,0.300800,0.029100,0.090500,0.045900,0.076300,0.016300,0.037216,0.011264,0.008256,0.010464,0.001184,1,4,48,0,1
1569,0.257300,0.311800,0.028600,0.090500,0.045400,0.075200,0.016900,0.035040,0.012192,0.007968,0.010432,0.001216,1,4,48,0,1
1570,0.253700,0.310300,0.028900,0.089800,0.045600,0.074800,0.014000,0.035328,0.011168,0.008064,0.010336,0.001312,1,4,48,0,1
1571,0.254200,0.306500,0.028600,0.090200,0.045700,0.075500,0.013900,0.035136,0.011232,0.008032,0.010240,0.001280,1,4,48,0,1
1572,0.374700,0.309200,0.044900,0.140700,0.071400,0.110700,0.006400,0.035104,0.011232,0.008032,0.010240,0.001280,1,4,48,0,1
1573,0.333000,0.444300,0.040000,0.131500,0.060100,0.096200,0.004600,0.037056,0.013664,0.008000,0.010240,0.001344,1,4,48,0,1
1574,0.365800,0.403800,0.042100,0.138200,0.062800,0.105800,0.016500,0.035296,0.011200,0.008128,0.010272,0.001312,1,4,48,0,1
1575,0.332900,0.437400,0.040700,0.122200,0.060300,0.102100,0.007100,0.035552,0.011104,0.007840,0.010176,0.001312,1,4,48,0,1
1576,0.361500,0.401000,0.040300,0.132900,0.068800,0.112700,0.006400,0.035200,0.013760,0.007936,0.010464,0.001344,1,4,48,0,1
1577,0.342200,0.433700,0.042000,0.128800,0.063700,0.101000,0.006000,0.035520,0.011200,0.008000,0.010240,0.001344,1,4,48,0,1
1578,0.353400,0.414500,0.043100,0.135900,0.059900,0.107500,0.006400,0.037280,0.013696,0.008096,0.010272,0.001280,1,4,48,0,1
1579,0.340800,0.423300,0.039600,0.128400,0.063100,0.104000,0.005200,0.035200,0.011168,0.008128,0.010240,0.001312,1,4,48,0,1
1580,0.346800,0.412000,0.041200,0.130300,0.063200,0.107000,0.004700,0.036288,0.011264,0.008096,0.010272,0.001312,1,4,48,0,1
1581,0.266300,0.418200,0.030200,0.093900,0.048100,0.078500,0.015200,0.035008,0.011200,0.008032,0.010208,0.001184,1,4,48,0,1
1582,0.261500,0.319800,0.029100,0.091700,0.046200,0.088500,0.005700,0.035168,0.011136,0.008224,0.010240,0.001216,1,4,48,0,1
1583,0.254800,0.315300,0.028800,0.091600,0.046000,0.083000,0.005000,0.035328,0.011232,0.008032,0.010336,0.001344,1,4,48,0,1
1584,0.246600,0.308300,0.028600,0.091300,0.045500,0.075600,0.005200,0.036800,0.013664,0.008288,0.010208,0.001344,1,4,48,0,1
1585,0.258200,0.300200,0.028800,0.090400,0.046800,0.076600,0.015000,0.035456,0.013824,0.008096,0.010432,0.001312,1,4,48,0,1
1586,0.254100,0.311000,0.028700,0.090700,0.045900,0.076600,0.011900,0.037472,0.011200,0.008192,0.010432,0.001344,1,4,48,0,1
1587,0.247000,0.307500,0.029300,0.091100,0.045400,0.075700,0.005100,0.037184,0.013728,0.007968,0.010272,0.001344,1,4,48,0,1
1588,0.253300,0.300100,0.029100,0.091200,0.046100,0.080900,0.005600,0.035264,0.011168,0.008192,0.010176,0.001312,1,4,48,0,1
1589,0.309800,0.306200,0.028700,0.127000,0.050100,0.094500,0.009000,0.035232,0.013792,0.007936,0.010400,0.001312,1,4,48,0,1
1590,0.266200,0.366600,0.029800,0.096100,0.047400,0.088900,0.003800,0.035968,0.011072,0.008224,0.010304,0.001216,1,4,48,0,1
1591,0.320500,0.320100,0.029500,0.093100,0.047100,0.146600,0.003800,0.035008,0.012224,0.007808,0.010400,0.001280,1,4,48,0,1
1592,0.250200,0.374500,0.028600,0.092100,0.046900,0.076800,0.005500,0.035744,0.011168,0.008032,0.010272,0.001248,1,4,48,0,1
1593,0.277500,0.303400,0.028900,0.091200,0.046600,0.102900,0.007500,0.035264,0.011232,0.008192,0.010240,0.001248,1,4,48,0,1
1594,0.260800,0.331000,0.028700,0.091400,0.053000,0.082100,0.005300,0.035360,0.013728,0.008160,0.010368,0.001312,1,4,48,0,1
1595,0.257800,0.314500,0.028700,0.091200,0.047400,0.076900,0.013000,0.035072,0.011232,0.007872,0.010208,0.001280,1,4,48,0,1
1596,0.252300,0.310900,0.028700,0.090700,0.046100,0.076600,0.009800,0.035264,0.013728,0.008096,0.010400,0.001312,1,4,48,0,1
1597,0.248900,0.305700,0.029200,0.090900,0.047300,0.076400,0.004600,0.035168,0.013664,0.008064,0.010432,0.001216,1,4,48,0,1
1598,0.248600,0.302200,0.028900,0.090800,0.045400,0.077900,0.005100,0.035264,0.011200,0.008096,0.010336,0.001280,1,4,48,0,1
1599,0.254900,0.301700,0.028600,0.090300,0.045700,0.076300,0.013500,0.037248,0.011232,0.007936,0.010432,0.001312,1,4,48,0,1
1600,0.255000,0.308500,0.028700,0.090500,0.046400,0.082700,0.006300,0.035456,0.011200,0.008384,0.010208,0.001280,1,4,48,0,1
1601,0.257900,0.313600,0.029200,0.090800,0.046700,0.076700,0.014000,0.037152,0.011136,0.007936,0.010432,0.001280,1,4,48,0,1
1602,0.257700,0.311100,0.029100,0.090400,0.045900,0.076100,0.015800,0.035232,0.013696,0.008128,0.010432,0.001216,1,4,48,0,1
1603,0.257000,0.311000,0.028800,0.090300,0.046000,0.085800,0.005500,0.034912,0.011104,0.007936,0.010272,0.001248,1,4,48,0,1
1604,0.252000,0.310500,0.028800,0.090000,0.045800,0.081400,0.005600,0.035392,0.012288,0.008160,0.010368,0.001376,1,4,48,0,1
1605,0.249700,0.305100,0.028700,0.089900,0.045900,0.080200,0.004500,0.035008,0.011264,0.007904,0.010208,0.001280,1,4,48,0,1
1606,0.248200,0.302700,0.029000,0.089500,0.045800,0.079300,0.004200,0.035392,0.011168,0.008320,0.010240,0.001280,1,4,48,0,1
1607,0.265700,0.301200,0.028600,0.097300,0.050600,0.082600,0.006300,0.034912,0.011136,0.007776,0.010304,0.001280,1,4,48,0,1
1608,0.254800,0.318700,0.028700,0.090400,0.045500,0.076600,0.013300,0.035264,0.011232,0.008128,0.010240,0.001344,1,4,48,0,1
1609,0.256600,0.307700,0.028700,0.089800,0.046200,0.084800,0.006700,0.037056,0.011232,0.007936,0.010400,0.001216,1,4,48,0,1
1610,0.256300,0.309700,0.028800,0.089800,0.046200,0.076000,0.015200,0.035744,0.011168,0.008064,0.010272,0.001280,1,4,48,0,1
1611,0.248000,0.309300,0.029000,0.090400,0.046600,0.076600,0.005200,0.035456,0.013760,0.008192,0.010432,0.001248,1,4,48,0,1
1612,0.257100,0.301300,0.028600,0.090300,0.046200,0.075500,0.016100,0.035360,0.013728,0.008064,0.010432,0.001376,1,4,48,0,1
1613,0.254400,0.309900,0.028800,0.089900,0.046500,0.076500,0.012300,0.035520,0.013728,0.008224,0.010400,0.001344,1,4,48,0,1
1614,0.253900,0.312800,0.028900,0.090600,0.045600,0.084800,0.003500,0.035168,0.011232,0.007968,0.010304,0.001312,1,4,48,0,1
1615,0.252800,0.307100,0.029000,0.089400,0.046500,0.076000,0.011600,0.037120,0.011232,0.007904,0.010400,0.001312,1,4,48,0,1
1616,0.258600,0.306200,0.028800,0.090100,0.045600,0.076300,0.017400,0.035328,0.011200,0.008160,0.010272,0.001312,1,4,48,0,1
1617,0.358100,0.329200,0.041600,0.130100,0.061000,0.107800,0.017000,0.035328,0.013760,0.008032,0.010432,0.001312,1,4,48,0,1
1618,0.265600,0.411600,0.029500,0.092300,0.046500,0.078500,0.018400,0.035296,0.013728,0.008128,0.010464,0.001216,1,4,48,0,1
1619,0.248000,0.318600,0.029100,0.091200,0.046900,0.075700,0.004700,0.037184,0.011200,0.007968,0.010400,0.001312,1,4,48,0,1
1620,0.248700,0.306800,0.029600,0.091300,0.046800,0.076400,0.004300,0.035648,0.011168,0.008096,0.010208,0.001312,1,4,48,0,1
1621,0.255700,0.302300,0.028900,0.091100,0.046200,0.077500,0.011600,0.035200,0.012320,0.007968,0.010400,0.001344,1,4,48,0,1
1622,0.256300,0.308800,0.028600,0.089800,0.045900,0.077400,0.014200,0.035168,0.013664,0.007968,0.010464,0.001248,1,4,48,0,1
1623,0.255000,0.309700,0.029100,0.090200,0.046000,0.077200,0.012200,0.035264,0.011200,0.008128,0.010208,0.001312,1,4,48,0,1
1624,0.256700,0.307800,0.028700,0.090700,0.046000,0.076900,0.014000,0.035424,0.013760,0.008192,0.010400,0.001312,1,4,48,0,1
1625,0.245500,0.309900,0.028800,0.090000,0.045800,0.075500,0.005100,0.035936,0.011264,0.008000,0.010272,0.001280,1,4,48,0,1
1626,0.262100,0.298900,0.028700,0.091100,0.052400,0.076500,0.012900,0.036000,0.011104,0.008192,0.010240,0.001344,1,4,48,0,1
1627,0.261200,0.315000,0.028800,0.091100,0.046300,0.077100,0.017400,0.035392,0.011200,0.008224,0.010304,0.001312,1,4,48,0,1
1628,0.246300,0.314400,0.029100,0.090800,0.045700,0.075300,0.005000,0.037280,0.011264,0.008000,0.010464,0.001216,1,4,48,0,1
1629,0.243900,0.299600,0.028500,0.090300,0.046000,0.074800,0.003800,0.035104,0.011200,0.007968,0.010272,0.001280,1,4,48,0,1
1630,0.247900,0.297000,0.029100,0.089900,0.045400,0.078000,0.005000,0.036288,0.010880,0.008096,0.010272,0.001280,1,4,48,0,1
1631,0.309700,0.305300,0.028900,0.091000,0.020900,0.152300,0.015600,0.035424,0.011264,0.008096,0.010240,0.001248,1,4,48,0,1
1632,0.372700,0.380600,0.037800,0.159400,0.062500,0.106000,0.006300,0.037056,0.011104,0.007904,0.010432,0.001248,1,4,48,0,1
1633,0.323600,0.440100,0.036700,0.116100,0.059700,0.097400,0.013100,0.035840,0.011104,0.008000,0.010272,0.001280,1,4,48,0,1
1634,0.306800,0.390200,0.035800,0.112900,0.058000,0.094900,0.004900,0.035200,0.011232,0.008064,0.010272,0.001280,1,4,48,0,1
1635,0.309300,0.373400,0.035400,0.112700,0.058700,0.094500,0.007700,0.035360,0.013824,0.008192,0.010368,0.001216,1,4,48,0,1
1636,0.331200,0.375500,0.035600,0.141800,0.052500,0.091900,0.009100,0.035680,0.011008,0.008128,0.010208,0.001248,1,4,48,0,1
1637,0.267000,0.388600,0.030200,0.098100,0.048400,0.081600,0.008200,0.035584,0.011200,0.008032,0.010368,0.001312,1,4,48,0,1
1638,0.393300,0.336600,0.034300,0.142600,0.066000,0.143300,0.006500,0.035168,0.013696,0.008000,0.010368,0.001344,1,4,48,0,1
1639,0.286600,0.468200,0.043400,0.108900,0.048200,0.079900,0.005700,0.037376,0.011168,0.008128,0.010432,0.001312,1,4,48,0,1
1640,0.253800,0.340900,0.029500,0.093200,0.046700,0.078400,0.005600,0.035296,0.012288,0.008160,0.010368,0.001248,1,4,48,0,1
1641,0.275800,0.327500,0.030700,0.099500,0.050800,0.088100,0.006000,0.035264,0.013728,0.008064,0.010368,0.001312,1,4,48,0,1
1642,0.261700,0.332300,0.029500,0.094300,0.047700,0.085900,0.004000,0.035296,0.011232,0.008160,0.010240,0.001280,1,4,48,0,1
1643,0.255300,0.315900,0.029400,0.092500,0.046500,0.081200,0.005200,0.035168,0.011200,0.008096,0.010272,0.001216,1,4,48,0,1
1644,0.261300,0.309000,0.028700,0.091300,0.046400,0.077300,0.017300,0.036800,0.013696,0.008128,0.010240,0.001312,1,4,48,0,1
1645,0.254700,0.314900,0.028700,0.091900,0.046500,0.082000,0.005300,0.035168,0.011200,0.007968,0.010272,0.001344,1,4,48,0,1
1646,0.260900,0.308600,0.028800,0.090900,0.051800,0.077600,0.011200,0.037376,0.013824,0.008128,0.010240,0.001248,1,4,48,0,1
1647,0.249900,0.313900,0.029000,0.091100,0.046700,0.077400,0.005100,0.034944,0.012192,0.007904,0.010432,0.001184,1,4,48,0,1
1648,0.255100,0.303200,0.029000,0.091600,0.046500,0.081500,0.006200,0.035168,0.011264,0.008096,0.010272,0.001184,1,4,48,0,1
1649,0.252300,0.308400,0.028700,0.090200,0.046000,0.081700,0.005400,0.035296,0.011200,0.008000,0.010336,0.001344,1,4,48,0,1
1650,0.252800,0.305600,0.028500,0.091500,0.046500,0.080700,0.005100,0.035232,0.011232,0.008096,0.010240,0.001248,1,4,48,0,1
1651,0.253200,0.305900,0.028800,0.090900,0.045600,0.082300,0.005200,0.035104,0.013696,0.008032,0.010336,0.001248,1,4,48,0,1
1652,0.260900,0.306300,0.037600,0.090300,0.046600,0.081100,0.004800,0.035328,0.011232,0.008224,0.010240,0.001216,1,4,48,0,1
1653,0.254200,0.319400,0.029100,0.092000,0.046700,0.081100,0.004900,0.035136,0.011168,0.008064,0.010176,0.001312,1,4,48,0,1
1654,0.318200,0.307300,0.028600,0.090100,0.045900,0.149000,0.004000,0.037216,0.013696,0.007968,0.010272,0.001344,1,4,48,0,1
1655,0.251800,0.371300,0.029000,0.090500,0.045700,0.080900,0.005400,0.035104,0.011168,0.008000,0.010272,0.001280,1,4,48,0,1
1656,0.258900,0.305300,0.028700,0.090700,0.045800,0.076600,0.016500,0.035776,0.011104,0.008032,0.010240,0.001216,1,4,48,0,1
1657,0.257500,0.312000,0.028700,0.090400,0.046300,0.077000,0.014600,0.035232,0.012256,0.008032,0.010432,0.001280,1,4,48,0,1
1658,0.253300,0.310900,0.028800,0.090100,0.045800,0.084500,0.003600,0.035296,0.011168,0.008160,0.010240,0.001312,1,4,48,0,1
1659,0.261300,0.306100,0.028800,0.097000,0.046200,0.085400,0.003600,0.035264,0.011232,0.008000,0.010336,0.001312,1,4,48,0,1
1660,0.252900,0.314700,0.028900,0.089900,0.046100,0.084100,0.003600,0.035392,0.011200,0.008288,0.010240,0.001312,1,4,48,0,1
1661,0.252300,0.305800,0.029000,0.089700,0.045400,0.084200,0.003600,0.035040,0.011232,0.008000,0.010240,0.001312,1,4,48,0,1
1662,0.291800,0.305200,0.028400,0.089500,0.048200,0.116600,0.008800,0.035200,0.011168,0.008096,0.010272,0.001280,1,4,48,0,1
1663,0.257100,0.353500,0.030200,0.095500,0.047900,0.079000,0.004000,0.035584,0.011200,0.008032,0.010304,0.001312,1,4,48,0,1
1664,0.250400,0.311200,0.029100,0.092000,0.047000,0.076600,0.005300,0.035744,0.011232,0.008128,0.010272,0.001248,1,4,48,0,1
1665,0.259900,0.303600,0.028800,0.092300,0.047400,0.087300,0.003700,0.035200,0.011136,0.008160,0.010208,0.001344,1,4,48,0,1
1666,0.254500,0.313200,0.028800,0.090500,0.045900,0.084600,0.004200,0.035488,0.013728,0.008224,0.010496,0.001280,1,4,48,0,1
1667,0.258300,0.307700,0.028900,0.090000,0.046000,0.075900,0.017100,0.035232,0.013696,0.008128,0.010400,0.001344,1,4,48,0,1
1668,0.253600,0.311500,0.028800,0.097500,0.045500,0.076300,0.005200,0.035904,0.011200,0.008096,0.010272,0.001280,1,4,48,0,1
1669,0.256900,0.307100,0.028900,0.090500,0.047800,0.081700,0.007700,0.035168,0.013728,0.007904,0.010464,0.001312,1,4,48,0,1
1670,0.254400,0.310200,0.028500,0.090000,0.046200,0.076600,0.012700,0.035904,0.011104,0.008032,0.010336,0.001280,1,4,48,0,1
1671,0.245700,0.307900,0.028600,0.090000,0.046700,0.075700,0.004200,0.035264,0.013728,0.008192,0.010368,0.001216,1,4,48,0,1
1672,0.257400,0.299200,0.028800,0.091700,0.046300,0.075700,0.014300,0.035424,0.013728,0.008192,0.010400,0.001312,1,4,48,0,1
1673,0.258400,0.310400,0.029000,0.091300,0.046000,0.077400,0.014300,0.035264,0.013760,0.008000,0.010368,0.001344,1,4,48,0,1
1674,0.258200,0.312000,0.028800,0.091500,0.045700,0.076500,0.015200,0.035872,0.011200,0.008128,0.010208,0.001312,1,4,48,0,1
1675,0.256300,0.316300,0.028900,0.090700,0.046200,0.076500,0.013700,0.035040,0.013696,0.007968,0.010368,0.001312,1,4,48,0,1
1676,0.255600,0.309700,0.028900,0.090100,0.046100,0.076100,0.014000,0.035936,0.011296,0.008000,0.010272,0.001312,1,4,48,0,1
1677,0.253900,0.308500,0.028700,0.090100,0.045700,0.076700,0.012400,0.036160,0.011168,0.008000,0.010208,0.001280,1,4,48,0,1
1678,0.253200,0.306800,0.028700,0.090500,0.046300,0.083500,0.003800,0.035168,0.013632,0.008224,0.010368,0.001184,1,4,48,0,1
1679,0.253300,0.306100,0.028900,0.089800,0.046000,0.077000,0.011300,0.035168,0.013760,0.007968,0.010432,0.001216,1,4,48,0,1
1680,0.253200,0.306300,0.029000,0.090700,0.045600,0.075100,0.012600,0.035232,0.013760,0.008128,0.010368,0.001216,1,4,48,0,1
1681,0.261700,0.306400,0.029000,0.096300,0.045500,0.075800,0.014700,0.035424,0.012320,0.008256,0.010400,0.001248,1,4,48,0,1
1682,0.253600,0.314700,0.028800,0.089900,0.047700,0.083100,0.003600,0.035136,0.011168,0.008032,0.010272,0.001280,1,4,48,0,1
1683,0.253900,0.306500,0.028900,0.090100,0.045700,0.085000,0.003600,0.035104,0.011200,0.007936,0.010272,0.001344,1,4,48,0,1
1684,0.252900,0.307500,0.028800,0.089800,0.045600,0.084700,0.003600,0.035392,0.011232,0.008192,0.010272,0.001312,1,4,48,0,1
1685,0.251900,0.306100,0.028700,0.089500,0.045200,0.076400,0.011700,0.035104,0.011200,0.007968,0.010240,0.001312,1,4,48,0,1
1686,0.251100,0.304900,0.028700,0.090700,0.049700,0.076400,0.005100,0.035200,0.013664,0.008128,0.010368,0.001280,1,4,48,0,1
1687,0.255700,0.305000,0.029000,0.089900,0.046300,0.076500,0.013500,0.035200,0.013728,0.008000,0.010432,0.001312,1,4,48,0,1
1688,0.258400,0.314600,0.029100,0.090400,0.046100,0.076000,0.016400,0.035232,0.011168,0.008096,0.010272,0.001280,1,4,48,0,1
1689,0.247100,0.311800,0.028900,0.090400,0.045900,0.076400,0.005200,0.035072,0.013760,0.007808,0.010400,0.001280,1,4,48,0,1
1690,0.247000,0.300500,0.028800,0.090600,0.045700,0.076000,0.005500,0.035936,0.011104,0.008224,0.010208,0.001216,1,4,48,0,1
1691,0.256400,0.300300,0.028700,0.090800,0.046600,0.077100,0.012800,0.035328,0.013696,0.008096,0.010432,0.001344,1,4,48,0,1
1692,0.255600,0.310000,0.028700,0.090400,0.045900,0.076600,0.013500,0.035104,0.011200,0.008032,0.010208,0.001280,1,4,48,0,1
1693,0.257300,0.308700,0.029200,0.094200,0.045700,0.084200,0.003600,0.037344,0.011296,0.008000,0.010400,0.001344,1,4,48,0,1
1694,0.255500,0.310500,0.028700,0.095600,0.044800,0.075100,0.010800,0.035232,0.011200,0.008064,0.010304,0.001216,1,4,48,0,1
1695,0.254100,0.308600,0.028500,0.090100,0.046300,0.082600,0.006200,0.035360,0.011200,0.008096,0.010304,0.001344,1,4,48,0,1
1696,0.353700,0.307400,0.028600,0.090200,0.045500,0.181700,0.007400,0.035328,0.013664,0.008128,0.010464,0.001344,1,4,48,0,1
1697,0.258700,0.406900,0.028900,0.090700,0.045400,0.076900,0.016300,0.035136,0.011232,0.007968,0.010272,0.001280,1,4,48,0,1
1698,0.245100,0.312400,0.028900,0.090000,0.045500,0.074900,0.005300,0.035456,0.013760,0.008288,0.010336,0.001280,1,4,48,0,1
1699,0.255800,0.298000,0.028600,0.090400,0.045900,0.076200,0.014400,0.035360,0.013792,0.008000,0.010400,0.001376,1,4,48,0,1
1700,0.259100,0.308800,0.029100,0.089400,0.045700,0.087100,0.007300,0.035168,0.011168,0.008192,0.010208,0.001184,1,4,48,0,1
1701,0.258900,0.315200,0.028900,0.091200,0.046600,0.076600,0.015200,0.036640,0.011168,0.007936,0.010240,0.001184,1,4,48,0,1
1702,0.258800,0.311900,0.029000,0.096900,0.045600,0.083200,0.003900,0.035328,0.011200,0.008096,0.010336,0.001312,1,4,48,0,1
1703,0.252800,0.311800,0.028900,0.089900,0.050800,0.077100,0.005400,0.035200,0.011232,0.008000,0.010240,0.001344,1,4,48,0,1
1704,0.311900,0.312000,0.029200,0.091500,0.046200,0.136300,0.008300,0.035264,0.011136,0.007968,0.010272,0.001312,1,4,48,0,1
1705,0.247100,0.365000,0.028900,0.091100,0.045400,0.077300,0.003900,0.035808,0.011136,0.008064,0.010240,0.001248,1,4,48,0,1
1706,0.217000,0.300500,0.029100,0.095900,0.023200,0.066900,0.001600,0.035616,0.011200,0.007936,0.010304,0.001184,1,4,48,0,1
1707,0.320800,0.287900,0.041700,0.143200,0.049700,0.080400,0.005400,0.035296,0.011264,0.008160,0.010208,0.001344,1,4,48,0,1
1708,0.266000,0.374200,0.029500,0.091700,0.050200,0.090500,0.003700,0.035456,0.012288,0.008192,0.010432,0.001344,1,4,48,0,1
1709,0.260700,0.319100,0.029300,0.091900,0.047300,0.085900,0.005800,0.035136,0.013664,0.007968,0.010368,0.001312,1,4,48,0,1
1710,0.261200,0.314000,0.029000,0.099100,0.045800,0.081800,0.004900,0.035168,0.011264,0.007968,0.010272,0.001312,1,4,48,0,1
1711,0.255700,0.314600,0.028700,0.091300,0.046600,0.083400,0.005200,0.037088,0.011232,0.007872,0.010464,0.001216,1,4,48,0,1
1712,0.248700,0.309100,0.029300,0.091000,0.046600,0.076300,0.005100,0.035296,0.011264,0.008128,0.010272,0.001248,1,4,48,0,1
1713,0.492800,0.312800,0.079700,0.179900,0.086200,0.140100,0.006100,0.035904,0.011104,0.008096,0.010240,0.001312,1,4,48,0,1
1714,0.351500,0.593800,0.051400,0.132900,0.059200,0.102600,0.004600,0.035872,0.011072,0.008128,0.010272,0.001344,1,4,48,0,1
1715,0.314100,0.419100,0.035900,0.113900,0.058500,0.100700,0.004400,0.035360,0.011136,0.008096,0.010336,0.001344,1,4,48,0,1
1716,0.333100,0.381300,0.035900,0.112800,0.057900,0.086800,0.038900,0.035296,0.012416,0.008192,0.010208,0.001280,1,4,48,0,1
1717,0.391800,0.417300,0.045100,0.145800,0.073800,0.120800,0.005500,0.035040,0.013728,0.007840,0.010496,0.001312,1,4,48,0,1
1718,0.368300,0.472500,0.043500,0.135100,0.067900,0.115100,0.006000,0.035424,0.011168,0.008256,0.010208,0.001344,1,4,48,0,1
1719,0.305000,0.438400,0.035800,0.112100,0.056900,0.093700,0.006100,0.035712,0.011072,0.007968,0.010208,0.001344,1,4,48,0,1
1720,0.303400,0.371200,0.035500,0.112400,0.057200,0.093200,0.004700,0.037600,0.011296,0.008224,0.010464,0.001280,1,4,48,0,1
1721,0.287200,0.389400,0.030900,0.112100,0.048600,0.088600,0.006400,0.035008,0.013760,0.007680,0.010464,0.001312,1,4,48,0,1
1722,0.251700,0.341300,0.029300,0.092900,0.046900,0.076900,0.005300,0.035680,0.011008,0.008000,0.010304,0.001280,1,4,48,0,1
1723,0.249700,0.304800,0.029400,0.093100,0.046100,0.077100,0.003800,0.035584,0.011168,0.007968,0.010240,0.001312,1,4,48,0,1
1724,0.258100,0.303000,0.028700,0.091000,0.046000,0.076200,0.015700,0.035936,0.011200,0.008160,0.010272,0.001280,1,4,48,0,1
1725,0.248400,0.311900,0.028700,0.091300,0.046700,0.077500,0.003900,0.035776,0.011104,0.007968,0.010272,0.001248,1,4,48,0,1
1726,0.280000,0.301600,0.029000,0.091200,0.065100,0.077900,0.016500,0.035232,0.013728,0.008192,0.010400,0.001184,1,4,48,0,1
1727,0.259700,0.333000,0.028700,0.090600,0.046900,0.086200,0.006900,0.035200,0.011200,0.008032,0.010240,0.001312,1,4,48,0,1
1728,0.259300,0.313400,0.029100,0.091500,0.046700,0.086000,0.005800,0.035456,0.011232,0.008256,0.010240,0.001312,1,4,48,0,1
1729,0.253200,0.311900,0.028600,0.090700,0.046200,0.081500,0.005900,0.035136,0.011200,0.008000,0.010240,0.001344,1,4,48,0,1
1730,0.251300,0.306700,0.029100,0.093600,0.046400,0.076700,0.005100,0.035520,0.013664,0.008352,0.010400,0.001312,1,4,48,0,1
1731,0.260800,0.304100,0.032000,0.091500,0.046900,0.083500,0.006300,0.035168,0.011200,0.008032,0.010304,0.001280,1,4,48,0,1
1732,0.254200,0.314300,0.028800,0.091300,0.046000,0.084200,0.003500,0.037440,0.011168,0.008192,0.010400,0.001312,1,4,48,0,1
1733,0.254100,0.312800,0.029300,0.091100,0.046300,0.082200,0.004700,0.035136,0.011232,0.007936,0.010272,0.001312,1,4,48,0,1
1734,0.255200,0.307300,0.028600,0.092800,0.047500,0.081700,0.004100,0.034976,0.011136,0.008000,0.010240,0.001216,1,4,48,0,1
1735,0.253200,0.308600,0.028800,0.090300,0.045900,0.084200,0.003600,0.035328,0.012224,0.008128,0.010432,0.001280,1,4,48,0,1
1736,0.247000,0.306400,0.028900,0.090000,0.045800,0.076900,0.005200,0.035680,0.011200,0.008192,0.010208,0.001216,1,4,48,0,1
1737,0.253500,0.299800,0.028800,0.091000,0.046000,0.081800,0.005600,0.035040,0.011232,0.007968,0.010304,0.001248,1,4,48,0,1
1738,0.252600,0.306600,0.028600,0.090700,0.046000,0.081300,0.005700,0.035200,0.011136,0.008064,0.010240,0.001344,1,4,48,0,1
1739,0.261000,0.305900,0.029000,0.090100,0.051300,0.085100,0.005200,0.035104,0.011200,0.008032,0.010304,0.001344,1,4,48,0,1
1740,0.254700,0.315000,0.028700,0.090400,0.045700,0.077100,0.012500,0.037600,0.013728,0.008224,0.010400,0.001344,1,4,48,0,1
1741,0.257700,0.308100,0.028600,0.090000,0.046200,0.076300,0.016100,0.035360,0.011168,0.008096,0.010304,0.001280,1,4,48,0,1
1742,0.244400,0.311100,0.028900,0.090000,0.045800,0.074300,0.005200,0.036032,0.011200,0.007968,0.010368,0.001344,1,4,48,0,1
1743,0.254300,0.297700,0.028600,0.089600,0.045700,0.076100,0.013800,0.037280,0.011168,0.008128,0.010368,0.001280,1,4,48,0,1
1744,0.254500,0.307300,0.028600,0.089900,0.045800,0.077000,0.012700,0.035712,0.013824,0.008224,0.010496,0.001376,1,4,48,0,1
1745,0.254200,0.307500,0.028800,0.090300,0.045600,0.084300,0.004900,0.035040,0.011232,0.008000,0.010208,0.001216,1,4,48,0,1
1746,0.252200,0.312100,0.028900,0.090300,0.045900,0.080700,0.005900,0.035136,0.011136,0.008064,0.010240,0.001312,1,4,48,0,1
1747,0.247200,0.333400,0.029000,0.090200,0.046300,0.076200,0.005100,0.035136,0.013696,0.007968,0.010464,0.001216,1,4,48,0,1
1748,0.253600,0.300100,0.029000,0.089600,0.045900,0.076000,0.012700,0.037216,0.013696,0.008064,0.010304,0.001280,1,4,48,0,1
1749,0.265500,0.306300,0.028500,0.101900,0.046200,0.084300,0.004200,0.035200,0.011168,0.008064,0.010272,0.001280,1,4,48,0,1
1750,0.255600,0.318800,0.028900,0.089700,0.046500,0.076800,0.013200,0.037440,0.011136,0.008288,0.010368,0.001344,1,4,48,0,1
1751,0.247100,0.308700,0.028600,0.090500,0.045900,0.075300,0.006400,0.035392,0.013728,0.008128,0.010496,0.001280,1,4,48,0,1
1752,0.253100,0.300700,0.028900,0.096600,0.045800,0.076200,0.005200,0.035328,0.013664,0.008256,0.010400,0.001216,1,4,48,0,1
1753,0.270800,0.306600,0.028800,0.104600,0.045900,0.076000,0.014900,0.035808,0.011168,0.007968,0.010304,0.001344,1,4,48,0,1
1754,0.252400,0.323700,0.028500,0.090000,0.045200,0.076100,0.012300,0.037344,0.013728,0.008160,0.010304,0.001312,1,4,48,0,1
1755,0.255900,0.305500,0.028900,0.090400,0.045600,0.084800,0.005900,0.035264,0.011200,0.008064,0.010240,0.001312,1,4,48,0,1
1756,0.250600,0.308700,0.028500,0.089200,0.046500,0.081000,0.005200,0.035264,0.011168,0.008096,0.010240,0.001344,1,4,48,0,1
1757,0.251400,0.303200,0.028600,0.089700,0.045600,0.082100,0.004900,0.035168,0.011232,0.008064,0.010272,0.001184,1,4,48,0,1
1758,0.250900,0.304500,0.029100,0.089800,0.045500,0.081300,0.004800,0.034976,0.011104,0.007904,0.010304,0.001312,1,4,48,0,1
1759,0.252300,0.309000,0.028800,0.089900,0.045600,0.083900,0.003700,0.035392,0.011232,0.008224,0.010240,0.001280,1,4,48,0,1
1760,0.245400,0.305400,0.029000,0.089300,0.045500,0.076100,0.005000,0.037344,0.011168,0.008224,0.010432,0.001216,1,4,48,0,1
1761,1.324100,0.322300,1.063800,0.101200,0.055400,0.083300,0.019900,0.038112,0.012320,0.008544,0.011296,0.001344,1,4,48,0,1
1762,0.261800,1.378500,0.029300,0.094500,0.048700,0.083700,0.005100,0.037408,0.011232,0.008192,0.010432,0.001184,1,4,48,0,1
1763,0.257200,0.315400,0.029000,0.091200,0.046100,0.083500,0.007000,0.035232,0.012256,0.008032,0.010368,0.001344,1,4,48,0,1
1764,0.252400,0.311100,0.029000,0.091000,0.046100,0.080800,0.005000,0.035232,0.011200,0.008096,0.010240,0.001312,1,4,48,0,1
1765,0.262400,0.305500,0.028600,0.100300,0.047100,0.081500,0.004600,0.035136,0.011200,0.007936,0.010304,0.001280,1,4,48,0,1
1766,0.259200,0.315500,0.028900,0.090500,0.051200,0.083300,0.004700,0.035392,0.011232,0.008256,0.010208,0.001312,1,4,48,0,1
1767,0.252300,0.312200,0.028600,0.091700,0.046300,0.080300,0.005000,0.035264,0.013696,0.008096,0.010400,0.001312,1,4,48,0,1
1768,0.253100,0.305800,0.028700,0.091700,0.046500,0.081300,0.004500,0.035008,0.011168,0.007968,0.010208,0.001248,1,4,48,0,1
1769,0.253500,0.306600,0.028600,0.091300,0.046300,0.081500,0.005600,0.035360,0.011296,0.008064,0.010336,0.001312,1,4,48,0,1
1770,0.255000,0.306500,0.029000,0.090300,0.047000,0.084500,0.003700,0.035680,0.011200,0.008160,0.010208,0.001280,1,4,48,0,1
1771,0.253300,0.307900,0.028600,0.090900,0.046000,0.082000,0.005500,0.035264,0.011264,0.008064,0.010272,0.001312,1,4,48,0,1
1772,0.262700,0.306600,0.028700,0.101400,0.045700,0.080800,0.005600,0.035328,0.011200,0.008128,0.010304,0.001312,1,4,48,0,1
1773,0.252300,0.320800,0.029200,0.090300,0.045700,0.081200,0.005500,0.035104,0.011232,0.008000,0.010208,0.001312,1,4,48,0,1
1774,0.250200,0.305300,0.028500,0.089300,0.045700,0.080500,0.005600,0.035264,0.011264,0.008000,0.010336,0.001312,1,4,48,0,1
1775,0.251700,0.303300,0.028500,0.090700,0.045500,0.081200,0.005400,0.035008,0.011136,0.008032,0.010208,0.001344,1,4,48,0,1
1776,0.251600,0.304700,0.028500,0.090700,0.045600,0.080600,0.005700,0.035232,0.011232,0.008064,0.010240,0.001312,1,4,48,0,1
1777,0.256900,0.304800,0.028500,0.090000,0.046000,0.076400,0.015600,0.035712,0.011168,0.008000,0.010240,0.001280,1,4,48,0,1
1778,0.256300,0.310100,0.028800,0.090000,0.046200,0.075400,0.015400,0.035808,0.011264,0.008224,0.010240,0.001280,1,4,48,0,1
1779,0.259200,0.309300,0.028700,0.090100,0.050100,0.086300,0.003500,0.035264,0.013696,0.007872,0.010528,0.001344,1,4,48,0,1
1780,0.252200,0.312600,0.028800,0.090300,0.045400,0.076300,0.010900,0.035264,0.011168,0.008096,0.010240,0.001312,1,4,48,0,1
1781,0.252900,0.305000,0.028800,0.089500,0.045900,0.076000,0.012200,0.035072,0.011200,0.007936,0.010272,0.001280,1,4,48,0,1
1782,0.251800,0.305800,0.028500,0.089700,0.045600,0.083700,0.004000,0.035168,0.011200,0.007904,0.010304,0.001312,1,4,48,0,1
1783,0.252200,0.304700,0.029400,0.089800,0.045800,0.082100,0.004700,0.037248,0.011264,0.008032,0.010368,0.001248,1,4,48,0,1
1784,0.251100,0.305500,0.028600,0.090400,0.045400,0.080700,0.005700,0.035264,0.011168,0.008064,0.010304,0.001280,1,4,48,0,1
1785,0.253300,0.303900,0.028800,0.090000,0.045600,0.084600,0.003900,0.035264,0.011232,0.008032,0.010304,0.001280,1,4,48,0,1
1786,0.257300,0.306200,0.034900,0.090700,0.045800,0.080600,0.005000,0.035264,0.011200,0.008160,0.010272,0.001216,1,4,48,0,1
1787,0.257300,0.310400,0.028600,0.090300,0.045700,0.085500,0.006800,0.035168,0.011168,0.007936,0.010304,0.001344,1,4,48,0,1
1788,0.254000,0.310300,0.028800,0.090300,0.046000,0.082500,0.006100,0.035136,0.011232,0.007968,0.010272,0.001280,1,4,48,0,1
1789,0.264200,0.306800,0.028700,0.090200,0.045400,0.095900,0.003700,0.035168,0.011232,0.008000,0.010304,0.001280,1,4,48,0,1
1790,0.250600,0.317100,0.028500,0.090400,0.045100,0.081800,0.004400,0.035200,0.011200,0.008192,0.010240,0.001216,1,4,48,0,1
1791,0.275100,0.303400,0.028600,0.089300,0.045000,0.102600,0.009000,0.035200,0.013696,0.008064,0.010336,0.001312,1,4,48,0,1
1792,0.257800,0.328400,0.028800,0.089900,0.050300,0.084700,0.003700,0.035136,0.011232,0.007968,0.010304,0.001280,1,4,48,0,1
1793,0.252200,0.311100,0.028800,0.090600,0.045400,0.076800,0.010300,0.037152,0.011200,0.007968,0.010368,0.001248,1,4,48,0,1
1794,0.251800,0.305400,0.028600,0.089900,0.045500,0.083600,0.004000,0.035296,0.011200,0.008032,0.010304,0.001344,1,4,48,0,1
1795,0.253400,0.304900,0.028700,0.089900,0.046500,0.083900,0.004000,0.035264,0.011264,0.008032,0.010272,0.001344,1,4,48,0,1
1796,0.245800,0.306500,0.028800,0.089400,0.045600,0.076500,0.005100,0.035456,0.011872,0.008256,0.010368,0.001344,1,4,48,0,1
1797,0.253700,0.298800,0.028800,0.090000,0.046100,0.076000,0.012500,0.035520,0.013792,0.008160,0.010496,0.001280,1,4,48,0,1
1798,0.254300,0.306700,0.028900,0.089800,0.045700,0.075500,0.014000,0.035168,0.013760,0.008032,0.010368,0.001248,1,4,48,0,1
1799,0.268900,0.307200,0.040800,0.090400,0.045500,0.085000,0.006600,0.035136,0.011168,0.008096,0.010240,0.001216,1,4,48,0,1
1800,0.256900,0.322500,0.028700,0.089200,0.045900,0.085100,0.007600,0.035264,0.012288,0.008160,0.010368,0.001248,1,4,48,0,1
1801,0.252700,0.310200,0.028900,0.090000,0.045200,0.076500,0.011700,0.037376,0.013792,0.008000,0.010368,0.001280,1,4,48,0,1
1802,0.252200,0.306100,0.028500,0.090100,0.045600,0.076300,0.011200,0.035328,0.011168,0.008032,0.010368,0.001312,1,4,48,0,1
1803,0.255100,0.313700,0.029200,0.090800,0.046000,0.082500,0.006100,0.035136,0.011200,0.007968,0.010240,0.001344,1,4,48,0,1
1804,0.251100,0.307900,0.029000,0.089300,0.045100,0.076000,0.011200,0.037408,0.011168,0.008160,0.010432,0.001312,1,4,48,0,1
1805,0.255000,0.303700,0.028700,0.089200,0.050300,0.081900,0.004300,0.035200,0.011264,0.007936,0.010272,0.001344,1,4,48,0,1
1806,0.249100,0.307600,0.028600,0.089300,0.045100,0.081500,0.004200,0.035200,0.011232,0.008064,0.010272,0.001280,1,4,48,0,1
1807,0.248800,0.301700,0.028800,0.089400,0.045200,0.080700,0.004400,0.035104,0.011200,0.007936,0.010272,0.001312,1,4,48,0,1
1808,0.280000,0.317800,0.034200,0.116600,0.046600,0.076900,0.005200,0.035104,0.013632,0.008032,0.010368,0.001280,1,4,48,0,1
1809,0.254300,0.332800,0.029100,0.090400,0.045800,0.082100,0.006500,0.034944,0.011232,0.007776,0.010304,0.001248,1,4,48,0,1
1810,0.253100,0.307300,0.029600,0.090000,0.045600,0.081400,0.006100,0.035456,0.011232,0.008192,0.010272,0.001344,1,4,48,0,1
1811,0.246000,0.306000,0.028600,0.090300,0.045500,0.076100,0.005100,0.035104,0.013664,0.008000,0.010432,0.001184,1,4,48,0,1
1812,0.254500,0.303800,0.029300,0.090000,0.045400,0.075500,0.014000,0.035232,0.012192,0.008128,0.010432,0.001216,1,4,48,0,1
1813,0.252700,0.307700,0.029200,0.089700,0.046400,0.076300,0.010800,0.034976,0.011136,0.007872,0.010272,0.001312,1,4,48,0,1
1814,0.252800,0.305500,0.029100,0.089900,0.045800,0.076800,0.010900,0.035168,0.012352,0.008128,0.010208,0.001216,1,4,48,0,1
1815,0.251200,0.305700,0.029000,0.089400,0.045700,0.081100,0.005600,0.035104,0.011264,0.007936,0.010240,0.001248,1,4,48,0,1
1816,0.255700,0.304700,0.029200,0.089500,0.045300,0.076500,0.014800,0.036640,0.011200,0.008000,0.010272,0.001344,1,4,48,0,1
1817,0.256600,0.308700,0.028800,0.089600,0.045300,0.076000,0.016600,0.035456,0.011168,0.008032,0.010240,0.001376,1,4,48,0,1
1818,0.257800,0.309500,0.029100,0.089300,0.050800,0.075900,0.012400,0.035328,0.013728,0.008128,0.010368,0.001344,1,4,48,0,1
1819,0.262100,0.311200,0.028500,0.101400,0.045100,0.082000,0.004700,0.035232,0.013664,0.008032,0.010432,0.001344,1,4,48,0,1
1820,0.249300,0.314800,0.028700,0.089400,0.045000,0.081400,0.004400,0.035296,0.011168,0.008128,0.010272,0.001312,1,4,48,0,1
1821,0.246700,0.302600,0.028600,0.090200,0.045900,0.076500,0.005000,0.035136,0.013664,0.007872,0.010464,0.001312,1,4,48,0,1
1822,0.252400,0.299600,0.028800,0.089600,0.045800,0.083900,0.004100,0.035264,0.013696,0.008160,0.010496,0.001216,1,4,48,0,1
1823,0.253200,0.305200,0.029000,0.089500,0.045900,0.084200,0.004100,0.037120,0.011264,0.008032,0.010464,0.001344,1,4,48,0,1
1824,0.251600,0.306200,0.028600,0.089800,0.045300,0.076200,0.011200,0.037536,0.011296,0.008224,0.010368,0.001312,1,4,48,0,1
1825,0.249900,0.309400,0.029100,0.090400,0.044900,0.080900,0.004300,0.035296,0.011232,0.008096,0.010272,0.001344,1,4,48,0,1
1826,0.251100,0.303200,0.028600,0.089800,0.045100,0.076200,0.011100,0.035360,0.012288,0.008160,0.010400,0.001312,1,4,48,0,1
1827,0.251700,0.304100,0.028900,0.089900,0.045400,0.083500,0.003700,0.035008,0.011168,0.007808,0.010272,0.001376,1,4,48,0,1
1828,0.251100,0.304300,0.029200,0.089300,0.045200,0.083000,0.004000,0.035232,0.011200,0.008128,0.010272,0.001216,1,4,48,0,1
1829,0.251300,0.304000,0.028500,0.089600,0.045400,0.083100,0.004100,0.035072,0.011232,0.008000,0.010240,0.001216,1,4,48,0,1
1830,0.249800,0.304200,0.028700,0.089400,0.045700,0.081000,0.004600,0.035424,0.011232,0.008160,0.010304,0.001280,1,4,48,0,1
1831,0.250800,0.302800,0.028700,0.089200,0.045400,0.081400,0.005700,0.035232,0.011200,0.008064,0.010272,0.001344,1,4,48,0,1
1832,0.249200,0.304300,0.028600,0.089200,0.044800,0.075500,0.010700,0.035424,0.012256,0.008224,0.010400,0.001312,1,4,48,0,1
1833,0.250700,0.302000,0.028800,0.089100,0.045000,0.083800,0.003700,0.035136,0.011232,0.007904,0.010304,0.001280,1,4,48,0,1
1834,0.250300,0.303600,0.029500,0.089400,0.045600,0.081100,0.004300,0.035264,0.013664,0.008128,0.010496,0.001216,1,4,48,0,1
1835,0.251400,0.302900,0.028900,0.089300,0.045300,0.083400,0.004100,0.035008,0.011200,0.007936,0.010240,0.001248,1,4,48,0,1
1836,0.253900,0.304300,0.028700,0.089100,0.045300,0.074400,0.016100,0.036864,0.011168,0.008160,0.010304,0.001280,1,4,48,0,1
1837,0.253600,0.307100,0.028500,0.089700,0.045400,0.075700,0.013800,0.035328,0.013760,0.008160,0.010400,0.001248,1,4,48,0,1
1838,0.256400,0.306500,0.028900,0.095200,0.044900,0.075700,0.011300,0.035296,0.013696,0.008064,0.010496,0.001280,1,4,48,0,1
1839,0.251200,0.309400,0.028900,0.089300,0.045000,0.083800,0.004000,0.035200,0.012192,0.007936,0.010496,0.001344,1,4,48,0,1
1840,0.252200,0.325000,0.029000,0.090500,0.045200,0.075700,0.011500,0.035520,0.012288,0.008192,0.010464,0.001344,1,4,48,0,1
1841,0.250500,0.305200,0.028700,0.089200,0.045500,0.083100,0.003600,0.035104,0.011168,0.008000,0.010272,0.001280,1,4,48,0,1
1842,0.249800,0.303800,0.028600,0.089500,0.045100,0.082700,0.003500,0.035296,0.011264,0.008128,0.010208,0.001312,1,4,48,0,1
1843,0.250600,0.302500,0.028700,0.089200,0.045800,0.082000,0.004500,0.035360,0.012224,0.008096,0.010464,0.001376,1,4,48,0,1
1844,0.263300,0.303900,0.028500,0.089600,0.049700,0.079900,0.015100,0.035808,0.011072,0.008096,0.010304,0.001248,1,4,48,0,1
1845,0.250400,0.316600,0.028600,0.089000,0.045900,0.081500,0.004900,0.035072,0.011168,0.008000,0.010304,0.001216,1,4,48,0,1
1846,0.251400,0.303300,0.028600,0.089200,0.045900,0.076600,0.010600,0.035296,0.013728,0.008064,0.010464,0.001280,1,4,48,0,1
1847,0.251500,0.304500,0.028600,0.089500,0.045700,0.081800,0.005500,0.035296,0.011264,0.008032,0.010304,0.001312,1,4,48,0,1
1848,0.255200,0.304600,0.028800,0.089300,0.045100,0.084600,0.006900,0.035104,0.011168,0.008064,0.010240,0.001216,1,4,48,0,1
1849,0.251100,0.308400,0.028500,0.089300,0.045500,0.083800,0.003700,0.035104,0.011168,0.007936,0.010272,0.001280,1,4,48,0,1
1850,0.252300,0.304200,0.028800,0.089700,0.045800,0.083700,0.003900,0.035392,0.011200,0.008192,0.010272,0.001344,1,4,48,0,1
1851,0.258100,0.305600,0.028400,0.096000,0.045400,0.081600,0.005900,0.035008,0.011264,0.007840,0.010272,0.001184,1,4,48,0,1
1852,0.251000,0.311300,0.028600,0.089100,0.045400,0.083500,0.004100,0.035296,0.011232,0.008096,0.010304,0.001312,1,4,48,0,1
1853,0.252400,0.304300,0.028800,0.089500,0.045200,0.084600,0.003900,0.035104,0.011200,0.007936,0.010240,0.001248,1,4,48,0,1
1854,0.254400,0.305400,0.028700,0.089300,0.045300,0.075900,0.014900,0.035168,0.011168,0.008128,0.010208,0.001280,1,4,48,0,1
1855,0.254000,0.307600,0.028800,0.089800,0.045300,0.084300,0.005400,0.035136,0.011168,0.008000,0.010272,0.001312,1,4,48,0,1
1856,0.255500,0.306800,0.028600,0.089900,0.046000,0.075500,0.015200,0.035424,0.013728,0.008128,0.010464,0.001312,1,4,48,0,1
1857,0.359300,0.308200,0.030300,0.133600,0.064400,0.122500,0.007900,0.036960,0.011264,0.008000,0.010240,0.001312,1,4,48,0,1
1858,0.381500,0.443000,0.044700,0.143000,0.070900,0.116500,0.005900,0.037280,0.011136,0.008128,0.010400,0.001280,1,4,48,0,1
1859,0.362100,0.461000,0.042900,0.141600,0.069900,0.102700,0.004400,0.035104,0.013728,0.007936,0.010464,0.001216,1,4,48,0,1
1860,0.345800,0.429600,0.036000,0.111400,0.058100,0.135600,0.004300,0.035712,0.011200,0.008000,0.010336,0.001280,1,4,48,0,1
1861,0.316100,0.412000,0.035600,0.111300,0.058700,0.105200,0.004800,0.035264,0.012224,0.008128,0.010496,0.001216,1,4,48,0,1
1862,0.325500,0.401300,0.037900,0.121700,0.062100,0.098600,0.004400,0.035328,0.013696,0.008192,0.010432,0.001216,1,4,48,0,1
1863,0.309600,0.392600,0.036400,0.113900,0.059900,0.094700,0.004300,0.035264,0.011168,0.008000,0.010208,0.001280,1,4,48,0,1
1864,0.302100,0.376400,0.035600,0.111300,0.058200,0.092300,0.004200,0.035200,0.013696,0.008064,0.010400,0.001248,1,4,48,0,1
1865,0.298300,0.368000,0.035400,0.110000,0.056100,0.091400,0.004900,0.035232,0.013760,0.008064,0.010368,0.001280,1,4,48,0,1
1866,0.304600,0.364200,0.035200,0.109300,0.062900,0.091600,0.005000,0.035232,0.012160,0.008032,0.010400,0.001280,1,4,48,0,1
1867,0.289800,0.370800,0.035400,0.109200,0.055600,0.082700,0.006400,0.034944,0.011168,0.008000,0.010240,0.001248,1,4,48,0,1
1868,0.253200,0.343000,0.028900,0.091000,0.045600,0.081500,0.005800,0.035392,0.011264,0.008160,0.010272,0.001312,1,4,48,0,1
1869,0.254100,0.306400,0.028600,0.091100,0.045900,0.084400,0.003800,0.035168,0.011232,0.008096,0.010272,0.001344,1,4,48,0,1
1870,0.271200,0.307500,0.035100,0.099500,0.045300,0.085500,0.005400,0.035200,0.011104,0.008160,0.010240,0.001280,1,4,48,0,1
1871,0.246200,0.324200,0.029400,0.089900,0.045600,0.076300,0.004600,0.035136,0.011168,0.007904,0.010336,0.001344,1,4,48,0,1
1872,0.254100,0.299500,0.029200,0.090200,0.045300,0.083700,0.005400,0.036896,0.011008,0.008160,0.010240,0.001344,1,4,48,0,1
1873,0.259200,0.307600,0.028900,0.093600,0.045800,0.076000,0.014500,0.035840,0.011264,0.008000,0.010304,0.001248,1,4,48,0,1
1874,0.252300,0.312200,0.028900,0.089700,0.045100,0.081900,0.006100,0.035424,0.013728,0.008096,0.010432,0.001344,1,4,48,0,1
1875,0.251400,0.305300,0.028600,0.089900,0.045500,0.082300,0.004700,0.035008,0.011200,0.007840,0.010304,0.001280,1,4,48,0,1
1876,0.253900,0.305000,0.028900,0.090900,0.046000,0.076800,0.010900,0.037408,0.011168,0.008096,0.010432,0.001344,1,4,48,0,1
1877,0.252900,0.307200,0.029200,0.090800,0.045900,0.076400,0.010300,0.037248,0.011200,0.008096,0.010464,0.001216,1,4,48,0,1
1878,0.252700,0.306300,0.028700,0.089700,0.046000,0.084000,0.004000,0.035328,0.011232,0.008096,0.010304,0.001312,1,4,48,0,1
1879,0.256900,0.305600,0.028600,0.095700,0.045500,0.080900,0.005800,0.035264,0.011136,0.008096,0.010304,0.001312,1,4,48,0,1
1880,0.251000,0.309900,0.028800,0.089800,0.045500,0.075600,0.010900,0.035264,0.011168,0.008160,0.010272,0.001248,1,4,48,0,1
1881,0.252100,0.304000,0.028700,0.089700,0.045700,0.083600,0.004000,0.035040,0.011232,0.008000,0.010176,0.001280,1,4,48,0,1
1882,0.251900,0.305400,0.028600,0.089800,0.045900,0.076500,0.010800,0.037248,0.011200,0.008192,0.010336,0.001216,1,4,48,0,1
1883,0.251500,0.305000,0.028800,0.090400,0.045700,0.075700,0.010400,0.035168,0.013696,0.008000,0.010368,0.001312,1,4,48,0,1
1884,0.252800,0.304500,0.028600,0.090900,0.045700,0.075800,0.011300,0.037120,0.013696,0.008000,0.010272,0.001184,1,4,48,0,1
1885,0.258700,0.305800,0.028700,0.089800,0.045600,0.090300,0.004100,0.034976,0.011168,0.007968,0.010272,0.001216,1,4,48,0,1
1886,0.251200,0.311500,0.028900,0.090400,0.045800,0.081300,0.004400,0.035264,0.011168,0.008128,0.010304,0.001216,1,4,48,0,1
1887,0.271900,0.304100,0.028500,0.111300,0.045300,0.076300,0.010200,0.035328,0.011264,0.008064,0.010272,0.001312,1,4,48,0,1
1888,0.251400,0.325300,0.029100,0.090000,0.045300,0.074800,0.011800,0.035360,0.013696,0.008192,0.010464,0.001216,1,4,48,0,1
1889,0.251400,0.304100,0.028900,0.090300,0.045000,0.083400,0.003600,0.035232,0.011264,0.008032,0.010240,0.001312,1,4,48,0,1
1890,0.253000,0.304200,0.028700,0.089900,0.045000,0.075400,0.013600,0.037600,0.011296,0.008384,0.010368,0.001280,1,4,48,0,1
1891,0.256700,0.305900,0.028700,0.090000,0.045500,0.084900,0.007200,0.035168,0.011200,0.008064,0.010240,0.001312,1,4,48,0,1
1892,0.262000,0.310000,0.028900,0.096400,0.045600,0.076500,0.014300,0.035488,0.011232,0.008192,0.010304,0.001344,1,4,48,0,1
1893,0.251800,0.315200,0.029100,0.089600,0.045400,0.075900,0.011500,0.035616,0.011232,0.008064,0.010240,0.001280,1,4,48,0,1
1894,0.250200,0.304400,0.028700,0.089900,0.045800,0.081000,0.004400,0.035104,0.013664,0.008032,0.010400,0.001248,1,4,48,0,1
1895,0.252300,0.303000,0.028500,0.090000,0.045400,0.081900,0.006200,0.035008,0.011168,0.007808,0.010272,0.001344,1,4,48,0,1
1896,0.251700,0.305800,0.028900,0.090400,0.046100,0.080300,0.005700,0.035232,0.011232,0.008032,0.010240,0.001312,1,4,48,0,1
1897,0.251500,0.304800,0.028600,0.089600,0.045300,0.083600,0.003900,0.035168,0.011264,0.008032,0.010240,0.001216,1,4,48,0,1
1898,0.254300,0.305200,0.028900,0.089400,0.045300,0.085900,0.004400,0.035264,0.011232,0.008096,0.010240,0.001280,1,4,48,0,1
1899,0.251900,0.307000,0.028700,0.090100,0.045000,0.081900,0.005800,0.035168,0.011232,0.008000,0.010304,0.001248,1,4,48,0,1
1900,0.254900,0.305000,0.028500,0.089800,0.045300,0.087300,0.003600,0.035232,0.011136,0.008096,0.010272,0.001344,1,4,48,0,1
1901,0.254000,0.308100,0.028600,0.090700,0.045900,0.082500,0.005800,0.035008,0.011200,0.007904,0.010208,0.001312,1,4,48,0,1
1902,0.372300,0.336100,0.045900,0.149200,0.072300,0.098700,0.005700,0.035168,0.011200,0.008032,0.010304,0.001248,1,4,48,0,1
1903,0.309700,0.441300,0.036200,0.113200,0.056900,0.098500,0.004600,0.035008,0.011136,0.007936,0.010272,0.001280,1,4,48,0,1
1904,0.311200,0.375900,0.035500,0.113500,0.056300,0.099300,0.006100,0.035072,0.011168,0.007968,0.010240,0.001312,1,4,48,0,1
1905,0.300200,0.377600,0.035600,0.111300,0.056200,0.092100,0.004700,0.035168,0.011264,0.007936,0.010272,0.001312,1,4,48,0,1
1906,0.306800,0.365700,0.035300,0.120000,0.054800,0.091600,0.004500,0.035456,0.011232,0.008256,0.010240,0.001312,1,4,48,0,1
1907,0.297000,0.374700,0.035400,0.109800,0.055700,0.091300,0.004400,0.035040,0.011200,0.008096,0.010240,0.001312,1,4,48,0,1
1908,0.279400,0.362900,0.036500,0.106800,0.046300,0.085100,0.004200,0.035232,0.011232,0.008192,0.010240,0.001216,1,4,48,0,1
1909,0.254200,0.332300,0.028800,0.090100,0.046300,0.084700,0.003900,0.035264,0.011232,0.008096,0.010272,0.001248,1,4,48,0,1
1910,0.259100,0.307300,0.028700,0.090900,0.046300,0.077700,0.015200,0.036704,0.011232,0.008032,0.010272,0.001248,1,4,48,0,1
1911,0.260000,0.312600,0.031700,0.090600,0.045800,0.076400,0.015100,0.035776,0.011168,0.008032,0.010240,0.001280,1,4,48,0,1
1912,0.259800,0.313300,0.029000,0.089900,0.050800,0.076800,0.012900,0.037408,0.011296,0.008000,0.010496,0.001312,1,4,48,0,1
1913,0.262700,0.313000,0.028900,0.090000,0.045800,0.091700,0.005800,0.037376,0.011200,0.008128,0.010400,0.001216,1,4,48,0,1
1914,0.267200,0.315700,0.029200,0.099400,0.045700,0.085100,0.007500,0.035360,0.011168,0.008352,0.010240,0.001216,1,4,48,0,1
1915,0.252200,0.320300,0.028600,0.090000,0.045500,0.084000,0.003800,0.035200,0.011296,0.008064,0.010240,0.001216,1,4,48,0,1
1916,0.252400,0.305400,0.028600,0.089400,0.045600,0.084400,0.004100,0.037504,0.011328,0.008160,0.010368,0.001312,1,4,48,0,1
1917,0.250700,0.305200,0.028800,0.089800,0.045500,0.081700,0.004600,0.035168,0.012256,0.007872,0.010496,0.001280,1,4,48,0,1
1918,0.255300,0.304200,0.028800,0.090000,0.045200,0.085100,0.005700,0.035296,0.012288,0.008160,0.010368,0.001248,1,4,48,0,1
1919,0.253400,0.313500,0.029400,0.091600,0.045500,0.080500,0.005900,0.034880,0.011168,0.007904,0.010272,0.001376,1,4,48,0,1
1920,0.251100,0.306500,0.028700,0.090300,0.044800,0.076500,0.010300,0.037376,0.011168,0.008128,0.010432,0.001248,1,4,48,0,1
1921,0.253000,0.303700,0.028900,0.090200,0.045600,0.082100,0.005800,0.035200,0.011296,0.008096,0.010208,0.001248,1,4,48,0,1
1922,0.253400,0.306000,0.028800,0.090200,0.045600,0.076400,0.012200,0.037056,0.011232,0.008064,0.010400,0.001280,1,4,48,0,1
1923,0.252300,0.306300,0.028900,0.090000,0.045400,0.084100,0.003500,0.035104,0.011200,0.008000,0.010240,0.001216,1,4,48,0,1
1924,0.254400,0.305900,0.028700,0.089800,0.045500,0.076100,0.013900,0.037056,0.011232,0.008128,0.010336,0.001248,1,4,48,0,1
1925,0.256500,0.307200,0.028600,0.089800,0.051100,0.080800,0.005900,0.035168,0.012256,0.007936,0.010464,0.001248,1,4,48,0,1
1926,0.252100,0.309500,0.028800,0.089600,0.045700,0.081600,0.006000,0.035168,0.011200,0.007968,0.010304,0.001312,1,4,48,0,1
1927,0.251300,0.304700,0.028600,0.089700,0.045700,0.076600,0.010300,0.037248,0.011232,0.007936,0.010432,0.001280,1,4,48,0,1
1928,0.250800,0.304400,0.029200,0.090100,0.045500,0.081200,0.004400,0.035360,0.011296,0.008032,0.010304,0.001312,1,4,48,0,1
1929,0.252700,0.303600,0.028600,0.090000,0.045500,0.081200,0.006900,0.037280,0.013760,0.008064,0.010208,0.001344,1,4,48,0,1
1930,0.252800,0.305700,0.028800,0.089700,0.045800,0.081100,0.007100,0.035424,0.013728,0.008192,0.010464,0.001248,1,4,48,0,1
1931,0.254100,0.305900,0.028700,0.089800,0.045300,0.075500,0.014400,0.035360,0.013728,0.008064,0.010432,0.001344,1,4,48,0,1
1932,0.253500,0.312300,0.028800,0.089800,0.044800,0.075900,0.013700,0.035616,0.012224,0.008384,0.010432,0.001344,1,4,48,0,1
1933,0.254400,0.323100,0.029300,0.091100,0.045800,0.076800,0.010900,0.035232,0.011200,0.008096,0.010208,0.001312,1,4,48,0,1
1934,0.253700,0.307600,0.029000,0.090600,0.045300,0.084300,0.004100,0.035168,0.011232,0.008032,0.010304,0.001248,1,4,48,0,1
1935,0.252000,0.307100,0.028500,0.089600,0.045200,0.082400,0.006000,0.035040,0.011200,0.007840,0.010272,0.001344,1,4,48,0,1
1936,0.250000,0.304800,0.028700,0.089400,0.045100,0.081900,0.004300,0.037472,0.011296,0.008128,0.010432,0.001312,1,4,48,0,1
1937,0.244000,0.302900,0.028700,0.089800,0.044700,0.075400,0.005100,0.035200,0.013728,0.008032,0.010432,0.001248,1,4,48,0,1
1938,0.258900,0.297200,0.028800,0.089900,0.050200,0.077000,0.012500,0.036736,0.011200,0.008320,0.010272,0.001184,1,4,48,0,1
1939,0.253700,0.311800,0.028800,0.089600,0.045300,0.081300,0.008300,0.035264,0.011232,0.008000,0.010272,0.001408,1,4,48,0,1
1940,0.251700,0.306600,0.028500,0.089600,0.045300,0.076600,0.011300,0.037248,0.011136,0.008128,0.010432,0.001280,1,4,48,0,1
1941,0.255800,0.305100,0.028800,0.089700,0.045500,0.084700,0.006700,0.035264,0.011808,0.008000,0.010464,0.001344,1,4,48,0,1
1942,0.250000,0.308900,0.028800,0.089500,0.045300,0.081600,0.004400,0.035168,0.011168,0.008064,0.010240,0.001312,1,4,48,0,1
1943,0.251500,0.303000,0.029000,0.089800,0.045600,0.076000,0.010700,0.037312,0.011136,0.008064,0.010464,0.001344,1,4,48,0,1
1944,0.250100,0.304400,0.028700,0.089500,0.045400,0.081600,0.004400,0.035360,0.012224,0.008288,0.010432,0.001216,1,4,48,0,1
1945,0.258200,0.303000,0.034600,0.090700,0.045800,0.082200,0.004400,0.037312,0.011136,0.008032,0.010496,0.001344,1,4,48,0,1
1946,0.251100,0.311400,0.028700,0.090500,0.045500,0.081400,0.004400,0.035424,0.011168,0.008320,0.010240,0.001280,1,4,48,0,1
1947,0.254000,0.303900,0.028500,0.089400,0.045600,0.084200,0.005900,0.035168,0.011232,0.008064,0.010144,0.001344,1,4,48,0,1
1948,0.250300,0.307200,0.028900,0.089800,0.045200,0.081700,0.004500,0.035360,0.012224,0.008192,0.010400,0.001312,1,4,48,0,1
1949,0.245800,0.302900,0.028600,0.089600,0.045700,0.076300,0.005100,0.035168,0.011232,0.007936,0.010272,0.001376,1,4,48,0,1
1950,0.325500,0.298800,0.028900,0.117500,0.053700,0.117300,0.007700,0.035776,0.011200,0.008096,0.010272,0.001216,1,4,48,0,1
1951,0.262300,0.378900,0.029000,0.095800,0.045700,0.076100,0.015400,0.035136,0.013696,0.008000,0.010432,0.001216,1,4,48,0,1
1952,0.257100,0.315100,0.028800,0.090200,0.045600,0.084600,0.007500,0.035232,0.011200,0.008128,0.010272,0.001248,1,4,48,0,1
1953,0.255500,0.310000,0.028800,0.089900,0.045200,0.076800,0.014400,0.037184,0.011200,0.007936,0.010400,0.001280,1,4,48,0,1
1954,0.254400,0.308600,0.028500,0.089500,0.045300,0.085000,0.005600,0.035328,0.011168,0.008288,0.010240,0.001216,1,4,48,0,1
1955,0.251100,0.307600,0.028800,0.089400,0.045200,0.082000,0.005400,0.037248,0.011264,0.007904,0.010496,0.001280,1,4,48,0,1
1956,0.260300,0.304800,0.028600,0.099700,0.045400,0.081600,0.004700,0.035360,0.012288,0.008096,0.010464,0.001280,1,4,48,0,1
1957,0.251500,0.313300,0.028700,0.089300,0.045600,0.083900,0.003700,0.034976,0.011200,0.008032,0.010176,0.001216,1,4,48,0,1
1958,0.253800,0.309000,0.029000,0.090300,0.045500,0.076400,0.012200,0.037536,0.011200,0.008256,0.010432,0.001344,1,4,48,0,1
1959,0.251300,0.307000,0.028700,0.089200,0.045400,0.083700,0.003900,0.035072,0.012224,0.007872,0.010464,0.001280,1,4,48,0,1
1960,0.251400,0.304200,0.028600,0.090100,0.045300,0.081400,0.005700,0.035424,0.011232,0.008256,0.010304,0.001248,1,4,48,0,1
1961,0.251300,0.304300,0.028600,0.090100,0.045400,0.076000,0.010700,0.036992,0.013728,0.007936,0.010272,0.001312,1,4,48,0,1
1962,0.253400,0.304400,0.028600,0.090400,0.045900,0.076100,0.012000,0.037472,0.011168,0.008288,0.010432,0.001280,1,4,48,0,1
1963,0.255900,0.306300,0.028700,0.090100,0.045800,0.076400,0.014500,0.035648,0.011232,0.007904,0.010304,0.001280,1,4,48,0,1
1964,0.258600,0.308900,0.028800,0.095700,0.045100,0.075900,0.012600,0.037376,0.011232,0.008096,0.010432,0.001248,1,4,48,0,1
1965,0.253900,0.311600,0.028700,0.089400,0.045400,0.084200,0.005700,0.035072,0.011264,0.008000,0.010208,0.001216,1,4,48,0,1
1966,0.255100,0.306800,0.028800,0.089900,0.045400,0.075900,0.014600,0.037376,0.011232,0.008128,0.010432,0.001280,1,4,48,0,1
1967,0.244400,0.307800,0.028800,0.089500,0.045000,0.075300,0.005200,0.035200,0.012288,0.007968,0.010400,0.001344,1,4,48,0,1
1968,0.247800,0.297100,0.028900,0.092700,0.045400,0.075300,0.005100,0.035808,0.011104,0.008000,0.010272,0.001344,1,4,48,0,1
1969,0.256500,0.300700,0.028600,0.089300,0.045900,0.074900,0.017400,0.035968,0.011232,0.008128,0.010304,0.001280,1,4,48,0,1
1970,0.258400,0.309600,0.030900,0.090000,0.045600,0.076000,0.015500,0.035360,0.013696,0.008192,0.010464,0.001216,1,4,48,0,1
1971,0.253700,0.316500,0.028900,0.090700,0.046100,0.076300,0.011200,0.035136,0.013632,0.007936,0.010432,0.001312,1,4,48,0,1
1972,0.251300,0.306500,0.028800,0.089900,0.045500,0.076000,0.010600,0.035872,0.011200,0.008032,0.010304,0.001280,1,4,48,0,1
1973,0.251100,0.304300,0.029000,0.089600,0.045800,0.076100,0.010300,0.036064,0.010848,0.007904,0.010272,0.001280,1,4,48,0,1
1974,0.250200,0.304300,0.028600,0.089800,0.045600,0.081300,0.004600,0.035424,0.011232,0.008192,0.010272,0.001312,1,4,48,0,1
1975,0.263700,0.303200,0.039300,0.090100,0.045400,0.084900,0.003600,0.035168,0.013600,0.008000,0.010464,0.001312,1,4,48,0,1
1976,0.251200,0.316900,0.028400,0.089600,0.045400,0.076200,0.011200,0.035488,0.011200,0.008416,0.010272,0.001216,1,4,48,0,1
1977,0.257000,0.304100,0.028200,0.089400,0.051000,0.084300,0.003900,0.035264,0.011200,0.008128,0.010240,0.001280,1,4,48,0,1
1978,0.252000,0.310200,0.028500,0.089600,0.045300,0.075800,0.012400,0.037504,0.011264,0.008192,0.010496,0.001280,1,4,48,0,1
1979,0.251800,0.304700,0.033900,0.090600,0.045500,0.076300,0.005100,0.037184,0.013696,0.008032,0.010240,0.001312,1,4,48,0,1
1980,0.250700,0.304800,0.027600,0.089400,0.045600,0.083600,0.003900,0.035360,0.011232,0.008096,0.010304,0.001344,1,4,48,0,1
1981,0.249900,0.319500,0.027700,0.090100,0.045500,0.075700,0.010500,0.035072,0.011232,0.007936,0.010208,0.001280,1,4,48,0,1
1982,0.251500,0.302600,0.027900,0.089800,0.045700,0.084000,0.003800,0.035296,0.011136,0.008160,0.010240,0.001312,1,4,48,0,1
1983,0.249500,0.304300,0.027800,0.090100,0.045500,0.081200,0.004500,0.035232,0.011200,0.008064,0.010304,0.001280,1,4,48,0,1
1984,0.248700,0.307300,0.027500,0.089800,0.045500,0.081000,0.004400,0.035136,0.011104,0.008128,0.010208,0.001248,1,4,48,0,1
1985,0.250200,0.301800,0.027200,0.089500,0.045400,0.083700,0.004100,0.035360,0.011296,0.008064,0.010304,0.001280,1,4,48,0,1
1986,0.252800,0.303200,0.027200,0.089500,0.045100,0.084600,0.005800,0.035232,0.011232,0.008064,0.010304,0.001248,1,4,48,0,1
1987,0.250500,0.305500,0.027700,0.089700,0.045000,0.075600,0.011900,0.035360,0.013728,0.008064,0.010432,0.001312,1,4,48,0,1
1988,0.251600,0.303600,0.027600,0.089500,0.045300,0.076000,0.012900,0.035232,0.011232,0.008064,0.010208,0.001312,1,4,48,0,1
1989,0.244100,0.304400,0.027300,0.089300,0.045600,0.077100,0.004400,0.035264,0.011232,0.008032,0.010272,0.001344,1,4,48,0,1
1990,0.258600,0.300100,0.027200,0.089900,0.045700,0.091000,0.004500,0.035680,0.011104,0.008064,0.010400,0.001280,1,4,48,0,1
1991,0.253600,0.312000,0.027600,0.090200,0.045600,0.083100,0.006600,0.035008,0.011136,0.007936,0.010240,0.001312,1,4,48,0,1
1992,0.249900,0.306700,0.027400,0.090300,0.045300,0.076300,0.010200,0.037440,0.011200,0.008096,0.010464,0.001344,1,4,48,0,1
1993,0.249000,0.302700,0.027200,0.089400,0.045300,0.076200,0.010600,0.035264,0.013728,0.008000,0.010432,0.001344,1,4,48,0,1
1994,0.249700,0.302000,0.027500,0.089500,0.045700,0.076200,0.010400,0.035328,0.012288,0.008064,0.010432,0.001344,1,4,48,0,1
1995,0.249100,0.302500,0.027600,0.089500,0.046000,0.081100,0.004600,0.035392,0.011296,0.008096,0.010272,0.001312,1,4,48,0,1
1996,0.250700,0.301900,0.027200,0.089300,0.045500,0.082400,0.005900,0.035232,0.011200,0.008160,0.010240,0.001216,1,4,48,0,1
1997,0.254700,0.304100,0.027100,0.095300,0.044800,0.083500,0.003500,0.035104,0.011200,0.007904,0.010336,0.001280,1,4,48,0,1
1998,0.248400,0.308200,0.027300,0.089500,0.045100,0.081600,0.004400,0.037472,0.011168,0.008192,0.010432,0.001344,1,4,48,0,1
1999,0.360800,0.311200,0.039000,0.122700,0.065200,0.127100,0.006100,0.035360,0.011168,0.007968,0.010336,0.001216,1,4,48,0,1
2000,0.259600,0.415300,0.028400,0.095300,0.047400,0.082700,0.005100,0.035776,0.011104,0.008064,0.010240,0.001280,1,4,48,0,1
2001,0.266300,0.312800,0.027400,0.091800,0.046600,0.093700,0.006300,0.035232,0.011296,0.008096,0.010240,0.001216,1,4,48,0,1
2002,0.253400,0.319900,0.027300,0.091600,0.046000,0.082300,0.005700,0.035232,0.011168,0.008192,0.010240,0.001248,1,4,48,0,1
2003,0.254200,0.306400,0.027600,0.091100,0.046300,0.082600,0.006200,0.035072,0.012224,0.007904,0.010432,0.001280,1,4,48,0,1
2004,0.251600,0.307500,0.027100,0.090600,0.045800,0.081900,0.005600,0.035360,0.011168,0.008224,0.010240,0.001280,1,4,48,0,1
2005,0.267500,0.305800,0.034500,0.097900,0.046000,0.077600,0.011000,0.037312,0.011264,0.007968,0.010432,0.001312,1,4,48,0,1
2006,0.250700,0.320700,0.027300,0.090500,0.045900,0.082100,0.004400,0.035392,0.011200,0.008192,0.010304,0.001312,1,4,48,0,1
2007,0.251900,0.303700,0.027500,0.090300,0.046500,0.081600,0.005700,0.034944,0.011136,0.008000,0.010208,0.001152,1,4,48,0,1
2008,0.245200,0.305100,0.027300,0.090200,0.046400,0.075200,0.005500,0.036160,0.011200,0.008160,0.010304,0.001344,1,4,48,0,1
2009,0.256500,0.298500,0.027200,0.090000,0.046100,0.076800,0.015900,0.035904,0.011136,0.007936,0.010304,0.001344,1,4,48,0,1
2010,0.253100,0.309900,0.027200,0.090200,0.046200,0.076700,0.012500,0.036928,0.013696,0.007936,0.010304,0.001312,1,4,48,0,1
2011,0.255900,0.306200,0.027800,0.089700,0.045700,0.085000,0.007300,0.035232,0.012256,0.008064,0.010368,0.001312,1,4,48,0,1
2012,0.250700,0.314300,0.027400,0.090200,0.045600,0.076300,0.010600,0.037120,0.011200,0.008064,0.010464,0.001248,1,4,48,0,1
2013,0.248700,0.304000,0.027500,0.088900,0.045500,0.075800,0.010700,0.037184,0.013760,0.007936,0.010304,0.001248,1,4,48,0,1
2014,0.254700,0.301800,0.027500,0.089600,0.045800,0.085800,0.005500,0.035072,0.011200,0.008000,0.010336,0.001184,1,4,48,0,1
2015,0.254000,0.307500,0.027500,0.089600,0.045200,0.085800,0.005500,0.035424,0.011264,0.008128,0.010304,0.001344,1,4,48,0,1
2016,0.251300,0.307500,0.027200,0.089500,0.045400,0.084600,0.004000,0.035200,0.012288,0.008032,0.010400,0.001216,1,4,48,0,1
2017,0.250500,0.304600,0.027300,0.090100,0.045700,0.082300,0.004400,0.037216,0.013760,0.008000,0.010240,0.001280,1,4,48,0,1
2018,0.255300,0.303700,0.027300,0.089600,0.050800,0.076800,0.010300,0.036736,0.013728,0.008096,0.010272,0.001280,1,4,48,0,1
2019,0.251200,0.308000,0.028000,0.089400,0.045900,0.081600,0.006000,0.035168,0.011168,0.008128,0.010240,0.001248,1,4,48,0,1
2020,0.249700,0.304500,0.027200,0.090000,0.045000,0.076200,0.010800,0.037344,0.011200,0.008064,0.010400,0.001344,1,4,48,0,1
2021,0.251900,0.302700,0.027400,0.089700,0.046200,0.076300,0.011800,0.037152,0.011296,0.008192,0.010400,0.001280,1,4,48,0,1
2022,0.248200,0.305000,0.027400,0.090100,0.045200,0.080600,0.004500,0.035392,0.011264,0.008160,0.010272,0.001312,1,4,48,0,1
2023,0.248500,0.301500,0.027500,0.089900,0.045200,0.081000,0.004500,0.035200,0.011168,0.008096,0.010240,0.001344,1,4,48,0,1
2024,0.247500,0.301400,0.027200,0.088900,0.044800,0.075600,0.010600,0.035200,0.012224,0.008000,0.010432,0.001312,1,4,48,0,1
2025,0.254900,0.300200,0.032300,0.089800,0.045300,0.083000,0.003900,0.035136,0.011296,0.008000,0.010208,0.001248,1,4,48,0,1
2026,0.249600,0.307700,0.027100,0.089600,0.045600,0.076600,0.010200,0.035264,0.012256,0.008064,0.010400,0.001344,1,4,48,0,1
2027,0.251200,0.302800,0.027500,0.089700,0.045100,0.082800,0.005700,0.035232,0.011200,0.008032,0.010304,0.001312,1,4,48,0,1
2028,0.254100,0.304200,0.027400,0.090000,0.046200,0.076600,0.013400,0.036640,0.011232,0.007904,0.010368,0.001344,1,4,48,0,1
2029,0.246200,0.307300,0.028800,0.090400,0.045700,0.075900,0.005100,0.035648,0.011040,0.008000,0.010208,0.001248,1,4,48,0,1
2030,0.251000,0.315000,0.027500,0.090400,0.045400,0.081600,0.005600,0.035264,0.011232,0.008064,0.010336,0.001280,1,4,48,0,1
2031,0.269100,0.304100,0.027300,0.102200,0.049300,0.083600,0.006200,0.035200,0.011264,0.007904,0.010304,0.001344,1,4,48,0,1
2032,0.254400,0.322100,0.027600,0.089800,0.044900,0.085100,0.006700,0.035424,0.012288,0.008128,0.010432,0.001344,1,4,48,0,1
2033,0.249400,0.307600,0.027300,0.089600,0.045100,0.076200,0.010700,0.037024,0.011168,0.007904,0.010464,0.001216,1,4,48,0,1
2034,0.246300,0.302900,0.027400,0.089400,0.050000,0.073900,0.005200,0.035776,0.011008,0.008032,0.010208,0.001312,1,4,48,0,1
2035,0.251900,0.299500,0.027400,0.089800,0.045500,0.076000,0.012900,0.035296,0.012288,0.008096,0.010464,0.001248,1,4,48,0,1
2036,0.252300,0.304900,0.027600,0.090000,0.045400,0.076300,0.012600,0.035520,0.012256,0.008256,0.010432,0.001344,1,4,48,0,1
2037,0.251800,0.305100,0.027100,0.089900,0.045600,0.076600,0.012200,0.036544,0.011200,0.008128,0.010240,0.001312,1,4,48,0,1
2038,0.254200,0.304600,0.032500,0.090100,0.045400,0.081100,0.004500,0.035360,0.011136,0.008224,0.010240,0.001312,1,4,48,0,1
2039,0.249000,0.307100,0.027800,0.089600,0.045200,0.081700,0.004300,0.035392,0.012288,0.008096,0.010432,0.001344,1,4,48,0,1
2040,0.248100,0.301900,0.027000,0.089200,0.045300,0.080500,0.005700,0.035008,0.011200,0.008064,0.010176,0.001184,1,4,48,0,1
2041,0.248600,0.301100,0.027000,0.088800,0.045300,0.076300,0.010800,0.037312,0.011328,0.007904,0.010496,0.001280,1,4,48,0,1
2042,0.252800,0.301300,0.027100,0.089400,0.045300,0.084700,0.005700,0.035264,0.011200,0.008160,0.010272,0.001248,1,4,48,0,1
2043,0.248900,0.305700,0.027600,0.089000,0.045500,0.075600,0.010700,0.037312,0.011168,0.008000,0.010464,0.001344,1,4,48,0,1
2044,0.253900,0.302000,0.027200,0.089900,0.045200,0.085600,0.005700,0.037280,0.011200,0.008160,0.010368,0.001216,1,4,48,0,1
2045,0.251600,0.306800,0.027400,0.089000,0.044800,0.084600,0.005600,0.035232,0.011200,0.008000,0.010336,0.001312,1,4,48,0,1
2046,0.252000,0.304500,0.027300,0.089700,0.045300,0.076600,0.012700,0.037376,0.011232,0.008096,0.010464,0.001280,1,4,48,0,1
2047,0.249000,0.305100,0.027300,0.089400,0.045300,0.075800,0.010600,0.035008,0.011136,0.007936,0.010240,0.001312,1,4,48,0,1
2048,0.251000,0.301700,0.027500,0.089400,0.045300,0.075800,0.012700,0.035360,0.012256,0.008096,0.010464,0.001312,1,4,48,0,1
2049,0.242500,0.304300,0.027200,0.089500,0.044900,0.075600,0.005000,0.035680,0.011232,0.007968,0.010272,0.001312,1,4,48,0,1
2050,0.368900,0.305600,0.037600,0.152500,0.074100,0.100700,0.003700,0.035296,0.013760,0.008032,0.010464,0.001312,1,4,48,0,1
2051,0.257500,0.427100,0.028000,0.091800,0.047000,0.078300,0.012100,0.035296,0.011168,0.008000,0.010272,0.001216,1,4,48,0,1
2052,0.257900,0.311000,0.027500,0.090900,0.046000,0.077400,0.015600,0.037152,0.011136,0.008000,0.010464,0.001248,1,4,48,0,1
2053,0.251600,0.311000,0.027900,0.089700,0.046200,0.076200,0.011100,0.037216,0.011296,0.007904,0.010432,0.001248,1,4,48,0,1
2054,0.251000,0.304600,0.027500,0.089800,0.045600,0.081700,0.005900,0.035264,0.011296,0.007936,0.010336,0.001312,1,4,48,0,1
2055,0.251100,0.304200,0.027400,0.089700,0.045400,0.084000,0.004100,0.035328,0.011232,0.008128,0.010208,0.001376,1,4,48,0,1
2056,0.257500,0.304000,0.029600,0.090300,0.045800,0.075400,0.016000,0.035840,0.011200,0.008352,0.010240,0.001344,1,4,48,0,1
2057,0.257700,0.310500,0.027700,0.095000,0.045500,0.084400,0.004700,0.035168,0.011232,0.008064,0.010272,0.001216,1,4,48,0,1
2058,0.250500,0.310700,0.027900,0.089600,0.045800,0.075900,0.010900,0.037088,0.011136,0.008160,0.010432,0.001216,1,4,48,0,1
2059,0.252200,0.303400,0.027400,0.089800,0.046200,0.084200,0.004100,0.035232,0.011200,0.008064,0.010272,0.001280,1,4,48,0,1
2060,0.252900,0.304900,0.027400,0.089800,0.045400,0.076000,0.013900,0.035328,0.011232,0.008160,0.010240,0.001312,1,4,48,0,1
2061,0.251100,0.305900,0.027300,0.089800,0.046000,0.076700,0.010900,0.035680,0.011072,0.008000,0.010240,0.001248,1,4,48,0,1
2062,0.252300,0.304100,0.027300,0.089500,0.045900,0.084600,0.004600,0.035200,0.011200,0.008192,0.010304,0.001280,1,4,48,0,1
2063,0.254400,0.305300,0.027400,0.089600,0.045400,0.076400,0.015100,0.036928,0.011232,0.008000,0.010336,0.001312,1,4,48,0,1
2064,0.250800,0.312400,0.027500,0.090000,0.045300,0.083800,0.003800,0.035168,0.011232,0.007904,0.010368,0.001280,1,4,48,0,1
2065,0.250500,0.304200,0.027100,0.089500,0.045100,0.084300,0.004000,0.035168,0.012256,0.008032,0.010400,0.001280,1,4,48,0,1
2066,0.252800,0.303300,0.027200,0.089600,0.045100,0.075600,0.014800,0.035808,0.011200,0.008000,0.010304,0.001280,1,4,48,0,1
2067,0.246200,0.305700,0.027400,0.089100,0.045700,0.077100,0.006400,0.035296,0.011264,0.008128,0.010304,0.001248,1,4,48,0,1
2068,0.243900,0.299300,0.027700,0.089400,0.045600,0.075600,0.005100,0.035360,0.013760,0.008064,0.010432,0.001344,1,4,48,0,1
2069,0.258200,0.297000,0.027400,0.094800,0.045600,0.081500,0.008500,0.035136,0.011232,0.008000,0.010272,0.001248,1,4,48,0,1
2070,0.261500,0.311300,0.027200,0.089400,0.055000,0.085700,0.003700,0.037280,0.013696,0.008096,0.010304,0.001312,1,4,48,0,1
2071,0.252200,0.314200,0.027400,0.089900,0.045300,0.083200,0.006000,0.035232,0.011200,0.008128,0.010272,0.001216,1,4,48,0,1
2072,0.248500,0.305300,0.027200,0.089200,0.045300,0.081800,0.004600,0.036992,0.011200,0.007936,0.010400,0.001216,1,4,48,0,1
2073,0.250100,0.301700,0.027400,0.089200,0.045400,0.084200,0.003600,0.034976,0.011168,0.007904,0.010240,0.001280,1,4,48,0,1
2074,0.248700,0.302800,0.027100,0.089500,0.045000,0.076200,0.010500,0.037312,0.011200,0.008064,0.010464,0.001216,1,4,48,0,1
2075,0.248600,0.301400,0.027800,0.089400,0.045100,0.081300,0.004500,0.037216,0.011232,0.008032,0.010432,0.001280,1,4,48,0,1
2076,0.247400,0.301500,0.027200,0.089000,0.045100,0.075300,0.010400,0.035424,0.011200,0.008160,0.010368,0.001312,1,4,48,0,1
2077,0.255000,0.300200,0.032400,0.089900,0.045300,0.081000,0.005800,0.035328,0.011232,0.008096,0.010272,0.001344,1,4,48,0,1
2078,0.249700,0.307800,0.027700,0.089500,0.045400,0.081300,0.005500,0.035520,0.011200,0.008384,0.010240,0.001280,1,4,48,0,1
2079,0.270000,0.302600,0.027600,0.107700,0.045600,0.084600,0.004100,0.035200,0.012288,0.008000,0.010336,0.001344,1,4,48,0,1
2080,0.249600,0.322900,0.027600,0.089300,0.045000,0.081600,0.005700,0.035200,0.011168,0.008064,0.010240,0.001312,1,4,48,0,1
2081,0.256900,0.302600,0.027000,0.090100,0.050500,0.082800,0.006000,0.035136,0.011136,0.008064,0.010272,0.001248,1,4,48,0,1
2082,0.249300,0.310100,0.027300,0.089400,0.045400,0.075900,0.011000,0.035200,0.013728,0.008064,0.010368,0.001248,1,4,48,0,1
2083,0.250400,0.302300,0.027500,0.089800,0.045400,0.081500,0.005800,0.035072,0.011200,0.007872,0.010272,0.001312,1,4,48,0,1
2084,0.254800,0.303300,0.027300,0.089600,0.045300,0.084600,0.007500,0.035488,0.012288,0.008256,0.010400,0.001312,1,4,48,0,1
2085,0.249700,0.308000,0.027200,0.089900,0.045800,0.082000,0.004500,0.037312,0.011296,0.007936,0.010432,0.001312,1,4,48,0,1
2086,0.249400,0.302800,0.027400,0.089700,0.045800,0.081700,0.004500,0.035360,0.012320,0.008064,0.010432,0.001344,1,4,48,0,1
2087,0.243100,0.302200,0.027400,0.090000,0.045900,0.075500,0.003900,0.035840,0.011168,0.007840,0.010400,0.001312,1,4,48,0,1
2088,0.255100,0.296200,0.027400,0.101700,0.045200,0.075200,0.005100,0.035200,0.011232,0.008160,0.010208,0.001216,1,4,48,0,1
2089,0.254800,0.308100,0.027400,0.089400,0.045600,0.085300,0.006600,0.035200,0.011232,0.008128,0.010208,0.001248,1,4,48,0,1
2090,0.256100,0.307500,0.027100,0.095600,0.044700,0.076500,0.011800,0.037024,0.011232,0.008032,0.010432,0.001312,1,4,48,0,1
2091,0.249100,0.309000,0.027600,0.089800,0.045000,0.075700,0.010600,0.035264,0.011232,0.008032,0.010208,0.001376,1,4,48,0,1
2092,0.249800,0.302600,0.027100,0.089300,0.045500,0.083700,0.003700,0.035168,0.011200,0.008096,0.010240,0.001248,1,4,48,0,1
2093,0.274300,0.302600,0.028100,0.089400,0.045500,0.105200,0.005700,0.037056,0.011200,0.007936,0.010368,0.001280,1,4,48,0,1
2094,0.250900,0.327100,0.027600,0.089400,0.045700,0.076000,0.011900,0.037504,0.011200,0.008224,0.010464,0.001248,1,4,48,0,1
2095,0.250400,0.303500,0.027800,0.089300,0.045300,0.083700,0.003900,0.035232,0.012288,0.008000,0.010400,0.001312,1,4,48,0,1
2096,0.251400,0.303500,0.027200,0.089100,0.045600,0.083400,0.005600,0.035328,0.011136,0.008224,0.010240,0.001344,1,4,48,0,1
2097,0.249500,0.304200,0.027100,0.089100,0.045300,0.083800,0.003700,0.035232,0.012288,0.008000,0.010400,0.001312,1,4,48,0,1
2098,0.248600,0.302800,0.027600,0.089300,0.045300,0.080400,0.005500,0.035232,0.011200,0.008096,0.010272,0.001280,1,4,48,0,1
2099,0.358500,0.301500,0.028100,0.132900,0.080400,0.108600,0.007800,0.037312,0.011232,0.008096,0.010208,0.001344,1,4,48,0,1
2100,0.270800,0.411700,0.027700,0.100200,0.046600,0.080600,0.015300,0.035296,0.013760,0.008192,0.010368,0.001248,1,4,48,0,1
2101,0.255100,0.323600,0.027700,0.090000,0.046900,0.076700,0.013300,0.037056,0.013664,0.007968,0.010240,0.001312,1,4,48,0,1
2102,0.251300,0.308200,0.027100,0.090100,0.046600,0.082500,0.004600,0.035296,0.011200,0.008192,0.010304,0.001248,1,4,48,0,1
2103,0.251800,0.309500,0.027900,0.090200,0.045800,0.082500,0.004800,0.035104,0.011264,0.007840,0.010368,0.001280,1,4,48,0,1
2104,0.248700,0.305000,0.027100,0.089600,0.045900,0.080900,0.004800,0.035200,0.011168,0.008000,0.010368,0.001280,1,4,48,0,1
2105,0.251700,0.301500,0.027000,0.089600,0.045900,0.084200,0.004800,0.035200,0.011232,0.008032,0.010272,0.001280,1,4,48,0,1
2106,0.252300,0.304500,0.027100,0.090800,0.046100,0.083900,0.004000,0.035264,0.011232,0.008128,0.010208,0.001312,1,4,48,0,1
2107,0.244700,0.305200,0.027500,0.090500,0.045900,0.074800,0.005500,0.035872,0.011232,0.007936,0.010336,0.001376,1,4,48,0,1
2108,0.253500,0.299700,0.027400,0.090200,0.045400,0.075600,0.014400,0.035744,0.011264,0.008096,0.010336,0.001280,1,4,48,0,1
2109,0.260000,0.306300,0.027100,0.090200,0.051300,0.085500,0.005600,0.035264,0.011200,0.008192,0.010272,0.001216,1,4,48,0,1
2110,0.248800,0.313000,0.027100,0.089600,0.045400,0.075800,0.010600,0.036992,0.011200,0.008064,0.010464,0.001248,1,4,48,0,1
2111,0.249000,0.301900,0.027700,0.089600,0.045500,0.081100,0.004600,0.035104,0.011168,0.007968,0.010240,0.001312,1,4,48,0,1
2112,0.248900,0.301600,0.027300,0.089400,0.045100,0.083000,0.003700,0.035328,0.012320,0.008128,0.010432,0.001216,1,4,48,0,1
2113,0.250500,0.301500,0.027500,0.090000,0.045100,0.081700,0.005900,0.035168,0.011264,0.007872,0.010368,0.001280,1,4,48,0,1
2114,0.250500,0.303200,0.027600,0.089700,0.044800,0.084100,0.004000,0.035360,0.011200,0.008320,0.010240,0.001216,1,4,48,0,1
2115,0.253000,0.303200,0.027600,0.089700,0.045300,0.085800,0.004200,0.037024,0.011168,0.007872,0.010464,0.001216,1,4,48,0,1
2116,0.255700,0.306200,0.032200,0.089900,0.045200,0.084300,0.003700,0.035104,0.011200,0.007968,0.010272,0.001312,1,4,48,0,1
2117,0.265500,0.308700,0.027200,0.102000,0.045500,0.084700,0.005700,0.035360,0.011136,0.008224,0.010336,0.001248,1,4,48,0,1
2118,0.250200,0.318500,0.027400,0.090100,0.045200,0.081300,0.005900,0.035168,0.011200,0.008032,0.010304,0.001216,1,4,48,0,1
2119,0.252000,0.303400,0.027600,0.090300,0.046000,0.084200,0.003600,0.035072,0.011200,0.007840,0.010368,0.001312,1,4,48,0,1
2120,0.249400,0.304700,0.027100,0.089900,0.045100,0.075800,0.011100,0.035328,0.012288,0.008128,0.010400,0.001280,1,4,48,0,1
2121,0.252700,0.302100,0.027000,0.089100,0.045400,0.084700,0.006000,0.035136,0.011168,0.007904,0.010336,0.001312,1,4,48,0,1
2122,0.254300,0.305600,0.027200,0.089200,0.045500,0.086300,0.005800,0.035296,0.011136,0.008224,0.010208,0.001344,1,4,48,0,1
2123,0.250000,0.307100,0.027600,0.088800,0.045300,0.082100,0.005900,0.035040,0.011200,0.007936,0.010304,0.001216,1,4,48,0,1
2124,0.248500,0.302700,0.027000,0.089300,0.045300,0.082000,0.004400,0.035424,0.011200,0.008192,0.010304,0.001344,1,4,48,0,1
2125,0.251800,0.301400,0.027000,0.089500,0.046000,0.082400,0.006300,0.035136,0.011264,0.008000,0.010208,0.001280,1,4,48,0,1
2126,0.243500,0.304700,0.027600,0.089700,0.045200,0.075500,0.005100,0.037248,0.011200,0.008000,0.010400,0.001344,1,4,48,0,1
2127,0.267700,0.296700,0.027600,0.103400,0.045700,0.075600,0.015000,0.035360,0.013760,0.008096,0.010400,0.001344,1,4,48,0,1
2128,0.289200,0.320800,0.027800,0.089900,0.045100,0.113300,0.012700,0.035264,0.011168,0.008224,0.010272,0.001248,1,4,48,0,1
2129,0.251300,0.346800,0.027500,0.090600,0.045200,0.081300,0.006100,0.035136,0.011232,0.008000,0.010272,0.001216,1,4,48,0,1
2130,0.243100,0.304700,0.028000,0.089300,0.045200,0.075200,0.005000,0.036000,0.011104,0.008160,0.010272,0.001280,1,4,48,0,1
2131,0.250800,0.296300,0.027500,0.089300,0.045600,0.083700,0.004300,0.035232,0.011168,0.008064,0.010272,0.001344,1,4,48,0,1
2132,0.249300,0.303400,0.027100,0.089100,0.045300,0.083900,0.003500,0.035008,0.011136,0.008032,0.010272,0.001184,1,4,48,0,1
2133,0.248500,0.302200,0.027500,0.089700,0.045200,0.081200,0.004600,0.037120,0.011200,0.008064,0.010368,0.001216,1,4,48,0,1
2134,0.249200,0.301300,0.027000,0.089300,0.045300,0.083600,0.003700,0.035360,0.011232,0.008096,0.010272,0.001376,1,4,48,0,1
2135,0.254200,0.302100,0.027400,0.089600,0.045200,0.086100,0.005600,0.037120,0.013664,0.007968,0.010240,0.001312,1,4,48,0,1
2136,0.250500,0.307500,0.027200,0.089700,0.045300,0.075700,0.012300,0.035520,0.011264,0.008256,0.010304,0.001312,1,4,48,0,1
2137,0.250400,0.303500,0.027000,0.089100,0.045800,0.081900,0.006200,0.035232,0.011200,0.008096,0.010240,0.001280,1,4,48,0,1
2138,0.252000,0.303500,0.027700,0.089800,0.045800,0.084300,0.004100,0.035392,0.011264,0.008096,0.010304,0.001344,1,4,48,0,1
2139,0.251000,0.305100,0.027500,0.089700,0.045300,0.084300,0.003800,0.035072,0.011232,0.007904,0.010304,0.001216,1,4,48,0,1
2140,0.250000,0.303700,0.027600,0.089800,0.045000,0.075600,0.011500,0.037248,0.011232,0.007968,0.010432,0.001280,1,4,48,0,1
2141,0.250200,0.303100,0.027400,0.089500,0.045400,0.081400,0.006000,0.035008,0.011136,0.007936,0.010240,0.001216,1,4,48,0,1
2142,0.254500,0.303800,0.027100,0.095900,0.044700,0.076000,0.010400,0.037376,0.011232,0.008192,0.010400,0.001216,1,4,48,0,1
2143,0.249700,0.307700,0.027700,0.089400,0.045400,0.081000,0.005800,0.034976,0.011264,0.007904,0.010208,0.001216,1,4,48,0,1
2144,0.249500,0.302900,0.027200,0.089100,0.045000,0.084000,0.003700,0.035168,0.012224,0.008000,0.010464,0.001280,1,4,48,0,1
2145,0.251500,0.302600,0.027300,0.090200,0.045200,0.084300,0.003900,0.035392,0.011264,0.008096,0.010304,0.001344,1,4,48,0,1
2146,0.259400,0.304400,0.027200,0.089500,0.045100,0.091800,0.005400,0.034976,0.011136,0.008064,0.010240,0.001312,1,4,48,0,1
2147,0.243500,0.312500,0.027700,0.089100,0.045600,0.075600,0.005100,0.035712,0.011200,0.007936,0.010240,0.001344,1,4,48,0,1
2148,0.255000,0.296900,0.027400,0.089500,0.045800,0.086100,0.005700,0.035360,0.012192,0.008224,0.010400,0.001312,1,4,48,0,1
2149,0.252700,0.307900,0.027500,0.089900,0.046200,0.085100,0.003700,0.035328,0.011264,0.008064,0.010272,0.001344,1,4,48,0,1
2150,0.296500,0.327100,0.036900,0.130800,0.046700,0.076300,0.005200,0.035168,0.013760,0.008032,0.010368,0.001248,1,4,48,0,1
2151,0.252000,0.350200,0.027500,0.089900,0.046100,0.084000,0.004000,0.035104,0.011200,0.008064,0.010240,0.001216,1,4,48,0,1
2152,0.250400,0.305200,0.027000,0.089900,0.045400,0.076300,0.011300,0.035392,0.011200,0.008160,0.010336,0.001280,1,4,48,0,1
2153,0.251200,0.303800,0.027500,0.089700,0.045800,0.083600,0.003900,0.035296,0.011264,0.008064,0.010272,0.001344,1,4,48,0,1
2154,0.247800,0.304500,0.027200,0.089200,0.045100,0.081300,0.004500,0.035296,0.013696,0.008032,0.010464,0.001312,1,4,48,0,1
2155,0.257900,0.300900,0.027600,0.095400,0.045700,0.082900,0.006100,0.035008,0.011136,0.007904,0.010304,0.001312,1,4,48,0,1
2156,0.248400,0.311000,0.027300,0.089300,0.045500,0.081600,0.004400,0.037280,0.011296,0.008000,0.010464,0.001216,1,4,48,0,1
2157,0.250100,0.301100,0.027100,0.089600,0.045600,0.081800,0.005500,0.035072,0.011200,0.008032,0.010176,0.001248,1,4,48,0,1
2158,0.249100,0.303100,0.027200,0.089500,0.045200,0.075900,0.010900,0.037312,0.011168,0.008128,0.010400,0.001312,1,4,48,0,1
2159,0.251600,0.301900,0.027600,0.089600,0.045300,0.077100,0.011700,0.036768,0.011232,0.008128,0.010176,0.001184,1,4,48,0,1
2160,0.247100,0.304600,0.027100,0.089300,0.045100,0.080800,0.004400,0.035264,0.011200,0.008096,0.010240,0.001344,1,4,48,0,1
2161,0.253400,0.299900,0.027100,0.089400,0.045400,0.085200,0.005800,0.035264,0.011264,0.008064,0.010208,0.001280,1,4,48,0,1
2162,0.249600,0.306400,0.027100,0.090100,0.045400,0.080900,0.005500,0.035296,0.011232,0.008064,0.010368,0.001280,1,4,48,0,1
2163,0.245200,0.302700,0.027600,0.092400,0.044900,0.074600,0.005100,0.035744,0.011200,0.008000,0.010272,0.001344,1,4,48,0,1
2164,0.253400,0.298200,0.027400,0.089400,0.046200,0.074800,0.015200,0.035328,0.011200,0.008224,0.010240,0.001248,1,4,48,0,1
2165,0.248300,0.306700,0.027000,0.089200,0.045800,0.081100,0.004800,0.035264,0.011168,0.008128,0.010336,0.001216,1,4,48,0,1
2166,0.241900,0.301200,0.027100,0.089100,0.046100,0.074100,0.005100,0.035840,0.011200,0.008192,0.010272,0.001312,1,4,48,0,1
2167,0.259500,0.295000,0.028200,0.094100,0.045500,0.075600,0.015800,0.035232,0.013728,0.008128,0.010400,0.001216,1,4,48,0,1
2168,0.257000,0.312300,0.027700,0.095900,0.045400,0.083200,0.004200,0.035264,0.012160,0.008192,0.010400,0.001344,1,4,48,0,1
