frame_id,frame_ms,frame_interval_ms,prepare_cpu_ms,record_cpu_ms,submit_cpu_ms,present_cpu_ms,sync_cpu_ms,gpu_ms,mesh_gpu_ms,lighting_gpu_ms,sky_gpu_ms,ui_gpu_ms,mesh_draw_calls,primitive_instances,triangles,point_lights,queue_submissions
597,0.240300,0.298000,0.035200,0.075000,0.042600,0.082000,0.005100,0.020800,0.005248,,0.010528,0.001088,1,4,48,4,1
598,0.243400,0.292100,0.035500,0.075200,0.042800,0.077500,0.011900,0.024384,0.005984,,0.011104,0.001152,1,4,48,4,1
599,0.272000,0.301200,0.036300,0.076000,0.042700,0.108600,0.008100,0.021728,0.005664,,0.010496,0.001152,1,4,48,4,1
600,0.411200,0.340800,0.045300,0.102000,0.056700,0.200200,0.006200,0.021632,0.005568,,0.010464,0.001152,1,4,48,4,1
601,0.252900,0.464400,0.042000,0.080000,0.044500,0.078700,0.007100,0.022368,0.005472,,0.013920,0.001184,1,4,48,4,1
602,0.238200,0.304500,0.036400,0.076600,0.043400,0.076500,0.004900,0.024224,0.005664,,0.011072,0.001120,1,4,48,4,1
603,0.244300,0.289800,0.035800,0.075800,0.043000,0.085300,0.003900,0.021056,0.005440,,0.010336,0.001184,1,4,48,4,1
604,0.243600,0.295700,0.035400,0.075500,0.042200,0.076400,0.013700,0.021728,0.005696,,0.010464,0.001184,1,4,48,4,1
605,0.242700,0.295200,0.035100,0.074800,0.042300,0.082300,0.007800,0.024000,0.005568,,0.011040,0.001184,1,4,48,4,1
606,0.184900,0.299200,0.035500,0.074900,0.015300,0.052200,0.006800,0.021760,0.005376,,0.010528,0.001152,1,4,48,4,1
607,0.316600,0.236400,0.034800,0.145500,0.046300,0.083900,0.005600,0.021408,0.005664,,0.010400,0.001152,1,4,48,4,1
608,0.247200,0.374700,0.035900,0.077000,0.043300,0.084400,0.006300,0.022688,0.005792,,0.013984,0.001184,1,4,48,4,1
609,0.249100,0.299300,0.035700,0.080000,0.043000,0.086300,0.003700,0.021856,0.005728,,0.012960,0.001120,1,4,48,4,1
610,0.241400,0.300800,0.035100,0.075500,0.042200,0.077100,0.011100,0.024480,0.005920,,0.011072,0.001184,1,4,48,4,1
611,0.240500,0.293100,0.035800,0.075500,0.042400,0.080300,0.006000,0.021664,0.005568,,0.010528,0.001184,1,4,48,4,1
612,0.233900,0.292000,0.035300,0.075200,0.042400,0.075600,0.005100,0.022496,0.005664,,0.013888,0.001184,1,4,48,4,1
613,0.253000,0.285200,0.041000,0.075800,0.042600,0.075400,0.017800,0.024352,0.005760,,0.011104,0.001120,1,4,48,4,1
614,0.243100,0.305300,0.035500,0.075400,0.042700,0.081700,0.007400,0.021376,0.005408,,0.010432,0.001152,1,4,48,4,1
615,0.234900,0.294900,0.035300,0.075400,0.042300,0.075400,0.006100,0.022048,0.005632,,0.010400,0.001184,1,4,48,4,1
616,0.253400,0.292300,0.038400,0.089400,0.042200,0.076700,0.006300,0.021472,0.005440,,0.010560,0.001120,1,4,48,4,1
617,0.232500,0.305100,0.034900,0.074300,0.042200,0.075400,0.005400,0.022464,0.005856,,0.010304,0.001152,1,4,48,4,1
618,0.234600,0.283800,0.035100,0.075300,0.042500,0.075300,0.005900,0.021376,0.005664,,0.010464,0.001152,1,4,48,4,1
619,0.239700,0.286200,0.035100,0.075100,0.042000,0.080700,0.006400,0.022208,0.005632,,0.010336,0.001152,1,4,48,4,1
620,0.234400,0.295800,0.035300,0.075300,0.042600,0.075300,0.005400,0.021632,0.005632,,0.010432,0.001184,1,4,48,4,1
621,0.401400,0.285900,0.036600,0.076100,0.070200,0.211200,0.006700,0.021920,0.005568,,0.010560,0.001152,1,4,48,4,1
622,0.252400,0.454600,0.036300,0.079500,0.044100,0.085400,0.006600,0.021888,0.005824,,0.013120,0.001120,1,4,48,4,1
623,0.266500,0.304300,0.036300,0.076600,0.043400,0.103200,0.006500,0.022304,0.005472,,0.013856,0.001184,1,4,48,4,1
624,0.303200,0.332200,0.044600,0.097900,0.055000,0.098300,0.006800,0.021664,0.005600,,0.010528,0.001216,1,4,48,4,1
625,0.294800,0.367600,0.043700,0.093800,0.053200,0.097400,0.006200,0.020992,0.005408,,0.010272,0.001152,1,4,48,4,1
626,0.292200,0.359400,0.043500,0.091700,0.052300,0.097600,0.006700,0.021920,0.005440,,0.010432,0.001184,1,4,48,4,1
627,0.288700,0.356000,0.043900,0.091900,0.052800,0.094700,0.005000,0.021664,0.005568,,0.010528,0.001152,1,4,48,4,1
628,0.281600,0.352700,0.046300,0.076000,0.043800,0.108300,0.006500,0.022112,0.005536,,0.010432,0.001152,1,4,48,4,1
629,0.258100,0.336900,0.036600,0.082100,0.045800,0.086500,0.006700,0.023808,0.005472,,0.011136,0.001152,1,4,48,4,1
630,0.250100,0.311400,0.036400,0.080100,0.045200,0.079800,0.008200,0.021120,0.005632,,0.012576,0.001152,1,4,48,4,1
631,0.285600,0.302800,0.036000,0.078000,0.043900,0.123400,0.003600,0.022272,0.005600,,0.010304,0.001152,1,4,48,4,1
632,0.248800,0.338100,0.035800,0.077600,0.044400,0.083900,0.006400,0.021760,0.005600,,0.013088,0.001152,1,4,48,4,1
633,0.254000,0.300400,0.035500,0.079200,0.043000,0.076500,0.019400,0.021984,0.005408,,0.010400,0.001120,1,4,48,4,1
634,0.257500,0.306200,0.035800,0.075800,0.043500,0.095000,0.006900,0.021760,0.005664,,0.013056,0.001152,1,4,48,4,1
635,0.243500,0.309200,0.035200,0.076400,0.043400,0.082000,0.006200,0.022112,0.005472,,0.010432,0.001152,1,4,48,4,1
636,0.236600,0.295400,0.034900,0.075900,0.043400,0.075800,0.006000,0.024256,0.005696,,0.011104,0.001184,1,4,48,4,1
637,0.247100,0.288200,0.035200,0.075700,0.043200,0.088200,0.004300,0.021600,0.005536,,0.010528,0.001152,1,4,48,4,1
638,0.233900,0.298700,0.035000,0.076000,0.042500,0.074900,0.005000,0.024544,0.005856,,0.011168,0.001152,1,4,48,4,1
639,0.236400,0.287600,0.035500,0.075600,0.042200,0.076200,0.006600,0.021664,0.005664,,0.010464,0.001152,1,4,48,4,1
640,0.244100,0.287800,0.035400,0.075100,0.042600,0.084300,0.006400,0.024352,0.005696,,0.012512,0.001184,1,4,48,4,1
641,0.246600,0.296100,0.035200,0.074700,0.042800,0.076000,0.017300,0.022048,0.005568,,0.010400,0.001120,1,4,48,4,1
642,0.234000,0.300700,0.035400,0.075300,0.042500,0.076700,0.003500,0.020992,0.005376,,0.010464,0.001120,1,4,48,4,1
643,0.247200,0.285400,0.035000,0.077400,0.042100,0.076000,0.016200,0.024320,0.005440,,0.011424,0.001184,1,4,48,4,1
644,0.240700,0.298700,0.036300,0.074800,0.047700,0.076700,0.004600,0.024128,0.005472,,0.012384,0.001152,1,4,48,4,1
645,0.236000,0.292000,0.035200,0.075300,0.043200,0.075800,0.006000,0.024160,0.005472,,0.011520,0.001152,1,4,48,4,1
646,0.235200,0.287400,0.035400,0.075400,0.042800,0.074600,0.006700,0.021664,0.005792,,0.010304,0.001184,1,4,48,4,1
647,0.237500,0.286500,0.035200,0.075800,0.042100,0.078600,0.005300,0.024160,0.005600,,0.011104,0.001184,1,4,48,4,1
648,0.252600,0.288700,0.034900,0.085800,0.042500,0.085200,0.003600,0.021824,0.005696,,0.010592,0.001152,1,4,48,4,1
649,0.238800,0.303900,0.035000,0.074600,0.041900,0.076500,0.010300,0.021056,0.005632,,0.010848,0.001088,1,4,48,4,1
650,0.245100,0.290100,0.035200,0.075600,0.042400,0.074500,0.016700,0.022112,0.005600,,0.010464,0.001152,1,4,48,4,1
651,0.243600,0.296500,0.035300,0.083400,0.042700,0.075500,0.006200,0.021760,0.005760,,0.013056,0.001120,1,4,48,4,1
652,0.247300,0.295300,0.035500,0.076100,0.042500,0.079400,0.013500,0.021504,0.005600,,0.010464,0.001152,1,4,48,4,1
653,0.236100,0.298700,0.035400,0.075200,0.042200,0.077700,0.005200,0.024096,0.005504,,0.011488,0.001120,1,4,48,4,1
654,0.240500,0.287400,0.035100,0.074500,0.042200,0.083200,0.004900,0.024224,0.005568,,0.011136,0.001152,1,4,48,4,1
655,0.240700,0.295900,0.035200,0.075800,0.042500,0.080500,0.006400,0.021856,0.005408,,0.013024,0.001152,1,4,48,4,1
656,0.242300,0.292000,0.035600,0.076000,0.042000,0.082800,0.005500,0.021600,0.005728,,0.010400,0.001088,1,4,48,4,1
657,0.244100,0.321900,0.035500,0.075500,0.043100,0.077000,0.012500,0.021472,0.005824,,0.010432,0.001152,1,4,48,4,1
658,0.240100,0.301500,0.036100,0.079500,0.042600,0.076100,0.005400,0.021664,0.005728,,0.010464,0.001120,1,4,48,4,1
659,0.236400,0.292100,0.036900,0.075500,0.042700,0.075200,0.005700,0.021920,0.005760,,0.012992,0.001120,1,4,48,4,1
660,0.232700,0.287800,0.035100,0.074700,0.042400,0.075100,0.005000,0.021792,0.005696,,0.010592,0.001120,1,4,48,4,1
661,0.234500,0.284000,0.035200,0.074500,0.042600,0.075700,0.005900,0.021568,0.005664,,0.010368,0.001152,1,4,48,4,1
662,0.253600,0.285700,0.035100,0.078300,0.042800,0.075100,0.021800,0.021600,0.005568,,0.013152,0.001120,1,4,48,4,1
663,0.247300,0.305300,0.035200,0.075300,0.044400,0.076200,0.015700,0.022400,0.005600,,0.013856,0.001152,1,4,48,4,1
664,0.276000,0.299100,0.035300,0.075700,0.055300,0.102400,0.006900,0.022656,0.005792,,0.013856,0.001120,1,4,48,4,1
665,0.252600,0.327700,0.036400,0.075800,0.046900,0.085900,0.007100,0.021376,0.005472,,0.010400,0.001088,1,4,48,4,1
666,0.237600,0.305600,0.035600,0.076400,0.042900,0.076400,0.006000,0.023872,0.005568,,0.011040,0.001152,1,4,48,4,1
667,0.242500,0.289500,0.035400,0.075300,0.042500,0.084600,0.004200,0.021216,0.005664,,0.010816,0.001184,1,4,48,4,1
668,0.238900,0.294100,0.035800,0.075300,0.042600,0.075700,0.009300,0.021696,0.005664,,0.010528,0.001184,1,4,48,4,1
669,0.239800,0.290200,0.034900,0.075100,0.042800,0.083100,0.003600,0.022144,0.005600,,0.010432,0.001184,1,4,48,4,1
670,0.233900,0.291900,0.035300,0.075100,0.041900,0.075400,0.005800,0.024192,0.005664,,0.010976,0.001120,1,4,48,4,1
671,0.277500,0.308500,0.047700,0.081700,0.048600,0.095300,0.003700,0.022240,0.005440,,0.013888,0.001152,1,4,48,4,1
672,0.266000,0.329700,0.036500,0.077400,0.043800,0.100500,0.007400,0.022208,0.005408,,0.010592,0.001184,1,4,48,4,1
673,0.253300,0.321300,0.036800,0.083000,0.045600,0.081800,0.005800,0.021184,0.005664,,0.012576,0.001152,1,4,48,4,1
674,0.247700,0.306100,0.036000,0.078200,0.044600,0.082400,0.006100,0.021216,0.005248,,0.010464,0.001120,1,4,48,4,1
675,0.292500,0.307300,0.043600,0.094000,0.053200,0.095100,0.006000,0.021632,0.005632,,0.010496,0.001120,1,4,48,4,1
676,0.342400,0.356900,0.043400,0.092700,0.053800,0.146000,0.006100,0.022016,0.005536,,0.010400,0.001184,1,4,48,4,1
677,0.253800,0.395300,0.036400,0.081000,0.045600,0.084900,0.005500,0.023968,0.005632,,0.012192,0.001152,1,4,48,4,1
678,0.245200,0.305000,0.035800,0.077400,0.043600,0.081400,0.006700,0.021984,0.005408,,0.010528,0.001152,1,4,48,4,1
679,0.237200,0.296500,0.035400,0.076400,0.043000,0.076500,0.005500,0.022688,0.005728,,0.013984,0.001120,1,4,48,4,1
680,0.238400,0.288800,0.035100,0.075300,0.042800,0.078200,0.006500,0.021728,0.005664,,0.010528,0.001184,1,4,48,4,1
681,0.238800,0.289800,0.035300,0.075700,0.042200,0.078500,0.006700,0.021024,0.005376,,0.010528,0.001184,1,4,48,4,1
682,0.244400,0.290200,0.035400,0.075100,0.042500,0.086300,0.004700,0.021600,0.005344,,0.010656,0.001152,1,4,48,4,1
683,0.235700,0.296200,0.035100,0.075400,0.042900,0.075100,0.006800,0.023904,0.005600,,0.012032,0.001184,1,4,48,4,1
684,0.233700,0.286700,0.035200,0.074800,0.042700,0.075500,0.005000,0.024064,0.005472,,0.011456,0.001184,1,4,48,4,1
685,0.234400,0.285300,0.035100,0.075600,0.042500,0.074900,0.005900,0.021824,0.005568,,0.013152,0.001152,1,4,48,4,1
686,0.333100,0.285800,0.036000,0.075300,0.041900,0.175700,0.003700,0.020960,0.005568,,0.010848,0.001088,1,4,48,4,1
687,0.235400,0.384500,0.036000,0.075700,0.042400,0.074700,0.005900,0.021536,0.006016,,0.010464,0.001120,1,4,48,4,1
688,0.243400,0.286500,0.034900,0.075300,0.042800,0.075900,0.014000,0.021536,0.005760,,0.010272,0.001120,1,4,48,4,1
689,0.241500,0.294700,0.035200,0.075100,0.042100,0.074800,0.013700,0.021696,0.005600,,0.013088,0.001184,1,4,48,4,1
690,0.241600,0.292900,0.035400,0.076900,0.042100,0.075700,0.010700,0.021152,0.005696,,0.010784,0.001120,1,4,48,4,1
691,0.245600,0.293100,0.035000,0.075500,0.042200,0.088200,0.004300,0.021728,0.005536,,0.013088,0.001152,1,4,48,4,1
692,0.242000,0.297100,0.035100,0.074700,0.042400,0.084200,0.005100,0.021536,0.005632,,0.010368,0.001152,1,4,48,4,1
693,0.234200,0.293300,0.035300,0.074800,0.042200,0.075200,0.006200,0.022144,0.005472,,0.010560,0.001120,1,4,48,4,1
694,0.242500,0.286100,0.035000,0.074800,0.042700,0.083000,0.006500,0.022624,0.005696,,0.012448,0.001184,1,4,48,4,1
695,0.232800,0.293500,0.035400,0.075500,0.042400,0.075600,0.003400,0.024576,0.006112,,0.011040,0.001120,1,4,48,4,1
696,0.236300,0.284100,0.035600,0.074600,0.042200,0.078300,0.005200,0.022400,0.005664,,0.010368,0.001152,1,4,48,4,1
697,0.244700,0.287600,0.035900,0.074800,0.042500,0.084000,0.007100,0.021440,0.005440,,0.010528,0.001120,1,4,48,4,1
698,0.247200,0.296200,0.035100,0.075400,0.042300,0.074600,0.019500,0.022272,0.005632,,0.010400,0.001120,1,4,48,4,1
699,0.238500,0.298800,0.035100,0.075100,0.041700,0.080900,0.005200,0.021600,0.005472,,0.010624,0.001120,1,4,48,4,1
700,0.253400,0.289800,0.035600,0.074900,0.042000,0.094600,0.005900,0.021984,0.005280,,0.012928,0.001152,1,4,48,4,1
701,0.232400,0.304400,0.035200,0.075600,0.042200,0.074100,0.005000,0.023904,0.005536,,0.011104,0.001152,1,4,48,4,1
702,0.241400,0.284000,0.035000,0.074600,0.042300,0.075500,0.013300,0.021472,0.005312,,0.013120,0.001184,1,4,48,4,1
703,0.237800,0.292600,0.035100,0.075100,0.042400,0.080200,0.004500,0.021824,0.005792,,0.010496,0.001120,1,4,48,4,1
704,0.234100,0.289000,0.035500,0.075000,0.042800,0.075400,0.004800,0.024128,0.005696,,0.011360,0.001184,1,4,48,4,1
705,0.234700,0.295300,0.035400,0.074900,0.042700,0.076000,0.005100,0.022240,0.005600,,0.010336,0.001152,1,4,48,4,1
706,0.240100,0.293100,0.035800,0.075200,0.047400,0.075300,0.005900,0.021440,0.005536,,0.010400,0.001120,1,4,48,4,1
707,0.236300,0.291700,0.035700,0.074700,0.042100,0.075900,0.007400,0.021472,0.005472,,0.010400,0.001216,1,4,48,4,1
708,0.246700,0.287300,0.035400,0.074500,0.045300,0.075100,0.016100,0.022272,0.005696,,0.010528,0.001152,1,4,48,4,1
709,0.231700,0.298400,0.035000,0.074600,0.042200,0.074300,0.005200,0.021568,0.005536,,0.010496,0.001152,1,4,48,4,1
710,0.234200,0.283400,0.035000,0.075100,0.042100,0.076100,0.005600,0.021152,0.005376,,0.010240,0.001152,1,4,48,4,1
711,0.242900,0.285900,0.037700,0.077200,0.044200,0.079700,0.003500,0.022368,0.005696,,0.010400,0.001184,1,4,48,4,1
712,0.257100,0.294400,0.037400,0.075700,0.042200,0.096000,0.005400,0.020896,0.005440,,0.010784,0.001152,1,4,48,4,1
713,0.237100,0.308500,0.035500,0.075600,0.042200,0.077800,0.005600,0.024416,0.005536,,0.011360,0.001152,1,4,48,4,1
714,0.238900,0.288500,0.035800,0.074700,0.042900,0.078800,0.006200,0.022304,0.005440,,0.010144,0.001152,1,4,48,4,1
715,0.246000,0.289900,0.035300,0.075300,0.042800,0.085400,0.006700,0.021792,0.005152,,0.010336,0.001184,1,4,48,4,1
716,0.243500,0.297600,0.037500,0.076000,0.041700,0.081600,0.006300,0.021440,0.005408,,0.010528,0.001152,1,4,48,4,1
717,0.249000,0.294800,0.035200,0.075400,0.042100,0.087300,0.008700,0.021920,0.005760,,0.013184,0.001152,1,4,48,4,1
718,0.254100,0.300300,0.035300,0.075300,0.042600,0.090900,0.009400,0.021696,0.005888,,0.010304,0.001088,1,4,48,4,1
719,0.236100,0.305700,0.035000,0.075100,0.042000,0.078600,0.005000,0.023904,0.005536,,0.011136,0.001152,1,4,48,4,1
720,0.234700,0.287300,0.035000,0.074500,0.042400,0.077000,0.005300,0.024640,0.006080,,0.011136,0.001152,1,4,48,4,1
721,0.289500,0.287000,0.043100,0.075400,0.042700,0.119600,0.008100,0.021440,0.005568,,0.010400,0.001088,1,4,48,4,1
722,0.242600,0.340800,0.035900,0.075700,0.043100,0.081400,0.006000,0.021888,0.005536,,0.010272,0.001088,1,4,48,4,1
723,0.293800,0.294300,0.035200,0.087200,0.062400,0.101200,0.007300,0.023936,0.005632,,0.011072,0.001120,1,4,48,4,1
724,0.247900,0.346100,0.035300,0.077300,0.043800,0.076600,0.014500,0.022080,0.005440,,0.010432,0.001152,1,4,48,4,1
725,0.237800,0.299600,0.035500,0.075900,0.044400,0.076200,0.005300,0.021376,0.005408,,0.010464,0.001120,1,4,48,4,1
726,0.240200,0.289600,0.035400,0.076300,0.045200,0.077400,0.005600,0.022816,0.005888,,0.014016,0.001184,1,4,48,4,1
727,0.277200,0.291300,0.035200,0.090500,0.050700,0.093000,0.007200,0.022400,0.005600,,0.010592,0.001120,1,4,48,4,1
728,0.235800,0.328700,0.036500,0.075400,0.042500,0.075800,0.005300,0.024128,0.005568,,0.011040,0.001152,1,4,48,4,1
729,0.238300,0.287000,0.035100,0.074800,0.042600,0.080800,0.004600,0.021312,0.005696,,0.010976,0.001152,1,4,48,4,1
730,0.238500,0.290000,0.035000,0.074600,0.042700,0.076500,0.009400,0.024160,0.005664,,0.012544,0.001184,1,4,48,4,1
731,0.234800,0.290000,0.035000,0.075000,0.043200,0.075100,0.006100,0.021984,0.005856,,0.013120,0.001120,1,4,48,4,1
732,0.234300,0.286400,0.035100,0.075200,0.042500,0.075600,0.005500,0.024608,0.005984,,0.011104,0.001152,1,4,48,4,1
733,0.234100,0.285900,0.035100,0.074600,0.042600,0.074300,0.007200,0.024352,0.005664,,0.012576,0.001184,1,4,48,4,1
734,0.240400,0.285700,0.035600,0.080900,0.042400,0.074800,0.006200,0.021760,0.005696,,0.010496,0.001184,1,4,48,4,1
735,0.248600,0.291800,0.035300,0.075200,0.042400,0.088600,0.006700,0.021856,0.005632,,0.013088,0.001120,1,4,48,4,1
736,0.244200,0.300000,0.035000,0.075400,0.042600,0.076500,0.014300,0.022208,0.005696,,0.012992,0.001152,1,4,48,4,1
737,0.235200,0.295200,0.035200,0.074500,0.042000,0.075100,0.007900,0.024064,0.005536,,0.011040,0.001088,1,4,48,4,1
738,0.240900,0.286800,0.034900,0.074900,0.042600,0.076400,0.011700,0.021536,0.006048,,0.010880,0.001152,1,4,48,4,1
739,0.238200,0.292400,0.035000,0.074800,0.042700,0.080400,0.005100,0.021536,0.005600,,0.010400,0.001152,1,4,48,4,1
740,0.243200,0.289500,0.035000,0.075700,0.042900,0.084000,0.005200,0.021728,0.005632,,0.010560,0.001152,1,4,48,4,1
741,0.244700,0.294500,0.035100,0.081400,0.042600,0.079000,0.006100,0.022016,0.005472,,0.010528,0.001120,1,4,48,4,1
742,0.242000,0.296100,0.035800,0.075200,0.042600,0.075500,0.012500,0.024128,0.005504,,0.011136,0.001152,1,4,48,4,1
743,0.240600,0.293300,0.035100,0.074400,0.041900,0.075800,0.013100,0.020800,0.005376,,0.010784,0.001152,1,4,48,4,1
744,0.233900,0.292800,0.035100,0.074200,0.042200,0.076600,0.005400,0.022848,0.006016,,0.013856,0.001152,1,4,48,4,1
745,0.233700,0.285700,0.035300,0.074700,0.041600,0.076700,0.005100,0.024064,0.005504,,0.011072,0.001152,1,4,48,4,1
746,0.240900,0.285000,0.035200,0.074900,0.042400,0.084100,0.004000,0.023936,0.005664,,0.011104,0.001088,1,4,48,4,1
747,0.293800,0.292500,0.035200,0.075200,0.021700,0.158800,0.002400,0.022368,0.005632,,0.010400,0.001184,1,4,48,4,1
748,0.321300,0.349300,0.037100,0.111600,0.048800,0.118000,0.005300,0.022624,0.005728,,0.013952,0.001184,1,4,48,4,1
749,0.263100,0.376500,0.037500,0.083400,0.045900,0.090300,0.005600,0.021888,0.005888,,0.013088,0.001152,1,4,48,4,1
750,0.249500,0.316100,0.035600,0.078800,0.044300,0.085900,0.004500,0.024352,0.005728,,0.011072,0.001152,1,4,48,4,1
751,0.243900,0.302100,0.035700,0.076600,0.043700,0.081900,0.005600,0.021280,0.005472,,0.010272,0.001152,1,4,48,4,1
752,0.242100,0.299900,0.035500,0.075800,0.043000,0.081900,0.005500,0.021536,0.005568,,0.010432,0.001152,1,4,48,4,1
753,0.238000,0.293700,0.035400,0.075500,0.042900,0.077500,0.006100,0.021536,0.005888,,0.010400,0.001184,1,4,48,4,1
754,0.262400,0.290000,0.038100,0.075800,0.043100,0.083200,0.021600,0.022144,0.005824,,0.010464,0.001184,1,4,48,4,1
755,0.238000,0.314100,0.035300,0.077000,0.042100,0.075900,0.007300,0.021024,0.005312,,0.010400,0.001088,1,4,48,4,1
756,0.239100,0.289500,0.035700,0.075300,0.042800,0.078200,0.006600,0.023744,0.005632,,0.012160,0.001152,1,4,48,4,1
757,0.237300,0.297400,0.035400,0.075500,0.042800,0.077400,0.005500,0.021792,0.005632,,0.013152,0.001184,1,4,48,4,1
758,0.235800,0.289400,0.035700,0.075300,0.043000,0.075500,0.005700,0.021600,0.005568,,0.010464,0.001184,1,4,48,4,1
759,0.237000,0.287000,0.035100,0.075100,0.043500,0.076500,0.006200,0.021664,0.005632,,0.010464,0.001152,1,4,48,4,1
760,0.245800,0.288100,0.035700,0.075400,0.042700,0.087800,0.003800,0.024160,0.005600,,0.011200,0.001184,1,4,48,4,1
761,0.238600,0.297100,0.035300,0.081000,0.041400,0.075000,0.005500,0.021792,0.005600,,0.012992,0.001152,1,4,48,4,1
762,0.263200,0.290300,0.035200,0.074500,0.042400,0.106100,0.004500,0.024288,0.005696,,0.011104,0.001152,1,4,48,4,1
763,0.236400,0.314300,0.035200,0.075000,0.043000,0.076000,0.006600,0.022656,0.005824,,0.013920,0.001120,1,4,48,4,1
764,0.235300,0.288300,0.035600,0.075800,0.042100,0.075800,0.005400,0.021888,0.005600,,0.013184,0.001152,1,4,48,4,1
765,0.234200,0.287000,0.035000,0.075300,0.042600,0.075200,0.005700,0.021952,0.005664,,0.013120,0.001216,1,4,48,4,1
766,0.250900,0.285400,0.035400,0.075000,0.042600,0.092100,0.005300,0.024416,0.005664,,0.011488,0.001184,1,4,48,4,1
767,0.175200,0.302500,0.035100,0.075200,0.015600,0.047900,0.001100,0.022496,0.005984,,0.010336,0.001184,1,4,48,4,1
768,0.335900,0.226000,0.034300,0.107500,0.013100,0.178200,0.002300,0.022208,0.005632,,0.010496,0.001120,1,4,48,4,1
769,0.404700,0.403700,0.045300,0.135900,0.055300,0.161400,0.006200,0.024096,0.005664,,0.011072,0.001184,1,4,48,4,1
770,0.396800,0.469500,0.044900,0.108700,0.054600,0.182400,0.005500,0.021728,0.005440,,0.010400,0.001088,1,4,48,4,1
771,0.268100,0.450100,0.036300,0.080900,0.044400,0.100700,0.005500,0.021664,0.005792,,0.013120,0.001120,1,4,48,4,1
772,0.250800,0.323300,0.037100,0.082600,0.045400,0.080600,0.004700,0.021664,0.005632,,0.010496,0.001120,1,4,48,4,1
773,0.244900,0.303900,0.036300,0.078000,0.044000,0.080800,0.005300,0.022432,0.005760,,0.012704,0.001088,1,4,48,4,1
774,0.298900,0.297000,0.035700,0.091200,0.048700,0.117500,0.005200,0.021664,0.005408,,0.010496,0.001184,1,4,48,4,1
775,0.306900,0.353400,0.036800,0.081300,0.045500,0.137300,0.005500,0.022400,0.005632,,0.013856,0.001120,1,4,48,4,1
776,0.294500,0.359700,0.035900,0.077600,0.043600,0.131200,0.005900,0.020896,0.005504,,0.010880,0.001120,1,4,48,4,1
777,0.369500,0.366600,0.037300,0.081300,0.044400,0.198900,0.006900,0.021120,0.005696,,0.010656,0.001184,1,4,48,4,1
778,0.251800,0.424600,0.037900,0.082000,0.045200,0.080500,0.005800,0.023872,0.005440,,0.011392,0.001184,1,4,48,4,1
779,0.255000,0.304300,0.036000,0.078200,0.043900,0.090900,0.005500,0.021440,0.005600,,0.010336,0.001120,1,4,48,4,1
780,0.237800,0.307300,0.035500,0.076400,0.043100,0.077100,0.005300,0.021408,0.005952,,0.010848,0.001120,1,4,48,4,1
781,0.242300,0.289800,0.035200,0.076000,0.044000,0.082600,0.004200,0.021920,0.005888,,0.010560,0.001120,1,4,48,4,1
782,0.240700,0.294000,0.035200,0.075600,0.043100,0.082200,0.004300,0.021632,0.005632,,0.010432,0.001184,1,4,48,4,1
783,0.247200,0.292400,0.035500,0.075200,0.043200,0.087700,0.005100,0.023936,0.005248,,0.011136,0.001152,1,4,48,4,1
784,0.246200,0.299000,0.035800,0.074700,0.042200,0.076300,0.016600,0.021824,0.005600,,0.010368,0.001152,1,4,48,4,1
785,0.241200,0.297600,0.035500,0.075300,0.043100,0.079800,0.007100,0.023328,0.005760,,0.011680,0.001120,1,4,48,4,1
786,0.245000,0.292600,0.035100,0.074700,0.042300,0.087700,0.004700,0.021984,0.005952,,0.013024,0.001184,1,4,48,4,1
787,0.246600,0.296600,0.035600,0.075400,0.042600,0.086100,0.006500,0.022272,0.005504,,0.013984,0.001152,1,4,48,4,1
788,0.237800,0.298100,0.035000,0.074500,0.042200,0.079500,0.006200,0.022432,0.005600,,0.013984,0.001152,1,4,48,4,1
789,0.244800,0.289500,0.035600,0.074500,0.042100,0.077000,0.015300,0.024544,0.005888,,0.011104,0.001184,1,4,48,4,1
790,0.244600,0.296400,0.035300,0.081200,0.042000,0.079500,0.006100,0.024128,0.005760,,0.011168,0.001120,1,4,48,4,1
791,0.233700,0.296300,0.035300,0.074300,0.041800,0.075100,0.006700,0.021792,0.005440,,0.013024,0.001152,1,4,48,4,1
792,0.282300,0.285600,0.035100,0.074200,0.041900,0.124000,0.006600,0.021664,0.005568,,0.013056,0.001152,1,4,48,4,1
793,0.289400,0.335900,0.036300,0.112500,0.046100,0.087700,0.006500,0.021056,0.005536,,0.010464,0.001088,1,4,48,4,1
794,0.244400,0.344100,0.036300,0.079200,0.043700,0.078300,0.006400,0.022208,0.005568,,0.010368,0.001184,1,4,48,4,1
795,0.241000,0.297300,0.035600,0.077500,0.043400,0.077600,0.006500,0.023520,0.005888,,0.012960,0.001120,1,4,48,4,1
796,0.244700,0.293300,0.035500,0.075800,0.043100,0.083100,0.006600,0.022368,0.005600,,0.013888,0.001088,1,4,48,4,1
797,0.242700,0.296400,0.035300,0.075400,0.042200,0.082200,0.007200,0.021280,0.005312,,0.010464,0.001152,1,4,48,4,1
798,0.234600,0.294300,0.035700,0.075500,0.042600,0.075100,0.005300,0.021504,0.005408,,0.010624,0.001184,1,4,48,4,1
799,0.244300,0.285900,0.042100,0.075000,0.042500,0.079300,0.004900,0.021312,0.005696,,0.010464,0.001152,1,4,48,4,1
800,0.245800,0.295600,0.035300,0.075300,0.042600,0.087300,0.005000,0.021184,0.005664,,0.010752,0.001184,1,4,48,4,1
801,0.233000,0.297200,0.035200,0.075200,0.042300,0.074800,0.004900,0.024032,0.005408,,0.011072,0.001152,1,4,48,4,1
802,0.239800,0.284300,0.035100,0.074700,0.042300,0.083300,0.004200,0.021888,0.005728,,0.013088,0.001152,1,4,48,4,1
803,0.247500,0.291000,0.034900,0.074600,0.048400,0.076500,0.012600,0.021472,0.005536,,0.010400,0.001120,1,4,48,4,1
804,0.234000,0.298600,0.035200,0.074700,0.042100,0.076300,0.005200,0.022016,0.005600,,0.012128,0.001120,1,4,48,4,1
805,0.243900,0.285100,0.035200,0.074300,0.042900,0.076100,0.014900,0.021408,0.005440,,0.010400,0.001184,1,4,48,4,1
806,0.237900,0.300500,0.035200,0.074600,0.042000,0.076600,0.008900,0.021760,0.005664,,0.013088,0.001184,1,4,48,4,1
807,0.236900,0.291000,0.035700,0.074300,0.042500,0.078200,0.005800,0.024192,0.005568,,0.011136,0.001152,1,4,48,4,1
808,0.239500,0.288500,0.035400,0.074400,0.041700,0.081800,0.005900,0.024064,0.005472,,0.011104,0.001184,1,4,48,4,1
809,0.235500,0.291100,0.035200,0.074300,0.042300,0.078300,0.005000,0.021440,0.005440,,0.010464,0.001152,1,4,48,4,1
810,0.246300,0.287500,0.035900,0.078800,0.041700,0.082000,0.007400,0.021856,0.005600,,0.013184,0.001152,1,4,48,4,1
811,0.238200,0.297600,0.035100,0.074000,0.042200,0.080700,0.005900,0.021984,0.005312,,0.010464,0.001184,1,4,48,4,1
812,0.235900,0.289500,0.035500,0.074300,0.041900,0.080200,0.003600,0.024128,0.005600,,0.011072,0.001184,1,4,48,4,1
813,0.232900,0.287000,0.035100,0.074500,0.042400,0.075500,0.004800,0.021120,0.005344,,0.010400,0.001152,1,4,48,4,1
814,0.232000,0.284100,0.035400,0.074500,0.042300,0.075300,0.004100,0.024352,0.005568,,0.011392,0.001088,1,4,48,4,1
815,0.231000,0.283300,0.035000,0.074100,0.042000,0.074600,0.005000,0.021024,0.005344,,0.010560,0.001152,1,4,48,4,1
816,0.233800,0.282300,0.035000,0.073900,0.042000,0.075900,0.006300,0.022240,0.005632,,0.010272,0.001152,1,4,48,4,1
817,0.238900,0.284900,0.035200,0.078800,0.042100,0.075400,0.006800,0.022624,0.005664,,0.013920,0.001152,1,4,48,4,1
818,0.239000,0.290400,0.035500,0.074700,0.041900,0.079800,0.006600,0.021920,0.005664,,0.010368,0.001088,1,4,48,4,1
819,0.241200,0.290700,0.035400,0.074000,0.044000,0.081200,0.006100,0.021472,0.005408,,0.010496,0.001184,1,4,48,4,1
820,0.270000,0.293100,0.036000,0.074700,0.042300,0.109500,0.006700,0.021856,0.005440,,0.010368,0.001152,1,4,48,4,1
821,0.259800,0.324800,0.036900,0.082900,0.045600,0.087500,0.006500,0.023968,0.005664,,0.011072,0.001152,1,4,48,4,1
822,0.241700,0.313000,0.035500,0.077600,0.043900,0.077700,0.006700,0.022656,0.005664,,0.013984,0.001152,1,4,48,4,1
823,0.245200,0.293800,0.035800,0.075300,0.042700,0.086100,0.005000,0.021184,0.005696,,0.010880,0.001152,1,4,48,4,1
824,0.278700,0.302000,0.047200,0.096000,0.044100,0.083900,0.007100,0.021728,0.005696,,0.010496,0.001152,1,4,48,4,1
825,0.247900,0.331000,0.035500,0.076200,0.044500,0.078300,0.013000,0.022720,0.005664,,0.013024,0.001152,1,4,48,4,1
826,0.278100,0.299500,0.035900,0.075900,0.069800,0.087000,0.008900,0.021216,0.005760,,0.012512,0.001184,1,4,48,4,1
827,0.242400,0.330800,0.036000,0.078900,0.043800,0.078200,0.004900,0.024064,0.005696,,0.011104,0.001184,1,4,48,4,1
828,0.247600,0.294300,0.035800,0.076500,0.043100,0.086600,0.005200,0.021472,0.005536,,0.010432,0.001120,1,4,48,4,1
829,0.250500,0.298900,0.035100,0.075800,0.042700,0.076400,0.020200,0.022624,0.005696,,0.013984,0.001152,1,4,48,4,1
830,0.247800,0.302200,0.035500,0.075500,0.042500,0.076600,0.017300,0.021408,0.005344,,0.010496,0.001184,1,4,48,4,1
831,0.267900,0.299900,0.035900,0.093700,0.044700,0.089700,0.003600,0.022208,0.005824,,0.010368,0.001120,1,4,48,4,1
832,0.244500,0.319900,0.041600,0.076100,0.041900,0.077500,0.006700,0.022560,0.005632,,0.013984,0.001152,1,4,48,4,1
833,0.242800,0.296300,0.035400,0.075400,0.046500,0.078400,0.006600,0.024192,0.005632,,0.012608,0.001216,1,4,48,4,1
834,0.239100,0.293700,0.035000,0.074600,0.042900,0.081700,0.004600,0.020992,0.005472,,0.010912,0.001152,1,4,48,4,1
835,0.243100,0.290400,0.035000,0.075300,0.042500,0.084200,0.005700,0.024192,0.005824,,0.011104,0.001152,1,4,48,4,1
836,0.234100,0.294200,0.035400,0.074300,0.041800,0.076800,0.005400,0.021856,0.005440,,0.012960,0.001152,1,4,48,4,1
837,0.247700,0.285900,0.035000,0.074300,0.041600,0.091900,0.004600,0.024224,0.005696,,0.011136,0.001184,1,4,48,4,1
838,0.234700,0.299400,0.036100,0.075200,0.043000,0.075300,0.004700,0.021216,0.005312,,0.010400,0.001152,1,4,48,4,1
839,0.244000,0.286300,0.035200,0.074300,0.041800,0.087600,0.004800,0.021440,0.005376,,0.010528,0.001120,1,4,48,4,1
840,0.245400,0.295100,0.035600,0.075100,0.042200,0.083900,0.008200,0.024160,0.005440,,0.011104,0.001152,1,4,48,4,1
841,0.259500,0.299700,0.041900,0.081500,0.045000,0.085600,0.005000,0.024096,0.005760,,0.011104,0.001184,1,4,48,4,1
842,0.241500,0.311500,0.035800,0.077400,0.043300,0.080300,0.004300,0.022144,0.005984,,0.012928,0.001120,1,4,48,4,1
843,0.243000,0.293300,0.035400,0.076500,0.044000,0.081600,0.004900,0.024576,0.005984,,0.011104,0.001120,1,4,48,4,1
844,0.241100,0.294600,0.035100,0.075300,0.043300,0.081700,0.005300,0.021760,0.005728,,0.010464,0.001184,1,4,48,4,1
845,0.238900,0.292400,0.035400,0.074600,0.042900,0.081900,0.003600,0.021120,0.005344,,0.010240,0.001152,1,4,48,4,1
846,0.200000,0.290800,0.035900,0.074700,0.019700,0.068200,0.001100,0.022656,0.005760,,0.013952,0.001152,1,4,48,4,1
847,0.306100,0.250900,0.034800,0.109400,0.016600,0.138600,0.006200,0.022528,0.005696,,0.013920,0.001152,1,4,48,4,1
848,0.352700,0.374800,0.045200,0.143400,0.057100,0.100900,0.005600,0.022720,0.005888,,0.013920,0.001152,1,4,48,4,1
849,0.295600,0.417300,0.044000,0.095200,0.054300,0.097100,0.004600,0.022400,0.005472,,0.013952,0.001184,1,4,48,4,1
850,0.292000,0.360500,0.043800,0.093000,0.053300,0.096800,0.004600,0.022368,0.005632,,0.010400,0.001184,1,4,48,4,1
851,0.288300,0.355500,0.043200,0.091600,0.052800,0.095700,0.004500,0.022560,0.005632,,0.013856,0.001184,1,4,48,4,1
852,0.298300,0.351700,0.043200,0.091500,0.062600,0.093400,0.007000,0.022624,0.005728,,0.013984,0.001152,1,4,48,4,1
853,0.253200,0.356800,0.036100,0.079200,0.044700,0.079800,0.013100,0.022336,0.005792,,0.010272,0.001120,1,4,48,4,1
854,0.250600,0.304800,0.036100,0.077200,0.043400,0.088100,0.005500,0.021888,0.005856,,0.010496,0.001152,1,4,48,4,1
855,0.246200,0.302500,0.035400,0.076000,0.043000,0.086500,0.004900,0.021664,0.005536,,0.010592,0.001184,1,4,48,4,1
856,0.253100,0.298000,0.039500,0.075500,0.043500,0.088100,0.006000,0.021664,0.005664,,0.010528,0.001152,1,4,48,4,1
857,0.246100,0.305000,0.035600,0.075800,0.042400,0.076300,0.015700,0.022048,0.005504,,0.010368,0.001120,1,4,48,4,1
858,0.244100,0.298100,0.035500,0.082400,0.042600,0.076600,0.006600,0.022048,0.005440,,0.010336,0.001120,1,4,48,4,1
859,0.239300,0.296000,0.035700,0.075800,0.042500,0.077000,0.007800,0.022688,0.005696,,0.013920,0.001184,1,4,48,4,1
860,0.246200,0.291200,0.035700,0.075200,0.042500,0.086100,0.006300,0.021568,0.005568,,0.010464,0.001152,1,4,48,4,1
861,0.242300,0.298000,0.035700,0.075600,0.042500,0.082300,0.005800,0.021920,0.005696,,0.013184,0.001184,1,4,48,4,1
862,0.240800,0.294100,0.035300,0.075000,0.042200,0.077000,0.010600,0.021376,0.005696,,0.010560,0.001152,1,4,48,4,1
863,0.236800,0.292700,0.035500,0.075600,0.042500,0.076600,0.006100,0.024288,0.005632,,0.012448,0.001184,1,4,48,4,1
864,0.236000,0.288500,0.035600,0.075600,0.042400,0.077200,0.004600,0.021472,0.005472,,0.010496,0.001152,1,4,48,4,1
865,0.254300,0.288100,0.040900,0.075500,0.042800,0.076200,0.018400,0.024160,0.005760,,0.012192,0.001152,1,4,48,4,1
866,0.247800,0.306100,0.035400,0.078200,0.043000,0.075500,0.015300,0.023136,0.005408,,0.011808,0.001152,1,4,48,4,1
867,0.241100,0.299500,0.035300,0.074900,0.041900,0.082200,0.006500,0.020992,0.005472,,0.012576,0.001184,1,4,48,4,1
868,0.262200,0.292700,0.035900,0.075400,0.041900,0.101200,0.007400,0.021440,0.005888,,0.011008,0.001184,1,4,48,4,1
869,0.249400,0.314300,0.035800,0.076300,0.042900,0.086500,0.007300,0.022336,0.005952,,0.010336,0.001184,1,4,48,4,1
870,0.242100,0.300400,0.035100,0.074200,0.041100,0.085100,0.006300,0.021984,0.005440,,0.010560,0.001152,1,4,48,4,1
871,0.241300,0.293500,0.035500,0.074900,0.042200,0.084200,0.004100,0.021280,0.005280,,0.010464,0.001152,1,4,48,4,1
872,0.237700,0.292800,0.035000,0.073800,0.041900,0.081900,0.004500,0.023840,0.005472,,0.011136,0.001152,1,4,48,4,1
873,0.236200,0.288800,0.035200,0.074600,0.042200,0.077400,0.006400,0.021888,0.005568,,0.010560,0.001088,1,4,48,4,1
874,0.245400,0.287900,0.035100,0.073800,0.042200,0.090100,0.003700,0.021696,0.005696,,0.010464,0.001120,1,4,48,4,1
875,0.238300,0.297600,0.035400,0.074000,0.041800,0.080300,0.006300,0.022080,0.005472,,0.010304,0.001088,1,4,48,4,1
876,0.237400,0.289600,0.035500,0.074500,0.046300,0.075400,0.005400,0.022144,0.005664,,0.012992,0.001184,1,4,48,4,1
877,0.379400,0.332000,0.064000,0.108300,0.057000,0.141900,0.007500,0.022176,0.005664,,0.010304,0.001088,1,4,48,4,1
878,0.257600,0.432600,0.036700,0.080900,0.044500,0.087100,0.008000,0.022048,0.005344,,0.010528,0.001184,1,4,48,4,1
879,0.257000,0.309800,0.035800,0.081300,0.044000,0.076600,0.019000,0.021984,0.005888,,0.010560,0.001120,1,4,48,4,1
880,0.238100,0.308700,0.035600,0.075700,0.042700,0.076100,0.007400,0.021984,0.005408,,0.010336,0.001152,1,4,48,4,1
881,0.240600,0.289400,0.035100,0.074700,0.042200,0.081800,0.006500,0.022176,0.005472,,0.010400,0.001184,1,4,48,4,1
882,0.235100,0.292500,0.035800,0.074700,0.043400,0.075900,0.005000,0.022528,0.005632,,0.012448,0.001152,1,4,48,4,1
883,0.250000,0.286500,0.035100,0.075300,0.042300,0.088400,0.008300,0.024000,0.005408,,0.011136,0.001152,1,4,48,4,1
884,0.243200,0.301800,0.035000,0.074600,0.042800,0.077200,0.013100,0.024288,0.005728,,0.012128,0.001088,1,4,48,4,1
885,0.235300,0.295000,0.035200,0.075200,0.042900,0.076000,0.005400,0.024352,0.005760,,0.011040,0.001152,1,4,48,4,1
886,0.236200,0.286700,0.035400,0.074600,0.042400,0.076100,0.007200,0.022208,0.005696,,0.010496,0.001152,1,4,48,4,1
887,0.242900,0.287800,0.035100,0.074500,0.042100,0.085000,0.005800,0.021312,0.005728,,0.010528,0.001120,1,4,48,4,1
888,0.241200,0.294300,0.035300,0.074100,0.042700,0.076100,0.012500,0.022144,0.005952,,0.013024,0.001184,1,4,48,4,1
889,0.244800,0.292700,0.035300,0.074400,0.046400,0.082900,0.005500,0.021920,0.005824,,0.013088,0.001088,1,4,48,4,1
890,0.240600,0.296200,0.035700,0.074500,0.047400,0.076900,0.005500,0.021664,0.005600,,0.010496,0.001184,1,4,48,4,1
891,0.246200,0.292300,0.035400,0.074800,0.042100,0.085800,0.007700,0.022304,0.005952,,0.010368,0.001120,1,4,48,4,1
892,0.240100,0.297800,0.035800,0.075100,0.042500,0.079300,0.006900,0.023904,0.005504,,0.011136,0.001184,1,4,48,4,1
893,0.235800,0.291900,0.035300,0.075900,0.043000,0.074700,0.006500,0.024128,0.005568,,0.011104,0.001088,1,4,48,4,1
894,0.235200,0.287600,0.035500,0.074900,0.042600,0.075900,0.005900,0.024320,0.005664,,0.012384,0.001184,1,4,48,4,1
895,0.255700,0.287700,0.035300,0.075300,0.042600,0.098200,0.003800,0.022304,0.005440,,0.013920,0.001184,1,4,48,4,1
896,0.240600,0.308200,0.036400,0.079600,0.042500,0.076400,0.005300,0.021632,0.005568,,0.013152,0.001152,1,4,48,4,1
897,0.242300,0.292200,0.035100,0.075300,0.042800,0.081600,0.006900,0.022208,0.005312,,0.013952,0.001088,1,4,48,4,1
898,0.242200,0.294600,0.035300,0.074400,0.042500,0.085800,0.003600,0.021728,0.005792,,0.010400,0.001152,1,4,48,4,1
899,0.243100,0.293800,0.035100,0.074700,0.042500,0.084100,0.006400,0.021504,0.005600,,0.010400,0.001088,1,4,48,4,1
900,0.249200,0.294500,0.035000,0.074400,0.042300,0.080700,0.016300,0.021632,0.005664,,0.010432,0.001184,1,4,48,4,1
901,0.251900,0.301400,0.035200,0.074700,0.042800,0.091700,0.007200,0.021472,0.005632,,0.010432,0.001152,1,4,48,4,1
902,0.241400,0.303500,0.035200,0.075300,0.042200,0.076800,0.011600,0.021824,0.005760,,0.012960,0.001120,1,4,48,4,1
903,0.267800,0.293200,0.035300,0.074500,0.068400,0.084500,0.004500,0.021568,0.005472,,0.010528,0.001184,1,4,48,4,1
904,0.243200,0.319500,0.035500,0.074800,0.042200,0.076200,0.014200,0.024192,0.005696,,0.012448,0.001184,1,4,48,4,1
905,0.233800,0.294800,0.035200,0.075200,0.042200,0.075400,0.005400,0.021536,0.005408,,0.010560,0.001184,1,4,48,4,1
906,0.234700,0.285300,0.035600,0.075200,0.042400,0.075400,0.005700,0.022272,0.005600,,0.010432,0.001152,1,4,48,4,1
907,0.231100,0.286700,0.035200,0.074700,0.042400,0.074800,0.003600,0.021696,0.005792,,0.010400,0.001120,1,4,48,4,1
908,0.240800,0.282800,0.035100,0.075100,0.047200,0.075900,0.007000,0.024160,0.005728,,0.011072,0.001184,1,4,48,4,1
909,0.244700,0.292700,0.035500,0.074600,0.042500,0.087800,0.004000,0.021504,0.005376,,0.010560,0.001184,1,4,48,4,1
910,0.242600,0.296500,0.035800,0.075400,0.042400,0.076100,0.012500,0.021760,0.005760,,0.010496,0.001120,1,4,48,4,1
911,0.232400,0.293900,0.035200,0.074600,0.042500,0.075500,0.004300,0.021856,0.005888,,0.010464,0.001120,1,4,48,4,1
912,0.233500,0.283800,0.035000,0.074100,0.042100,0.075600,0.006300,0.022208,0.005600,,0.010496,0.001152,1,4,48,4,1
913,0.258200,0.285000,0.035500,0.074600,0.042400,0.100200,0.004900,0.021568,0.005472,,0.013088,0.001152,1,4,48,4,1
914,0.242600,0.309600,0.035300,0.074700,0.042100,0.084000,0.006000,0.021216,0.005344,,0.010464,0.001152,1,4,48,4,1
915,0.247100,0.294100,0.035200,0.081100,0.042000,0.076300,0.012000,0.021728,0.005664,,0.010496,0.001184,1,4,48,4,1
916,0.265900,0.298900,0.035700,0.075100,0.042300,0.107200,0.005200,0.021280,0.005376,,0.010368,0.001120,1,4,48,4,1
917,0.240900,0.317700,0.035300,0.074200,0.042200,0.075700,0.013100,0.021536,0.005472,,0.013056,0.001120,1,4,48,4,1
918,0.241000,0.292600,0.035200,0.074800,0.044300,0.079000,0.007200,0.021760,0.005664,,0.010560,0.001184,1,4,48,4,1
919,0.253000,0.292700,0.035300,0.075100,0.042600,0.093100,0.006600,0.021952,0.005568,,0.010336,0.001088,1,4,48,4,1
920,0.236300,0.304800,0.035600,0.074500,0.042000,0.077500,0.006300,0.021344,0.005376,,0.010496,0.001120,1,4,48,4,1
921,0.253600,0.287900,0.036700,0.087200,0.043600,0.078600,0.007100,0.023520,0.005440,,0.012096,0.001120,1,4,48,4,1
922,0.236300,0.310300,0.035900,0.075500,0.042900,0.078200,0.003400,0.021440,0.005280,,0.010304,0.001152,1,4,48,4,1
923,0.240800,0.288300,0.035300,0.078400,0.042100,0.077400,0.007300,0.022336,0.005440,,0.013952,0.001184,1,4,48,4,1
924,0.244000,0.292800,0.036300,0.075600,0.042300,0.081700,0.007800,0.021312,0.005760,,0.010656,0.001184,1,4,48,4,1
925,0.234000,0.296400,0.035000,0.074800,0.042400,0.076200,0.005200,0.024192,0.005568,,0.011136,0.001152,1,4,48,4,1
926,0.243600,0.285400,0.035500,0.075600,0.043200,0.083900,0.005000,0.022464,0.005792,,0.013888,0.001152,1,4,48,4,1
927,0.274300,0.295000,0.035100,0.074100,0.041900,0.113700,0.009000,0.022368,0.005760,,0.010400,0.001152,1,4,48,4,1
928,0.311400,0.367900,0.045500,0.100100,0.055700,0.102800,0.006800,0.022240,0.005728,,0.010400,0.001120,1,4,48,4,1
929,0.296300,0.376800,0.043900,0.094300,0.053800,0.097300,0.006300,0.021568,0.005760,,0.010400,0.001120,1,4,48,4,1
930,0.375300,0.361100,0.043000,0.092400,0.053300,0.179600,0.006500,0.024608,0.005568,,0.011456,0.001152,1,4,48,4,1
931,0.254700,0.430100,0.037400,0.083200,0.046300,0.081600,0.005600,0.021728,0.005696,,0.010464,0.001184,1,4,48,4,1
932,0.255700,0.310300,0.036200,0.082800,0.044700,0.085300,0.006000,0.022272,0.005600,,0.010272,0.001152,1,4,48,4,1
933,0.268600,0.308200,0.036100,0.092200,0.044600,0.088400,0.007000,0.024384,0.005600,,0.011648,0.001184,1,4,48,4,1
934,0.251500,0.321500,0.036000,0.077200,0.044500,0.078300,0.014900,0.021344,0.005216,,0.010592,0.001152,1,4,48,4,1
935,0.252200,0.303200,0.035800,0.077300,0.044700,0.079800,0.014200,0.021440,0.005504,,0.010368,0.001152,1,4,48,4,1
936,0.245900,0.304100,0.035100,0.083400,0.043500,0.077100,0.006500,0.022208,0.005632,,0.010336,0.001184,1,4,48,4,1
937,0.242600,0.297400,0.035200,0.075500,0.043300,0.076500,0.011700,0.021152,0.005760,,0.010784,0.001184,1,4,48,4,1
938,0.246300,0.294200,0.035700,0.075300,0.043800,0.077400,0.013700,0.024288,0.005728,,0.011072,0.001184,1,4,48,4,1
939,0.236100,0.297900,0.035100,0.076000,0.043700,0.075600,0.005100,0.024000,0.005472,,0.011072,0.001152,1,4,48,4,1
940,0.241600,0.287200,0.035100,0.075500,0.043200,0.076500,0.010900,0.021600,0.005568,,0.010560,0.001120,1,4,48,4,1
941,0.235400,0.292900,0.035300,0.074900,0.043800,0.075900,0.004900,0.024640,0.006112,,0.011104,0.001120,1,4,48,4,1
942,0.247000,0.287100,0.035600,0.075000,0.042400,0.086100,0.007400,0.021568,0.006048,,0.010944,0.001184,1,4,48,4,1
943,0.241200,0.298600,0.035000,0.083100,0.042400,0.074900,0.005300,0.021888,0.005792,,0.010592,0.001120,1,4,48,4,1
944,0.234800,0.292700,0.035100,0.075600,0.042600,0.075800,0.005400,0.022528,0.005600,,0.013888,0.001152,1,4,48,4,1
945,0.246700,0.286700,0.035400,0.074900,0.042400,0.087800,0.005500,0.022272,0.005600,,0.010528,0.001152,1,4,48,4,1
946,0.255000,0.301500,0.037100,0.082600,0.045900,0.082100,0.006800,0.021920,0.005440,,0.010272,0.001152,1,4,48,4,1
947,0.250100,0.307500,0.035900,0.077900,0.044400,0.079500,0.011900,0.024288,0.005664,,0.012480,0.001152,1,4,48,4,1
948,0.245900,0.302400,0.035700,0.076500,0.043500,0.086000,0.003700,0.021952,0.005664,,0.013120,0.001184,1,4,48,4,1
949,0.246900,0.297500,0.035400,0.075800,0.043600,0.077400,0.014200,0.021248,0.005312,,0.010336,0.001184,1,4,48,4,1
950,0.244100,0.298500,0.035100,0.075400,0.043400,0.085100,0.004500,0.021952,0.005696,,0.012992,0.001152,1,4,48,4,1
951,0.247900,0.295900,0.035100,0.075700,0.042600,0.088700,0.005200,0.021696,0.005600,,0.010496,0.001152,1,4,48,4,1
952,0.240600,0.299200,0.035600,0.074800,0.043100,0.082200,0.004400,0.021664,0.005600,,0.010528,0.001152,1,4,48,4,1
953,0.261300,0.291900,0.034900,0.103800,0.042200,0.075600,0.004400,0.021632,0.005504,,0.010528,0.001184,1,4,48,4,1
954,0.240500,0.313100,0.035000,0.074800,0.043000,0.083100,0.004200,0.021728,0.005728,,0.010464,0.001184,1,4,48,4,1
955,0.241400,0.292600,0.035900,0.074600,0.042300,0.084500,0.003800,0.021184,0.005248,,0.010432,0.001120,1,4,48,4,1
956,0.232800,0.292800,0.035000,0.074800,0.042400,0.075900,0.004200,0.024096,0.005696,,0.011104,0.001184,1,4,48,4,1
957,0.237600,0.284300,0.035000,0.074700,0.042100,0.078500,0.006700,0.022528,0.005696,,0.013888,0.001184,1,4,48,4,1
958,0.238500,0.289100,0.035000,0.080000,0.042100,0.075300,0.005700,0.021280,0.005440,,0.010368,0.001184,1,4,48,4,1
959,0.233100,0.290200,0.035400,0.074700,0.042200,0.074600,0.005700,0.021600,0.005568,,0.010464,0.001184,1,4,48,4,1
960,0.233400,0.284900,0.035200,0.075300,0.042200,0.075000,0.005300,0.021728,0.005728,,0.010464,0.001152,1,4,48,4,1
961,0.246300,0.284900,0.041300,0.074900,0.042100,0.076000,0.011400,0.021536,0.005568,,0.010464,0.001088,1,4,48,4,1
962,0.240800,0.298000,0.034800,0.074200,0.042500,0.084500,0.004300,0.021696,0.005664,,0.013056,0.001184,1,4,48,4,1
963,0.239700,0.292300,0.035100,0.073800,0.041700,0.075900,0.012800,0.021344,0.005760,,0.010592,0.001184,1,4,48,4,1
964,0.238000,0.291000,0.034900,0.073600,0.042100,0.076000,0.010900,0.021408,0.005504,,0.010496,0.001088,1,4,48,4,1
965,0.250600,0.289200,0.035200,0.080600,0.041900,0.086500,0.006000,0.024384,0.005696,,0.012160,0.001184,1,4,48,4,1
966,0.245000,0.302100,0.035500,0.075100,0.042000,0.076600,0.015400,0.021888,0.005856,,0.010496,0.001184,1,4,48,4,1
967,0.244000,0.296100,0.035100,0.074400,0.042000,0.076600,0.015600,0.022400,0.005728,,0.012768,0.001184,1,4,48,4,1
968,0.271100,0.296300,0.035100,0.075800,0.041800,0.109100,0.008800,0.022528,0.005568,,0.013888,0.001184,1,4,48,4,1
969,0.331200,0.336100,0.044300,0.109600,0.054200,0.116700,0.005700,0.022112,0.005664,,0.010368,0.001184,1,4,48,4,1
970,0.289900,0.395000,0.043300,0.092700,0.052600,0.095800,0.004700,0.022688,0.005824,,0.013920,0.001184,1,4,48,4,1
971,0.287000,0.354000,0.042900,0.091500,0.052400,0.094900,0.004800,0.021984,0.005472,,0.010304,0.001088,1,4,48,4,1
972,0.243600,0.351000,0.044200,0.076000,0.042800,0.075500,0.004800,0.024992,0.005984,,0.011232,0.001184,1,4,48,4,1
973,0.241100,0.295400,0.035100,0.074900,0.042800,0.082700,0.005000,0.023360,0.005568,,0.011424,0.001184,1,4,48,4,1
974,0.236400,0.298200,0.035100,0.075300,0.042500,0.076100,0.007000,0.021760,0.005376,,0.010400,0.001152,1,4,48,4,1
975,0.233300,0.287700,0.035000,0.074400,0.042300,0.075900,0.005300,0.024128,0.005568,,0.011072,0.001120,1,4,48,4,1
976,0.257100,0.284500,0.035700,0.088100,0.042300,0.085700,0.004700,0.021376,0.005888,,0.010720,0.001120,1,4,48,4,1
977,0.238600,0.308500,0.035000,0.074600,0.042300,0.076600,0.009700,0.021728,0.005664,,0.010496,0.001184,1,4,48,4,1
978,0.241500,0.290100,0.035100,0.074200,0.042700,0.084500,0.004600,0.021152,0.005664,,0.010848,0.001152,1,4,48,4,1
979,0.345000,0.292700,0.035300,0.101100,0.075100,0.126600,0.006200,0.021824,0.005792,,0.013120,0.001120,1,4,48,4,1
980,0.345200,0.422500,0.052500,0.111300,0.063800,0.111900,0.005100,0.021952,0.005792,,0.010592,0.001152,1,4,48,4,1
981,0.305500,0.421700,0.051100,0.099900,0.054100,0.095500,0.004400,0.022016,0.005632,,0.010560,0.001120,1,4,48,4,1
982,0.292900,0.369300,0.049000,0.091500,0.054200,0.093200,0.004500,0.022016,0.005760,,0.010496,0.001120,1,4,48,4,1
983,0.308500,0.356700,0.043200,0.091900,0.053800,0.112500,0.006500,0.021344,0.005408,,0.010400,0.001120,1,4,48,4,1
984,0.357600,0.377600,0.050000,0.118100,0.064900,0.118100,0.005900,0.022176,0.005632,,0.010496,0.001152,1,4,48,4,1
985,0.342300,0.435300,0.051400,0.110100,0.064200,0.110700,0.005200,0.021600,0.005600,,0.010432,0.001184,1,4,48,4,1
986,0.311900,0.419100,0.051100,0.110200,0.056200,0.088900,0.005000,0.024256,0.005408,,0.011424,0.001184,1,4,48,4,1
987,0.250900,0.365800,0.036800,0.078900,0.044500,0.084400,0.005700,0.022560,0.005664,,0.013952,0.001152,1,4,48,4,1
988,0.278900,0.305000,0.036400,0.092000,0.052500,0.092400,0.005000,0.021312,0.005760,,0.010656,0.001184,1,4,48,4,1
989,0.276100,0.334400,0.037300,0.080800,0.048300,0.103400,0.005800,0.021280,0.005472,,0.010432,0.001120,1,4,48,4,1
990,0.289100,0.339800,0.043200,0.093000,0.051900,0.094500,0.005900,0.024480,0.005344,,0.011520,0.001152,1,4,48,4,1
991,0.308400,0.353700,0.043100,0.100900,0.051500,0.104600,0.007700,0.021888,0.005440,,0.010048,0.001120,1,4,48,4,1
992,0.251400,0.372000,0.042800,0.082600,0.042100,0.076100,0.007300,0.022080,0.005600,,0.010368,0.001184,1,4,48,4,1
993,0.248500,0.302800,0.034900,0.074800,0.042200,0.090200,0.006100,0.021728,0.005664,,0.010496,0.001184,1,4,48,4,1
994,0.241200,0.299900,0.035500,0.074600,0.042600,0.076700,0.011300,0.021536,0.005600,,0.010432,0.001152,1,4,48,4,1
995,0.243900,0.292800,0.035200,0.074400,0.042000,0.085800,0.006000,0.020864,0.005408,,0.010816,0.001152,1,4,48,4,1
996,0.232400,0.295000,0.035200,0.074200,0.042200,0.074400,0.005900,0.022496,0.005568,,0.010432,0.001152,1,4,48,4,1
997,0.239700,0.283900,0.035600,0.074400,0.042400,0.076400,0.010300,0.021984,0.005824,,0.013088,0.001120,1,4,48,4,1
998,0.246100,0.295200,0.035100,0.074800,0.042200,0.076400,0.017200,0.024512,0.006048,,0.012416,0.001152,1,4,48,4,1
999,0.263600,0.297300,0.035100,0.074500,0.042100,0.107100,0.004500,0.022208,0.005728,,0.012960,0.001152,1,4,48,4,1
1000,0.252900,0.337300,0.035400,0.081700,0.042300,0.088000,0.005000,0.024320,0.005952,,0.011104,0.001184,1,4,48,4,1
1001,0.242100,0.304500,0.035400,0.074900,0.042300,0.076200,0.012800,0.021504,0.005600,,0.010368,0.001152,1,4,48,4,1
1002,0.243200,0.293200,0.035100,0.074800,0.042300,0.075300,0.015300,0.023136,0.005440,,0.012000,0.001152,1,4,48,4,1
1003,0.234100,0.294500,0.035100,0.074200,0.041700,0.074800,0.007900,0.021696,0.005632,,0.010496,0.001184,1,4,48,4,1
1004,0.244300,0.285600,0.034900,0.073800,0.041800,0.076000,0.017500,0.021504,0.005568,,0.010432,0.001088,1,4,48,4,1
1005,0.241000,0.296200,0.035700,0.074300,0.042000,0.075800,0.012700,0.022144,0.005696,,0.013024,0.001152,1,4,48,4,1
1006,0.239200,0.292200,0.034900,0.074400,0.041800,0.075400,0.012300,0.021760,0.005664,,0.010528,0.001184,1,4,48,4,1
1007,0.238100,0.290600,0.040200,0.074600,0.041900,0.075100,0.005800,0.024256,0.005600,,0.011104,0.001120,1,4,48,4,1
1008,0.238600,0.289600,0.035600,0.074300,0.041700,0.081400,0.005100,0.021728,0.005696,,0.010464,0.001184,1,4,48,4,1
1009,0.239400,0.289800,0.034900,0.074300,0.042100,0.075900,0.011800,0.021440,0.005696,,0.010208,0.001184,1,4,48,4,1
1010,0.231400,0.290900,0.035200,0.073900,0.041700,0.074600,0.005700,0.024384,0.005728,,0.012416,0.001152,1,4,48,4,1
1011,0.239200,0.282900,0.034800,0.073900,0.041700,0.075900,0.012600,0.021568,0.005504,,0.010592,0.001088,1,4,48,4,1
1012,0.231800,0.290800,0.035000,0.073900,0.041600,0.075000,0.005700,0.024352,0.005696,,0.011104,0.001184,1,4,48,4,1
1013,0.237900,0.282900,0.034900,0.074400,0.041500,0.075700,0.010900,0.021888,0.005792,,0.010528,0.001216,1,4,48,4,1
1014,0.241100,0.293900,0.035500,0.074900,0.042800,0.081400,0.006000,0.021696,0.005600,,0.010528,0.001152,1,4,48,4,1
1015,0.268100,0.292300,0.035200,0.074200,0.041900,0.109000,0.007200,0.022208,0.005632,,0.010496,0.001184,1,4,48,4,1
1016,0.304900,0.333800,0.044500,0.097200,0.054900,0.101500,0.006300,0.021856,0.005504,,0.010336,0.001120,1,4,48,4,1
1017,0.289200,0.369000,0.043400,0.092200,0.052600,0.095600,0.004900,0.021504,0.005824,,0.010400,0.001152,1,4,48,4,1
1018,0.287100,0.352900,0.043800,0.091300,0.052400,0.092300,0.006900,0.022240,0.005888,,0.010496,0.001184,1,4,48,4,1
1019,0.286700,0.350800,0.042900,0.091100,0.052400,0.095000,0.005000,0.021472,0.005536,,0.010432,0.001120,1,4,48,4,1
1020,0.297700,0.350100,0.043000,0.091500,0.051800,0.106100,0.004700,0.022912,0.006016,,0.013952,0.001152,1,4,48,4,1
1021,0.282600,0.361300,0.043300,0.090200,0.051400,0.093500,0.003900,0.023232,0.005760,,0.011648,0.001120,1,4,48,4,1
1022,0.235100,0.333900,0.035800,0.074900,0.042100,0.075200,0.006600,0.021376,0.005536,,0.010400,0.001088,1,4,48,4,1
1023,0.242100,0.286600,0.035400,0.074900,0.042300,0.076300,0.012800,0.021856,0.005600,,0.013024,0.001184,1,4,48,4,1
1024,0.232900,0.293700,0.035100,0.074400,0.042400,0.075500,0.005100,0.024480,0.005760,,0.012384,0.001184,1,4,48,4,1
1025,0.240800,0.284300,0.035100,0.075000,0.042500,0.076000,0.011800,0.021728,0.005632,,0.010528,0.001184,1,4,48,4,1
1026,0.308000,0.292500,0.035200,0.104000,0.047000,0.114300,0.007100,0.021984,0.005472,,0.010528,0.001184,1,4,48,4,1
1027,0.253000,0.360700,0.036600,0.080600,0.044700,0.079300,0.011300,0.021888,0.005728,,0.013088,0.001184,1,4,48,4,1
1028,0.277500,0.304700,0.035500,0.088500,0.052300,0.096200,0.004500,0.024640,0.005952,,0.011072,0.001152,1,4,48,4,1
1029,0.294700,0.344000,0.052800,0.091500,0.051500,0.093900,0.004500,0.021984,0.005344,,0.010432,0.001152,1,4,48,4,1
1030,0.283600,0.357900,0.042700,0.090600,0.051800,0.093600,0.004500,0.021344,0.005856,,0.010848,0.001120,1,4,48,4,1
1031,0.242000,0.347100,0.036900,0.075000,0.042800,0.082900,0.004100,0.021984,0.005696,,0.012992,0.001152,1,4,48,4,1
1032,0.238700,0.293200,0.041100,0.075100,0.041700,0.075400,0.004900,0.024256,0.005664,,0.011104,0.001152,1,4,48,4,1
1033,0.232300,0.290000,0.035200,0.074600,0.042100,0.075400,0.004700,0.024032,0.005408,,0.012480,0.001184,1,4,48,4,1
1034,0.243100,0.283600,0.035000,0.074100,0.042100,0.075500,0.016100,0.021504,0.005632,,0.010368,0.001120,1,4,48,4,1
1035,0.232500,0.294600,0.034900,0.074400,0.041800,0.075200,0.005700,0.021920,0.005408,,0.012448,0.001152,1,4,48,4,1
1036,0.244000,0.283700,0.035700,0.074700,0.042000,0.076400,0.015000,0.021664,0.005600,,0.010528,0.001152,1,4,48,4,1
1037,0.232400,0.295000,0.035100,0.074600,0.041600,0.074900,0.005800,0.024192,0.005664,,0.011008,0.001088,1,4,48,4,1
1038,0.240600,0.283900,0.034900,0.074800,0.041900,0.075800,0.012500,0.021504,0.005440,,0.013088,0.001120,1,4,48,4,1
1039,0.247600,0.296800,0.035900,0.075500,0.042500,0.076600,0.016800,0.020992,0.005600,,0.010592,0.001088,1,4,48,4,1
1040,0.246500,0.302000,0.035100,0.074500,0.041800,0.090800,0.003800,0.022336,0.005600,,0.010048,0.001152,1,4,48,4,1
1041,0.231700,0.297900,0.034900,0.074500,0.042300,0.074900,0.004800,0.023104,0.005568,,0.011552,0.001088,1,4,48,4,1
1042,0.243800,0.283400,0.035300,0.077000,0.042000,0.081500,0.007500,0.021536,0.005472,,0.010560,0.001120,1,4,48,4,1
1043,0.244800,0.295200,0.035000,0.074500,0.041600,0.075600,0.017700,0.021760,0.005696,,0.010560,0.001120,1,4,48,4,1
1044,0.232900,0.296500,0.034800,0.074200,0.041900,0.075600,0.005900,0.024192,0.005600,,0.011104,0.001088,1,4,48,4,1
1045,0.245700,0.284500,0.035000,0.074000,0.042200,0.076300,0.017800,0.021952,0.005536,,0.012992,0.001120,1,4,48,4,1
1046,0.239500,0.297200,0.035300,0.074900,0.042100,0.075800,0.010900,0.021408,0.005440,,0.010432,0.001120,1,4,48,4,1
1047,0.238900,0.291000,0.034900,0.074600,0.041600,0.076500,0.010900,0.021376,0.005472,,0.010336,0.001184,1,4,48,4,1
1048,0.238900,0.290200,0.035000,0.073800,0.041800,0.076100,0.011900,0.021504,0.005536,,0.010432,0.001152,1,4,48,4,1
1049,0.248300,0.290500,0.035000,0.074100,0.047700,0.076700,0.014400,0.021824,0.005600,,0.013088,0.001120,1,4,48,4,1
1050,0.239700,0.300000,0.036000,0.074400,0.042100,0.081700,0.005100,0.021856,0.005632,,0.013152,0.001184,1,4,48,4,1
1051,0.245500,0.291300,0.034800,0.074600,0.041900,0.086000,0.007800,0.022048,0.005472,,0.010464,0.001184,1,4,48,4,1
1052,0.247300,0.297000,0.035100,0.074000,0.041900,0.081100,0.014800,0.024288,0.005664,,0.011040,0.001152,1,4,48,4,1
1053,0.239900,0.298500,0.035000,0.074300,0.042300,0.076000,0.011800,0.021600,0.005472,,0.013120,0.001152,1,4,48,4,1
1054,0.240300,0.291300,0.035200,0.073900,0.041900,0.076100,0.012700,0.022080,0.005952,,0.013056,0.001184,1,4,48,4,1
1055,0.232300,0.291800,0.034800,0.074100,0.042200,0.075300,0.005600,0.024480,0.005568,,0.011424,0.001152,1,4,48,4,1
1056,0.240200,0.283600,0.034900,0.074400,0.041800,0.076300,0.012400,0.021728,0.005664,,0.010528,0.001152,1,4,48,4,1
1057,0.239400,0.291300,0.035000,0.074000,0.041500,0.075900,0.012400,0.021440,0.005472,,0.010496,0.001120,1,4,48,4,1
1058,0.242000,0.291100,0.035000,0.074700,0.041600,0.075900,0.014500,0.021408,0.005408,,0.010528,0.001184,1,4,48,4,1
1059,0.243700,0.293700,0.035500,0.074200,0.046400,0.082300,0.004900,0.021984,0.005696,,0.010496,0.001184,1,4,48,4,1
1060,0.239600,0.295600,0.035400,0.074200,0.041900,0.076000,0.011700,0.021792,0.005760,,0.010496,0.001152,1,4,48,4,1
1061,0.232400,0.290800,0.034900,0.074500,0.041700,0.075100,0.005700,0.024032,0.005408,,0.011104,0.001184,1,4,48,4,1
1062,0.231800,0.284500,0.035300,0.074300,0.041800,0.076500,0.003400,0.021888,0.005696,,0.013184,0.001120,1,4,48,4,1
1063,0.234200,0.286100,0.035000,0.073900,0.041600,0.076200,0.007100,0.021536,0.005536,,0.010496,0.001120,1,4,48,4,1
1064,0.297300,0.285400,0.037300,0.074500,0.041700,0.136800,0.006500,0.021984,0.005536,,0.010368,0.001120,1,4,48,4,1
1065,0.303600,0.363500,0.049100,0.097900,0.054300,0.096800,0.004900,0.021568,0.005312,,0.013152,0.001152,1,4,48,4,1
1066,0.289000,0.367700,0.043600,0.092300,0.053000,0.094900,0.004800,0.021536,0.006016,,0.010976,0.001184,1,4,48,4,1
1067,0.288800,0.352900,0.043100,0.091900,0.052300,0.096400,0.004700,0.024192,0.005696,,0.011456,0.001120,1,4,48,4,1
1068,0.240800,0.350800,0.035100,0.075200,0.042600,0.082900,0.004600,0.021344,0.005920,,0.010880,0.001120,1,4,48,4,1
1069,0.238900,0.292500,0.035100,0.074700,0.042700,0.076000,0.010000,0.021120,0.005536,,0.010976,0.001152,1,4,48,4,1
1070,0.248000,0.296000,0.035500,0.076100,0.042900,0.076700,0.016100,0.021600,0.005408,,0.013056,0.001152,1,4,48,4,1
1071,0.241300,0.299400,0.035300,0.074900,0.042300,0.076000,0.012300,0.021504,0.005568,,0.010432,0.001152,1,4,48,4,1
1072,0.239400,0.292900,0.035300,0.074700,0.042400,0.082400,0.004200,0.021312,0.005600,,0.010304,0.001184,1,4,48,4,1
1073,0.240100,0.290600,0.035100,0.074400,0.042200,0.076200,0.011700,0.021504,0.005568,,0.010432,0.001088,1,4,48,4,1
1074,0.240000,0.291600,0.035200,0.074000,0.042200,0.076200,0.011800,0.021280,0.005760,,0.010880,0.001152,1,4,48,4,1
1075,0.239200,0.291700,0.035100,0.074600,0.042400,0.076400,0.010400,0.021472,0.005824,,0.010496,0.001152,1,4,48,4,1
1076,0.242600,0.290600,0.034900,0.074100,0.042100,0.076400,0.014700,0.021280,0.005696,,0.010208,0.001152,1,4,48,4,1
1077,0.332700,0.294100,0.035400,0.075200,0.042100,0.168200,0.011200,0.020992,0.005408,,0.010912,0.001152,1,4,48,4,1
1078,0.390400,0.415800,0.048000,0.108300,0.058800,0.169100,0.005600,0.024288,0.005568,,0.011648,0.001152,1,4,48,4,1
1079,0.357800,0.456400,0.043900,0.095500,0.054200,0.158700,0.004700,0.021408,0.005536,,0.010400,0.001120,1,4,48,4,1
1080,0.475400,0.422300,0.043500,0.093400,0.161000,0.160200,0.016500,0.021632,0.005600,,0.010464,0.001184,1,4,48,4,1
1081,0.249600,0.528800,0.039800,0.078800,0.044400,0.080200,0.006000,0.022016,0.005568,,0.010400,0.001152,1,4,48,4,1
1082,0.240200,0.302100,0.035400,0.077200,0.043000,0.077800,0.006500,0.022080,0.005536,,0.010336,0.001152,1,4,48,4,1
1083,0.236500,0.292000,0.035400,0.076200,0.043300,0.075700,0.005700,0.021088,0.005632,,0.010592,0.001184,1,4,48,4,1
1084,0.245300,0.288300,0.035200,0.075500,0.043300,0.085500,0.005400,0.021312,0.005152,,0.010624,0.001152,1,4,48,4,1
1085,0.234500,0.297100,0.035200,0.074900,0.042900,0.076000,0.005000,0.023936,0.005728,,0.012160,0.001152,1,4,48,4,1
1086,0.240900,0.285700,0.035000,0.075500,0.048500,0.076500,0.004900,0.024480,0.005888,,0.011072,0.001120,1,4,48,4,1
1087,0.251400,0.292400,0.035000,0.075400,0.043300,0.077000,0.020400,0.021312,0.005696,,0.010496,0.001184,1,4,48,4,1
1088,0.241300,0.302900,0.035100,0.075900,0.042900,0.081300,0.005400,0.021344,0.005536,,0.010240,0.001152,1,4,48,4,1
1089,0.338300,0.293000,0.035400,0.075800,0.046200,0.173100,0.007300,0.021664,0.005568,,0.013088,0.001120,1,4,48,4,1
1090,0.359000,0.403700,0.044500,0.098000,0.054600,0.155900,0.005700,0.021696,0.005760,,0.013120,0.001184,1,4,48,4,1
1091,0.243000,0.410900,0.035100,0.075100,0.043300,0.076200,0.012900,0.021696,0.005696,,0.013056,0.001120,1,4,48,4,1
1092,0.246600,0.294600,0.036000,0.075300,0.044100,0.076500,0.014300,0.021536,0.005600,,0.010400,0.001152,1,4,48,4,1
1093,0.241600,0.297900,0.034900,0.076000,0.042300,0.082700,0.005300,0.021280,0.005664,,0.010304,0.001184,1,4,48,4,1
1094,0.239800,0.293300,0.035000,0.075400,0.042500,0.076400,0.010200,0.021312,0.005760,,0.010976,0.001184,1,4,48,4,1
1095,0.238700,0.291200,0.035200,0.074600,0.041800,0.076400,0.010300,0.021408,0.005312,,0.010560,0.001152,1,4,48,4,1
1096,0.248200,0.290500,0.034900,0.075300,0.042400,0.089300,0.005800,0.022528,0.005472,,0.013984,0.001184,1,4,48,4,1
1097,0.282700,0.299600,0.035000,0.074300,0.042500,0.121400,0.009100,0.024576,0.005920,,0.012544,0.001152,1,4,48,4,1
1098,0.233000,0.334900,0.035000,0.074400,0.041900,0.075400,0.005900,0.024480,0.005504,,0.011488,0.001120,1,4,48,4,1
1099,0.235000,0.284600,0.035100,0.074300,0.041800,0.077200,0.006000,0.022048,0.005600,,0.010528,0.001152,1,4,48,4,1
1100,0.239500,0.286800,0.034900,0.074200,0.041800,0.079600,0.008600,0.022848,0.005984,,0.013952,0.001120,1,4,48,4,1
1101,0.240200,0.290800,0.035200,0.074800,0.042200,0.076000,0.011400,0.021568,0.005568,,0.010432,0.001184,1,4,48,4,1
1102,0.239500,0.291800,0.035400,0.074900,0.042000,0.076300,0.010400,0.021696,0.005664,,0.010464,0.001152,1,4,48,4,1
1103,0.246000,0.291100,0.034900,0.074700,0.046800,0.076300,0.012900,0.021120,0.005568,,0.010272,0.001088,1,4,48,4,1
1104,0.241500,0.297800,0.035300,0.074600,0.042500,0.076200,0.012400,0.021696,0.005632,,0.010496,0.001184,1,4,48,4,1
1105,0.238300,0.293000,0.035000,0.073900,0.041900,0.076300,0.010800,0.021088,0.005632,,0.010784,0.001120,1,4,48,4,1
1106,0.241100,0.289700,0.035500,0.074000,0.042000,0.075800,0.013300,0.021632,0.005600,,0.010464,0.001152,1,4,48,4,1
1107,0.231800,0.292800,0.034900,0.073900,0.041700,0.075100,0.005600,0.024160,0.005568,,0.011072,0.001152,1,4,48,4,1
1108,0.233000,0.282900,0.035200,0.073800,0.042600,0.075000,0.005900,0.024288,0.005664,,0.011072,0.001184,1,4,48,4,1
1109,0.239400,0.283900,0.035000,0.074800,0.041600,0.076100,0.011300,0.021536,0.005664,,0.010304,0.001184,1,4,48,4,1
1110,0.252600,0.290600,0.035000,0.080300,0.041800,0.076500,0.018400,0.021824,0.005632,,0.013088,0.001152,1,4,48,4,1
1111,0.249700,0.303600,0.035400,0.074500,0.041700,0.091400,0.006200,0.021664,0.005760,,0.010400,0.001120,1,4,48,4,1
1112,0.235700,0.301400,0.035700,0.075500,0.042100,0.076500,0.005500,0.022592,0.005696,,0.013952,0.001184,1,4,48,4,1
1113,0.235400,0.286800,0.035300,0.074400,0.041600,0.075300,0.008400,0.021568,0.005472,,0.013088,0.001120,1,4,48,4,1
1114,0.233100,0.286600,0.035100,0.074300,0.042100,0.074500,0.006600,0.022400,0.005504,,0.013920,0.001088,1,4,48,4,1
1115,0.239000,0.284800,0.034900,0.074200,0.042000,0.075700,0.011700,0.021568,0.005632,,0.010496,0.001120,1,4,48,4,1
1116,0.234500,0.290500,0.035300,0.074300,0.042000,0.076300,0.006300,0.022688,0.006048,,0.010336,0.001184,1,4,48,4,1
1117,0.243200,0.285800,0.035200,0.074000,0.041900,0.075800,0.015800,0.021632,0.005664,,0.010432,0.001184,1,4,48,4,1
1118,0.240200,0.294200,0.035200,0.074300,0.041900,0.076000,0.012400,0.021888,0.005920,,0.010464,0.001088,1,4,48,4,1
1119,0.241400,0.301000,0.036700,0.074300,0.041900,0.075700,0.012400,0.021376,0.005504,,0.010368,0.001120,1,4,48,4,1
1120,0.231600,0.292500,0.035600,0.074200,0.041900,0.075900,0.003600,0.022400,0.005696,,0.010368,0.001184,1,4,48,4,1
1121,0.236600,0.283000,0.035200,0.074300,0.042000,0.076600,0.008100,0.023232,0.005632,,0.011872,0.001088,1,4,48,4,1
1122,0.251200,0.287900,0.035200,0.074200,0.052800,0.075000,0.013600,0.021568,0.005504,,0.010496,0.001152,1,4,48,4,1
1123,0.242300,0.302600,0.035200,0.075000,0.041500,0.075800,0.014400,0.021792,0.005664,,0.010560,0.001152,1,4,48,4,1
1124,0.245100,0.294000,0.035000,0.074200,0.042300,0.087000,0.006300,0.021472,0.005632,,0.010336,0.001120,1,4,48,4,1
1125,0.242300,0.296700,0.035000,0.073900,0.041800,0.075700,0.015300,0.021280,0.005376,,0.010528,0.001120,1,4,48,4,1
1126,0.234300,0.300900,0.035500,0.075200,0.042200,0.075100,0.005900,0.024512,0.005856,,0.011424,0.001152,1,4,48,4,1
1127,0.447200,0.285500,0.128900,0.123600,0.066100,0.121400,0.006400,0.022176,0.005504,,0.010464,0.001184,1,4,48,4,1
1128,0.344800,0.527500,0.051800,0.116300,0.063100,0.107300,0.005600,0.022016,0.005888,,0.013088,0.001184,1,4,48,4,1
1129,0.289100,0.410700,0.044100,0.091700,0.052600,0.094700,0.005500,0.024064,0.005536,,0.011072,0.001152,1,4,48,4,1
1130,0.287600,0.353900,0.043000,0.090800,0.052500,0.095100,0.005600,0.021120,0.005760,,0.010848,0.001088,1,4,48,4,1
1131,0.310200,0.352000,0.049900,0.123600,0.044500,0.088000,0.003800,0.024160,0.005504,,0.012576,0.001152,1,4,48,4,1
1132,0.267600,0.362000,0.035900,0.091400,0.043400,0.091000,0.005500,0.021216,0.005376,,0.010304,0.001152,1,4,48,4,1
1133,0.241800,0.319200,0.035100,0.074800,0.042400,0.083400,0.005800,0.022080,0.005536,,0.013088,0.001120,1,4,48,4,1
1134,0.240400,0.293500,0.035500,0.074300,0.042200,0.082300,0.005800,0.021824,0.005760,,0.010528,0.001152,1,4,48,4,1
1135,0.242900,0.291600,0.034800,0.074700,0.042700,0.084600,0.005800,0.021408,0.005568,,0.010240,0.001184,1,4,48,4,1
1136,0.335000,0.294300,0.034700,0.074900,0.044200,0.173200,0.007300,0.022272,0.005504,,0.013920,0.001120,1,4,48,4,1
1137,0.265300,0.386900,0.035500,0.083400,0.042300,0.098800,0.004900,0.022432,0.005824,,0.010496,0.001184,1,4,48,4,1
1138,0.257900,0.317000,0.035500,0.075600,0.042100,0.097700,0.006600,0.022944,0.006016,,0.013920,0.001120,1,4,48,4,1
1139,0.313300,0.328200,0.045100,0.100400,0.055400,0.103600,0.008200,0.022080,0.005504,,0.010272,0.001120,1,4,48,4,1
1140,0.294000,0.378600,0.044300,0.094000,0.052800,0.097200,0.005200,0.021344,0.005408,,0.010496,0.001120,1,4,48,4,1
1141,0.288700,0.358700,0.043800,0.092100,0.052000,0.093400,0.007000,0.022400,0.005824,,0.010272,0.001152,1,4,48,4,1
1142,0.295100,0.352800,0.043300,0.091100,0.051500,0.100700,0.008100,0.022336,0.005504,,0.012384,0.001120,1,4,48,4,1
1143,0.341700,0.359300,0.043200,0.090900,0.048300,0.143400,0.015300,0.024128,0.005632,,0.011104,0.001152,1,4,48,4,1
1144,0.302700,0.409800,0.045600,0.097800,0.053800,0.098800,0.006000,0.024512,0.005856,,0.011136,0.001152,1,4,48,4,1
1145,0.298200,0.368000,0.043900,0.094200,0.052800,0.093600,0.013200,0.022304,0.005440,,0.010336,0.001152,1,4,48,4,1
1146,0.288700,0.362200,0.043000,0.092000,0.052200,0.095800,0.005000,0.021440,0.005888,,0.010528,0.001152,1,4,48,4,1
1147,0.286600,0.352700,0.043100,0.091100,0.052300,0.094900,0.004700,0.021888,0.005408,,0.010400,0.001184,1,4,48,4,1
1148,0.309600,0.350000,0.043400,0.113400,0.052000,0.096100,0.004300,0.022144,0.005504,,0.010304,0.001184,1,4,48,4,1
1149,0.242500,0.361200,0.035300,0.075700,0.043400,0.076600,0.011000,0.021696,0.005664,,0.010496,0.001152,1,4,48,4,1
1150,0.244600,0.294400,0.035400,0.075000,0.042400,0.085400,0.005800,0.021696,0.005728,,0.010496,0.001120,1,4,48,4,1
1151,0.234600,0.296300,0.035100,0.075200,0.042700,0.075600,0.005700,0.024128,0.005536,,0.012416,0.001088,1,4,48,4,1
1152,0.240900,0.286100,0.035700,0.074800,0.042400,0.077000,0.010600,0.021376,0.005344,,0.010464,0.001184,1,4,48,4,1
1153,0.244500,0.292500,0.035000,0.075300,0.042600,0.076100,0.015000,0.022496,0.005568,,0.010560,0.001184,1,4,48,4,1
1154,0.240100,0.295800,0.035000,0.074800,0.042400,0.076500,0.010900,0.022080,0.005952,,0.012992,0.001152,1,4,48,4,1
1155,0.256800,0.297200,0.035400,0.075500,0.046800,0.092500,0.006000,0.021568,0.005472,,0.010624,0.001120,1,4,48,4,1
1156,0.237000,0.308400,0.035300,0.075700,0.042500,0.077600,0.005300,0.022400,0.005504,,0.013984,0.001152,1,4,48,4,1
1157,0.225100,0.289100,0.035900,0.084200,0.035400,0.067900,0.001300,0.038656,0.007328,,0.011840,0.014880,1,4,48,4,1
1158,0.493800,0.276700,0.034900,0.097500,0.104100,0.254900,0.001800,0.022464,0.005728,,0.013664,0.001152,1,4,48,4,1
1159,0.347800,0.562000,0.045100,0.131000,0.058900,0.106600,0.005900,0.023264,0.005600,,0.014688,0.001088,1,4,48,4,1
1160,0.318100,0.413400,0.044300,0.095900,0.054100,0.118600,0.004600,0.021888,0.005600,,0.010720,0.001184,1,4,48,4,1
1161,0.337200,0.382700,0.044300,0.094300,0.068400,0.103000,0.026500,0.022400,0.005792,,0.010752,0.001088,1,4,48,4,1
1162,0.309900,0.402300,0.044200,0.091600,0.058100,0.108500,0.006900,0.025056,0.005728,,0.012000,0.001120,1,4,48,4,1
1163,0.330900,0.374000,0.044500,0.122900,0.067200,0.088800,0.006900,0.021600,0.005600,,0.010496,0.001120,1,4,48,4,1
1164,0.254600,0.385800,0.036600,0.079600,0.044700,0.089200,0.004100,0.021536,0.005632,,0.010432,0.001120,1,4,48,4,1
1165,0.245500,0.307000,0.035400,0.077200,0.042800,0.085700,0.003900,0.021088,0.005312,,0.010240,0.001120,1,4,48,4,1
1166,0.243600,0.297700,0.035300,0.075600,0.043500,0.085100,0.003800,0.021856,0.005696,,0.010592,0.001184,1,4,48,4,1
1167,0.235400,0.295500,0.035200,0.075700,0.043000,0.076000,0.005000,0.023936,0.005536,,0.011168,0.001152,1,4,48,4,1
1168,0.240800,0.287000,0.034900,0.074700,0.042300,0.084600,0.003900,0.021760,0.005664,,0.010560,0.001184,1,4,48,4,1
1169,0.234900,0.297900,0.035600,0.075200,0.042500,0.076300,0.004900,0.024096,0.005632,,0.011040,0.001152,1,4,48,4,1
1170,0.234100,0.286300,0.035100,0.074800,0.042500,0.075200,0.005800,0.022720,0.005824,,0.013952,0.001152,1,4,48,4,1
1171,0.239600,0.285800,0.035100,0.074300,0.042500,0.076200,0.011100,0.021504,0.005408,,0.010528,0.001184,1,4,48,4,1
1172,0.243800,0.290900,0.035100,0.074700,0.041900,0.076800,0.014900,0.023968,0.005664,,0.012064,0.001152,1,4,48,4,1
1173,0.244500,0.295400,0.035300,0.074800,0.042700,0.085300,0.006000,0.021184,0.005216,,0.010464,0.001152,1,4,48,4,1
1174,0.330100,0.295600,0.035100,0.079600,0.057000,0.146500,0.011000,0.022400,0.005664,,0.010432,0.001152,1,4,48,4,1
1175,0.265500,0.415800,0.054100,0.118400,0.022500,0.068500,0.001700,0.021824,0.005568,,0.010400,0.001152,1,4,48,4,1
1176,0.400700,0.342300,0.051200,0.134900,0.016400,0.191300,0.006500,0.021888,0.005408,,0.010272,0.001152,1,4,48,4,1
1177,0.381900,0.466100,0.043800,0.125000,0.055500,0.149100,0.007800,0.024128,0.005472,,0.011200,0.001184,1,4,48,4,1
1178,0.299500,0.446400,0.043600,0.093200,0.053000,0.097300,0.011800,0.021440,0.005408,,0.010496,0.001152,1,4,48,4,1
1179,0.291700,0.363600,0.043200,0.091600,0.052600,0.097000,0.006700,0.024288,0.005696,,0.011200,0.001184,1,4,48,4,1
1180,0.296100,0.355200,0.043300,0.091000,0.052100,0.102900,0.006300,0.022560,0.005600,,0.013920,0.001152,1,4,48,4,1
1181,0.367200,0.363700,0.045400,0.099200,0.054700,0.161000,0.006500,0.022304,0.005728,,0.010336,0.001088,1,4,48,4,1
1182,0.558800,0.432100,0.043900,0.094100,0.052400,0.360700,0.007200,0.021696,0.005568,,0.010592,0.001184,1,4,48,4,1
1183,0.306000,0.626400,0.045300,0.100600,0.055600,0.099500,0.004600,0.022368,0.005504,,0.013952,0.001120,1,4,48,4,1
1184,0.292000,0.371300,0.043900,0.095100,0.052900,0.095200,0.004500,0.022208,0.005600,,0.010400,0.001184,1,4,48,4,1
1185,0.321800,0.356100,0.043300,0.125300,0.052700,0.095500,0.004400,0.021824,0.005696,,0.010560,0.001152,1,4,48,4,1
1186,0.240700,0.375500,0.035500,0.075400,0.043400,0.081000,0.005000,0.021504,0.005664,,0.010432,0.001184,1,4,48,4,1
1187,0.239700,0.292700,0.035700,0.075400,0.042800,0.081200,0.004100,0.021856,0.005504,,0.013056,0.001152,1,4,48,4,1
1188,0.256300,0.309300,0.037100,0.082700,0.047000,0.084400,0.004500,0.021856,0.005600,,0.013120,0.001152,1,4,48,4,1
1189,0.249500,0.309000,0.035800,0.077900,0.043400,0.086400,0.005600,0.021632,0.005568,,0.010528,0.001184,1,4,48,4,1
1190,0.239100,0.301600,0.035800,0.076500,0.043100,0.079500,0.003700,0.021600,0.005728,,0.010432,0.001120,1,4,48,4,1
1191,0.170500,0.291400,0.035700,0.076000,0.013900,0.043400,0.001100,0.021504,0.005568,,0.010400,0.001152,1,4,48,4,1
1192,0.313900,0.221600,0.034300,0.089900,0.027300,0.153500,0.008500,0.021696,0.005664,,0.013120,0.001152,1,4,48,4,1
1193,0.285300,0.366400,0.035700,0.102700,0.046900,0.092700,0.006800,0.022496,0.005664,,0.013888,0.001152,1,4,48,4,1
1194,0.260600,0.337100,0.035600,0.096700,0.043700,0.078700,0.005300,0.022464,0.005792,,0.010496,0.001152,1,4,48,4,1
1195,0.252400,0.312100,0.036000,0.081200,0.043200,0.079700,0.011700,0.022208,0.005344,,0.013920,0.001184,1,4,48,4,1
1196,0.242000,0.304100,0.035700,0.074700,0.043200,0.083100,0.005000,0.021888,0.005696,,0.013024,0.001152,1,4,48,4,1
1197,0.249100,0.293900,0.035600,0.075500,0.043400,0.078000,0.016100,0.023904,0.005440,,0.012448,0.001152,1,4,48,4,1
1198,0.277500,0.301100,0.035600,0.075800,0.068700,0.093100,0.003700,0.024416,0.005792,,0.011104,0.001152,1,4,48,4,1
1199,0.249200,0.330300,0.035900,0.078500,0.043400,0.086700,0.004300,0.022144,0.005824,,0.012960,0.001120,1,4,48,4,1
1200,0.240900,0.301400,0.035300,0.077000,0.042700,0.081000,0.004400,0.021280,0.005344,,0.010368,0.001184,1,4,48,4,1
1201,0.274500,0.292600,0.041200,0.076600,0.041100,0.108200,0.007000,0.021888,0.005536,,0.010336,0.001184,1,4,48,4,1
1202,0.312400,0.342000,0.044700,0.099400,0.055700,0.106200,0.006000,0.021568,0.005472,,0.010528,0.001184,1,4,48,4,1
1203,0.297500,0.377200,0.043700,0.094400,0.052900,0.097300,0.008600,0.021760,0.005760,,0.010464,0.001152,1,4,48,4,1
1204,0.289500,0.361600,0.043900,0.092100,0.051900,0.094300,0.006700,0.021632,0.005408,,0.013184,0.001120,1,4,48,4,1
1205,0.234700,0.347500,0.034900,0.075500,0.042600,0.076000,0.005100,0.024288,0.005632,,0.011040,0.001184,1,4,48,4,1
1206,0.235400,0.286200,0.035400,0.075600,0.042900,0.076000,0.005000,0.024160,0.005504,,0.011136,0.001152,1,4,48,4,1
1207,0.244600,0.293600,0.035300,0.075300,0.042900,0.085900,0.004900,0.022144,0.005696,,0.013024,0.001152,1,4,48,4,1
1208,0.235000,0.296300,0.035100,0.075300,0.043500,0.075800,0.004900,0.024512,0.006080,,0.011072,0.001152,1,4,48,4,1
1209,0.243000,0.286900,0.035100,0.074700,0.042300,0.085800,0.004800,0.021984,0.005728,,0.012992,0.001120,1,4,48,4,1
1210,0.235100,0.294500,0.035000,0.076000,0.042400,0.077100,0.004100,0.021408,0.005472,,0.010368,0.001184,1,4,48,4,1
1211,0.248000,0.286700,0.035400,0.085300,0.043000,0.075500,0.008400,0.022240,0.005632,,0.010560,0.001088,1,4,48,4,1
1212,0.258100,0.299200,0.034900,0.074600,0.059600,0.076500,0.012000,0.022272,0.005632,,0.010528,0.001120,1,4,48,4,1
1213,0.246200,0.309600,0.035000,0.074900,0.042100,0.089400,0.004300,0.021920,0.005696,,0.013088,0.001184,1,4,48,4,1
1214,0.241800,0.297700,0.034900,0.074400,0.041800,0.075300,0.014900,0.022560,0.005600,,0.013920,0.001184,1,4,48,4,1
1215,0.243100,0.293300,0.035200,0.074400,0.042100,0.076300,0.014700,0.022432,0.005632,,0.010432,0.001184,1,4,48,4,1
1216,0.232800,0.294200,0.035100,0.074000,0.042100,0.075100,0.006000,0.024288,0.005760,,0.011104,0.001120,1,4,48,4,1
1217,0.241100,0.284200,0.034900,0.074600,0.042500,0.076000,0.012800,0.021824,0.005632,,0.012960,0.001120,1,4,48,4,1
1218,0.240000,0.292700,0.035500,0.074900,0.042400,0.082500,0.004400,0.021696,0.005600,,0.010496,0.001184,1,4,48,4,1
1219,0.234500,0.291200,0.035300,0.074100,0.042300,0.076400,0.005900,0.024288,0.005632,,0.011040,0.001152,1,4,48,4,1
1220,0.310300,0.285600,0.035000,0.074300,0.057200,0.135700,0.007600,0.023520,0.005792,,0.011840,0.001152,1,4,48,4,1
1221,0.318800,0.383800,0.045200,0.098300,0.055100,0.112500,0.007000,0.021696,0.005632,,0.010528,0.001184,1,4,48,4,1
1222,0.312800,0.386400,0.046300,0.101000,0.055700,0.101000,0.008300,0.022848,0.005824,,0.013952,0.001184,1,4,48,4,1
1223,0.294900,0.377900,0.043800,0.093500,0.053200,0.097800,0.006000,0.024160,0.005664,,0.012384,0.001184,1,4,48,4,1
1224,0.288200,0.359100,0.043200,0.091300,0.054100,0.094300,0.004700,0.021376,0.005408,,0.010400,0.001184,1,4,48,4,1
1225,0.304100,0.360700,0.043200,0.092600,0.052300,0.108100,0.007100,0.024704,0.005856,,0.011328,0.001088,1,4,48,4,1
1226,0.313100,0.369700,0.044900,0.098300,0.054100,0.108100,0.007100,0.022688,0.005888,,0.013856,0.001152,1,4,48,4,1
1227,0.293600,0.377400,0.043500,0.092200,0.053300,0.098400,0.005700,0.021952,0.005728,,0.013120,0.001152,1,4,48,4,1
1228,0.301100,0.357400,0.043100,0.092100,0.052800,0.095200,0.017300,0.022304,0.005632,,0.010112,0.001184,1,4,48,4,1
1229,0.295000,0.367700,0.043000,0.092200,0.053000,0.088600,0.017800,0.022336,0.005824,,0.010272,0.001120,1,4,48,4,1
1230,0.270400,0.346200,0.035400,0.075200,0.043700,0.110600,0.005000,0.021984,0.005696,,0.012992,0.001152,1,4,48,4,1
1231,0.255800,0.324300,0.036100,0.078700,0.044900,0.090500,0.004900,0.021056,0.005568,,0.010816,0.001184,1,4,48,4,1
1232,0.250700,0.308500,0.036000,0.077800,0.043800,0.088000,0.004700,0.021696,0.005632,,0.010464,0.001184,1,4,48,4,1
1233,0.239400,0.327000,0.035600,0.076400,0.043300,0.077500,0.006200,0.023168,0.005632,,0.011648,0.001152,1,4,48,4,1
1234,0.241700,0.290800,0.035100,0.075300,0.042800,0.081500,0.006600,0.021536,0.005600,,0.010368,0.001184,1,4,48,4,1
1235,0.245200,0.294100,0.035100,0.075000,0.042600,0.077000,0.015100,0.021472,0.005472,,0.010432,0.001184,1,4,48,4,1
1236,0.252000,0.297000,0.035200,0.081300,0.042800,0.075600,0.016500,0.022048,0.005504,,0.010368,0.001152,1,4,48,4,1
1237,0.234100,0.303600,0.034900,0.074700,0.042000,0.075700,0.006200,0.021952,0.005408,,0.010432,0.001088,1,4,48,4,1
1238,0.233000,0.285600,0.035300,0.074300,0.042400,0.074700,0.005800,0.022112,0.005376,,0.010144,0.001152,1,4,48,4,1
1239,0.239400,0.284600,0.035100,0.074500,0.042200,0.081800,0.005300,0.021760,0.005792,,0.010464,0.001120,1,4,48,4,1
1240,0.242000,0.290900,0.035300,0.074000,0.041700,0.076300,0.014200,0.021408,0.005312,,0.010560,0.001152,1,4,48,4,1
1241,0.237500,0.293300,0.034800,0.073900,0.041600,0.075900,0.010900,0.021408,0.005408,,0.010528,0.001088,1,4,48,4,1
1242,0.241800,0.288700,0.034900,0.073800,0.041800,0.076200,0.014700,0.023872,0.005664,,0.012064,0.001152,1,4,48,4,1
1243,0.247100,0.292900,0.035600,0.080400,0.041300,0.075600,0.013200,0.021696,0.005632,,0.010528,0.001152,1,4,48,4,1
1244,0.239700,0.309400,0.034900,0.074300,0.041500,0.076200,0.012500,0.022304,0.006048,,0.012960,0.001120,1,4,48,4,1
1245,0.231900,0.290900,0.035000,0.073800,0.042000,0.074900,0.005900,0.023968,0.005664,,0.011072,0.001152,1,4,48,4,1
1246,0.242000,0.283000,0.035700,0.074300,0.042000,0.076900,0.012700,0.021600,0.005568,,0.010432,0.001184,1,4,48,4,1
1247,0.245500,0.293500,0.035200,0.074100,0.041900,0.076200,0.017600,0.021760,0.005792,,0.010496,0.001120,1,4,48,4,1
1248,0.325900,0.296800,0.035100,0.074300,0.041600,0.165200,0.009300,0.024256,0.005664,,0.011808,0.001152,1,4,48,4,1
1249,0.327800,0.404700,0.052600,0.113400,0.054700,0.099000,0.007600,0.021792,0.005664,,0.010464,0.001152,1,4,48,4,1
1250,0.289800,0.391800,0.043400,0.092700,0.052000,0.094400,0.006800,0.021504,0.005568,,0.010400,0.001120,1,4,48,4,1
1251,0.290500,0.353400,0.043300,0.091200,0.052700,0.097000,0.005800,0.021952,0.005632,,0.010528,0.001120,1,4,48,4,1
1252,0.288000,0.354200,0.043000,0.090800,0.052700,0.095500,0.005600,0.021792,0.005888,,0.010400,0.001120,1,4,48,4,1
1253,0.313100,0.351500,0.043300,0.090300,0.074700,0.096100,0.008300,0.024224,0.005344,,0.011360,0.001184,1,4,48,4,1
1254,0.248700,0.365700,0.035800,0.078300,0.043200,0.086800,0.004100,0.021280,0.005376,,0.010400,0.001152,1,4,48,4,1
1255,0.245800,0.300400,0.035200,0.076000,0.042500,0.085900,0.005800,0.021440,0.005568,,0.010368,0.001088,1,4,48,4,1
1256,0.242300,0.297200,0.035100,0.074800,0.042400,0.076600,0.013100,0.021856,0.005664,,0.013056,0.001152,1,4,48,4,1
1257,0.240100,0.294100,0.035200,0.075000,0.042400,0.076100,0.011100,0.021632,0.005568,,0.010528,0.001152,1,4,48,4,1
1258,0.240700,0.291500,0.035000,0.075000,0.042100,0.076500,0.011700,0.021728,0.005664,,0.010528,0.001152,1,4,48,4,1
1259,0.247100,0.291900,0.034900,0.082000,0.041600,0.075600,0.012400,0.021056,0.005472,,0.010144,0.001088,1,4,48,4,1
1260,0.240600,0.298600,0.035500,0.074300,0.041800,0.076100,0.012400,0.021184,0.005728,,0.010816,0.001120,1,4,48,4,1
1261,0.238300,0.291700,0.035100,0.074300,0.042100,0.081400,0.005100,0.021312,0.005664,,0.010528,0.001152,1,4,48,4,1
1262,0.238500,0.289600,0.035500,0.074300,0.041600,0.075900,0.010900,0.021472,0.005504,,0.010432,0.001152,1,4,48,4,1
1263,0.241300,0.289900,0.034900,0.074000,0.041500,0.075900,0.014400,0.021696,0.005600,,0.012992,0.001120,1,4,48,4,1
1264,0.240100,0.293000,0.035600,0.074100,0.041800,0.075700,0.012400,0.021568,0.005376,,0.013088,0.001184,1,4,48,4,1
1265,0.241700,0.304000,0.035100,0.074100,0.041800,0.076000,0.014400,0.021984,0.005536,,0.012992,0.001184,1,4,48,4,1
1266,0.244300,0.293100,0.040600,0.074700,0.042000,0.081600,0.005000,0.021664,0.005600,,0.010560,0.001088,1,4,48,4,1
1267,0.233200,0.295900,0.035100,0.074100,0.041900,0.076600,0.004900,0.021536,0.005408,,0.010560,0.001184,1,4,48,4,1
1268,0.239300,0.285000,0.035700,0.074600,0.041700,0.079700,0.007100,0.022016,0.005376,,0.010368,0.001152,1,4,48,4,1
1269,0.335800,0.290500,0.035100,0.128000,0.049100,0.116000,0.007000,0.021376,0.005376,,0.010368,0.001152,1,4,48,4,1
1270,0.306300,0.403200,0.045100,0.099600,0.055100,0.101100,0.004900,0.022272,0.005408,,0.013952,0.001120,1,4,48,4,1
1271,0.291000,0.370900,0.043600,0.093000,0.053400,0.094200,0.006100,0.024320,0.005408,,0.011360,0.001152,1,4,48,4,1
1272,0.295100,0.355800,0.043500,0.091700,0.054400,0.097200,0.007800,0.021952,0.005696,,0.010528,0.001184,1,4,48,4,1
1273,0.287100,0.359100,0.043100,0.092100,0.052700,0.092100,0.006600,0.022016,0.005440,,0.010400,0.001152,1,4,48,4,1
1274,0.275200,0.350800,0.043900,0.091100,0.043300,0.082800,0.013700,0.022272,0.005600,,0.010464,0.001152,1,4,48,4,1
1275,0.236100,0.326400,0.035800,0.075300,0.042600,0.076100,0.006000,0.021568,0.005376,,0.013024,0.001152,1,4,48,4,1
1276,0.240500,0.287500,0.035700,0.074900,0.042600,0.082200,0.004700,0.021568,0.005632,,0.010400,0.001120,1,4,48,4,1
1277,0.232600,0.292000,0.035200,0.074800,0.042100,0.075200,0.004800,0.024544,0.005984,,0.011104,0.001184,1,4,48,4,1
1278,0.277500,0.283800,0.044200,0.074300,0.041800,0.111900,0.004700,0.024288,0.005600,,0.011136,0.001152,1,4,48,4,1
1279,0.241000,0.329000,0.035200,0.074600,0.042500,0.076000,0.012400,0.021952,0.005760,,0.012928,0.001152,1,4,48,4,1
1280,0.237600,0.292700,0.035100,0.074200,0.042400,0.081300,0.004300,0.021472,0.005504,,0.010464,0.001152,1,4,48,4,1
1281,0.271900,0.289400,0.035400,0.103900,0.041800,0.076100,0.014300,0.021824,0.005664,,0.013120,0.001184,1,4,48,4,1
1282,0.238700,0.323600,0.035400,0.074100,0.041700,0.075400,0.011500,0.021344,0.005792,,0.010560,0.001216,1,4,48,4,1
1283,0.237400,0.290000,0.035100,0.074200,0.041700,0.075800,0.010200,0.021504,0.005472,,0.010496,0.001152,1,4,48,4,1
1284,0.239400,0.299600,0.035100,0.074000,0.042200,0.075600,0.012200,0.021312,0.005728,,0.010464,0.001088,1,4,48,4,1
1285,0.233100,0.290800,0.035700,0.074100,0.041900,0.075000,0.005900,0.024064,0.005472,,0.011136,0.001184,1,4,48,4,1
1286,0.231600,0.284300,0.035100,0.073800,0.041600,0.075600,0.005100,0.021088,0.005632,,0.010688,0.001120,1,4,48,4,1
1287,0.295900,0.282900,0.035300,0.083400,0.019800,0.155600,0.001400,0.022464,0.005568,,0.013888,0.001088,1,4,48,4,1
1288,0.286900,0.347100,0.035900,0.119500,0.045500,0.078200,0.007200,0.021600,0.005472,,0.010560,0.001184,1,4,48,4,1
1289,0.242400,0.338500,0.035600,0.075400,0.043000,0.076400,0.011600,0.021600,0.005472,,0.013024,0.001184,1,4,48,4,1
1290,0.239500,0.294300,0.035500,0.074900,0.042000,0.076200,0.010600,0.022144,0.005696,,0.012960,0.001152,1,4,48,4,1
1291,0.239600,0.291200,0.035200,0.074700,0.042200,0.075800,0.011200,0.021920,0.005664,,0.013056,0.001152,1,4,48,4,1
1292,0.244300,0.290900,0.035300,0.074000,0.042000,0.086800,0.005900,0.020864,0.005408,,0.010848,0.001120,1,4,48,4,1
1293,0.250500,0.295300,0.035000,0.074000,0.041700,0.095800,0.003600,0.021024,0.005664,,0.010528,0.001152,1,4,48,4,1
1294,0.245300,0.301900,0.035100,0.074300,0.042600,0.076500,0.016300,0.022336,0.005856,,0.010432,0.001120,1,4,48,4,1
1295,0.248300,0.296600,0.035200,0.074200,0.043300,0.090200,0.004900,0.021952,0.005440,,0.010400,0.001120,1,4,48,4,1
1296,0.259700,0.299600,0.035600,0.075200,0.046600,0.094700,0.007100,0.022656,0.005984,,0.010176,0.001152,1,4,48,4,1
1297,0.337000,0.327200,0.044600,0.107300,0.053800,0.123900,0.006700,0.022272,0.005696,,0.010080,0.001184,1,4,48,4,1
1298,0.297700,0.401600,0.043700,0.094300,0.052800,0.100000,0.006300,0.021888,0.005888,,0.010432,0.001184,1,4,48,4,1
1299,0.301700,0.361400,0.043300,0.094700,0.052800,0.104200,0.005900,0.022560,0.005664,,0.013888,0.001152,1,4,48,4,1
1300,0.258200,0.365800,0.042900,0.078000,0.042800,0.090200,0.003700,0.023968,0.005856,,0.012096,0.001120,1,4,48,4,1
1301,0.242100,0.310000,0.035200,0.075300,0.042700,0.084600,0.003800,0.021504,0.005536,,0.010432,0.001152,1,4,48,4,1
1302,0.242100,0.293500,0.036100,0.075000,0.042900,0.076900,0.010800,0.021760,0.005536,,0.013120,0.001184,1,4,48,4,1
1303,0.248300,0.293500,0.041100,0.075900,0.042500,0.076700,0.011800,0.021440,0.005472,,0.010432,0.001152,1,4,48,4,1
1304,0.239300,0.300100,0.035200,0.074800,0.042500,0.076500,0.009900,0.021472,0.005440,,0.010592,0.001088,1,4,48,4,1
1305,0.238500,0.290400,0.035400,0.074900,0.042200,0.075700,0.009800,0.021408,0.005888,,0.010496,0.001088,1,4,48,4,1
1306,0.241800,0.289900,0.035100,0.074600,0.041600,0.075600,0.014400,0.022656,0.005760,,0.013952,0.001184,1,4,48,4,1
1307,0.239400,0.293200,0.035400,0.074400,0.042000,0.079200,0.008000,0.022432,0.005792,,0.010528,0.001120,1,4,48,4,1
1308,0.244000,0.290800,0.035100,0.074400,0.041700,0.075500,0.016800,0.021856,0.005728,,0.013088,0.001152,1,4,48,4,1
1309,0.246600,0.295600,0.035200,0.074200,0.042100,0.075700,0.019000,0.021632,0.005632,,0.010464,0.001152,1,4,48,4,1
1310,0.239100,0.303300,0.035300,0.074600,0.042100,0.075800,0.010800,0.021088,0.005696,,0.010816,0.001120,1,4,48,4,1
1311,0.244200,0.290700,0.035200,0.074600,0.042200,0.076300,0.015600,0.024352,0.005632,,0.012480,0.001152,1,4,48,4,1
1312,0.240400,0.295800,0.035600,0.074400,0.042400,0.076400,0.011200,0.021728,0.005664,,0.010528,0.001152,1,4,48,4,1
1313,0.247400,0.291600,0.035500,0.074000,0.042500,0.076000,0.018900,0.021568,0.005600,,0.010432,0.001152,1,4,48,4,1
1314,0.250400,0.299300,0.036500,0.075200,0.043500,0.087300,0.007300,0.022688,0.005760,,0.013984,0.001152,1,4,48,4,1
1315,0.266000,0.302000,0.036600,0.074600,0.042700,0.104800,0.006900,0.022528,0.005504,,0.010720,0.001184,1,4,48,4,1
1316,0.282600,0.317700,0.035600,0.075200,0.051100,0.115100,0.005200,0.021888,0.005568,,0.010880,0.001152,1,4,48,4,1
1317,0.236700,0.334400,0.035200,0.074800,0.045100,0.075900,0.005100,0.021760,0.005632,,0.010656,0.001120,1,4,48,4,1
1318,0.249100,0.287800,0.035300,0.075100,0.042500,0.089300,0.006600,0.021632,0.005600,,0.010496,0.001184,1,4,48,4,1
1319,0.272600,0.320300,0.037500,0.097700,0.045000,0.084100,0.007700,0.022496,0.005696,,0.013888,0.001120,1,4,48,4,1
1320,0.238700,0.324700,0.035100,0.076500,0.043300,0.078100,0.005100,0.021600,0.005536,,0.010560,0.001120,1,4,48,4,1
1321,0.437500,0.290700,0.041300,0.076800,0.043700,0.269500,0.005800,0.021632,0.005600,,0.010528,0.001152,1,4,48,4,1
1322,0.276600,0.489600,0.036300,0.077900,0.044300,0.113000,0.004700,0.022336,0.005504,,0.013888,0.001152,1,4,48,4,1
1323,0.258000,0.328100,0.036100,0.076700,0.043100,0.094800,0.006800,0.021664,0.005632,,0.010528,0.001120,1,4,48,4,1
1324,0.258100,0.309500,0.035400,0.075400,0.042200,0.100800,0.003700,0.021856,0.005472,,0.010368,0.001184,1,4,48,4,1
1325,0.243400,0.309700,0.035000,0.084500,0.042600,0.075600,0.005200,0.023488,0.005760,,0.011744,0.001152,1,4,48,4,1
1326,0.197200,0.294800,0.041300,0.075500,0.020600,0.058400,0.001100,0.022272,0.005888,,0.010400,0.001184,1,4,48,4,1
1327,0.297200,0.247900,0.034400,0.105600,0.045400,0.105800,0.005500,0.022112,0.005632,,0.012416,0.001184,1,4,48,4,1
1328,0.246300,0.348700,0.035400,0.077800,0.043800,0.082900,0.006100,0.021568,0.005632,,0.010368,0.001152,1,4,48,4,1
1329,0.249800,0.297700,0.035100,0.077000,0.042400,0.089300,0.005500,0.021472,0.005856,,0.011008,0.001152,1,4,48,4,1
1330,0.252200,0.301700,0.035700,0.075600,0.043600,0.090000,0.006900,0.021664,0.005664,,0.010464,0.001152,1,4,48,4,1
1331,0.277400,0.306900,0.036900,0.083000,0.045400,0.104000,0.007300,0.022368,0.005632,,0.010528,0.001152,1,4,48,4,1
1332,0.257200,0.329400,0.036300,0.079100,0.044900,0.078400,0.018000,0.022848,0.005856,,0.013920,0.001184,1,4,48,4,1
1333,0.237200,0.308700,0.035400,0.076000,0.044200,0.075600,0.005700,0.021408,0.005376,,0.010464,0.001152,1,4,48,4,1
1334,0.240800,0.288300,0.035000,0.074900,0.043200,0.082300,0.004700,0.021440,0.005504,,0.010432,0.001120,1,4,48,4,1
1335,0.242000,0.292700,0.035300,0.075200,0.042500,0.076600,0.012100,0.021696,0.005696,,0.010528,0.001120,1,4,48,4,1
1336,0.238700,0.293300,0.035200,0.075000,0.042400,0.076100,0.009500,0.021696,0.005664,,0.010528,0.001152,1,4,48,4,1
1337,0.244800,0.290200,0.035200,0.075500,0.042400,0.087800,0.003600,0.021184,0.005504,,0.010176,0.001120,1,4,48,4,1
1338,0.232400,0.296700,0.035400,0.075200,0.041800,0.074800,0.004800,0.024384,0.005696,,0.011168,0.001184,1,4,48,4,1
1339,0.242700,0.283600,0.035000,0.075400,0.041900,0.076800,0.012900,0.021632,0.005824,,0.010240,0.001184,1,4,48,4,1
1340,0.239100,0.294500,0.035000,0.074900,0.041900,0.075800,0.011100,0.021472,0.005600,,0.010400,0.001152,1,4,48,4,1
1341,0.251300,0.290600,0.035100,0.074400,0.054100,0.076300,0.010900,0.021568,0.005472,,0.013056,0.001152,1,4,48,4,1
1342,0.273700,0.302700,0.035000,0.074400,0.042000,0.116100,0.005800,0.023424,0.005728,,0.012096,0.001120,1,4,48,4,1
1343,0.249400,0.325700,0.035000,0.075100,0.042200,0.076500,0.020100,0.024416,0.005696,,0.012576,0.001152,1,4,48,4,1
1344,0.252300,0.301600,0.035600,0.081300,0.041800,0.089600,0.003700,0.022336,0.005280,,0.014016,0.001152,1,4,48,4,1
1345,0.252000,0.304000,0.035400,0.075100,0.042900,0.093100,0.005000,0.023136,0.005440,,0.011712,0.001184,1,4,48,4,1
1346,0.322000,0.314600,0.044600,0.079200,0.014900,0.175800,0.007000,0.021504,0.005504,,0.010464,0.001152,1,4,48,4,1
1347,0.266800,0.373600,0.035900,0.104500,0.044100,0.076600,0.005200,0.021440,0.005568,,0.010464,0.001120,1,4,48,4,1
1348,0.245100,0.318300,0.035600,0.076100,0.043400,0.076900,0.012500,0.022016,0.005376,,0.010336,0.001184,1,4,48,4,1
1349,0.233800,0.296500,0.034900,0.075100,0.042300,0.075500,0.005600,0.023808,0.005536,,0.011008,0.001184,1,4,48,4,1
1350,0.243600,0.285000,0.035300,0.074200,0.042600,0.075900,0.015100,0.021728,0.005696,,0.010496,0.001152,1,4,48,4,1
1351,0.238800,0.295100,0.035200,0.074600,0.041900,0.075700,0.011000,0.021248,0.005728,,0.010848,0.001184,1,4,48,4,1
1352,0.246500,0.289800,0.035000,0.074300,0.042200,0.089300,0.005300,0.024160,0.005632,,0.011072,0.001152,1,4,48,4,1
1353,0.237900,0.298100,0.035100,0.074200,0.042600,0.075800,0.009600,0.021504,0.005440,,0.013024,0.001152,1,4,48,4,1
1354,0.249900,0.289300,0.035100,0.074500,0.047700,0.088200,0.003800,0.021472,0.005536,,0.010432,0.001120,1,4,48,4,1
1355,0.248800,0.301400,0.035000,0.081600,0.041700,0.085100,0.005000,0.021504,0.005984,,0.010496,0.001088,1,4,48,4,1
1356,0.232700,0.300400,0.034900,0.074400,0.042200,0.074900,0.005900,0.024320,0.005760,,0.012448,0.001120,1,4,48,4,1
1357,0.239500,0.284100,0.035100,0.074700,0.042200,0.082100,0.005000,0.021184,0.005696,,0.010944,0.001184,1,4,48,4,1
1358,0.243000,0.291000,0.035800,0.074400,0.041400,0.076600,0.014100,0.021728,0.005760,,0.013120,0.001088,1,4,48,4,1
1359,0.238100,0.294400,0.034900,0.074800,0.046900,0.075200,0.005900,0.024224,0.005664,,0.011072,0.001120,1,4,48,4,1
1360,0.240500,0.289600,0.035100,0.074000,0.041700,0.076500,0.012700,0.021888,0.005856,,0.010464,0.001184,1,4,48,4,1
1361,0.239200,0.291900,0.035000,0.074800,0.041800,0.075600,0.011500,0.021024,0.005632,,0.010880,0.001120,1,4,48,4,1
1362,0.241400,0.290700,0.035300,0.074600,0.042200,0.076900,0.012100,0.021664,0.005664,,0.010496,0.001152,1,4,48,4,1
1363,0.242000,0.292600,0.034900,0.074600,0.042100,0.075300,0.014500,0.021824,0.005184,,0.010304,0.001184,1,4,48,4,1
1364,0.234500,0.293400,0.034900,0.074700,0.042100,0.076500,0.005800,0.023808,0.005696,,0.012192,0.001184,1,4,48,4,1
1365,0.233100,0.286000,0.035300,0.074800,0.041500,0.075800,0.005200,0.021792,0.005696,,0.010592,0.001120,1,4,48,4,1
1366,0.252600,0.284300,0.035300,0.080900,0.041700,0.078900,0.015300,0.021824,0.005728,,0.013120,0.001184,1,4,48,4,1
1367,0.170700,0.304600,0.035200,0.075000,0.014300,0.044700,0.001200,0.021632,0.005696,,0.010464,0.001184,1,4,48,4,1
1368,0.370800,0.221800,0.034900,0.089400,0.008000,0.184700,0.053300,0.023584,0.005824,,0.012096,0.001152,1,4,48,4,1
1369,0.365800,0.438900,0.046500,0.134000,0.057700,0.119700,0.007200,0.021632,0.005632,,0.010496,0.001184,1,4,48,4,1
1370,0.322600,0.432000,0.051500,0.096900,0.054000,0.112500,0.007200,0.021312,0.005856,,0.012512,0.001120,1,4,48,4,1
1371,0.327200,0.390500,0.045500,0.100900,0.055200,0.118900,0.006200,0.022176,0.005568,,0.010528,0.001184,1,4,48,4,1
1372,0.255300,0.380100,0.037000,0.079000,0.044200,0.090100,0.004600,0.021632,0.005632,,0.010432,0.001184,1,4,48,4,1
1373,0.245400,0.307300,0.035600,0.076300,0.043200,0.084500,0.005400,0.021536,0.005568,,0.010400,0.001152,1,4,48,4,1
1374,0.248700,0.297200,0.035900,0.076400,0.043400,0.086800,0.005700,0.021120,0.005568,,0.010752,0.001152,1,4,48,4,1
1375,0.242100,0.300400,0.035000,0.075400,0.042500,0.077400,0.011400,0.021920,0.005632,,0.013088,0.001152,1,4,48,4,1
1376,0.235300,0.293600,0.035200,0.074800,0.042600,0.077100,0.005300,0.024288,0.005664,,0.012512,0.001152,1,4,48,4,1
1377,0.248100,0.287100,0.035000,0.075300,0.042300,0.090800,0.004200,0.021376,0.005376,,0.010528,0.001088,1,4,48,4,1
1378,0.242500,0.299200,0.035000,0.074900,0.042500,0.077000,0.012600,0.021536,0.005408,,0.010592,0.001120,1,4,48,4,1
1379,0.246800,0.318200,0.035900,0.076100,0.042900,0.085900,0.005600,0.021760,0.005664,,0.013056,0.001152,1,4,48,4,1
1380,0.239400,0.298300,0.035100,0.074300,0.042300,0.083200,0.004100,0.021536,0.005600,,0.010368,0.001120,1,4,48,4,1
1381,0.233900,0.290800,0.035100,0.074700,0.042100,0.075900,0.005600,0.021152,0.005664,,0.010656,0.001152,1,4,48,4,1
1382,0.243100,0.285200,0.035400,0.074300,0.042100,0.076500,0.014200,0.021120,0.005376,,0.010304,0.001120,1,4,48,4,1
1383,0.242600,0.294800,0.035100,0.074600,0.042400,0.076700,0.013300,0.021696,0.005664,,0.010496,0.001152,1,4,48,4,1
1384,0.250400,0.294300,0.034800,0.080200,0.042000,0.087600,0.005500,0.021568,0.005632,,0.010432,0.001120,1,4,48,4,1
1385,0.243600,0.301700,0.035500,0.074500,0.042000,0.075500,0.015800,0.021472,0.005408,,0.010528,0.001152,1,4,48,4,1
1386,0.244400,0.295500,0.035900,0.074800,0.042700,0.075700,0.014800,0.021888,0.005856,,0.010528,0.001152,1,4,48,4,1
1387,0.243300,0.295800,0.035000,0.074400,0.042000,0.076400,0.015200,0.021632,0.005504,,0.013056,0.001120,1,4,48,4,1
1388,0.244000,0.294500,0.035300,0.074000,0.042200,0.085800,0.006200,0.021344,0.005344,,0.010432,0.001184,1,4,48,4,1
1389,0.239500,0.295400,0.035100,0.074400,0.042300,0.082200,0.005100,0.021440,0.006016,,0.012544,0.001120,1,4,48,4,1
1390,0.238800,0.291400,0.035100,0.074400,0.042300,0.082000,0.004600,0.021472,0.005472,,0.010496,0.001120,1,4,48,4,1
1391,0.244700,0.290100,0.035000,0.080100,0.042200,0.076000,0.010800,0.021760,0.005664,,0.010560,0.001152,1,4,48,4,1
1392,0.238600,0.296600,0.035100,0.074300,0.042200,0.081800,0.004700,0.021312,0.005504,,0.010272,0.001152,1,4,48,4,1
1393,0.240700,0.290300,0.035100,0.074300,0.042000,0.076200,0.012800,0.022144,0.005728,,0.012096,0.001184,1,4,48,4,1
1394,0.237800,0.292300,0.035000,0.073700,0.042200,0.076100,0.010400,0.021856,0.005792,,0.010592,0.001120,1,4,48,4,1
1395,0.240700,0.289100,0.035300,0.074100,0.042000,0.084900,0.003900,0.021664,0.005600,,0.010560,0.001120,1,4,48,4,1
1396,0.238400,0.292000,0.035000,0.073900,0.042200,0.076400,0.010500,0.021728,0.005632,,0.010560,0.001152,1,4,48,4,1
1397,0.244700,0.289600,0.034900,0.074500,0.041900,0.089400,0.003500,0.021056,0.005568,,0.010592,0.001120,1,4,48,4,1
1398,0.234300,0.301100,0.035200,0.074300,0.041500,0.075200,0.007600,0.022848,0.006016,,0.013888,0.001152,1,4,48,4,1
1399,0.233300,0.285500,0.034900,0.074200,0.042200,0.075200,0.006400,0.021728,0.005696,,0.010464,0.001184,1,4,48,4,1
1400,0.247000,0.284600,0.035600,0.074100,0.042000,0.081400,0.013500,0.021504,0.005632,,0.010400,0.001120,1,4,48,4,1
1401,0.258100,0.298200,0.035400,0.075000,0.042600,0.089800,0.014900,0.022592,0.005728,,0.013984,0.001088,1,4,48,4,1
1402,0.239300,0.309700,0.034800,0.074400,0.042700,0.081600,0.005400,0.021568,0.005472,,0.013120,0.001184,1,4,48,4,1
1403,0.240000,0.291000,0.035100,0.073900,0.042400,0.076100,0.012100,0.021760,0.005472,,0.012992,0.001152,1,4,48,4,1
1404,0.243500,0.291800,0.034900,0.074000,0.041800,0.076100,0.016300,0.021152,0.005536,,0.011072,0.001152,1,4,48,4,1
1405,0.235300,0.295100,0.034900,0.074700,0.042300,0.079300,0.003600,0.021664,0.005600,,0.010496,0.001184,1,4,48,4,1
1406,0.239000,0.286400,0.037000,0.074700,0.042700,0.075800,0.008400,0.021888,0.005696,,0.010336,0.001120,1,4,48,4,1
1407,0.241400,0.290500,0.035100,0.074100,0.042400,0.076200,0.013200,0.021824,0.005664,,0.013088,0.001152,1,4,48,4,1
1408,0.248300,0.292600,0.035100,0.074200,0.041600,0.091000,0.005900,0.024096,0.005504,,0.011072,0.001088,1,4,48,4,1
1409,0.238500,0.299500,0.035000,0.074200,0.042000,0.076200,0.010700,0.021408,0.005472,,0.010368,0.001184,1,4,48,4,1
1410,0.243700,0.289900,0.035100,0.074600,0.042000,0.075700,0.015700,0.021312,0.005792,,0.010944,0.001152,1,4,48,4,1
1411,0.245500,0.294900,0.035200,0.074400,0.042000,0.088400,0.005100,0.021856,0.005824,,0.010464,0.001152,1,4,48,4,1
1412,0.240500,0.304200,0.034800,0.074100,0.042300,0.076300,0.012700,0.021504,0.005568,,0.010368,0.001184,1,4,48,4,1
1413,0.240700,0.291800,0.035000,0.074500,0.041800,0.076500,0.012400,0.021792,0.005696,,0.010528,0.001184,1,4,48,4,1
1414,0.240800,0.292100,0.035400,0.074600,0.042100,0.076500,0.011900,0.021440,0.005504,,0.010400,0.001152,1,4,48,4,1
1415,0.238600,0.292200,0.034700,0.074000,0.042200,0.076000,0.011300,0.021728,0.005504,,0.013152,0.001184,1,4,48,4,1
1416,0.233400,0.289900,0.035500,0.074400,0.042000,0.075200,0.005900,0.024096,0.005728,,0.011136,0.001152,1,4,48,4,1
1417,0.239400,0.284800,0.034900,0.073700,0.041600,0.075700,0.013000,0.021920,0.005760,,0.013120,0.001184,1,4,48,4,1
1418,0.239700,0.290700,0.035200,0.074100,0.048200,0.076000,0.005900,0.024160,0.005728,,0.011200,0.001120,1,4,48,4,1
1419,0.242900,0.290900,0.035000,0.074500,0.041800,0.075700,0.015400,0.023808,0.005536,,0.011072,0.001120,1,4,48,4,1
1420,0.238900,0.294300,0.035300,0.074400,0.042100,0.075800,0.010900,0.022144,0.005696,,0.013024,0.001152,1,4,48,4,1
1421,0.239200,0.290000,0.035000,0.074600,0.042100,0.075300,0.011600,0.021024,0.005600,,0.010784,0.001152,1,4,48,4,1
1422,0.239400,0.290600,0.034700,0.074100,0.041900,0.075600,0.012500,0.021056,0.005504,,0.011008,0.001152,1,4,48,4,1
1423,0.281800,0.290800,0.035200,0.074100,0.041500,0.112300,0.018100,0.021536,0.005568,,0.010400,0.001184,1,4,48,4,1
1424,0.325300,0.348300,0.037800,0.096700,0.043500,0.139100,0.007700,0.023424,0.005792,,0.011744,0.001152,1,4,48,4,1
1425,0.312200,0.392500,0.045100,0.099300,0.054800,0.104500,0.008000,0.022464,0.005632,,0.013920,0.001120,1,4,48,4,1
1426,0.295300,0.377000,0.043900,0.094100,0.053300,0.097000,0.006600,0.022048,0.005440,,0.010432,0.001152,1,4,48,4,1
1427,0.317100,0.360200,0.043500,0.092000,0.052700,0.123200,0.005100,0.024128,0.005696,,0.011392,0.001184,1,4,48,4,1
1428,0.251600,0.381200,0.043600,0.083800,0.042800,0.076000,0.004900,0.024064,0.005408,,0.011136,0.001184,1,4,48,4,1
1429,0.245200,0.307000,0.035100,0.076000,0.043600,0.085300,0.004800,0.021728,0.005792,,0.010400,0.001120,1,4,48,4,1
1430,0.237400,0.296900,0.035400,0.075600,0.043600,0.077000,0.005300,0.024352,0.005792,,0.011072,0.001152,1,4,48,4,1
1431,0.235700,0.289100,0.035100,0.075000,0.042500,0.075900,0.006900,0.021568,0.005600,,0.010496,0.001152,1,4,48,4,1
1432,0.233300,0.286700,0.034900,0.074400,0.042200,0.075400,0.006100,0.024576,0.005600,,0.011456,0.001152,1,4,48,4,1
1433,0.244000,0.284800,0.034900,0.074900,0.042600,0.085200,0.006000,0.021856,0.005792,,0.010528,0.001088,1,4,48,4,1
1434,0.240900,0.295500,0.035100,0.074900,0.042500,0.082800,0.005300,0.021376,0.005888,,0.010912,0.001152,1,4,48,4,1
1435,0.244100,0.292800,0.035200,0.074400,0.042400,0.085900,0.005800,0.021408,0.005344,,0.010496,0.001184,1,4,48,4,1
1436,0.246300,0.295200,0.035200,0.074300,0.041700,0.089300,0.005400,0.021152,0.005696,,0.010880,0.001152,1,4,48,4,1
1437,0.240100,0.298000,0.035300,0.074800,0.042600,0.081900,0.004900,0.021152,0.005664,,0.010560,0.001152,1,4,48,4,1
1438,0.242400,0.295800,0.034900,0.074300,0.042100,0.084800,0.005900,0.022432,0.006144,,0.013056,0.001184,1,4,48,4,1
1439,0.249200,0.293500,0.035100,0.085100,0.042000,0.075900,0.010700,0.021888,0.005664,,0.013024,0.001120,1,4,48,4,1
1440,0.238100,0.300600,0.035200,0.074500,0.042100,0.075900,0.010100,0.021184,0.005344,,0.010400,0.001152,1,4,48,4,1
1441,0.246500,0.289500,0.038200,0.074700,0.042200,0.085100,0.005900,0.021760,0.005728,,0.013056,0.001152,1,4,48,4,1
1442,0.235900,0.298300,0.035400,0.074300,0.042200,0.075800,0.007700,0.024064,0.005472,,0.011072,0.001152,1,4,48,4,1
1443,0.259700,0.287900,0.036300,0.074500,0.046600,0.094700,0.007100,0.021984,0.005440,,0.010240,0.001152,1,4,48,4,1
1444,0.297600,0.324600,0.044400,0.096300,0.054000,0.096000,0.006500,0.021952,0.005632,,0.010336,0.001120,1,4,48,4,1
1445,0.296500,0.361400,0.043500,0.093000,0.052900,0.099400,0.007000,0.021760,0.005280,,0.010496,0.001120,1,4,48,4,1
1446,0.285600,0.363200,0.043200,0.091400,0.051400,0.092400,0.006700,0.022624,0.005664,,0.013984,0.001152,1,4,48,4,1
1447,0.283400,0.349200,0.042900,0.090800,0.051400,0.091800,0.006000,0.022240,0.005376,,0.013920,0.001184,1,4,48,4,1
1448,0.295200,0.347300,0.042900,0.090300,0.051600,0.105200,0.004900,0.021536,0.005504,,0.010496,0.001088,1,4,48,4,1
1449,0.282400,0.359100,0.043100,0.089900,0.051800,0.092300,0.004900,0.021664,0.005664,,0.010496,0.001184,1,4,48,4,1
1450,0.284100,0.345700,0.042900,0.090200,0.052400,0.093500,0.004700,0.022304,0.005600,,0.010528,0.001184,1,4,48,4,1
1451,0.232300,0.335300,0.035200,0.074900,0.042100,0.075100,0.004600,0.021120,0.005440,,0.010336,0.001120,1,4,48,4,1
1452,0.230800,0.283700,0.034900,0.074300,0.041800,0.074800,0.004600,0.024320,0.005696,,0.011136,0.001184,1,4,48,4,1
1453,0.238700,0.282500,0.035200,0.074500,0.042200,0.076100,0.010100,0.021600,0.005632,,0.010400,0.001184,1,4,48,4,1
1454,0.240400,0.289800,0.035100,0.074600,0.042200,0.075800,0.012300,0.021344,0.005632,,0.010528,0.001184,1,4,48,4,1
1455,0.248600,0.292000,0.035000,0.080000,0.041700,0.075700,0.015600,0.021600,0.005664,,0.010400,0.001152,1,4,48,4,1
1456,0.232800,0.299500,0.035700,0.074100,0.041800,0.074900,0.005800,0.024576,0.005568,,0.011456,0.001152,1,4,48,4,1
1457,0.232400,0.284300,0.034900,0.074400,0.041800,0.075100,0.005800,0.024128,0.005536,,0.011104,0.001184,1,4,48,4,1
1458,0.241000,0.283700,0.035000,0.074400,0.041900,0.076200,0.012900,0.021280,0.005760,,0.010944,0.001152,1,4,48,4,1
1459,0.243600,0.292000,0.035100,0.074200,0.042800,0.085200,0.005900,0.021312,0.005312,,0.010464,0.001152,1,4,48,4,1
1460,0.242800,0.295100,0.035100,0.074400,0.041900,0.076500,0.014500,0.021376,0.005888,,0.010752,0.001152,1,4,48,4,1
1461,0.243500,0.293800,0.035100,0.074700,0.042300,0.076300,0.014500,0.024256,0.005696,,0.012416,0.001184,1,4,48,4,1
1462,0.239000,0.300800,0.035000,0.074600,0.042400,0.076100,0.010500,0.021408,0.005344,,0.010528,0.001184,1,4,48,4,1
1463,0.243400,0.290400,0.035200,0.073900,0.042000,0.086200,0.005800,0.021056,0.005600,,0.010848,0.001152,1,4,48,4,1
1464,0.234500,0.294800,0.035000,0.073900,0.041600,0.075600,0.007800,0.022208,0.005632,,0.010592,0.001152,1,4,48,4,1
1465,0.232300,0.285700,0.034600,0.074900,0.042000,0.075100,0.005100,0.022144,0.005664,,0.010560,0.001152,1,4,48,4,1
1466,0.236000,0.283700,0.035400,0.074900,0.042400,0.075100,0.007800,0.021920,0.005408,,0.010432,0.001152,1,4,48,4,1
1467,0.245300,0.287000,0.035100,0.086700,0.042100,0.074800,0.006300,0.024320,0.005600,,0.011168,0.001152,1,4,48,4,1
1468,0.240100,0.297100,0.035200,0.073600,0.042300,0.075800,0.012600,0.021408,0.005440,,0.010464,0.001120,1,4,48,4,1
1469,0.239800,0.296300,0.035400,0.074300,0.042100,0.076200,0.011200,0.021472,0.005600,,0.010368,0.001184,1,4,48,4,1
1470,0.241700,0.291700,0.037000,0.074200,0.042100,0.076100,0.012000,0.021664,0.005728,,0.010368,0.001152,1,4,48,4,1
1471,0.239600,0.293000,0.035300,0.074400,0.041900,0.075900,0.011600,0.021664,0.005568,,0.010528,0.001184,1,4,48,4,1
1472,0.237800,0.291000,0.034700,0.074000,0.041700,0.076200,0.010700,0.021088,0.005504,,0.010208,0.001152,1,4,48,4,1
1473,0.239000,0.289100,0.035300,0.073800,0.042000,0.075700,0.011900,0.021792,0.005440,,0.013088,0.001120,1,4,48,4,1
1474,0.286500,0.290400,0.035200,0.074100,0.054700,0.108200,0.013600,0.022432,0.005856,,0.010304,0.001120,1,4,48,4,1
1475,0.251500,0.356500,0.036100,0.075800,0.047700,0.088000,0.003600,0.022464,0.005856,,0.010432,0.001184,1,4,48,4,1
1476,0.241000,0.302900,0.035400,0.074200,0.042400,0.076700,0.011900,0.021760,0.005632,,0.010560,0.001152,1,4,48,4,1
1477,0.264900,0.292500,0.035200,0.074200,0.042300,0.107300,0.005500,0.024096,0.005632,,0.012448,0.001152,1,4,48,4,1
1478,0.239700,0.316600,0.035100,0.074000,0.042100,0.076500,0.011300,0.021152,0.005696,,0.010848,0.001120,1,4,48,4,1
1479,0.238900,0.291000,0.035000,0.074200,0.042100,0.076800,0.010300,0.021728,0.005504,,0.010656,0.001152,1,4,48,4,1
1480,0.241100,0.290400,0.034900,0.073900,0.042100,0.075700,0.014000,0.022336,0.005728,,0.013024,0.001152,1,4,48,4,1
1481,0.232500,0.292500,0.035000,0.074300,0.041800,0.075100,0.005900,0.024192,0.005472,,0.012576,0.001120,1,4,48,4,1
1482,0.247600,0.283500,0.034800,0.080300,0.041700,0.075700,0.014600,0.021120,0.005664,,0.010880,0.001184,1,4,48,4,1
1483,0.241100,0.298900,0.034800,0.074000,0.042100,0.075400,0.014400,0.024000,0.005600,,0.011136,0.001152,1,4,48,4,1
1484,0.232600,0.292700,0.035300,0.074000,0.042100,0.075000,0.005800,0.024544,0.005600,,0.011424,0.001184,1,4,48,4,1
1485,0.243000,0.283900,0.035300,0.074700,0.041600,0.087600,0.003500,0.022304,0.005504,,0.010496,0.001120,1,4,48,4,1
1486,0.234000,0.294100,0.035200,0.073900,0.041600,0.074900,0.008100,0.021408,0.005440,,0.010400,0.001184,1,4,48,4,1
1487,0.250600,0.285500,0.034700,0.074200,0.042400,0.087400,0.011500,0.024512,0.005920,,0.011072,0.001120,1,4,48,4,1
1488,0.239100,0.302500,0.035200,0.074200,0.041900,0.076200,0.011100,0.021568,0.005600,,0.010400,0.001184,1,4,48,4,1
1489,0.247000,0.290600,0.035100,0.080200,0.042000,0.076300,0.013000,0.021088,0.005760,,0.010848,0.001184,1,4,48,4,1
1490,0.239300,0.298800,0.035200,0.074600,0.041900,0.082000,0.005000,0.021376,0.005408,,0.010400,0.001184,1,4,48,4,1
1491,0.239100,0.290600,0.035000,0.074000,0.042400,0.076000,0.011300,0.021344,0.005376,,0.010464,0.001152,1,4,48,4,1
1492,0.240200,0.290700,0.035100,0.074100,0.042200,0.076500,0.011800,0.021536,0.005568,,0.010432,0.001152,1,4,48,4,1
1493,0.238000,0.291600,0.035100,0.074600,0.042000,0.075600,0.010300,0.021696,0.005600,,0.010528,0.001184,1,4,48,4,1
1494,0.231400,0.289900,0.034900,0.074300,0.041500,0.074400,0.005700,0.024576,0.005920,,0.011104,0.001184,1,4,48,4,1
1495,0.238000,0.282900,0.034800,0.074100,0.042000,0.081800,0.004800,0.021312,0.005760,,0.010432,0.001120,1,4,48,4,1
1496,0.245700,0.289200,0.042100,0.074900,0.041700,0.075900,0.010500,0.021664,0.005664,,0.013056,0.001088,1,4,48,4,1
1497,0.238300,0.297000,0.035200,0.074400,0.042000,0.075800,0.010500,0.021472,0.005472,,0.010496,0.001120,1,4,48,4,1
1498,0.247600,0.290000,0.035200,0.074100,0.041600,0.086000,0.010300,0.021536,0.005472,,0.010432,0.001120,1,4,48,4,1
1499,0.254700,0.298800,0.034800,0.074300,0.042000,0.092800,0.010400,0.022592,0.005664,,0.013984,0.001184,1,4,48,4,1
1500,0.247000,0.306100,0.035000,0.074100,0.041600,0.079400,0.016500,0.022048,0.005440,,0.010400,0.001152,1,4,48,4,1
1501,0.241000,0.298600,0.035300,0.075600,0.042100,0.075600,0.012000,0.021344,0.005728,,0.010464,0.001152,1,4,48,4,1
1502,0.242700,0.292300,0.034900,0.074500,0.042300,0.076100,0.014600,0.021280,0.005792,,0.010144,0.001088,1,4,48,4,1
1503,0.240200,0.294400,0.035300,0.074800,0.041900,0.075900,0.011700,0.021088,0.005632,,0.010848,0.001184,1,4,48,4,1
1504,0.233800,0.291600,0.035100,0.073800,0.041900,0.074800,0.007800,0.022784,0.005760,,0.013952,0.001184,1,4,48,4,1
1505,0.240600,0.285600,0.035300,0.074400,0.042100,0.075700,0.012700,0.021600,0.005632,,0.010560,0.001120,1,4,48,4,1
1506,0.232700,0.291500,0.036500,0.073800,0.042100,0.074700,0.005200,0.021504,0.005600,,0.010400,0.001152,1,4,48,4,1
1507,0.233600,0.284300,0.035200,0.074000,0.041600,0.074200,0.008100,0.022432,0.005792,,0.010080,0.001120,1,4,48,4,1
1508,0.232800,0.284900,0.035400,0.074100,0.042000,0.074800,0.006000,0.024448,0.005760,,0.012480,0.001152,1,4,48,4,1
1509,0.244300,0.284400,0.035100,0.074700,0.042000,0.088300,0.003700,0.022176,0.005888,,0.013152,0.001152,1,4,48,4,1
1510,0.240400,0.295800,0.035700,0.074100,0.041700,0.075800,0.012500,0.021760,0.005600,,0.010592,0.001152,1,4,48,4,1
1511,0.232800,0.292100,0.035100,0.074400,0.042200,0.074900,0.005900,0.023936,0.005440,,0.011136,0.001120,1,4,48,4,1
1512,0.232700,0.284000,0.035300,0.074100,0.041800,0.075200,0.005800,0.024576,0.005856,,0.012576,0.001152,1,4,48,4,1
1513,0.242700,0.284200,0.035400,0.074300,0.041800,0.075400,0.015500,0.021408,0.005408,,0.010464,0.001120,1,4,48,4,1
1514,0.242400,0.293900,0.034900,0.074000,0.042200,0.085100,0.005700,0.020992,0.005568,,0.010816,0.001120,1,4,48,4,1
1515,0.239900,0.293600,0.035200,0.074200,0.041800,0.076100,0.012100,0.021024,0.005472,,0.011072,0.001152,1,4,48,4,1
1516,0.243500,0.290900,0.034900,0.074200,0.041900,0.081400,0.010500,0.024480,0.005856,,0.012416,0.001120,1,4,48,4,1
1517,0.240400,0.294900,0.035200,0.074000,0.041700,0.075800,0.013300,0.021792,0.005728,,0.010560,0.001120,1,4,48,4,1
1518,0.232800,0.291900,0.034900,0.074500,0.041300,0.074700,0.007000,0.022112,0.005632,,0.010400,0.001152,1,4,48,4,1
1519,0.240600,0.284300,0.035100,0.074500,0.041800,0.075800,0.013000,0.021728,0.005408,,0.012992,0.001152,1,4,48,4,1
1520,0.232900,0.292100,0.035200,0.074000,0.041900,0.075500,0.005900,0.024384,0.005632,,0.011168,0.001184,1,4,48,4,1
1521,0.240200,0.284200,0.035300,0.074200,0.042100,0.075800,0.012400,0.021408,0.005408,,0.010432,0.001152,1,4,48,4,1
1522,0.232100,0.291700,0.035100,0.073800,0.042000,0.075200,0.005700,0.024608,0.005920,,0.011168,0.001152,1,4,48,4,1
1523,0.245500,0.283800,0.035200,0.074000,0.041500,0.088600,0.005800,0.021696,0.005536,,0.012928,0.001120,1,4,48,4,1
1524,0.239400,0.296800,0.035400,0.074000,0.041800,0.076100,0.011500,0.021760,0.005696,,0.010528,0.001120,1,4,48,4,1
1525,0.238700,0.290700,0.034900,0.074800,0.041700,0.075500,0.011200,0.021536,0.005312,,0.013184,0.001152,1,4,48,4,1
1526,0.238300,0.289800,0.035300,0.074000,0.042000,0.075900,0.010600,0.020992,0.005376,,0.010304,0.001152,1,4,48,4,1
1527,0.233400,0.289800,0.035200,0.074500,0.041800,0.074300,0.007400,0.022176,0.005408,,0.013888,0.001120,1,4,48,4,1
1528,0.317400,0.284800,0.035200,0.078700,0.060400,0.136000,0.006300,0.023328,0.005696,,0.011680,0.001184,1,4,48,4,1
1529,0.237700,0.369300,0.035900,0.075700,0.042500,0.075800,0.007500,0.022144,0.005408,,0.013856,0.001120,1,4,48,4,1
1530,0.249800,0.289200,0.035200,0.081500,0.042800,0.077300,0.012600,0.022112,0.005664,,0.012160,0.001088,1,4,48,4,1
1531,0.239800,0.301500,0.036200,0.075200,0.042600,0.079900,0.005500,0.021504,0.005824,,0.010368,0.001152,1,4,48,4,1
1532,0.265000,0.291100,0.035400,0.086200,0.042100,0.093200,0.007700,0.021600,0.005344,,0.010336,0.001152,1,4,48,4,1
1533,0.241200,0.316700,0.035400,0.074600,0.042200,0.075800,0.012600,0.021568,0.005696,,0.010368,0.001120,1,4,48,4,1
1534,0.232000,0.293000,0.035000,0.073900,0.042300,0.074600,0.005900,0.023744,0.005984,,0.012128,0.001152,1,4,48,4,1
1535,0.240200,0.283200,0.035100,0.074500,0.041800,0.075900,0.012600,0.021696,0.005632,,0.013120,0.001120,1,4,48,4,1
1536,0.241300,0.291600,0.035400,0.074500,0.041800,0.075400,0.013900,0.021216,0.005728,,0.010976,0.001152,1,4,48,4,1
1537,0.244200,0.297300,0.035500,0.074900,0.041700,0.076200,0.015500,0.024320,0.005632,,0.012576,0.001184,1,4,48,4,1
1538,0.240500,0.295500,0.035800,0.074000,0.042300,0.075700,0.012300,0.021280,0.005728,,0.010400,0.001088,1,4,48,4,1
1539,0.232800,0.291700,0.035000,0.074500,0.042100,0.074900,0.005800,0.024192,0.005440,,0.011168,0.001184,1,4,48,4,1
1540,0.233500,0.284100,0.035100,0.074100,0.041800,0.076100,0.005800,0.024640,0.005984,,0.011072,0.001184,1,4,48,4,1
1541,0.233400,0.284900,0.035100,0.074300,0.042600,0.074900,0.005900,0.024064,0.005376,,0.011136,0.001152,1,4,48,4,1
1542,0.242500,0.284900,0.034800,0.073900,0.042300,0.076500,0.014500,0.024352,0.005760,,0.011072,0.001088,1,4,48,4,1
1543,0.244100,0.294300,0.035000,0.074900,0.041800,0.086100,0.005800,0.021248,0.005760,,0.010912,0.001088,1,4,48,4,1
1544,0.232000,0.300500,0.035400,0.074300,0.041800,0.074400,0.005800,0.023872,0.005568,,0.011072,0.001152,1,4,48,4,1
1545,0.243500,0.283300,0.034900,0.073800,0.042400,0.076500,0.015400,0.024224,0.005568,,0.011136,0.001184,1,4,48,4,1
1546,0.241000,0.295100,0.035100,0.074000,0.041900,0.075600,0.014000,0.021664,0.005536,,0.013056,0.001152,1,4,48,4,1
1547,0.234800,0.292400,0.035300,0.074200,0.042000,0.077700,0.005300,0.023616,0.005408,,0.012128,0.001152,1,4,48,4,1
1548,0.239800,0.285900,0.035800,0.078600,0.042100,0.074800,0.008000,0.022688,0.005664,,0.013984,0.001184,1,4,48,4,1
1549,0.243000,0.290900,0.035000,0.074200,0.042000,0.075800,0.015700,0.022656,0.005728,,0.014016,0.001120,1,4,48,4,1
1550,0.237000,0.294200,0.035300,0.073900,0.041800,0.079400,0.006200,0.024160,0.005696,,0.011104,0.001120,1,4,48,4,1
1551,0.238400,0.288500,0.035500,0.074200,0.041800,0.075500,0.011000,0.020960,0.005344,,0.011040,0.001152,1,4,48,4,1
1552,0.233000,0.289600,0.035400,0.074500,0.042100,0.074700,0.005800,0.021088,0.005504,,0.010304,0.001152,1,4,48,4,1
1553,0.232200,0.284100,0.035500,0.074000,0.041900,0.074600,0.005800,0.024160,0.005600,,0.011456,0.001152,1,4,48,4,1
1554,0.239500,0.283500,0.035100,0.073800,0.041700,0.075600,0.012600,0.021632,0.005600,,0.010528,0.001120,1,4,48,4,1
1555,0.240600,0.290700,0.035000,0.073900,0.041700,0.075300,0.014200,0.021152,0.005632,,0.010560,0.001184,1,4,48,4,1
1556,0.238900,0.292200,0.035300,0.074400,0.041900,0.075900,0.010800,0.021792,0.005824,,0.010400,0.001216,1,4,48,4,1
1557,0.244700,0.290100,0.035200,0.074100,0.042400,0.088500,0.004000,0.021696,0.005664,,0.010496,0.001152,1,4,48,4,1
1558,0.242700,0.295900,0.034900,0.073900,0.042100,0.085500,0.005800,0.021952,0.005664,,0.013024,0.001184,1,4,48,4,1
1559,0.239000,0.293900,0.035000,0.073900,0.041600,0.075700,0.012400,0.021696,0.005600,,0.013056,0.001152,1,4,48,4,1
1560,0.231100,0.290500,0.035200,0.073800,0.041600,0.074500,0.005700,0.024032,0.005696,,0.011104,0.001152,1,4,48,4,1
1561,0.233800,0.282500,0.037000,0.074500,0.041900,0.074300,0.005700,0.024128,0.005472,,0.011136,0.001120,1,4,48,4,1
1562,0.239900,0.285600,0.034900,0.074100,0.042100,0.075800,0.012600,0.021760,0.005760,,0.010464,0.001152,1,4,48,4,1
1563,0.241800,0.291300,0.035200,0.074400,0.041500,0.075300,0.015000,0.021984,0.005664,,0.013024,0.001152,1,4,48,4,1
1564,0.240500,0.292800,0.034700,0.073600,0.042600,0.082000,0.007100,0.023392,0.005472,,0.012256,0.001184,1,4,48,4,1
1565,0.232400,0.291600,0.034800,0.074500,0.042100,0.074500,0.006100,0.024288,0.005408,,0.011424,0.001152,1,4,48,4,1
1566,0.240500,0.283900,0.035500,0.074200,0.041800,0.075400,0.013100,0.021344,0.005440,,0.010400,0.001088,1,4,48,4,1
1567,0.242700,0.291900,0.034900,0.074200,0.041600,0.084000,0.007600,0.023616,0.005760,,0.012064,0.001184,1,4,48,4,1
1568,0.241600,0.293900,0.035300,0.074200,0.041800,0.085800,0.004100,0.022144,0.005696,,0.010816,0.001152,1,4,48,4,1
1569,0.241100,0.293300,0.035700,0.078200,0.041600,0.078200,0.007100,0.022432,0.005600,,0.012384,0.001120,1,4,48,4,1
1570,0.239400,0.293100,0.035000,0.074100,0.041500,0.075900,0.012500,0.021600,0.005536,,0.010496,0.001120,1,4,48,4,1
1571,0.238200,0.290600,0.035100,0.074700,0.047100,0.076000,0.004900,0.024256,0.005664,,0.011104,0.001152,1,4,48,4,1
1572,0.238500,0.289500,0.035100,0.074200,0.041700,0.075900,0.011000,0.021376,0.005248,,0.010624,0.001184,1,4,48,4,1
1573,0.237900,0.289800,0.034800,0.074600,0.041800,0.075800,0.010500,0.021152,0.005440,,0.010240,0.001088,1,4,48,4,1
1574,0.241900,0.289200,0.035300,0.074300,0.042100,0.075300,0.014400,0.021504,0.006016,,0.010784,0.001184,1,4,48,4,1
1575,0.232100,0.293700,0.035300,0.074200,0.041800,0.074800,0.005700,0.024128,0.005536,,0.011488,0.001088,1,4,48,4,1
1576,0.231900,0.283300,0.035100,0.073700,0.042000,0.074700,0.005700,0.024352,0.005728,,0.012512,0.001152,1,4,48,4,1
1577,0.240100,0.283200,0.035000,0.074200,0.042000,0.076200,0.012200,0.021632,0.005664,,0.010496,0.001120,1,4,48,4,1
1578,0.244900,0.291300,0.035200,0.074100,0.047200,0.075900,0.012000,0.021696,0.005664,,0.010464,0.001152,1,4,48,4,1
1579,0.243800,0.296000,0.035300,0.074300,0.042000,0.086400,0.005500,0.021664,0.005632,,0.010464,0.001184,1,4,48,4,1
1580,0.283400,0.295200,0.039600,0.096600,0.052200,0.089400,0.005100,0.022400,0.005664,,0.010400,0.001152,1,4,48,4,1
1581,0.234300,0.335100,0.035300,0.074600,0.041800,0.075200,0.007100,0.024512,0.005600,,0.011232,0.001152,1,4,48,4,1
1582,0.232400,0.285400,0.035600,0.074100,0.041800,0.074500,0.006000,0.024384,0.005664,,0.011136,0.001152,1,4,48,4,1
1583,0.239600,0.283700,0.034900,0.073800,0.042400,0.076000,0.012100,0.021632,0.005664,,0.010400,0.001152,1,4,48,4,1
1584,0.241000,0.291300,0.035500,0.074100,0.042000,0.075300,0.013700,0.021248,0.005664,,0.010208,0.001120,1,4,48,4,1
1585,0.237700,0.292500,0.035200,0.079700,0.041500,0.074900,0.005700,0.024128,0.005504,,0.011104,0.001184,1,4,48,4,1
1586,0.244700,0.288800,0.035000,0.073700,0.041900,0.075500,0.018200,0.024064,0.005536,,0.011072,0.001152,1,4,48,4,1
1587,0.238500,0.296200,0.035100,0.073600,0.041900,0.075800,0.011400,0.021600,0.005536,,0.010496,0.001152,1,4,48,4,1
1588,0.241000,0.290000,0.035100,0.074100,0.041800,0.075600,0.014000,0.021984,0.005760,,0.013152,0.001184,1,4,48,4,1
1589,0.230300,0.292200,0.035300,0.074300,0.041600,0.075300,0.003400,0.022720,0.005920,,0.013920,0.001120,1,4,48,4,1
1590,0.233100,0.281900,0.035700,0.073900,0.041900,0.074900,0.006400,0.021440,0.005408,,0.010464,0.001152,1,4,48,4,1
1591,0.238600,0.284400,0.035100,0.074200,0.042200,0.075800,0.010900,0.021504,0.005440,,0.010560,0.001152,1,4,48,4,1
1592,0.238000,0.290000,0.040200,0.074400,0.042100,0.074900,0.005900,0.024608,0.005952,,0.011168,0.001152,1,4,48,4,1
1593,0.242000,0.289300,0.034900,0.074100,0.041800,0.075900,0.014800,0.021696,0.005600,,0.010528,0.001184,1,4,48,4,1
1594,0.240500,0.293300,0.035500,0.074300,0.042300,0.075700,0.012400,0.021408,0.005888,,0.010848,0.001184,1,4,48,4,1
1595,0.245600,0.292100,0.034900,0.074600,0.041600,0.090600,0.003500,0.021280,0.005344,,0.010368,0.001184,1,4,48,4,1
1596,0.260200,0.297000,0.035600,0.074400,0.042000,0.101300,0.006400,0.022144,0.005696,,0.010432,0.001184,1,4,48,4,1
1597,0.333100,0.330000,0.051400,0.099700,0.055300,0.121300,0.004600,0.021760,0.005408,,0.010432,0.001152,1,4,48,4,1
1598,0.294600,0.400600,0.044500,0.095100,0.052800,0.096700,0.004800,0.021920,0.005504,,0.010304,0.001184,1,4,48,4,1
1599,0.294600,0.358900,0.043500,0.091600,0.052300,0.093800,0.012900,0.022048,0.005440,,0.010400,0.001120,1,4,48,4,1
1600,0.278000,0.358900,0.046400,0.091400,0.045200,0.081600,0.012900,0.024128,0.005504,,0.011456,0.001184,1,4,48,4,1
1601,0.244900,0.329600,0.035500,0.075400,0.042700,0.085900,0.004900,0.020992,0.005504,,0.010944,0.001120,1,4,48,4,1
1602,0.233500,0.295900,0.035100,0.075200,0.042500,0.075900,0.004400,0.024416,0.005632,,0.011456,0.001088,1,4,48,4,1
1603,0.247300,0.285100,0.041300,0.075000,0.042400,0.076200,0.011800,0.021632,0.005696,,0.010432,0.001120,1,4,48,4,1
1604,0.240000,0.299000,0.035400,0.074400,0.042300,0.075900,0.011600,0.022016,0.005664,,0.013152,0.001152,1,4,48,4,1
1605,0.232400,0.291300,0.035400,0.074800,0.042200,0.075200,0.004400,0.024256,0.005696,,0.011104,0.001184,1,4,48,4,1
1606,0.242400,0.283400,0.035100,0.074600,0.042200,0.085600,0.004600,0.021952,0.005664,,0.013024,0.001216,1,4,48,4,1
1607,0.240300,0.293800,0.035000,0.074600,0.042000,0.076000,0.012000,0.021600,0.005600,,0.010464,0.001120,1,4,48,4,1
1608,0.239500,0.291500,0.035700,0.074300,0.042100,0.076300,0.010500,0.021632,0.005472,,0.010592,0.001184,1,4,48,4,1
1609,0.242600,0.290800,0.035100,0.074600,0.042700,0.074300,0.015400,0.021568,0.005600,,0.010432,0.001152,1,4,48,4,1
1610,0.235300,0.299300,0.035400,0.074600,0.042100,0.075300,0.007400,0.022176,0.006048,,0.013120,0.001184,1,4,48,4,1
1611,0.240100,0.286600,0.035300,0.074500,0.042000,0.076100,0.011800,0.021664,0.005632,,0.010464,0.001184,1,4,48,4,1
1612,0.233000,0.291600,0.035100,0.074600,0.042000,0.075700,0.005300,0.024544,0.005984,,0.012512,0.001152,1,4,48,4,1
1613,0.231800,0.284200,0.035000,0.074300,0.041800,0.075000,0.005400,0.024256,0.005696,,0.011040,0.001152,1,4,48,4,1
1614,0.231800,0.283500,0.034900,0.074600,0.041700,0.075000,0.005100,0.024416,0.005760,,0.011072,0.001152,1,4,48,4,1
1615,0.241900,0.283200,0.035000,0.074600,0.042000,0.075500,0.014400,0.021504,0.005664,,0.010016,0.001184,1,4,48,4,1
1616,0.242200,0.293500,0.035000,0.074000,0.042100,0.076400,0.014400,0.021664,0.005568,,0.010560,0.001152,1,4,48,4,1
1617,0.232500,0.298300,0.035500,0.074400,0.042300,0.074400,0.005400,0.021536,0.005472,,0.010528,0.001088,1,4,48,4,1
1618,0.238500,0.283900,0.035000,0.074200,0.041900,0.076000,0.011100,0.021696,0.005568,,0.010560,0.001184,1,4,48,4,1
1619,0.231400,0.290600,0.034900,0.074200,0.041700,0.075000,0.005300,0.024064,0.005568,,0.011072,0.001120,1,4,48,4,1
1620,0.231600,0.282900,0.035200,0.074200,0.041800,0.074700,0.005100,0.021664,0.005760,,0.010400,0.001120,1,4,48,4,1
1621,0.245400,0.282800,0.035000,0.074500,0.042200,0.087800,0.005600,0.024384,0.005664,,0.011136,0.001184,1,4,48,4,1
1622,0.256800,0.296900,0.035700,0.074800,0.042000,0.093300,0.009600,0.021952,0.005600,,0.010400,0.001184,1,4,48,4,1
1623,0.347600,0.325000,0.049800,0.100100,0.055900,0.134700,0.006500,0.021984,0.005344,,0.010432,0.001152,1,4,48,4,1
1624,0.301600,0.413900,0.045700,0.098400,0.055400,0.096700,0.005000,0.024256,0.005632,,0.011136,0.001184,1,4,48,4,1
1625,0.291600,0.366600,0.043600,0.093800,0.053100,0.095900,0.004700,0.023936,0.005632,,0.012224,0.001152,1,4,48,4,1
1626,0.287500,0.355900,0.043700,0.092000,0.053200,0.093500,0.004600,0.022400,0.005696,,0.010368,0.001184,1,4,48,4,1
1627,0.289100,0.351400,0.043200,0.091400,0.052600,0.096700,0.004600,0.023360,0.005568,,0.012960,0.001088,1,4,48,4,1
1628,0.298600,0.352100,0.042700,0.090400,0.052500,0.104600,0.007800,0.021312,0.005568,,0.010336,0.001152,1,4,48,4,1
1629,0.334700,0.377800,0.064700,0.128200,0.049500,0.085400,0.006100,0.023232,0.005440,,0.011488,0.001184,1,4,48,4,1
1630,0.234100,0.386200,0.035400,0.074900,0.042800,0.075600,0.005100,0.021216,0.005280,,0.010400,0.001152,1,4,48,4,1
1631,0.239800,0.285300,0.035400,0.074400,0.042600,0.082300,0.004500,0.021728,0.005856,,0.010336,0.001152,1,4,48,4,1
1632,0.247500,0.291300,0.043800,0.075000,0.042400,0.081700,0.004200,0.021408,0.005952,,0.010592,0.001152,1,4,48,4,1
1633,0.245000,0.298700,0.035200,0.075000,0.042700,0.087500,0.004100,0.021856,0.005344,,0.010272,0.001184,1,4,48,4,1
1634,0.237900,0.296300,0.035200,0.074300,0.042200,0.080700,0.005100,0.021120,0.005696,,0.010816,0.001152,1,4,48,4,1
1635,0.243800,0.294300,0.035500,0.074700,0.042300,0.075900,0.014900,0.021856,0.005728,,0.010560,0.001184,1,4,48,4,1
1636,0.240200,0.295200,0.035700,0.074400,0.042400,0.082500,0.004700,0.021312,0.005664,,0.010240,0.001152,1,4,48,4,1
1637,0.234300,0.291400,0.035000,0.074900,0.042900,0.075200,0.005800,0.024192,0.005728,,0.011104,0.001088,1,4,48,4,1
1638,0.239000,0.285500,0.035500,0.074300,0.042200,0.081700,0.004900,0.022272,0.005792,,0.013024,0.001120,1,4,48,4,1
1639,0.239100,0.290300,0.034900,0.074300,0.042800,0.076100,0.010700,0.021664,0.005568,,0.013088,0.001152,1,4,48,4,1
1640,0.243100,0.291000,0.035300,0.074400,0.042400,0.075900,0.014700,0.024448,0.005920,,0.010976,0.001184,1,4,48,4,1
1641,0.239300,0.294900,0.034900,0.074300,0.042300,0.076100,0.011400,0.021152,0.005632,,0.010912,0.001152,1,4,48,4,1
1642,0.239200,0.295700,0.035100,0.074400,0.042200,0.076400,0.010700,0.021312,0.005664,,0.010240,0.001184,1,4,48,4,1
1643,0.242200,0.290900,0.035100,0.074200,0.041600,0.076300,0.014500,0.021792,0.005696,,0.010528,0.001152,1,4,48,4,1
1644,0.250700,0.293500,0.035300,0.074600,0.042300,0.091600,0.006400,0.021952,0.005504,,0.010592,0.001088,1,4,48,4,1
1645,0.311300,0.316900,0.044700,0.102000,0.054800,0.102800,0.006400,0.022208,0.005696,,0.010528,0.001152,1,4,48,4,1
1646,0.301900,0.376100,0.044000,0.093700,0.052800,0.102600,0.008400,0.022048,0.005440,,0.010400,0.001184,1,4,48,4,1
1647,0.307900,0.366600,0.047500,0.092400,0.051900,0.099900,0.015900,0.021728,0.005664,,0.010496,0.001184,1,4,48,4,1
1648,0.291400,0.372200,0.046300,0.091500,0.051500,0.096000,0.005600,0.023200,0.005664,,0.011456,0.001184,1,4,48,4,1
1649,0.320100,0.355200,0.043400,0.090800,0.075100,0.095500,0.014800,0.021344,0.005408,,0.010464,0.001120,1,4,48,4,1
1650,0.259400,0.374700,0.036700,0.079500,0.047600,0.088300,0.006600,0.021696,0.005664,,0.010496,0.001152,1,4,48,4,1
1651,0.249600,0.311800,0.035800,0.077500,0.043300,0.087500,0.005000,0.021728,0.005632,,0.010528,0.001184,1,4,48,4,1
1652,0.245400,0.301600,0.035400,0.075900,0.042900,0.086300,0.004600,0.021664,0.005568,,0.010528,0.001184,1,4,48,4,1
1653,0.244900,0.297400,0.035700,0.076000,0.043000,0.085100,0.004700,0.021632,0.005536,,0.010528,0.001184,1,4,48,4,1
1654,0.241600,0.296400,0.035300,0.075300,0.042200,0.076300,0.012000,0.021984,0.005696,,0.012992,0.001184,1,4,48,4,1
1655,0.245200,0.293400,0.034800,0.081300,0.042300,0.076400,0.009900,0.021408,0.005664,,0.010272,0.001088,1,4,48,4,1
1656,0.232800,0.297000,0.035200,0.074600,0.042500,0.075400,0.004700,0.024384,0.005760,,0.011072,0.001184,1,4,48,4,1
1657,0.232900,0.283900,0.035200,0.074900,0.042300,0.075400,0.004700,0.024000,0.005696,,0.011040,0.001152,1,4,48,4,1
1658,0.233600,0.283800,0.035300,0.074500,0.042000,0.075500,0.005800,0.024512,0.005728,,0.011168,0.001152,1,4,48,4,1
1659,0.243300,0.284800,0.035500,0.074300,0.041900,0.076100,0.014900,0.022176,0.005920,,0.013120,0.001152,1,4,48,4,1
1660,0.232600,0.294700,0.035200,0.073900,0.042300,0.075600,0.005200,0.021536,0.005632,,0.010336,0.001184,1,4,48,4,1
1661,0.239900,0.284000,0.034900,0.075000,0.041800,0.076600,0.011000,0.021632,0.005472,,0.013088,0.001152,1,4,48,4,1
1662,0.248700,0.291400,0.035000,0.080300,0.042500,0.076300,0.014100,0.024192,0.005760,,0.011104,0.001216,1,4,48,4,1
1663,0.240500,0.299800,0.035400,0.074500,0.041700,0.075800,0.012700,0.021024,0.005600,,0.010816,0.001120,1,4,48,4,1
1664,0.241900,0.291900,0.035900,0.074700,0.041900,0.084300,0.004500,0.022592,0.005664,,0.013952,0.001184,1,4,48,4,1
1665,0.245300,0.293200,0.035200,0.074700,0.042200,0.076300,0.016400,0.021024,0.005536,,0.010784,0.001152,1,4,48,4,1
1666,0.253900,0.296700,0.035300,0.074000,0.041700,0.090100,0.012500,0.021760,0.005664,,0.013120,0.001184,1,4,48,4,1
1667,0.232400,0.305200,0.035100,0.074100,0.041700,0.075900,0.005100,0.024192,0.005632,,0.011104,0.001152,1,4,48,4,1
1668,0.310100,0.284100,0.035400,0.089600,0.019300,0.163900,0.001400,0.022272,0.005472,,0.013888,0.001152,1,4,48,4,1
1669,0.298400,0.361800,0.035800,0.110200,0.048900,0.099400,0.003700,0.021920,0.005568,,0.010496,0.001184,1,4,48,4,1
1670,0.245100,0.350100,0.035700,0.075900,0.042900,0.076100,0.014100,0.022208,0.005632,,0.010304,0.001088,1,4,48,4,1
1671,0.250200,0.298800,0.035200,0.075400,0.042800,0.089800,0.006400,0.022144,0.005696,,0.010560,0.001120,1,4,48,4,1
1672,0.299700,0.315800,0.044600,0.096900,0.053300,0.098200,0.006300,0.021824,0.005376,,0.010592,0.001152,1,4,48,4,1
1673,0.300700,0.363600,0.045800,0.099700,0.052700,0.096400,0.005700,0.021664,0.005664,,0.013088,0.001088,1,4,48,4,1
1674,0.286800,0.368600,0.043300,0.091500,0.052400,0.094600,0.004500,0.021888,0.005856,,0.010464,0.001152,1,4,48,4,1
1675,0.287000,0.350200,0.043200,0.091300,0.053000,0.094600,0.004500,0.022400,0.005536,,0.013888,0.001184,1,4,48,4,1
1676,0.317800,0.350500,0.042900,0.090100,0.072200,0.108400,0.003800,0.024384,0.005952,,0.011168,0.001184,1,4,48,4,1
1677,0.247700,0.369500,0.035900,0.075300,0.042500,0.087900,0.005500,0.021856,0.005824,,0.010464,0.001184,1,4,48,4,1
1678,0.287300,0.311200,0.043200,0.090700,0.052100,0.095200,0.005600,0.021376,0.005440,,0.010432,0.001120,1,4,48,4,1
1679,0.287000,0.350500,0.043000,0.090600,0.051800,0.095400,0.005600,0.023456,0.005664,,0.012160,0.001120,1,4,48,4,1
1680,0.289000,0.350400,0.043000,0.089900,0.049000,0.102600,0.004100,0.021920,0.005728,,0.013088,0.001152,1,4,48,4,1
1681,0.344100,0.386100,0.048000,0.119500,0.056200,0.111500,0.008400,0.021760,0.005376,,0.010496,0.001088,1,4,48,4,1
1682,0.294400,0.408700,0.043800,0.093300,0.052400,0.098300,0.006100,0.022272,0.005600,,0.010336,0.001120,1,4,48,4,1
1683,0.293800,0.358700,0.043300,0.091900,0.057700,0.094700,0.005700,0.022464,0.005536,,0.013984,0.001184,1,4,48,4,1
1684,0.287600,0.357600,0.042800,0.091200,0.052100,0.095500,0.005500,0.022176,0.005568,,0.010432,0.001184,1,4,48,4,1
1685,0.316600,0.351100,0.042600,0.091300,0.068700,0.100800,0.012800,0.022592,0.005728,,0.013920,0.001120,1,4,48,4,1
1686,0.298200,0.379600,0.043900,0.095400,0.052600,0.097900,0.007900,0.021600,0.005728,,0.010464,0.001184,1,4,48,4,1
1687,0.291500,0.361800,0.043500,0.092800,0.052300,0.096400,0.006200,0.022528,0.005696,,0.013888,0.001120,1,4,48,4,1
1688,0.280300,0.355000,0.043000,0.091600,0.052100,0.087400,0.005800,0.022816,0.005888,,0.013920,0.001152,1,4,48,4,1
1689,0.263300,0.332200,0.035100,0.075800,0.043000,0.100200,0.008700,0.022560,0.005824,,0.013888,0.001120,1,4,48,4,1
1690,0.267200,0.314800,0.038100,0.076200,0.043200,0.102000,0.007200,0.022176,0.005696,,0.010464,0.001120,1,4,48,4,1
1691,0.257500,0.323000,0.035700,0.076900,0.042800,0.094900,0.006600,0.022336,0.005792,,0.010400,0.001184,1,4,48,4,1
1692,0.247100,0.309000,0.036500,0.075500,0.043200,0.076100,0.015400,0.022176,0.005600,,0.010976,0.001152,1,4,48,4,1
1693,0.243000,0.298700,0.035200,0.074500,0.042500,0.075600,0.014800,0.022496,0.005664,,0.013920,0.001152,1,4,48,4,1
1694,0.233100,0.294400,0.035400,0.075300,0.041800,0.074700,0.005300,0.021536,0.005632,,0.010432,0.001120,1,4,48,4,1
1695,0.235500,0.285000,0.035600,0.074600,0.042000,0.074700,0.008200,0.024352,0.005728,,0.011168,0.001152,1,4,48,4,1
1696,0.233200,0.286700,0.035100,0.074000,0.042300,0.075000,0.006300,0.022336,0.005440,,0.013952,0.001152,1,4,48,4,1
1697,0.245900,0.284900,0.034900,0.074900,0.042700,0.087100,0.005900,0.021728,0.005632,,0.013120,0.001184,1,4,48,4,1
1698,0.240800,0.297600,0.035000,0.074800,0.042100,0.076200,0.012500,0.021152,0.005728,,0.010752,0.001120,1,4,48,4,1
1699,0.241000,0.292500,0.034900,0.074200,0.042400,0.076200,0.012800,0.021408,0.005344,,0.010528,0.001184,1,4,48,4,1
1700,0.246100,0.292500,0.035200,0.074100,0.042400,0.080600,0.013300,0.021152,0.005664,,0.010848,0.001184,1,4,48,4,1
1701,0.239500,0.297500,0.035400,0.074900,0.042000,0.081700,0.005100,0.020928,0.005440,,0.010720,0.001152,1,4,48,4,1
1702,0.252200,0.290600,0.035300,0.074900,0.041800,0.095600,0.004200,0.022656,0.005792,,0.013984,0.001152,1,4,48,4,1
1703,0.244000,0.303300,0.035100,0.074600,0.042200,0.085900,0.005800,0.021568,0.005536,,0.010464,0.001184,1,4,48,4,1
1704,0.275500,0.295200,0.035100,0.074700,0.047300,0.113700,0.004000,0.024000,0.005984,,0.013056,0.001184,1,4,48,4,1
1705,0.238600,0.326800,0.035400,0.075700,0.042200,0.077500,0.007200,0.022240,0.005376,,0.013888,0.001184,1,4,48,4,1
1706,0.232800,0.290400,0.035500,0.074300,0.041900,0.075600,0.005200,0.022592,0.005728,,0.013952,0.001184,1,4,48,4,1
1707,0.239900,0.284400,0.034900,0.074200,0.042500,0.075900,0.011900,0.021344,0.005376,,0.010400,0.001152,1,4,48,4,1
1708,0.244100,0.291200,0.035300,0.074300,0.042500,0.076300,0.015300,0.024160,0.005664,,0.011072,0.001152,1,4,48,4,1
1709,0.243400,0.295600,0.035300,0.078000,0.042300,0.076600,0.010700,0.021760,0.005472,,0.013152,0.001184,1,4,48,4,1
1710,0.246100,0.294900,0.034800,0.074600,0.042700,0.087900,0.005700,0.021344,0.005472,,0.010368,0.001120,1,4,48,4,1
1711,0.232000,0.297600,0.035200,0.074300,0.042000,0.074500,0.005700,0.024192,0.005664,,0.011040,0.001152,1,4,48,4,1
1712,0.241900,0.284000,0.035500,0.074300,0.042300,0.078300,0.011000,0.021024,0.005632,,0.010432,0.001120,1,4,48,4,1
1713,0.242100,0.293600,0.035200,0.074100,0.042000,0.075300,0.015000,0.021760,0.005792,,0.010432,0.001152,1,4,48,4,1
1714,0.241000,0.293200,0.034900,0.074400,0.041500,0.076100,0.013600,0.022112,0.006016,,0.013056,0.001152,1,4,48,4,1
1715,0.242500,0.292700,0.035400,0.074400,0.041600,0.076200,0.014500,0.022368,0.005440,,0.013952,0.001184,1,4,48,4,1
1716,0.256800,0.294200,0.035300,0.074100,0.042100,0.099500,0.005300,0.022240,0.005728,,0.010496,0.001120,1,4,48,4,1
1717,0.245800,0.308300,0.035300,0.075600,0.042100,0.076100,0.016200,0.021408,0.005376,,0.010464,0.001184,1,4,48,4,1
1718,0.238000,0.297700,0.035200,0.074900,0.042400,0.081600,0.003600,0.021664,0.005440,,0.010464,0.001184,1,4,48,4,1
1719,0.244500,0.289800,0.035300,0.074100,0.053700,0.074700,0.006400,0.021824,0.005600,,0.010432,0.001184,1,4,48,4,1
1720,0.246300,0.295800,0.037800,0.074500,0.042400,0.076100,0.014900,0.021600,0.005664,,0.010336,0.001184,1,4,48,4,1
1721,0.239700,0.297900,0.035400,0.074800,0.041900,0.081500,0.005700,0.021504,0.005440,,0.010528,0.001152,1,4,48,4,1
1722,0.242300,0.291200,0.035400,0.073700,0.041700,0.085900,0.005400,0.021696,0.005568,,0.010592,0.001152,1,4,48,4,1
1723,0.230900,0.293900,0.035200,0.074500,0.041500,0.074500,0.004700,0.024608,0.005600,,0.011392,0.001184,1,4,48,4,1
1724,0.229900,0.281900,0.035000,0.073900,0.041700,0.074100,0.004600,0.021952,0.005600,,0.013056,0.001120,1,4,48,4,1
1725,0.238800,0.281000,0.034900,0.074200,0.042400,0.081100,0.005700,0.022336,0.005440,,0.013920,0.001152,1,4,48,4,1
1726,0.239000,0.289900,0.035000,0.074700,0.041800,0.081100,0.006100,0.021312,0.005760,,0.010656,0.001152,1,4,48,4,1
1727,0.233700,0.290600,0.034700,0.074400,0.041500,0.075100,0.007500,0.021760,0.005664,,0.012992,0.001120,1,4,48,4,1
1728,0.239300,0.285400,0.035300,0.073900,0.042000,0.075900,0.011700,0.021440,0.005376,,0.010528,0.001152,1,4,48,4,1
1729,0.244900,0.290900,0.035000,0.074500,0.041600,0.088000,0.005200,0.021376,0.005472,,0.010432,0.001120,1,4,48,4,1
1730,0.239600,0.296700,0.034800,0.074000,0.041900,0.083700,0.004900,0.021568,0.005472,,0.010592,0.001088,1,4,48,4,1
1731,0.346100,0.358000,0.073000,0.102900,0.056200,0.106200,0.007000,0.022368,0.005696,,0.010496,0.001152,1,4,48,4,1
1732,0.293500,0.411900,0.043500,0.094400,0.053000,0.096400,0.005600,0.021984,0.005536,,0.010432,0.001152,1,4,48,4,1
1733,0.291500,0.357400,0.042800,0.092300,0.052900,0.097500,0.005700,0.021760,0.005280,,0.010464,0.001184,1,4,48,4,1
1734,0.289100,0.355800,0.042500,0.092300,0.052400,0.096000,0.005500,0.021792,0.005472,,0.010400,0.001152,1,4,48,4,1
1735,0.310400,0.352300,0.042600,0.100000,0.069500,0.091500,0.006300,0.024288,0.005760,,0.011072,0.001120,1,4,48,4,1
1736,0.272000,0.362700,0.035400,0.092400,0.043500,0.086600,0.013800,0.023936,0.005728,,0.012000,0.001120,1,4,48,4,1
1737,0.242000,0.324000,0.035200,0.076500,0.042800,0.076200,0.010800,0.021760,0.005472,,0.013056,0.001152,1,4,48,4,1
1738,0.298900,0.293800,0.038000,0.092000,0.050700,0.111300,0.006400,0.021824,0.005792,,0.013056,0.001184,1,4,48,4,1
1739,0.296500,0.362700,0.043100,0.091600,0.051900,0.100900,0.008700,0.022336,0.005664,,0.010304,0.001184,1,4,48,4,1
1740,0.263700,0.348600,0.036500,0.082700,0.044200,0.092800,0.006900,0.022208,0.005568,,0.010496,0.001184,1,4,48,4,1
1741,0.304600,0.331900,0.044900,0.100400,0.055100,0.098500,0.005000,0.021568,0.005600,,0.010400,0.001184,1,4,48,4,1
1742,0.294300,0.369800,0.043500,0.094700,0.053500,0.097300,0.004600,0.022336,0.005664,,0.010432,0.001184,1,4,48,4,1
1743,0.292300,0.358200,0.043200,0.092900,0.053100,0.089500,0.013100,0.021504,0.005472,,0.010464,0.001152,1,4,48,4,1
1744,0.245300,0.344500,0.035500,0.075800,0.043500,0.077700,0.012300,0.022080,0.005568,,0.010400,0.001152,1,4,48,4,1
1745,0.241100,0.296700,0.034900,0.075600,0.042900,0.076800,0.010500,0.021344,0.005344,,0.010464,0.001152,1,4,48,4,1
1746,0.245800,0.298900,0.036000,0.075500,0.043100,0.085800,0.004800,0.021984,0.006016,,0.010496,0.001120,1,4,48,4,1
1747,0.241500,0.297500,0.035200,0.075600,0.042700,0.076100,0.011500,0.021984,0.005760,,0.013120,0.001184,1,4,48,4,1
1748,0.241600,0.292700,0.035100,0.074900,0.042700,0.084600,0.003800,0.021696,0.005824,,0.010400,0.001088,1,4,48,4,1
1749,0.239600,0.293200,0.035000,0.074600,0.042400,0.076000,0.011000,0.021824,0.005600,,0.013088,0.001152,1,4,48,4,1
1750,0.243000,0.291000,0.035200,0.074000,0.042200,0.077000,0.014300,0.024192,0.005600,,0.011040,0.001152,1,4,48,4,1
1751,0.233100,0.294400,0.035000,0.074900,0.041900,0.075500,0.005400,0.024064,0.005632,,0.012448,0.001120,1,4,48,4,1
1752,0.244600,0.284400,0.035200,0.074200,0.042000,0.088500,0.004200,0.021056,0.005600,,0.010528,0.001120,1,4,48,4,1
1753,0.240700,0.296400,0.035000,0.075500,0.042500,0.082800,0.004400,0.021696,0.005600,,0.013088,0.001152,1,4,48,4,1
1754,0.239400,0.291900,0.035300,0.074700,0.042200,0.076600,0.010100,0.021792,0.005888,,0.010336,0.001184,1,4,48,4,1
1755,0.240900,0.291100,0.035100,0.074700,0.042100,0.076100,0.012500,0.021568,0.005536,,0.010496,0.001152,1,4,48,4,1
1756,0.240900,0.293000,0.035000,0.074500,0.042400,0.076700,0.011900,0.021504,0.005632,,0.010304,0.001184,1,4,48,4,1
1757,0.241700,0.292700,0.035000,0.074100,0.042200,0.075800,0.014200,0.022368,0.005600,,0.013920,0.001088,1,4,48,4,1
1758,0.239900,0.293200,0.035000,0.074000,0.041900,0.079900,0.008600,0.022048,0.005408,,0.010272,0.001152,1,4,48,4,1
1759,0.248200,0.291300,0.035100,0.077800,0.041600,0.085600,0.007700,0.022496,0.005632,,0.013920,0.001184,1,4,48,4,1
1760,0.232100,0.299600,0.034900,0.074500,0.041800,0.074800,0.005700,0.021376,0.005824,,0.010272,0.001152,1,4,48,4,1
1761,0.243100,0.283600,0.035100,0.073800,0.042000,0.075700,0.016100,0.021504,0.005568,,0.010496,0.001120,1,4,48,4,1
1762,0.241800,0.294300,0.034800,0.074500,0.041900,0.076000,0.014100,0.021728,0.005568,,0.010592,0.001184,1,4,48,4,1
1763,0.232200,0.292900,0.035100,0.073900,0.041800,0.075800,0.005100,0.022464,0.005632,,0.013856,0.001184,1,4,48,4,1
1764,0.348400,0.283900,0.035300,0.078400,0.018500,0.207800,0.007800,0.023264,0.005664,,0.011840,0.001152,1,4,48,4,1
1765,0.354800,0.427300,0.044600,0.138000,0.054500,0.108400,0.008800,0.021920,0.005632,,0.010528,0.001184,1,4,48,4,1
1766,0.306500,0.422000,0.045000,0.098800,0.055100,0.101400,0.005600,0.022272,0.005472,,0.010176,0.001152,1,4,48,4,1
1767,0.318200,0.371600,0.043500,0.094100,0.055400,0.115500,0.009100,0.021504,0.005568,,0.010464,0.001120,1,4,48,4,1
1768,0.299900,0.384300,0.044400,0.097400,0.054000,0.098600,0.005100,0.021632,0.005568,,0.010528,0.001152,1,4,48,4,1
1769,0.265200,0.364000,0.043500,0.086500,0.042800,0.086900,0.005000,0.021568,0.005408,,0.013088,0.001184,1,4,48,4,1
1770,0.243200,0.317400,0.035400,0.076100,0.043100,0.078100,0.010200,0.021888,0.005760,,0.010560,0.001184,1,4,48,4,1
1771,0.243000,0.295000,0.035100,0.075300,0.042800,0.085100,0.004200,0.021696,0.005440,,0.013024,0.001152,1,4,48,4,1
1772,0.262500,0.295200,0.035200,0.075300,0.042700,0.100100,0.008600,0.021632,0.005696,,0.010432,0.001152,1,4,48,4,1
1773,0.248200,0.314600,0.035200,0.081700,0.042200,0.084600,0.003900,0.021216,0.005664,,0.010464,0.001120,1,4,48,4,1
1774,0.243200,0.299800,0.035400,0.074700,0.042900,0.077500,0.012300,0.024128,0.005440,,0.011136,0.001184,1,4,48,4,1
1775,0.239000,0.294600,0.035000,0.074900,0.042500,0.081900,0.004300,0.021312,0.005600,,0.010176,0.001152,1,4,48,4,1
1776,0.234900,0.290800,0.035400,0.075100,0.042600,0.075600,0.005700,0.022368,0.005536,,0.013920,0.001152,1,4,48,4,1
1777,0.233000,0.286300,0.035200,0.074200,0.042200,0.075100,0.005800,0.024160,0.005568,,0.012416,0.001120,1,4,48,4,1
1778,0.243800,0.284400,0.035400,0.074400,0.042200,0.077200,0.014200,0.021984,0.005472,,0.010976,0.001088,1,4,48,4,1
1779,0.285900,0.295000,0.034900,0.074600,0.056400,0.103800,0.015700,0.023488,0.005440,,0.012288,0.001184,1,4,48,4,1
1780,0.307800,0.390000,0.045000,0.099300,0.055200,0.100700,0.007000,0.021984,0.005376,,0.010368,0.001152,1,4,48,4,1
1781,0.292500,0.372800,0.043700,0.093400,0.053000,0.095300,0.006500,0.022368,0.005600,,0.013920,0.001152,1,4,48,4,1
1782,0.246800,0.356800,0.037100,0.075800,0.042600,0.076300,0.014700,0.022048,0.006016,,0.013088,0.001152,1,4,48,4,1
1783,0.245700,0.298400,0.035100,0.075000,0.043100,0.084500,0.007400,0.022560,0.005856,,0.013920,0.001120,1,4,48,4,1
1784,0.235200,0.297500,0.035200,0.075400,0.042800,0.076100,0.005200,0.021408,0.005376,,0.010464,0.001152,1,4,48,4,1
1785,0.270700,0.287000,0.035100,0.082400,0.053900,0.093300,0.005700,0.021888,0.005472,,0.010528,0.001184,1,4,48,4,1
1786,0.265300,0.323100,0.036800,0.078700,0.044600,0.098200,0.006800,0.021600,0.005472,,0.010368,0.001152,1,4,48,4,1
1787,0.260000,0.317000,0.035900,0.076300,0.043600,0.095700,0.008000,0.022304,0.005824,,0.010464,0.001120,1,4,48,4,1
1788,0.303100,0.325200,0.044300,0.097800,0.054600,0.100200,0.005700,0.022272,0.005632,,0.010496,0.001184,1,4,48,4,1
1789,0.297300,0.367400,0.043400,0.092500,0.055000,0.101300,0.004600,0.021184,0.005280,,0.010400,0.001120,1,4,48,4,1
1790,0.286700,0.361400,0.043100,0.091600,0.052700,0.094000,0.004900,0.021440,0.005568,,0.010368,0.001152,1,4,48,4,1
1791,0.252000,0.350300,0.043000,0.083700,0.043300,0.076600,0.004800,0.023904,0.005600,,0.011072,0.001152,1,4,48,4,1
1792,0.234600,0.303700,0.035300,0.075100,0.042600,0.076400,0.004700,0.024256,0.005696,,0.011136,0.001152,1,4,48,4,1
1793,0.255900,0.308700,0.036900,0.080400,0.045500,0.088000,0.004700,0.021056,0.005664,,0.010752,0.001152,1,4,48,4,1
1794,0.245500,0.307900,0.035300,0.076800,0.043200,0.078500,0.011200,0.021088,0.005440,,0.010272,0.001152,1,4,48,4,1
1795,0.235900,0.297400,0.034900,0.075800,0.042400,0.076600,0.005500,0.024352,0.005440,,0.011232,0.001120,1,4,48,4,1
1796,0.234900,0.287900,0.035400,0.075500,0.042600,0.075300,0.005700,0.024352,0.005792,,0.011040,0.001152,1,4,48,4,1
1797,0.242200,0.286400,0.035100,0.075000,0.042500,0.085100,0.004100,0.021440,0.005376,,0.010528,0.001184,1,4,48,4,1
1798,0.243500,0.293700,0.035400,0.074400,0.041900,0.087100,0.004300,0.021664,0.005600,,0.010560,0.001152,1,4,48,4,1
1799,0.240400,0.295100,0.035200,0.075000,0.042000,0.076300,0.011400,0.022528,0.005920,,0.012800,0.001152,1,4,48,4,1
1800,0.248500,0.291700,0.035400,0.074300,0.046200,0.086600,0.005400,0.021536,0.005312,,0.013152,0.001152,1,4,48,4,1
1801,0.235000,0.300000,0.038400,0.075000,0.042500,0.075100,0.003500,0.021440,0.005440,,0.010528,0.001120,1,4,48,4,1
1802,0.181000,0.286200,0.035100,0.074700,0.015300,0.054500,0.001000,0.021696,0.005664,,0.010496,0.001152,1,4,48,4,1
1803,0.584400,0.231800,0.034200,0.104900,0.007000,0.041300,0.396400,0.022560,0.005632,,0.013952,0.001120,1,4,48,4,1
1804,0.269700,0.636200,0.036100,0.103500,0.044600,0.078200,0.006900,0.021824,0.005472,,0.010368,0.001184,1,4,48,4,1
1805,0.249700,0.321900,0.035000,0.076100,0.043600,0.088100,0.006400,0.021664,0.005664,,0.010464,0.001152,1,4,48,4,1
1806,0.235200,0.301300,0.035400,0.074700,0.042900,0.076000,0.005800,0.022816,0.005856,,0.010528,0.001152,1,4,48,4,1
1807,0.244300,0.286400,0.035200,0.074900,0.042400,0.076600,0.014700,0.021664,0.005664,,0.010432,0.001152,1,4,48,4,1
1808,0.234700,0.296400,0.035400,0.075100,0.042200,0.075700,0.005800,0.024160,0.005664,,0.011040,0.001184,1,4,48,4,1
1809,0.245200,0.285600,0.034900,0.074600,0.041600,0.089800,0.003900,0.021664,0.005568,,0.010560,0.001184,1,4,48,4,1
1810,0.249700,0.296400,0.035400,0.074500,0.041900,0.080000,0.017500,0.021504,0.005408,,0.010560,0.001152,1,4,48,4,1
1811,0.259000,0.301400,0.035300,0.086700,0.042300,0.089100,0.005300,0.022240,0.005632,,0.010432,0.001184,1,4,48,4,1
1812,0.236400,0.310300,0.035900,0.075900,0.042200,0.075400,0.006600,0.022496,0.005600,,0.013984,0.001184,1,4,48,4,1
1813,0.233700,0.287700,0.035300,0.074400,0.042600,0.074900,0.006100,0.021952,0.005504,,0.010912,0.001088,1,4,48,4,1
1814,0.269500,0.285500,0.035200,0.075000,0.040600,0.111500,0.006700,0.022368,0.005856,,0.010368,0.001184,1,4,48,4,1
1815,0.238100,0.323000,0.035800,0.075400,0.042000,0.077200,0.007400,0.022336,0.005568,,0.010432,0.001184,1,4,48,4,1
1816,0.242900,0.289700,0.034900,0.074400,0.042100,0.076300,0.014700,0.021536,0.005632,,0.010368,0.001152,1,4,48,4,1
1817,0.244100,0.294200,0.034800,0.075200,0.042300,0.076500,0.014800,0.021632,0.005664,,0.010464,0.001120,1,4,48,4,1
1818,0.233000,0.295400,0.035200,0.073900,0.041700,0.075800,0.005800,0.024224,0.005728,,0.011072,0.001152,1,4,48,4,1
1819,0.237900,0.305100,0.038000,0.075400,0.042100,0.076000,0.005800,0.021536,0.005568,,0.013120,0.001152,1,4,48,4,1
1820,0.239400,0.289800,0.035400,0.074100,0.042200,0.082000,0.005100,0.021696,0.005600,,0.010528,0.001152,1,4,48,4,1
1821,0.236200,0.290600,0.035100,0.077200,0.042300,0.075700,0.005300,0.022080,0.005600,,0.010464,0.001152,1,4,48,4,1
1822,0.269800,0.287900,0.035000,0.074700,0.042800,0.100500,0.016200,0.021664,0.005664,,0.010496,0.001184,1,4,48,4,1
1823,0.349200,0.348200,0.052600,0.113300,0.064400,0.110500,0.007800,0.022688,0.005760,,0.013920,0.001120,1,4,48,4,1
1824,0.294000,0.413000,0.045000,0.092500,0.052900,0.097300,0.005700,0.022400,0.005600,,0.010432,0.001184,1,4,48,4,1
1825,0.289400,0.357700,0.042600,0.091800,0.052800,0.096100,0.005600,0.022112,0.005536,,0.010496,0.001120,1,4,48,4,1
1826,0.285200,0.353000,0.043200,0.089800,0.052000,0.093800,0.005800,0.024416,0.005440,,0.011392,0.001152,1,4,48,4,1
1827,0.287400,0.348500,0.043100,0.090400,0.059600,0.087800,0.005700,0.021152,0.005568,,0.010272,0.001184,1,4,48,4,1
1828,0.429500,0.339700,0.105500,0.128800,0.067300,0.120800,0.006500,0.021440,0.005376,,0.010400,0.001152,1,4,48,4,1
1829,0.297200,0.505500,0.044200,0.094100,0.053800,0.099000,0.005500,0.022464,0.005664,,0.013888,0.001120,1,4,48,4,1
1830,0.291500,0.362100,0.043200,0.092900,0.053000,0.095900,0.005900,0.021728,0.005760,,0.010496,0.001120,1,4,48,4,1
1831,0.305600,0.356000,0.043300,0.090600,0.052900,0.111600,0.006800,0.022496,0.005664,,0.013888,0.001152,1,4,48,4,1
1832,0.274600,0.365200,0.038000,0.083900,0.046600,0.098500,0.007200,0.022304,0.005632,,0.010432,0.001184,1,4,48,4,1
1833,0.275000,0.331000,0.038200,0.084800,0.047500,0.098800,0.005200,0.022240,0.005760,,0.010400,0.001120,1,4,48,4,1
1834,0.287000,0.330300,0.037900,0.081200,0.045300,0.115400,0.006800,0.021952,0.005344,,0.010464,0.001184,1,4,48,4,1
1835,0.295900,0.351500,0.043900,0.093600,0.052400,0.098200,0.006900,0.022176,0.005568,,0.010336,0.001184,1,4,48,4,1
1836,0.290400,0.359600,0.042900,0.092200,0.052200,0.096500,0.006000,0.022176,0.005664,,0.010528,0.001088,1,4,48,4,1
1837,0.261800,0.354000,0.042900,0.090300,0.046300,0.076600,0.005200,0.021248,0.005696,,0.010848,0.001184,1,4,48,4,1
1838,0.266900,0.313200,0.036100,0.087800,0.043500,0.090700,0.008500,0.022112,0.005504,,0.010432,0.001120,1,4,48,4,1
1839,0.252200,0.324700,0.036400,0.080300,0.045700,0.084100,0.005300,0.021824,0.005664,,0.010592,0.001184,1,4,48,4,1
1840,0.252300,0.303900,0.035900,0.076600,0.043500,0.088800,0.007100,0.021152,0.005696,,0.010784,0.001184,1,4,48,4,1
1841,0.287600,0.315500,0.044300,0.091800,0.051600,0.094600,0.004700,0.023680,0.005408,,0.011072,0.001088,1,4,48,4,1
1842,0.284800,0.350900,0.042800,0.090900,0.051800,0.093100,0.005600,0.024224,0.005632,,0.011488,0.001152,1,4,48,4,1
1843,0.274900,0.347800,0.042800,0.089900,0.051700,0.086400,0.003600,0.021184,0.005344,,0.010400,0.001184,1,4,48,4,1
1844,0.247900,0.326600,0.041000,0.075800,0.042300,0.076500,0.011800,0.021312,0.005408,,0.010400,0.001120,1,4,48,4,1
1845,0.238500,0.299200,0.035200,0.074600,0.042200,0.075600,0.010600,0.021568,0.005600,,0.010464,0.001120,1,4,48,4,1
1846,0.238900,0.290000,0.035200,0.074800,0.042200,0.075800,0.010600,0.021952,0.005696,,0.013088,0.001184,1,4,48,4,1
1847,0.236000,0.290400,0.035500,0.074300,0.042300,0.077900,0.005600,0.021056,0.005536,,0.010432,0.001088,1,4,48,4,1
1848,0.234900,0.287300,0.035300,0.074700,0.042400,0.077000,0.005100,0.021248,0.005632,,0.010976,0.001184,1,4,48,4,1
1849,0.232500,0.286600,0.035300,0.074400,0.041900,0.074400,0.005900,0.021344,0.005408,,0.010368,0.001184,1,4,48,4,1
1850,0.240600,0.284100,0.034800,0.074200,0.041700,0.075300,0.014300,0.021056,0.005696,,0.010464,0.001056,1,4,48,4,1
1851,0.239400,0.296600,0.035500,0.074900,0.042000,0.081600,0.004900,0.021728,0.005440,,0.013184,0.001152,1,4,48,4,1
1852,0.233100,0.291700,0.035400,0.074000,0.042300,0.075200,0.005700,0.024352,0.005760,,0.011136,0.001152,1,4,48,4,1
1853,0.240600,0.284100,0.035100,0.074600,0.041700,0.085000,0.003700,0.022336,0.005792,,0.010368,0.001120,1,4,48,4,1
1854,0.233800,0.292100,0.035100,0.074400,0.042300,0.075700,0.005800,0.022048,0.005376,,0.010400,0.001152,1,4,48,4,1
1855,0.244800,0.285300,0.035000,0.074700,0.041700,0.076000,0.016900,0.021536,0.005632,,0.010400,0.001120,1,4,48,4,1
1856,0.239300,0.296200,0.035100,0.074500,0.042200,0.076300,0.010900,0.021536,0.006016,,0.010816,0.001152,1,4,48,4,1
1857,0.230600,0.290900,0.035200,0.074000,0.040800,0.075800,0.004400,0.021600,0.005440,,0.010368,0.001152,1,4,48,4,1
1858,0.266900,0.286700,0.035400,0.081400,0.042400,0.099900,0.007200,0.022272,0.005632,,0.010336,0.001152,1,4,48,4,1
1859,0.183000,0.318500,0.035300,0.082200,0.015000,0.049100,0.001200,0.021856,0.005824,,0.010560,0.001120,1,4,48,4,1
1860,0.443600,0.234200,0.034200,0.089300,0.065900,0.119500,0.134200,0.022464,0.005920,,0.010528,0.001120,1,4,48,4,1
1861,0.344500,0.510900,0.046100,0.130700,0.056700,0.103100,0.007300,0.022368,0.005824,,0.010336,0.001184,1,4,48,4,1
1862,0.297400,0.409200,0.044100,0.095600,0.053400,0.097600,0.006400,0.021792,0.005632,,0.010400,0.001152,1,4,48,4,1
1863,0.299000,0.361200,0.043500,0.094000,0.057800,0.097800,0.005300,0.024416,0.005632,,0.011424,0.001184,1,4,48,4,1
1864,0.288000,0.362700,0.043100,0.091900,0.052900,0.093800,0.005700,0.023904,0.005664,,0.012096,0.001152,1,4,48,4,1
1865,0.322600,0.352100,0.042900,0.117300,0.059600,0.085600,0.016500,0.024608,0.005920,,0.011104,0.001184,1,4,48,4,1
1866,0.290700,0.386300,0.044000,0.092800,0.052100,0.094800,0.006400,0.021888,0.005856,,0.010560,0.001088,1,4,48,4,1
1867,0.300000,0.354200,0.043000,0.091100,0.064600,0.093700,0.006900,0.022464,0.005600,,0.013952,0.001120,1,4,48,4,1
1868,0.275300,0.363500,0.043000,0.090300,0.049800,0.077200,0.014500,0.022624,0.005760,,0.013856,0.001120,1,4,48,4,1
1869,0.234300,0.326400,0.035300,0.074300,0.042300,0.076500,0.005600,0.024128,0.005536,,0.011104,0.001184,1,4,48,4,1
1870,0.245100,0.285700,0.035200,0.074400,0.042500,0.087700,0.004900,0.022112,0.005920,,0.013056,0.001152,1,4,48,4,1
1871,0.241400,0.296300,0.035500,0.074600,0.042400,0.082300,0.006000,0.021568,0.005568,,0.010400,0.001184,1,4,48,4,1
1872,0.244400,0.293000,0.035200,0.074300,0.041800,0.076500,0.016200,0.022080,0.005440,,0.010432,0.001120,1,4,48,4,1
1873,0.242400,0.296500,0.035000,0.074200,0.042400,0.076900,0.013500,0.021376,0.005600,,0.010272,0.001120,1,4,48,4,1
1874,0.272600,0.293700,0.035000,0.074000,0.042300,0.104700,0.016000,0.022496,0.005632,,0.013952,0.001152,1,4,48,4,1
1875,0.251600,0.329300,0.036300,0.089900,0.044200,0.076900,0.003900,0.021856,0.005312,,0.010496,0.001184,1,4,48,4,1
1876,0.326700,0.305100,0.050200,0.101200,0.055700,0.111000,0.008000,0.021920,0.005440,,0.010432,0.001152,1,4,48,4,1
1877,0.418400,0.394700,0.048300,0.105300,0.017300,0.225600,0.020800,0.021664,0.005760,,0.010496,0.001120,1,4,48,4,1
1878,0.342800,0.483500,0.044700,0.132000,0.056800,0.101700,0.007000,0.022176,0.005760,,0.010432,0.001120,1,4,48,4,1
1879,0.358400,0.406700,0.043700,0.094500,0.054700,0.154700,0.010300,0.021600,0.005248,,0.010464,0.001088,1,4,48,4,1
1880,0.304700,0.411400,0.036900,0.106500,0.046600,0.106900,0.007300,0.022656,0.005696,,0.013984,0.001152,1,4,48,4,1
1881,0.304000,0.357500,0.036100,0.103400,0.055400,0.103200,0.005500,0.024352,0.005632,,0.012352,0.001152,1,4,48,4,1
1882,0.258500,0.356200,0.036600,0.080700,0.043900,0.089600,0.007300,0.021984,0.005664,,0.010496,0.001184,1,4,48,4,1
1883,0.270000,0.316200,0.049800,0.080100,0.044400,0.090300,0.005000,0.021984,0.005408,,0.010528,0.001120,1,4,48,4,1
1884,0.237800,0.322200,0.035500,0.076400,0.043700,0.076600,0.005300,0.022240,0.005760,,0.010464,0.001088,1,4,48,4,1
1885,0.243100,0.289900,0.035300,0.075500,0.043600,0.080800,0.007500,0.022080,0.005568,,0.010592,0.001152,1,4,48,4,1
1886,0.237000,0.294300,0.035400,0.075500,0.043800,0.076200,0.005800,0.024128,0.005696,,0.012448,0.001152,1,4,48,4,1
1887,0.248800,0.288900,0.035100,0.075300,0.050200,0.082100,0.005500,0.021888,0.005632,,0.013120,0.001184,1,4,48,4,1
1888,0.246000,0.300200,0.035300,0.075900,0.042800,0.086500,0.005000,0.021760,0.005664,,0.010528,0.001152,1,4,48,4,1
1889,0.262900,0.297700,0.035100,0.074900,0.043400,0.101000,0.008000,0.021408,0.005632,,0.010240,0.001152,1,4,48,4,1
1890,0.254800,0.316300,0.037600,0.079000,0.044200,0.077700,0.015900,0.021696,0.005376,,0.010496,0.001152,1,4,48,4,1
1891,0.237300,0.306000,0.035400,0.074600,0.043900,0.077000,0.006100,0.021312,0.005440,,0.010464,0.001184,1,4,48,4,1
1892,0.234700,0.288900,0.035100,0.074700,0.042800,0.076000,0.005800,0.022528,0.005856,,0.013888,0.001120,1,4,48,4,1
1893,0.248300,0.286300,0.035300,0.074700,0.043400,0.076600,0.017800,0.024096,0.005632,,0.011232,0.001184,1,4,48,4,1
1894,0.246200,0.300300,0.035900,0.082800,0.042400,0.076700,0.008000,0.022208,0.005568,,0.010496,0.001152,1,4,48,4,1
1895,0.241400,0.298200,0.035300,0.075500,0.042600,0.080100,0.007400,0.021024,0.005664,,0.012544,0.001184,1,4,48,4,1
1896,0.239200,0.292900,0.035300,0.074400,0.042800,0.080200,0.006200,0.021984,0.005920,,0.010560,0.001184,1,4,48,4,1
1897,0.243800,0.290600,0.035700,0.074700,0.042500,0.076700,0.013800,0.022368,0.005600,,0.013888,0.001088,1,4,48,4,1
1898,0.244000,0.295200,0.035400,0.075300,0.042400,0.076500,0.013800,0.024224,0.005664,,0.011104,0.001120,1,4,48,4,1
1899,0.234200,0.295200,0.035000,0.074700,0.042000,0.074700,0.007400,0.024160,0.005504,,0.011136,0.001152,1,4,48,4,1
1900,0.246700,0.285600,0.035100,0.074600,0.042700,0.080800,0.013100,0.021248,0.005664,,0.010400,0.001120,1,4,48,4,1
1901,0.246200,0.297900,0.040800,0.075100,0.042600,0.075500,0.011600,0.021120,0.005504,,0.010208,0.001088,1,4,48,4,1
1902,0.239300,0.297700,0.035000,0.074200,0.041700,0.076100,0.011800,0.021632,0.005632,,0.010528,0.001120,1,4,48,4,1
1903,0.233200,0.290400,0.035800,0.075000,0.042800,0.075700,0.003500,0.021632,0.005600,,0.010464,0.001152,1,4,48,4,1
1904,0.249500,0.284400,0.035200,0.074500,0.042600,0.081100,0.015600,0.021920,0.005696,,0.013024,0.001152,1,4,48,4,1
1905,0.234600,0.300900,0.035300,0.074700,0.042800,0.074600,0.007000,0.022144,0.005568,,0.010496,0.001184,1,4,48,4,1
1906,0.396000,0.285900,0.035100,0.074300,0.042000,0.237700,0.006500,0.021632,0.005632,,0.010464,0.001152,1,4,48,4,1
1907,0.305500,0.463400,0.045000,0.099300,0.055000,0.100000,0.005800,0.022464,0.005600,,0.013888,0.001184,1,4,48,4,1
1908,0.293600,0.370800,0.044400,0.093800,0.053300,0.096800,0.004800,0.022944,0.006048,,0.013952,0.001152,1,4,48,4,1
1909,0.288600,0.358000,0.043100,0.092100,0.053100,0.095200,0.004700,0.021632,0.005600,,0.010464,0.001184,1,4,48,4,1
1910,0.319600,0.352900,0.043200,0.093100,0.080900,0.097400,0.004400,0.024256,0.005664,,0.011040,0.001120,1,4,48,4,1
1911,0.314200,0.384000,0.043200,0.091400,0.075100,0.099900,0.004100,0.021792,0.005824,,0.010432,0.001152,1,4,48,4,1
1912,0.235100,0.366000,0.035700,0.075600,0.043000,0.075500,0.004900,0.024512,0.006016,,0.011072,0.001152,1,4,48,4,1
1913,0.234900,0.286200,0.035100,0.075200,0.042400,0.077000,0.004800,0.021856,0.005440,,0.010368,0.001088,1,4,48,4,1
1914,0.192000,0.286400,0.035000,0.075500,0.018200,0.061800,0.001200,0.021792,0.005728,,0.010560,0.001184,1,4,48,4,1
1915,0.467300,0.242700,0.034200,0.089200,0.007000,0.042500,0.294000,0.022240,0.005664,,0.010592,0.001120,1,4,48,4,1
1916,0.272500,0.518900,0.036300,0.102600,0.046000,0.079700,0.007400,0.022048,0.005632,,0.010528,0.001152,1,4,48,4,1
1917,0.246200,0.324400,0.035800,0.076500,0.043500,0.077100,0.012900,0.021600,0.005504,,0.010592,0.001088,1,4,48,4,1
1918,0.243300,0.297800,0.035600,0.075800,0.042800,0.076500,0.012200,0.021440,0.005376,,0.010560,0.001120,1,4,48,4,1
1919,0.244300,0.294800,0.035100,0.074600,0.042300,0.076400,0.015500,0.022752,0.005856,,0.013920,0.001184,1,4,48,4,1
1920,0.254400,0.295800,0.035000,0.074700,0.042500,0.090000,0.011800,0.021792,0.005696,,0.013056,0.001120,1,4,48,4,1
1921,0.253900,0.305900,0.042300,0.074800,0.041900,0.090400,0.004000,0.022208,0.005632,,0.010272,0.001184,1,4,48,4,1
1922,0.317700,0.305400,0.036900,0.074600,0.078500,0.109600,0.017600,0.023488,0.005792,,0.011968,0.001152,1,4,48,4,1
1923,0.247800,0.370300,0.036500,0.077600,0.043500,0.082600,0.007200,0.022688,0.005792,,0.012448,0.001120,1,4,48,4,1
1924,0.239800,0.299300,0.035700,0.075800,0.043800,0.080300,0.003800,0.023488,0.005824,,0.012032,0.001152,1,4,48,4,1
1925,0.253400,0.290900,0.035800,0.075200,0.043000,0.092500,0.006500,0.022272,0.005696,,0.013888,0.001088,1,4,48,4,1
1926,0.264400,0.305700,0.036100,0.077800,0.044500,0.098800,0.006800,0.021568,0.005504,,0.013152,0.001152,1,4,48,4,1
1927,0.299100,0.332800,0.045200,0.100300,0.055400,0.084500,0.013400,0.022752,0.005888,,0.013888,0.001152,1,4,48,4,1
1928,0.266900,0.352000,0.036500,0.078000,0.043800,0.100800,0.007300,0.021536,0.005600,,0.010432,0.001184,1,4,48,4,1
1929,0.259000,0.318700,0.035200,0.086200,0.043100,0.088600,0.005500,0.021696,0.005632,,0.010528,0.001120,1,4,48,4,1
1930,0.242700,0.310900,0.035000,0.075700,0.042900,0.083400,0.005400,0.020992,0.005376,,0.010208,0.001120,1,4,48,4,1
1931,0.247100,0.294500,0.035200,0.074700,0.042500,0.077700,0.016700,0.024032,0.005472,,0.011040,0.001152,1,4,48,4,1
1932,0.252200,0.298400,0.035200,0.083800,0.042700,0.076600,0.013500,0.021120,0.005600,,0.010816,0.001152,1,4,48,4,1
1933,0.177600,0.303800,0.035000,0.075900,0.014400,0.050900,0.001100,0.024544,0.005568,,0.011616,0.001152,1,4,48,4,1
1934,0.304400,0.228200,0.034300,0.089300,0.045800,0.104400,0.030000,0.021568,0.005632,,0.010432,0.001120,1,4,48,4,1
1935,0.300500,0.372700,0.055500,0.099000,0.045900,0.093000,0.006400,0.022720,0.005888,,0.013984,0.001088,1,4,48,4,1
1936,0.257500,0.352200,0.036400,0.075500,0.056300,0.084600,0.004400,0.021760,0.005536,,0.012992,0.001152,1,4,48,4,1
1937,0.244900,0.309200,0.035300,0.075200,0.042700,0.085700,0.005400,0.021344,0.005408,,0.010368,0.001184,1,4,48,4,1
1938,0.242000,0.296600,0.035400,0.074700,0.042300,0.077200,0.011900,0.021504,0.005600,,0.010400,0.001120,1,4,48,4,1
1939,0.234200,0.293700,0.035400,0.074800,0.042300,0.075900,0.005400,0.024064,0.005440,,0.011072,0.001120,1,4,48,4,1
1940,0.259200,0.285600,0.035200,0.074600,0.055400,0.087900,0.005700,0.021696,0.005664,,0.010528,0.001152,1,4,48,4,1
1941,0.246300,0.311200,0.035400,0.075000,0.042400,0.076800,0.016200,0.021920,0.005440,,0.010496,0.001152,1,4,48,4,1
1942,0.244300,0.297800,0.035400,0.074500,0.042600,0.076500,0.014800,0.024320,0.005728,,0.011072,0.001152,1,4,48,4,1
1943,0.242200,0.295800,0.035400,0.074500,0.042200,0.076200,0.013400,0.021536,0.005632,,0.010400,0.001120,1,4,48,4,1
1944,0.243000,0.293400,0.035000,0.073900,0.042300,0.076300,0.015100,0.022720,0.005632,,0.014016,0.001184,1,4,48,4,1
1945,0.249700,0.294300,0.034900,0.075200,0.042600,0.079000,0.017500,0.023072,0.005632,,0.011456,0.001152,1,4,48,4,1
1946,0.234400,0.301200,0.035500,0.074500,0.042400,0.075600,0.006100,0.022112,0.005728,,0.010272,0.001120,1,4,48,4,1
1947,0.247600,0.286000,0.035600,0.073900,0.047100,0.085000,0.005600,0.021472,0.005376,,0.010592,0.001120,1,4,48,4,1
1948,0.235400,0.299000,0.035400,0.073700,0.042000,0.075700,0.008000,0.022496,0.005664,,0.013952,0.001152,1,4,48,4,1
1949,0.233400,0.286700,0.035300,0.074600,0.042200,0.074900,0.006100,0.022272,0.005696,,0.010368,0.001120,1,4,48,4,1
1950,0.266800,0.284900,0.048800,0.074000,0.043100,0.096300,0.004200,0.021632,0.005568,,0.010528,0.001152,1,4,48,4,1
1951,0.244500,0.318300,0.035400,0.074400,0.042000,0.088500,0.003900,0.022208,0.005632,,0.010400,0.001184,1,4,48,4,1
1952,0.239800,0.296100,0.035300,0.074900,0.042500,0.081900,0.004800,0.021952,0.005728,,0.010336,0.001184,1,4,48,4,1
1953,0.246600,0.291400,0.035500,0.075300,0.042600,0.076800,0.016000,0.022208,0.005664,,0.010272,0.001120,1,4,48,4,1
1954,0.253000,0.298300,0.035000,0.081700,0.042700,0.075900,0.017400,0.022016,0.005376,,0.010496,0.001120,1,4,48,4,1
1955,0.232600,0.304400,0.035200,0.074500,0.042000,0.075400,0.005100,0.022624,0.005664,,0.013888,0.001184,1,4,48,4,1
1956,0.245700,0.284100,0.035100,0.074500,0.042000,0.088900,0.004900,0.021696,0.005568,,0.010560,0.001184,1,4,48,4,1
1957,0.232500,0.297200,0.035100,0.074200,0.042300,0.075600,0.004900,0.024160,0.005568,,0.011136,0.001152,1,4,48,4,1
1958,0.264800,0.284100,0.035300,0.074500,0.042600,0.103400,0.008400,0.024480,0.005984,,0.011072,0.001152,1,4,48,4,1
1959,0.242900,0.316600,0.035200,0.075200,0.042100,0.075700,0.014300,0.021472,0.005600,,0.010528,0.001152,1,4,48,4,1
1960,0.239000,0.293900,0.035400,0.074100,0.042200,0.076000,0.010800,0.021088,0.005600,,0.010944,0.001120,1,4,48,4,1
1961,0.238800,0.290200,0.040400,0.074500,0.042000,0.075600,0.005800,0.024256,0.005696,,0.011072,0.001184,1,4,48,4,1
1962,0.239900,0.290300,0.035200,0.074000,0.041600,0.076200,0.012500,0.021248,0.005792,,0.010720,0.001120,1,4,48,4,1
1963,0.239000,0.291100,0.034900,0.074900,0.041600,0.076400,0.010900,0.021888,0.005664,,0.013024,0.001152,1,4,48,4,1
1964,0.233500,0.290400,0.035500,0.074400,0.042200,0.075400,0.005700,0.024256,0.005600,,0.011072,0.001120,1,4,48,4,1
1965,0.240700,0.285000,0.035400,0.074400,0.041900,0.075900,0.012600,0.021280,0.005792,,0.010944,0.001120,1,4,48,4,1
1966,0.240300,0.291900,0.035400,0.074100,0.041600,0.076200,0.012700,0.021760,0.005664,,0.010560,0.001152,1,4,48,4,1
1967,0.232500,0.291800,0.035300,0.074500,0.041600,0.074800,0.005800,0.023904,0.005440,,0.011104,0.001088,1,4,48,4,1
1968,0.233300,0.288600,0.035300,0.074400,0.041900,0.075500,0.005700,0.024608,0.005984,,0.011136,0.001184,1,4,48,4,1
1969,0.239800,0.284400,0.035100,0.074000,0.042000,0.076000,0.012300,0.021824,0.005504,,0.013024,0.001120,1,4,48,4,1
1970,0.240300,0.291500,0.035300,0.073800,0.042300,0.076600,0.011800,0.021184,0.005632,,0.010944,0.001152,1,4,48,4,1
1971,0.238600,0.291800,0.035500,0.073900,0.041900,0.076300,0.010400,0.021856,0.005664,,0.012928,0.001088,1,4,48,4,1
1972,0.255900,0.290300,0.035100,0.077800,0.048400,0.086400,0.007700,0.022176,0.005664,,0.010400,0.001184,1,4,48,4,1
1973,0.236700,0.319800,0.035400,0.078900,0.042400,0.074500,0.005200,0.021536,0.005600,,0.010400,0.001120,1,4,48,4,1
1974,0.270700,0.288100,0.035700,0.073900,0.043500,0.107900,0.009300,0.021536,0.005568,,0.010432,0.001152,1,4,48,4,1
1975,0.378200,0.337300,0.044700,0.112700,0.053500,0.157200,0.009500,0.022048,0.005568,,0.010528,0.001152,1,4,48,4,1
1976,0.329800,0.443000,0.045100,0.102600,0.071800,0.096500,0.013300,0.022560,0.005696,,0.013952,0.001152,1,4,48,4,1
1977,0.241300,0.381600,0.036100,0.077000,0.043500,0.077800,0.006300,0.021728,0.005280,,0.010400,0.001184,1,4,48,4,1
1978,0.234700,0.293500,0.036000,0.075300,0.042900,0.076400,0.003600,0.022208,0.005472,,0.010080,0.001184,1,4,48,4,1
1979,0.244700,0.286500,0.035400,0.075300,0.042100,0.076400,0.015100,0.021664,0.005632,,0.010560,0.001120,1,4,48,4,1
1980,0.239900,0.295800,0.035400,0.074800,0.042400,0.081200,0.005700,0.021312,0.005184,,0.010560,0.001184,1,4,48,4,1
1981,0.239300,0.290900,0.035200,0.074500,0.042000,0.082100,0.005000,0.021152,0.005696,,0.010816,0.001120,1,4,48,4,1
1982,0.245500,0.290800,0.035000,0.080400,0.041600,0.084000,0.004100,0.021440,0.005472,,0.010464,0.001120,1,4,48,4,1
1983,0.241000,0.296900,0.035500,0.074600,0.042400,0.083400,0.004800,0.021664,0.005632,,0.010464,0.001184,1,4,48,4,1
1984,0.232300,0.292200,0.035400,0.074200,0.041500,0.074800,0.006000,0.023552,0.005696,,0.012096,0.001152,1,4,48,4,1
1985,0.232400,0.284000,0.035200,0.074300,0.042300,0.075300,0.004700,0.020960,0.005600,,0.010848,0.001088,1,4,48,4,1
1986,0.240100,0.283700,0.035300,0.073900,0.042600,0.076200,0.011600,0.021760,0.005664,,0.010560,0.001152,1,4,48,4,1
1987,0.239100,0.292000,0.035000,0.073900,0.042400,0.076200,0.011000,0.021728,0.005664,,0.010496,0.001152,1,4,48,4,1
1988,0.241900,0.290600,0.035100,0.074300,0.042400,0.076100,0.013600,0.021536,0.005472,,0.010496,0.001152,1,4,48,4,1
1989,0.333200,0.293400,0.034900,0.165600,0.042300,0.076700,0.013300,0.021792,0.005600,,0.013184,0.001184,1,4,48,4,1
1990,0.231900,0.384300,0.035100,0.074200,0.041800,0.074900,0.005600,0.021760,0.005664,,0.010592,0.001152,1,4,48,4,1
1991,0.240000,0.283100,0.035300,0.074400,0.041800,0.075800,0.012300,0.021792,0.005760,,0.010592,0.001088,1,4,48,4,1
1992,0.239800,0.291500,0.037100,0.074000,0.042000,0.079600,0.006600,0.022240,0.005664,,0.010272,0.001120,1,4,48,4,1
1993,0.235800,0.291000,0.035200,0.074600,0.041700,0.076100,0.007800,0.022432,0.005632,,0.013856,0.001152,1,4,48,4,1
1994,0.241400,0.286900,0.035300,0.074700,0.042100,0.076200,0.012600,0.021184,0.005696,,0.010784,0.001184,1,4,48,4,1
1995,0.240400,0.292700,0.035200,0.074300,0.042100,0.076100,0.012400,0.021120,0.005568,,0.010368,0.001120,1,4,48,4,1
1996,0.251000,0.296600,0.035100,0.074300,0.042500,0.088500,0.010200,0.023840,0.005376,,0.011168,0.001184,1,4,48,4,1
1997,0.232400,0.302100,0.035000,0.074300,0.041900,0.075300,0.005500,0.022336,0.005696,,0.010464,0.001152,1,4,48,4,1
1998,0.231300,0.284200,0.035000,0.073900,0.042000,0.074700,0.005300,0.024448,0.005792,,0.011104,0.001184,1,4,48,4,1
1999,0.253900,0.282500,0.035200,0.074500,0.042300,0.091600,0.010000,0.024256,0.005760,,0.011040,0.001120,1,4,48,4,1
2000,0.362000,0.305400,0.035100,0.074400,0.041700,0.203600,0.006900,0.021376,0.005568,,0.010336,0.001120,1,4,48,4,1
2001,0.310700,0.429700,0.045100,0.099200,0.054400,0.104500,0.006800,0.023360,0.005632,,0.012032,0.001152,1,4,48,4,1
2002,0.384800,0.375600,0.132900,0.095100,0.053300,0.097700,0.005300,0.021600,0.005536,,0.010368,0.001152,1,4,48,4,1
2003,0.289300,0.449000,0.044000,0.092700,0.052200,0.095400,0.004500,0.022272,0.005408,,0.013952,0.001152,1,4,48,4,1
2004,0.285300,0.353000,0.042900,0.091100,0.053600,0.093000,0.004300,0.022080,0.005408,,0.010336,0.001184,1,4,48,4,1
2005,0.286700,0.348900,0.042800,0.091200,0.053500,0.094300,0.004400,0.023360,0.005696,,0.011680,0.001152,1,4,48,4,1
2006,0.233300,0.344800,0.035100,0.074900,0.042700,0.075800,0.004400,0.024256,0.005696,,0.011200,0.001184,1,4,48,4,1
2007,0.239900,0.284400,0.035000,0.074600,0.042400,0.076800,0.010800,0.021536,0.005504,,0.010496,0.001152,1,4,48,4,1
2008,0.235200,0.317000,0.035700,0.076000,0.042700,0.076000,0.004200,0.024256,0.005696,,0.011168,0.001152,1,4,48,4,1
2009,0.239200,0.286300,0.035500,0.074400,0.042500,0.075800,0.010700,0.021152,0.005664,,0.010816,0.001184,1,4,48,4,1
2010,0.237600,0.290900,0.035000,0.074000,0.042100,0.076100,0.010000,0.021408,0.005728,,0.010144,0.001184,1,4,48,4,1
2011,0.254500,0.288900,0.035400,0.074900,0.042400,0.083300,0.017800,0.022144,0.005600,,0.010368,0.001152,1,4,48,4,1
2012,0.239500,0.310700,0.036800,0.074400,0.042400,0.078300,0.007200,0.021440,0.005536,,0.010368,0.001184,1,4,48,4,1
2013,0.241300,0.290700,0.034900,0.073800,0.042100,0.075500,0.014500,0.021792,0.005408,,0.013088,0.001152,1,4,48,4,1
2014,0.244000,0.292900,0.034900,0.073900,0.041700,0.088000,0.005100,0.024192,0.005376,,0.011424,0.001184,1,4,48,4,1
2015,0.239300,0.295900,0.035000,0.074700,0.042300,0.082000,0.004800,0.021056,0.005440,,0.010464,0.001152,1,4,48,4,1
2016,0.239200,0.290500,0.035100,0.074000,0.042100,0.075800,0.011800,0.022048,0.005696,,0.012960,0.001184,1,4,48,4,1
2017,0.239900,0.290600,0.035000,0.074600,0.042000,0.075900,0.012100,0.021824,0.005408,,0.013056,0.001152,1,4,48,4,1
2018,0.240800,0.291400,0.035600,0.074300,0.042100,0.075800,0.012500,0.021472,0.005984,,0.010848,0.001152,1,4,48,4,1
2019,0.232800,0.292200,0.035300,0.074300,0.042100,0.075200,0.005400,0.024224,0.005504,,0.011136,0.001184,1,4,48,4,1
2020,0.231800,0.283800,0.035200,0.074000,0.042300,0.074700,0.005100,0.024096,0.005504,,0.011040,0.001184,1,4,48,4,1
2021,0.243900,0.283100,0.035000,0.074900,0.046500,0.083500,0.003500,0.021568,0.005536,,0.010528,0.001120,1,4,48,4,1
2022,0.256900,0.295500,0.035200,0.074200,0.042200,0.091800,0.013100,0.021088,0.005504,,0.010496,0.001088,1,4,48,4,1
2023,1.147300,0.309000,0.913800,0.096100,0.045900,0.084400,0.006600,0.023072,0.005888,,0.011392,0.001152,1,4,48,4,1
2024,0.250400,1.200200,0.035900,0.078100,0.043500,0.088100,0.004500,0.021472,0.005504,,0.013056,0.001152,1,4,48,4,1
2025,0.245400,0.302000,0.035300,0.077000,0.042900,0.085600,0.004200,0.021568,0.005632,,0.010464,0.001088,1,4,48,4,1
2026,0.252200,0.297500,0.035400,0.075700,0.042700,0.093300,0.004600,0.024128,0.005728,,0.011136,0.001152,1,4,48,4,1
2027,0.245500,0.303800,0.037400,0.075500,0.042900,0.085100,0.004000,0.021344,0.005344,,0.010496,0.001120,1,4,48,4,1
2028,0.236900,0.297100,0.035600,0.075300,0.042500,0.079600,0.003600,0.021984,0.005952,,0.013056,0.001184,1,4,48,4,1
2029,0.239700,0.293600,0.038300,0.075900,0.042300,0.076100,0.006500,0.022528,0.005888,,0.010432,0.001152,1,4,48,4,1
2030,0.249700,0.291500,0.040400,0.075400,0.047700,0.076500,0.009300,0.021664,0.005632,,0.010528,0.001184,1,4,48,4,1
2031,0.237300,0.301100,0.035300,0.075800,0.042900,0.076000,0.006900,0.022464,0.005920,,0.010976,0.001184,1,4,48,4,1
2032,0.243400,0.288800,0.034900,0.074400,0.041900,0.076900,0.014800,0.021632,0.005600,,0.010496,0.001184,1,4,48,4,1
2033,0.236200,0.294800,0.034900,0.074500,0.045100,0.075600,0.005600,0.024224,0.005664,,0.011040,0.001152,1,4,48,4,1
2034,0.233000,0.287300,0.035100,0.074800,0.042300,0.074700,0.005600,0.023808,0.005376,,0.012480,0.001088,1,4,48,4,1
2035,0.243600,0.284600,0.034800,0.074300,0.042400,0.086400,0.005400,0.021920,0.005696,,0.012960,0.001184,1,4,48,4,1
2036,0.242600,0.294600,0.035400,0.075200,0.042700,0.076500,0.012200,0.021344,0.005344,,0.010496,0.001088,1,4,48,4,1
2037,0.242700,0.294300,0.035400,0.075100,0.042300,0.076000,0.013400,0.021440,0.005696,,0.010528,0.001184,1,4,48,4,1
2038,0.233300,0.294300,0.035000,0.074500,0.042200,0.075800,0.005500,0.024224,0.005472,,0.012512,0.001184,1,4,48,4,1
2039,0.232900,0.284500,0.035200,0.074700,0.042200,0.074800,0.005700,0.024288,0.005728,,0.011104,0.001088,1,4,48,4,1
2040,0.239900,0.284200,0.035000,0.074700,0.042500,0.076000,0.011300,0.021568,0.005536,,0.010560,0.001120,1,4,48,4,1
2041,0.243100,0.291200,0.035600,0.074900,0.042100,0.085200,0.004700,0.021632,0.005568,,0.010496,0.001184,1,4,48,4,1
2042,0.252000,0.294400,0.035000,0.074300,0.041900,0.092600,0.007600,0.021792,0.005760,,0.013088,0.001184,1,4,48,4,1
2043,0.248200,0.303400,0.035400,0.074600,0.042000,0.076500,0.019300,0.022656,0.005792,,0.013888,0.001152,1,4,48,4,1
2044,0.242400,0.299500,0.035700,0.074600,0.041900,0.076200,0.013500,0.021408,0.005408,,0.010464,0.001184,1,4,48,4,1
2045,0.239300,0.293900,0.035200,0.074700,0.041900,0.075300,0.011900,0.021504,0.005376,,0.013120,0.001184,1,4,48,4,1
2046,0.246600,0.290800,0.035200,0.074600,0.042000,0.081000,0.013500,0.021568,0.005632,,0.010432,0.001152,1,4,48,4,1
2047,0.250500,0.297700,0.035200,0.074700,0.042400,0.092000,0.005600,0.022560,0.005760,,0.013856,0.001152,1,4,48,4,1
2048,0.237100,0.302200,0.035400,0.075500,0.042600,0.075800,0.007300,0.022368,0.005952,,0.010432,0.001088,1,4,48,4,1
2049,0.249000,0.288800,0.035000,0.074700,0.042100,0.089800,0.007000,0.023360,0.005600,,0.011456,0.001152,1,4,48,4,1
2050,0.260500,0.300900,0.038500,0.089200,0.041600,0.075300,0.015500,0.021856,0.005440,,0.010464,0.001120,1,4,48,4,1
2051,0.232200,0.311700,0.035100,0.074500,0.042000,0.074900,0.005200,0.021600,0.005632,,0.010496,0.001088,1,4,48,4,1
2052,0.239700,0.283300,0.035000,0.074300,0.042300,0.076500,0.011200,0.021760,0.005792,,0.010496,0.001120,1,4,48,4,1
2053,0.242200,0.291300,0.034800,0.075100,0.041700,0.076400,0.013700,0.021952,0.005920,,0.010528,0.001120,1,4,48,4,1
2054,0.240900,0.293800,0.034800,0.074000,0.042300,0.076600,0.012800,0.021536,0.005568,,0.010432,0.001120,1,4,48,4,1
2055,0.245800,0.292100,0.034900,0.074800,0.041900,0.082300,0.011500,0.022784,0.005920,,0.013920,0.001152,1,4,48,4,1
2056,0.244900,0.302200,0.035500,0.074900,0.042500,0.086000,0.005500,0.021536,0.005568,,0.010464,0.001088,1,4,48,4,1
2057,0.241600,0.296600,0.034900,0.074700,0.042500,0.076900,0.012200,0.021120,0.005504,,0.010368,0.001120,1,4,48,4,1
2058,0.242500,0.292800,0.035500,0.074700,0.042200,0.076100,0.013700,0.021280,0.005632,,0.010336,0.001152,1,4,48,4,1
2059,0.239000,0.293700,0.034900,0.074900,0.041900,0.075900,0.010900,0.021568,0.005536,,0.010496,0.001152,1,4,48,4,1
2060,0.239700,0.290800,0.034900,0.074600,0.041800,0.076000,0.012000,0.021024,0.005568,,0.010720,0.001088,1,4,48,4,1
2061,0.243200,0.291400,0.035100,0.075000,0.042300,0.084900,0.005500,0.021536,0.005440,,0.010560,0.001152,1,4,48,4,1
2062,0.245200,0.294600,0.035800,0.074400,0.047400,0.076700,0.010600,0.021856,0.005696,,0.010592,0.001152,1,4,48,4,1
2063,0.231800,0.296600,0.035100,0.074600,0.041900,0.074500,0.005400,0.024288,0.005632,,0.012448,0.001152,1,4,48,4,1
2064,0.231300,0.283100,0.034900,0.073900,0.042000,0.074700,0.005500,0.024128,0.005600,,0.011072,0.001120,1,4,48,4,1
2065,0.231900,0.282900,0.035200,0.074300,0.042100,0.074500,0.005500,0.024224,0.005600,,0.011104,0.001152,1,4,48,4,1
2066,0.231500,0.283800,0.035300,0.074100,0.041700,0.074500,0.005500,0.021472,0.005408,,0.010496,0.001152,1,4,48,4,1
2067,0.231700,0.282300,0.035300,0.073600,0.041800,0.074800,0.005700,0.024416,0.005728,,0.011136,0.001184,1,4,48,4,1
2068,0.231300,0.282800,0.034900,0.073700,0.041800,0.075000,0.005500,0.024064,0.005472,,0.012544,0.001152,1,4,48,4,1
2069,0.238400,0.282600,0.035000,0.074000,0.047900,0.075900,0.005300,0.023872,0.005600,,0.011040,0.001088,1,4,48,4,1
2070,0.243600,0.289800,0.035100,0.074900,0.042000,0.083000,0.008300,0.021792,0.005472,,0.010432,0.001120,1,4,48,4,1
2071,0.195700,0.295000,0.037600,0.074700,0.020800,0.061200,0.001200,0.021600,0.005600,,0.010528,0.001152,1,4,48,4,1
2072,0.544100,0.250600,0.034600,0.100600,0.007400,0.048500,0.352500,0.022048,0.005408,,0.010368,0.001184,1,4,48,4,1
2073,0.373900,0.628800,0.054500,0.145400,0.057100,0.109400,0.006900,0.021376,0.005344,,0.010560,0.001120,1,4,48,4,1
2074,0.259600,0.538500,0.036400,0.080800,0.045200,0.091200,0.005300,0.021504,0.005504,,0.010464,0.001152,1,4,48,4,1
2075,0.253600,0.311900,0.035500,0.079300,0.042700,0.086200,0.009500,0.021952,0.005728,,0.013024,0.001216,1,4,48,4,1
2076,0.242500,0.306100,0.035400,0.075000,0.043100,0.082900,0.005800,0.021664,0.005600,,0.010528,0.001120,1,4,48,4,1
2077,0.242000,0.293900,0.035600,0.075400,0.043100,0.076100,0.011300,0.020992,0.005536,,0.010816,0.001152,1,4,48,4,1
2078,0.240200,0.293400,0.035100,0.075000,0.042600,0.076400,0.010800,0.021152,0.005600,,0.010208,0.001152,1,4,48,4,1
2079,0.248000,0.291600,0.035400,0.074800,0.042500,0.088400,0.006500,0.021440,0.005600,,0.010048,0.001184,1,4,48,4,1
2080,0.240800,0.299800,0.035700,0.074100,0.042400,0.082000,0.006100,0.021856,0.005760,,0.013120,0.001152,1,4,48,4,1
2081,0.245400,0.292500,0.034900,0.074500,0.042500,0.086700,0.006300,0.021696,0.005760,,0.010368,0.001152,1,4,48,4,1
2082,0.244200,0.296800,0.035300,0.074200,0.042400,0.076600,0.015300,0.021632,0.005600,,0.010496,0.001152,1,4,48,4,1
2083,0.240200,0.296000,0.035000,0.074300,0.042400,0.076200,0.011900,0.021824,0.005728,,0.013088,0.001184,1,4,48,4,1
2084,0.243900,0.291500,0.035000,0.074500,0.042300,0.076000,0.015600,0.022560,0.005696,,0.013920,0.001152,1,4,48,4,1
2085,0.251000,0.295200,0.035000,0.074800,0.042100,0.076100,0.022000,0.021312,0.005344,,0.010464,0.001120,1,4,48,4,1
2086,0.248100,0.303300,0.035200,0.074500,0.047100,0.077100,0.013800,0.022624,0.005792,,0.012416,0.001088,1,4,48,4,1
2087,0.239800,0.299600,0.034900,0.074300,0.042000,0.076100,0.012000,0.021664,0.005696,,0.010400,0.001184,1,4,48,4,1
2088,0.232600,0.291200,0.035300,0.074100,0.042100,0.075200,0.005300,0.022016,0.005696,,0.013024,0.001184,1,4,48,4,1
2089,0.239400,0.284400,0.034900,0.078500,0.042300,0.075100,0.008300,0.021504,0.005440,,0.013088,0.001152,1,4,48,4,1
2090,0.234000,0.290900,0.035300,0.073900,0.042000,0.074900,0.007500,0.021568,0.005632,,0.010400,0.001152,1,4,48,4,1
2091,0.232000,0.285600,0.035100,0.074100,0.041600,0.074900,0.005900,0.024096,0.005600,,0.011040,0.001152,1,4,48,4,1
2092,0.240800,0.283100,0.035100,0.074100,0.042100,0.076000,0.013000,0.021760,0.005696,,0.010528,0.001152,1,4,48,4,1
2093,0.246600,0.291900,0.035100,0.074200,0.047500,0.075900,0.013500,0.021440,0.005408,,0.010496,0.001120,1,4,48,4,1
2094,0.239800,0.297600,0.034900,0.073500,0.042000,0.075400,0.013600,0.021120,0.005632,,0.010592,0.001120,1,4,48,4,1
2095,0.231600,0.291200,0.035000,0.074000,0.041900,0.074700,0.005700,0.024000,0.005632,,0.012608,0.001088,1,4,48,4,1
2096,0.264900,0.282600,0.035100,0.074600,0.041500,0.104900,0.008100,0.021856,0.005728,,0.013120,0.001184,1,4,48,4,1
2097,0.384600,0.332700,0.045000,0.099500,0.055100,0.177100,0.007500,0.021952,0.005792,,0.013120,0.001152,1,4,48,4,1
2098,0.360700,0.457700,0.044400,0.094800,0.053900,0.160300,0.006400,0.021632,0.005440,,0.013088,0.001184,1,4,48,4,1
2099,0.344700,0.424800,0.043500,0.092000,0.052300,0.150900,0.005300,0.021920,0.005632,,0.010304,0.001120,1,4,48,4,1
2100,0.305100,0.409000,0.043000,0.090900,0.066100,0.089200,0.015500,0.022560,0.005696,,0.013888,0.001152,1,4,48,4,1
2101,0.250500,0.357600,0.035500,0.077600,0.043600,0.086700,0.006700,0.023648,0.005536,,0.012128,0.001120,1,4,48,4,1
2102,0.241400,0.302200,0.035300,0.076200,0.042500,0.082000,0.005000,0.021536,0.005664,,0.010400,0.001088,1,4,48,4,1
2103,0.235400,0.293200,0.035000,0.075100,0.042500,0.077000,0.005300,0.021824,0.005632,,0.013024,0.001088,1,4,48,4,1
2104,0.239700,0.292500,0.035300,0.074900,0.042700,0.081600,0.004900,0.021312,0.005664,,0.010368,0.001152,1,4,48,4,1
2105,0.242400,0.291300,0.034800,0.074600,0.042600,0.075600,0.014400,0.022464,0.005664,,0.013888,0.001184,1,4,48,4,1
2106,0.243800,0.294000,0.035000,0.081300,0.042000,0.077200,0.007900,0.022304,0.005408,,0.013920,0.001184,1,4,48,4,1
2107,0.233700,0.295100,0.035300,0.074400,0.042100,0.076300,0.005100,0.021792,0.005792,,0.010496,0.001120,1,4,48,4,1
2108,0.239800,0.285100,0.034900,0.078400,0.042500,0.075500,0.008000,0.021888,0.005696,,0.010432,0.001152,1,4,48,4,1
2109,0.234100,0.291000,0.035100,0.074200,0.042000,0.074800,0.007700,0.021600,0.005536,,0.010496,0.001184,1,4,48,4,1
2110,0.242700,0.285300,0.035100,0.074200,0.042100,0.076400,0.014200,0.021088,0.005536,,0.010880,0.001184,1,4,48,4,1
2111,0.242500,0.293800,0.035200,0.074500,0.042600,0.076000,0.013700,0.021920,0.005888,,0.010496,0.001120,1,4,48,4,1
2112,0.239300,0.294200,0.035000,0.074100,0.041700,0.076100,0.012100,0.021632,0.005600,,0.010496,0.001152,1,4,48,4,1
2113,0.246900,0.290600,0.040200,0.074700,0.041800,0.076300,0.013400,0.022496,0.005696,,0.013920,0.001184,1,4,48,4,1
2114,0.233400,0.298300,0.035200,0.075000,0.042000,0.075300,0.005600,0.024096,0.005568,,0.011040,0.001120,1,4,48,4,1
2115,0.240400,0.285500,0.035200,0.074600,0.041900,0.075600,0.012600,0.021184,0.005696,,0.010976,0.001184,1,4,48,4,1
2116,0.242200,0.291700,0.035100,0.074500,0.041900,0.076500,0.013700,0.022368,0.005504,,0.013952,0.001120,1,4,48,4,1
2117,0.244900,0.293600,0.035300,0.074900,0.046700,0.082300,0.005100,0.021632,0.005760,,0.010368,0.001120,1,4,48,4,1
2118,0.274800,0.296200,0.035000,0.075500,0.041900,0.113800,0.008100,0.022208,0.005504,,0.013952,0.001120,1,4,48,4,1
2119,0.314500,0.342700,0.044900,0.099900,0.055000,0.105800,0.008600,0.022176,0.005856,,0.010400,0.001120,1,4,48,4,1
2120,0.263900,0.367000,0.036300,0.079300,0.044800,0.095900,0.007000,0.021504,0.005568,,0.010432,0.001120,1,4,48,4,1
2121,0.351500,0.345600,0.061200,0.123000,0.054200,0.104000,0.008400,0.021888,0.005920,,0.010400,0.001184,1,4,48,4,1
2122,0.294000,0.416700,0.043900,0.093400,0.052600,0.098000,0.005700,0.021728,0.005504,,0.013216,0.001152,1,4,48,4,1
2123,0.309600,0.358300,0.043200,0.092100,0.056700,0.112600,0.004400,0.022400,0.005600,,0.013888,0.001120,1,4,48,4,1
2124,0.251300,0.373800,0.041600,0.075200,0.042900,0.077000,0.014100,0.021120,0.005664,,0.010368,0.001088,1,4,48,4,1
2125,0.267900,0.303200,0.035300,0.075000,0.042900,0.109400,0.004800,0.021664,0.005600,,0.010528,0.001152,1,4,48,4,1
2126,0.242000,0.320100,0.035700,0.077300,0.044100,0.079200,0.005300,0.021888,0.005728,,0.012992,0.001088,1,4,48,4,1
2127,0.270100,0.293700,0.035200,0.076400,0.052100,0.099700,0.006100,0.022336,0.005792,,0.010528,0.001088,1,4,48,4,1
2128,0.286300,0.333700,0.043300,0.091400,0.051400,0.092600,0.007200,0.022016,0.005504,,0.010400,0.001184,1,4,48,4,1
2129,0.302600,0.349900,0.043100,0.091500,0.051700,0.110000,0.005500,0.022080,0.005696,,0.010304,0.001184,1,4,48,4,1
2130,0.252900,0.365700,0.042600,0.086400,0.042400,0.075600,0.005400,0.024256,0.005856,,0.012480,0.001120,1,4,48,4,1
2131,0.245600,0.309700,0.035300,0.074700,0.042700,0.076500,0.015900,0.022560,0.005664,,0.013984,0.001120,1,4,48,4,1
2132,0.240300,0.297000,0.035200,0.074000,0.042200,0.076000,0.012400,0.021696,0.005728,,0.010464,0.001120,1,4,48,4,1
2133,0.234200,0.291900,0.035300,0.074300,0.042100,0.076600,0.005500,0.024256,0.005696,,0.011104,0.001152,1,4,48,4,1
2134,0.233300,0.285400,0.035100,0.074900,0.042300,0.075300,0.005300,0.021024,0.005472,,0.010304,0.001152,1,4,48,4,1
2135,0.233300,0.285300,0.035200,0.074500,0.042600,0.075000,0.005300,0.023776,0.005568,,0.011040,0.001120,1,4,48,4,1
2136,0.251700,0.285000,0.034800,0.085800,0.042300,0.075900,0.012500,0.021632,0.005600,,0.010464,0.001184,1,4,48,4,1
2137,0.246100,0.303300,0.034900,0.074500,0.042300,0.089600,0.004400,0.022272,0.005440,,0.013920,0.001152,1,4,48,4,1
2138,0.241800,0.297400,0.035200,0.074900,0.041500,0.085300,0.004500,0.022272,0.005760,,0.010464,0.001088,1,4,48,4,1
2139,0.244800,0.293000,0.035000,0.074000,0.041800,0.079700,0.013700,0.023264,0.005600,,0.011744,0.001184,1,4,48,4,1
2140,0.240600,0.296500,0.035400,0.074100,0.041900,0.076500,0.012400,0.021408,0.005344,,0.010528,0.001184,1,4,48,4,1
2141,0.234700,0.291800,0.035000,0.074400,0.042100,0.076900,0.005700,0.023808,0.005888,,0.012000,0.001184,1,4,48,4,1
2142,0.239600,0.286400,0.035400,0.073800,0.041500,0.076000,0.012300,0.021728,0.005568,,0.013152,0.001152,1,4,48,4,1
2143,0.250100,0.291400,0.034900,0.074800,0.041800,0.090200,0.007800,0.021280,0.005312,,0.010432,0.001152,1,4,48,4,1
2144,0.273300,0.301300,0.047800,0.075000,0.046600,0.096300,0.007000,0.022368,0.005632,,0.013856,0.001088,1,4,48,4,1
2145,0.321500,0.338700,0.048600,0.096400,0.054600,0.113100,0.008300,0.022304,0.005568,,0.013888,0.001120,1,4,48,4,1
2146,0.327600,0.385800,0.043300,0.095900,0.052800,0.120100,0.014000,0.022368,0.005504,,0.010528,0.001152,1,4,48,4,1
2147,0.345700,0.394400,0.048500,0.098100,0.085500,0.108600,0.004400,0.021376,0.005536,,0.010368,0.001120,1,4,48,4,1
2148,0.309800,0.410400,0.046100,0.098500,0.052700,0.094100,0.018000,0.021376,0.005408,,0.010496,0.001184,1,4,48,4,1
2149,0.287600,0.374300,0.043900,0.092000,0.052000,0.092900,0.006300,0.022624,0.005664,,0.013984,0.001152,1,4,48,4,1
2150,0.315000,0.351800,0.069700,0.092600,0.053500,0.094200,0.004500,0.022816,0.006016,,0.013888,0.001152,1,4,48,4,1
2151,0.286800,0.378700,0.044500,0.091600,0.053600,0.092400,0.004300,0.024448,0.005472,,0.011552,0.001120,1,4,48,4,1
2152,0.277400,0.347700,0.035400,0.102400,0.045500,0.081800,0.012000,0.022560,0.005696,,0.012192,0.001184,1,4,48,4,1
2153,0.248300,0.331100,0.036100,0.077100,0.044500,0.086400,0.003800,0.021504,0.005568,,0.010400,0.001152,1,4,48,4,1
2154,0.237100,0.299900,0.035500,0.075100,0.043400,0.077700,0.005000,0.024032,0.005856,,0.012032,0.001152,1,4,48,4,1
2155,0.274700,0.288800,0.035000,0.087300,0.052100,0.095300,0.004500,0.021376,0.005408,,0.010464,0.001152,1,4,48,4,1
2156,0.301900,0.338300,0.043200,0.091800,0.051000,0.108600,0.007000,0.022560,0.005760,,0.010048,0.001184,1,4,48,4,1
2157,0.326600,0.371400,0.043600,0.093100,0.053000,0.128600,0.007700,0.022368,0.005600,,0.013920,0.001152,1,4,48,4,1
2158,0.347800,0.401900,0.050500,0.100600,0.055900,0.132800,0.007300,0.022688,0.005664,,0.014016,0.001152,1,4,48,4,1
2159,0.274600,0.400700,0.036500,0.080400,0.047100,0.105500,0.004400,0.022528,0.005600,,0.013856,0.001184,1,4,48,4,1
2160,0.321000,0.326700,0.036300,0.096900,0.058400,0.123400,0.005600,0.024672,0.005952,,0.011776,0.001184,1,4,48,4,1
2161,0.270600,0.374800,0.036900,0.083900,0.046200,0.094900,0.008100,0.021888,0.005376,,0.010528,0.001184,1,4,48,4,1
2162,0.275000,0.324100,0.036400,0.079600,0.045800,0.105700,0.006700,0.022272,0.005312,,0.013920,0.001152,1,4,48,4,1
2163,0.303000,0.331900,0.039500,0.078600,0.045700,0.132400,0.006400,0.022240,0.005536,,0.010400,0.001184,1,4,48,4,1
2164,0.395900,0.373500,0.051400,0.110100,0.060000,0.168200,0.005600,0.024576,0.005920,,0.011744,0.001152,1,4,48,4,1
2165,0.321500,0.451300,0.037800,0.082900,0.050300,0.097700,0.052300,0.021280,0.005312,,0.010528,0.001120,1,4,48,4,1
2166,0.332100,0.387200,0.037500,0.082300,0.045600,0.160600,0.005700,0.021504,0.005472,,0.010464,0.001152,1,4,48,4,1
2167,0.356200,0.410500,0.047600,0.121100,0.059400,0.121800,0.005400,0.022080,0.005792,,0.010432,0.001120,1,4,48,4,1
2168,0.304200,0.413200,0.038600,0.084200,0.047300,0.128400,0.005200,0.021888,0.005472,,0.010304,0.001152,1,4,48,4,1
2169,0.310100,0.359200,0.036900,0.080600,0.045400,0.142300,0.004600,0.021824,0.005632,,0.010496,0.001184,1,4,48,4,1
2170,0.272700,0.362900,0.036900,0.087000,0.048000,0.094800,0.005500,0.023872,0.005408,,0.011584,0.001120,1,4,48,4,1
2171,0.274300,0.327600,0.037600,0.085700,0.045800,0.098000,0.006800,0.022304,0.005696,,0.010208,0.001152,1,4,48,4,1
2172,0.351900,0.328200,0.036500,0.172900,0.045800,0.090700,0.005700,0.022080,0.005984,,0.013120,0.001184,1,4,48,4,1
2173,0.252900,0.404900,0.036100,0.078200,0.044300,0.087800,0.006000,0.022144,0.005664,,0.010464,0.001184,1,4,48,4,1
2174,0.276700,0.305800,0.038000,0.081600,0.043900,0.107300,0.005300,0.022368,0.005408,,0.013920,0.001152,1,4,48,4,1
2175,0.310400,0.330400,0.036800,0.090200,0.044400,0.132800,0.005700,0.022304,0.005376,,0.010432,0.001152,1,4,48,4,1
2176,0.316700,0.363300,0.037300,0.078500,0.043600,0.151700,0.005200,0.022176,0.005760,,0.010496,0.001120,1,4,48,4,1
2177,0.285700,0.372700,0.042900,0.087100,0.049100,0.085700,0.020200,0.021088,0.005568,,0.012544,0.001184,1,4,48,4,1
2178,0.261200,0.341400,0.038100,0.082600,0.047600,0.086200,0.006200,0.021024,0.005600,,0.012544,0.001120,1,4,48,4,1
2179,0.268300,0.316700,0.037600,0.081200,0.047000,0.093400,0.008500,0.021664,0.005728,,0.010368,0.001184,1,4,48,4,1
2180,0.260600,0.323100,0.041800,0.080700,0.049200,0.082800,0.005500,0.021568,0.005632,,0.010464,0.001184,1,4,48,4,1
2181,0.209800,0.316100,0.037800,0.080100,0.023100,0.067400,0.001200,0.021600,0.005632,,0.010528,0.001152,1,4,48,4,1
2182,0.533400,0.263400,0.036800,0.107400,0.007700,0.054100,0.326700,0.022144,0.005632,,0.010368,0.001152,1,4,48,4,1
2183,0.300100,0.590500,0.038900,0.113700,0.049200,0.093600,0.004300,0.022368,0.005792,,0.010304,0.001120,1,4,48,4,1
2184,0.258500,0.354600,0.037600,0.084100,0.047700,0.082000,0.006800,0.021440,0.005536,,0.010496,0.001088,1,4,48,4,1
2185,0.269800,0.312500,0.039100,0.083100,0.044600,0.085400,0.017200,0.021824,0.005568,,0.013120,0.001184,1,4,48,4,1
2186,0.243200,0.322100,0.035800,0.076100,0.043400,0.081200,0.006200,0.022208,0.005792,,0.012960,0.001152,1,4,48,4,1
2187,0.241800,0.294800,0.039600,0.076100,0.043900,0.077700,0.004000,0.024448,0.005888,,0.011456,0.001120,1,4,48,4,1
2188,0.250100,0.293600,0.036300,0.087000,0.043400,0.076500,0.006400,0.022592,0.005760,,0.013952,0.001152,1,4,48,4,1
2189,0.241200,0.307800,0.036800,0.078100,0.043100,0.076900,0.005700,0.022112,0.005632,,0.012928,0.001184,1,4,48,4,1
2190,0.245100,0.292300,0.035500,0.074500,0.043100,0.087300,0.004300,0.022688,0.005760,,0.013952,0.001120,1,4,48,4,1
2191,0.238500,0.296900,0.035500,0.074900,0.042400,0.081600,0.003700,0.022304,0.005600,,0.010528,0.001184,1,4,48,4,1
2192,0.239700,0.290600,0.035300,0.074300,0.042900,0.079800,0.007000,0.022208,0.005664,,0.010304,0.001184,1,4,48,4,1
2193,0.242500,0.291500,0.035300,0.074800,0.042200,0.083400,0.006500,0.022432,0.005760,,0.010336,0.001184,1,4,48,4,1
2194,0.238700,0.294100,0.035400,0.075300,0.042100,0.078900,0.006700,0.022880,0.005952,,0.013952,0.001152,1,4,48,4,1
2195,0.252200,0.290300,0.035200,0.083700,0.042600,0.082900,0.007500,0.022144,0.005408,,0.010496,0.001152,1,4,48,4,1
2196,0.238400,0.304100,0.035200,0.075200,0.042600,0.078000,0.007000,0.022688,0.005664,,0.014016,0.001152,1,4,48,4,1
2197,0.246400,0.290000,0.035100,0.075200,0.043800,0.076000,0.015700,0.021888,0.005824,,0.013056,0.001120,1,4,48,4,1
2198,0.244700,0.298300,0.035700,0.075200,0.043400,0.082600,0.007300,0.022336,0.005888,,0.010368,0.001184,1,4,48,4,1
2199,0.243000,0.295900,0.035400,0.074200,0.049500,0.078300,0.005200,0.024192,0.005568,,0.012128,0.001120,1,4,48,4,1
