frame_id,frame_ms,frame_interval_ms,prepare_cpu_ms,record_cpu_ms,submit_cpu_ms,present_cpu_ms,sync_cpu_ms,gpu_ms,mesh_gpu_ms,lighting_gpu_ms,sky_gpu_ms,ui_gpu_ms,mesh_draw_calls,primitive_instances,triangles,point_lights,queue_submissions
603,0.249300,0.301800,0.041100,0.085400,0.042300,0.075200,0.004900,0.022560,0.005600,,0.014016,0.001184,4,4,48,4,1
604,0.255400,0.299900,0.046800,0.085900,0.042100,0.075200,0.004800,0.024128,0.005568,,0.011104,0.001088,4,4,48,4,1
605,0.252100,0.307500,0.041000,0.086000,0.042100,0.078000,0.004200,0.021024,0.005536,,0.010784,0.001152,4,4,48,4,1
606,0.262200,0.309300,0.041000,0.086200,0.042200,0.076200,0.016100,0.021632,0.005568,,0.010592,0.001088,4,4,48,4,1
607,0.259200,0.313200,0.041100,0.085900,0.042700,0.075900,0.013000,0.021344,0.005696,,0.010208,0.001152,4,4,48,4,1
608,0.250900,0.310400,0.041300,0.086000,0.042600,0.075700,0.005000,0.021088,0.005632,,0.010912,0.001152,4,4,48,4,1
609,0.262400,0.302300,0.041200,0.085800,0.041900,0.083100,0.009800,0.021824,0.005920,,0.010464,0.001120,4,4,48,4,1
610,0.265900,0.313500,0.041200,0.086100,0.047100,0.082300,0.008600,0.022176,0.005856,,0.010368,0.001152,4,4,48,4,1
611,0.265900,0.319300,0.042000,0.086300,0.044300,0.077600,0.015100,0.022432,0.005664,,0.013888,0.001088,4,4,48,4,1
612,0.252400,0.317000,0.041200,0.086400,0.042300,0.075900,0.006200,0.021728,0.005696,,0.010528,0.001120,4,4,48,4,1
613,0.248100,0.303300,0.041000,0.085300,0.042400,0.073900,0.005000,0.021792,0.005664,,0.013088,0.001152,4,4,48,4,1
614,0.261900,0.298400,0.041100,0.085200,0.055000,0.075200,0.004800,0.024032,0.005664,,0.011104,0.001152,4,4,48,4,1
615,0.259000,0.312700,0.040900,0.085500,0.042900,0.076200,0.013100,0.021056,0.005504,,0.010624,0.001152,4,4,48,4,1
616,0.257100,0.310000,0.041400,0.085200,0.042000,0.075200,0.012800,0.022112,0.005824,,0.013024,0.001152,4,4,48,4,1
617,0.260700,0.313000,0.040900,0.086100,0.042400,0.085700,0.004900,0.021696,0.005664,,0.010464,0.001152,4,4,48,4,1
618,0.252100,0.311500,0.040900,0.085600,0.042200,0.077400,0.005600,0.021728,0.005824,,0.010336,0.001120,4,4,48,4,1
619,0.258100,0.303500,0.041500,0.086000,0.041900,0.083200,0.005100,0.021216,0.005696,,0.010720,0.001184,4,4,48,4,1
620,0.249500,0.308800,0.040900,0.085600,0.042300,0.074900,0.005400,0.021824,0.005856,,0.010464,0.001152,4,4,48,4,1
621,0.250400,0.300600,0.040900,0.085000,0.042200,0.074700,0.007200,0.021504,0.005632,,0.010464,0.001184,4,4,48,4,1
622,0.258600,0.301000,0.041600,0.085600,0.042400,0.076300,0.012200,0.021024,0.005408,,0.010400,0.001120,4,4,48,4,1
623,0.263300,0.309200,0.041100,0.085400,0.047300,0.084900,0.004100,0.024096,0.005664,,0.011136,0.001152,4,4,48,4,1
624,0.248900,0.313900,0.041200,0.085500,0.042300,0.074300,0.005100,0.022368,0.005408,,0.012480,0.001152,4,4,48,4,1
625,0.255700,0.299800,0.040900,0.085800,0.042100,0.081300,0.005100,0.021408,0.005888,,0.010624,0.001152,4,4,48,4,1
626,0.391600,0.306400,0.111400,0.130800,0.052500,0.091200,0.005300,0.024416,0.005824,,0.011712,0.001088,4,4,48,4,1
627,0.270600,0.446800,0.042700,0.090800,0.045600,0.085500,0.005600,0.022272,0.005632,,0.010400,0.001120,4,4,48,4,1
628,0.261700,0.322900,0.041700,0.089800,0.043600,0.079300,0.006700,0.021728,0.005664,,0.013152,0.001152,4,4,48,4,1
629,0.265700,0.313600,0.041600,0.088900,0.044200,0.084600,0.005800,0.021728,0.005824,,0.013152,0.001120,4,4,48,4,1
630,0.256200,0.317400,0.041200,0.088100,0.043600,0.076700,0.006000,0.024128,0.005728,,0.011072,0.001088,4,4,48,4,1
631,0.294700,0.307600,0.041900,0.115200,0.046400,0.085000,0.005700,0.023520,0.005696,,0.012128,0.001120,4,4,48,4,1
632,0.267000,0.349200,0.043600,0.089600,0.044500,0.084000,0.004900,0.021440,0.005312,,0.010528,0.001152,4,4,48,4,1
633,0.264300,0.319400,0.041800,0.087600,0.043800,0.086500,0.004200,0.021568,0.005472,,0.010528,0.001184,4,4,48,4,1
634,0.260300,0.316800,0.041400,0.088200,0.043000,0.082200,0.005000,0.022016,0.005376,,0.012224,0.001120,4,4,48,4,1
635,0.261500,0.312100,0.041300,0.087700,0.043200,0.084000,0.004700,0.021568,0.005664,,0.010368,0.001152,4,4,48,4,1
636,0.260100,0.312700,0.041000,0.086700,0.043800,0.082700,0.005300,0.022400,0.005952,,0.010560,0.001120,4,4,48,4,1
637,0.263700,0.311300,0.041300,0.087200,0.043200,0.075200,0.016400,0.024768,0.005952,,0.011712,0.001152,4,4,48,4,1
638,0.264700,0.315000,0.041200,0.087000,0.044400,0.086100,0.005400,0.022688,0.005760,,0.013984,0.001184,4,4,48,4,1
639,0.271600,0.320300,0.042400,0.089700,0.051400,0.083900,0.003800,0.021760,0.005792,,0.013056,0.001120,4,4,48,4,1
640,0.260100,0.323400,0.041000,0.086600,0.042800,0.083900,0.005200,0.024416,0.005888,,0.011072,0.001088,4,4,48,4,1
641,0.256900,0.311600,0.041100,0.086100,0.043000,0.080000,0.006200,0.022240,0.005408,,0.013888,0.001152,4,4,48,4,1
642,0.257100,0.307700,0.041000,0.086100,0.042700,0.076300,0.010600,0.021600,0.005600,,0.010464,0.001120,4,4,48,4,1
643,0.253000,0.313600,0.041200,0.088200,0.042800,0.075300,0.005000,0.021568,0.005824,,0.010336,0.001088,4,4,48,4,1
644,0.255300,0.303800,0.041200,0.085700,0.042800,0.080700,0.004400,0.021760,0.005664,,0.010560,0.001152,4,4,48,4,1
645,0.251700,0.306100,0.041100,0.086200,0.042800,0.075400,0.005800,0.021152,0.005632,,0.010848,0.001152,4,4,48,4,1
646,0.278100,0.302400,0.041500,0.085500,0.042300,0.103100,0.005400,0.022368,0.005984,,0.013024,0.001088,4,4,48,4,1
647,0.262000,0.329700,0.040800,0.086800,0.042600,0.074600,0.016600,0.021952,0.005504,,0.010560,0.001152,4,4,48,4,1
648,0.257100,0.312900,0.041100,0.085800,0.042500,0.079900,0.007400,0.020896,0.005376,,0.012640,0.001088,4,4,48,4,1
649,0.251700,0.308000,0.041000,0.085800,0.042300,0.077100,0.005200,0.021792,0.005760,,0.013088,0.001120,4,4,48,4,1
650,0.257800,0.302600,0.040700,0.085100,0.042900,0.076000,0.012600,0.021024,0.005568,,0.010912,0.001120,4,4,48,4,1
651,0.257100,0.308600,0.040900,0.085100,0.042200,0.076600,0.011800,0.021152,0.005664,,0.010944,0.001152,4,4,48,4,1
652,0.291200,0.307800,0.043900,0.092400,0.042000,0.103600,0.008700,0.023712,0.006112,,0.011904,0.001120,4,4,48,4,1
653,0.250400,0.342400,0.041100,0.086400,0.042400,0.075200,0.004900,0.021984,0.005824,,0.010592,0.001152,4,4,48,4,1
654,0.249300,0.301400,0.041100,0.085600,0.042500,0.075000,0.004700,0.021440,0.005728,,0.010336,0.001152,4,4,48,4,1
655,0.262000,0.300400,0.041200,0.085200,0.042000,0.075800,0.017300,0.021952,0.005600,,0.013024,0.001152,4,4,48,4,1
656,0.259500,0.313800,0.041300,0.085200,0.042200,0.082500,0.007900,0.021504,0.005504,,0.010496,0.001120,4,4,48,4,1
657,0.251000,0.310500,0.041400,0.085400,0.042300,0.075400,0.006000,0.023872,0.005792,,0.011424,0.001152,4,4,48,4,1
658,0.248900,0.302200,0.041300,0.085400,0.042400,0.074300,0.005100,0.022176,0.006112,,0.010528,0.001120,4,4,48,4,1
659,0.258600,0.305100,0.041500,0.085800,0.042100,0.076200,0.012500,0.021600,0.005600,,0.010464,0.001152,4,4,48,4,1
660,0.260500,0.309500,0.040800,0.085400,0.042600,0.075600,0.015700,0.022208,0.005312,,0.014016,0.001120,4,4,48,4,1
661,0.249100,0.311500,0.041300,0.085000,0.042500,0.074800,0.005000,0.022688,0.005824,,0.013952,0.001120,4,4,48,4,1
662,0.257700,0.300000,0.041500,0.085500,0.042300,0.076100,0.011900,0.021696,0.005696,,0.010496,0.001152,4,4,48,4,1
663,0.251000,0.308300,0.041300,0.085700,0.042100,0.075500,0.005800,0.024096,0.005632,,0.011104,0.001152,4,4,48,4,1
664,0.254500,0.302200,0.041100,0.085400,0.042600,0.079200,0.005700,0.022656,0.005664,,0.013984,0.001152,4,4,48,4,1
665,0.260900,0.305800,0.041400,0.093200,0.042900,0.077100,0.005800,0.024064,0.005600,,0.012512,0.001120,4,4,48,4,1
666,0.252200,0.312200,0.041300,0.086200,0.042600,0.076600,0.005100,0.020896,0.005408,,0.010784,0.001152,4,4,48,4,1
667,0.252800,0.303700,0.041300,0.085800,0.042700,0.074900,0.007600,0.022240,0.005568,,0.010368,0.001120,4,4,48,4,1
668,0.264300,0.304000,0.045400,0.086200,0.042700,0.086100,0.003600,0.021664,0.005664,,0.010528,0.001120,4,4,48,4,1
669,0.259400,0.316300,0.041500,0.086500,0.042300,0.076400,0.012000,0.022240,0.005952,,0.013088,0.001120,4,4,48,4,1
670,0.258000,0.310600,0.041400,0.086100,0.042300,0.076200,0.011500,0.021600,0.005760,,0.010336,0.001120,4,4,48,4,1
671,0.268800,0.309700,0.041000,0.094000,0.045300,0.082000,0.005900,0.023296,0.005664,,0.011776,0.001120,4,4,48,4,1
672,0.254800,0.324900,0.042600,0.086100,0.042700,0.076700,0.006300,0.022144,0.005792,,0.012960,0.001120,4,4,48,4,1
673,0.266900,0.305600,0.041000,0.086200,0.043000,0.076100,0.020100,0.022304,0.005696,,0.010368,0.001088,4,4,48,4,1
674,0.253900,0.318800,0.041400,0.086100,0.046900,0.072900,0.006200,0.023264,0.005600,,0.012000,0.001120,4,4,48,4,1
675,0.316100,0.304800,0.041100,0.100500,0.051200,0.117500,0.005400,0.022016,0.005536,,0.010272,0.001152,4,4,48,4,1
676,0.285800,0.371300,0.044600,0.095500,0.046400,0.092600,0.006400,0.024096,0.005568,,0.011072,0.001088,4,4,48,4,1
677,0.264700,0.338500,0.042500,0.093600,0.043600,0.079000,0.005200,0.024256,0.005632,,0.011072,0.001152,4,4,48,4,1
678,0.257500,0.316900,0.041700,0.088400,0.043100,0.078600,0.005300,0.021024,0.005536,,0.012576,0.001120,4,4,48,4,1
679,0.267700,0.309100,0.041800,0.087600,0.043200,0.078800,0.015700,0.022304,0.005376,,0.013984,0.001152,4,4,48,4,1
680,0.265900,0.319600,0.041900,0.088500,0.043300,0.077700,0.014000,0.022048,0.005568,,0.010528,0.001152,4,4,48,4,1
681,0.262100,0.317200,0.041400,0.093400,0.043300,0.076700,0.007000,0.022528,0.005632,,0.013952,0.001184,4,4,48,4,1
682,0.263200,0.313800,0.041500,0.087700,0.042300,0.075700,0.015600,0.022592,0.005664,,0.013888,0.001152,4,4,48,4,1
683,0.252800,0.314700,0.041200,0.087000,0.043000,0.077600,0.003400,0.024192,0.005664,,0.011072,0.001152,4,4,48,4,1
684,0.261800,0.304100,0.041800,0.087100,0.042700,0.082700,0.006600,0.021888,0.005664,,0.013152,0.001152,4,4,48,4,1
685,0.256500,0.313200,0.041100,0.086900,0.043700,0.080700,0.003500,0.022080,0.005632,,0.010336,0.001152,4,4,48,4,1
686,0.333500,0.308000,0.055600,0.116800,0.052900,0.102100,0.005700,0.021984,0.005664,,0.010400,0.001152,4,4,48,4,1
687,0.271100,0.385200,0.041600,0.095100,0.043700,0.085000,0.004900,0.022112,0.005440,,0.010496,0.001152,4,4,48,4,1
688,0.260600,0.322500,0.041700,0.087600,0.043300,0.083500,0.004100,0.022464,0.005696,,0.013888,0.001088,4,4,48,4,1
689,0.263400,0.312200,0.041700,0.087000,0.043200,0.076400,0.014500,0.022560,0.005696,,0.013888,0.001120,4,4,48,4,1
690,0.265100,0.314700,0.041600,0.086700,0.043100,0.089500,0.003700,0.021952,0.005632,,0.010432,0.001120,4,4,48,4,1
691,0.390900,0.316500,0.054300,0.102200,0.043100,0.185300,0.005400,0.022368,0.005824,,0.010496,0.001152,4,4,48,4,1
692,0.284200,0.445600,0.044300,0.095200,0.047200,0.083400,0.013600,0.022336,0.005792,,0.010432,0.001120,4,4,48,4,1
693,0.271900,0.336900,0.042400,0.090200,0.044900,0.080700,0.013400,0.022336,0.005664,,0.010368,0.001152,4,4,48,4,1
694,0.264200,0.323800,0.041500,0.088400,0.043900,0.084100,0.005700,0.023424,0.005824,,0.011776,0.001120,4,4,48,4,1
695,0.257500,0.315700,0.041500,0.087100,0.043700,0.077100,0.007500,0.022368,0.005536,,0.013952,0.001120,4,4,48,4,1
696,0.288000,0.308600,0.041100,0.086200,0.043300,0.110400,0.006500,0.021312,0.005888,,0.010944,0.001120,4,4,48,4,1
697,0.263900,0.341200,0.042700,0.092300,0.044500,0.078000,0.005800,0.021024,0.005536,,0.010944,0.001152,4,4,48,4,1
698,0.285900,0.316200,0.041600,0.097000,0.046100,0.094800,0.006000,0.021856,0.005728,,0.013088,0.001152,4,4,48,4,1
699,0.271100,0.337900,0.041900,0.087300,0.050000,0.086200,0.005400,0.022112,0.005600,,0.010464,0.001152,4,4,48,4,1
700,0.278700,0.329200,0.042200,0.088100,0.045800,0.086100,0.016000,0.022176,0.005472,,0.010496,0.001184,4,4,48,4,1
701,0.264800,0.330400,0.042000,0.088700,0.043600,0.084200,0.005900,0.022368,0.005664,,0.013824,0.001120,4,4,48,4,1
702,0.262800,0.317400,0.048000,0.088500,0.042600,0.077700,0.005300,0.024384,0.005888,,0.011072,0.001120,4,4,48,4,1
703,0.255200,0.314100,0.041600,0.087000,0.043000,0.077800,0.005100,0.021088,0.005600,,0.010816,0.001184,4,4,48,4,1
704,0.251300,0.306500,0.041400,0.086500,0.043600,0.075900,0.003300,0.021856,0.005952,,0.010368,0.001152,4,4,48,4,1
705,0.254200,0.302400,0.042000,0.086600,0.042900,0.076100,0.006100,0.021600,0.005632,,0.010464,0.001152,4,4,48,4,1
706,0.258300,0.306700,0.041900,0.087200,0.045000,0.078600,0.005100,0.021600,0.005600,,0.010176,0.001184,4,4,48,4,1
707,0.267500,0.310700,0.041400,0.088800,0.044100,0.075900,0.016500,0.022176,0.005632,,0.010304,0.001152,4,4,48,4,1
708,0.265600,0.318500,0.041100,0.087200,0.042900,0.089000,0.004900,0.025056,0.006016,,0.011424,0.001152,4,4,48,4,1
709,0.261700,0.316900,0.041400,0.086500,0.043300,0.076800,0.013100,0.021408,0.005504,,0.010400,0.001120,4,4,48,4,1
710,0.261800,0.312700,0.041200,0.091900,0.043900,0.077000,0.007400,0.022560,0.005888,,0.010400,0.001120,4,4,48,4,1
711,0.256000,0.313100,0.042700,0.088500,0.042600,0.076400,0.005300,0.022272,0.005344,,0.013952,0.001184,4,4,48,4,1
712,0.253400,0.307400,0.041500,0.087600,0.043500,0.075000,0.005300,0.021888,0.005824,,0.013088,0.001088,4,4,48,4,1
713,0.265900,0.304600,0.041500,0.086800,0.044000,0.086900,0.006100,0.021600,0.005472,,0.013024,0.001152,4,4,48,4,1
714,0.256000,0.317000,0.041300,0.086400,0.042700,0.080100,0.004900,0.022048,0.005792,,0.013056,0.001120,4,4,48,4,1
715,0.252700,0.312100,0.041300,0.086800,0.042800,0.076800,0.004700,0.023808,0.005536,,0.012000,0.001120,4,4,48,4,1
716,0.255100,0.304100,0.041000,0.086300,0.042500,0.080700,0.004300,0.020864,0.005440,,0.010976,0.001088,4,4,48,4,1
717,0.261300,0.306600,0.041500,0.086800,0.042600,0.086500,0.003500,0.021952,0.005408,,0.010400,0.001152,4,4,48,4,1
718,0.260000,0.312600,0.041500,0.086700,0.043100,0.076200,0.012100,0.021824,0.005696,,0.013088,0.001088,4,4,48,4,1
719,0.324100,0.311500,0.045900,0.136400,0.053300,0.084200,0.003600,0.023328,0.005632,,0.011488,0.001120,4,4,48,4,1
720,0.264400,0.375700,0.041500,0.087300,0.043900,0.076100,0.015100,0.022432,0.005856,,0.010464,0.001088,4,4,48,4,1
721,0.278900,0.315800,0.041500,0.094200,0.046600,0.089200,0.006800,0.022080,0.005888,,0.010464,0.001152,4,4,48,4,1
722,0.394400,0.330900,0.052600,0.149900,0.059400,0.125300,0.006600,0.022112,0.005504,,0.010528,0.001120,4,4,48,4,1
723,0.264200,0.446200,0.042200,0.090000,0.044400,0.080400,0.006900,0.021888,0.005728,,0.010656,0.001088,4,4,48,4,1
724,0.261600,0.315600,0.041900,0.087800,0.043600,0.081800,0.006000,0.022624,0.005664,,0.013920,0.001152,4,4,48,4,1
725,0.254600,0.312800,0.041700,0.087500,0.043600,0.076200,0.005200,0.021152,0.005664,,0.010720,0.001120,4,4,48,4,1
726,0.252400,0.305800,0.041200,0.086700,0.044000,0.075100,0.004900,0.024096,0.005600,,0.011104,0.001120,4,4,48,4,1
727,0.261700,0.303500,0.041500,0.086900,0.043600,0.085400,0.003800,0.021024,0.005600,,0.010592,0.001152,4,4,48,4,1
728,0.266200,0.312800,0.041200,0.094100,0.043000,0.076400,0.011000,0.021760,0.005760,,0.010496,0.001120,4,4,48,4,1
729,0.257600,0.317200,0.041200,0.086700,0.043000,0.081100,0.005200,0.021728,0.005696,,0.010464,0.001152,4,4,48,4,1
730,0.257900,0.309000,0.042000,0.086700,0.042300,0.083000,0.003400,0.024608,0.005920,,0.011776,0.001120,4,4,48,4,1
731,0.276800,0.309300,0.059400,0.089900,0.043700,0.076200,0.006900,0.021664,0.005632,,0.010496,0.001152,4,4,48,4,1
732,0.253300,0.329900,0.041700,0.086900,0.043100,0.076800,0.004400,0.024256,0.005632,,0.012480,0.001120,4,4,48,4,1
733,0.275100,0.304900,0.041900,0.090400,0.042500,0.094500,0.005300,0.022016,0.005536,,0.010464,0.001152,4,4,48,4,1
734,0.270900,0.327000,0.042500,0.088300,0.044200,0.091900,0.003500,0.024544,0.005600,,0.011424,0.001120,4,4,48,4,1
735,0.254800,0.322300,0.041300,0.087700,0.043800,0.076200,0.005000,0.024096,0.005600,,0.011136,0.001152,4,4,48,4,1
736,0.267300,0.306200,0.043900,0.087200,0.042900,0.077000,0.016000,0.020864,0.005440,,0.010880,0.001120,4,4,48,4,1
737,0.252800,0.319100,0.041600,0.086500,0.043000,0.076000,0.005200,0.021824,0.005728,,0.010560,0.001152,4,4,48,4,1
738,0.262900,0.304200,0.041300,0.087100,0.042900,0.076200,0.015000,0.021568,0.005664,,0.010368,0.001152,4,4,48,4,1
739,0.256000,0.314200,0.041800,0.086400,0.042400,0.079300,0.005400,0.021376,0.005440,,0.010432,0.001152,4,4,48,4,1
740,0.273300,0.307500,0.042500,0.098300,0.044400,0.082500,0.005300,0.021728,0.005536,,0.010400,0.001152,4,4,48,4,1
741,0.261500,0.324700,0.046900,0.088100,0.043400,0.076300,0.006300,0.021760,0.005728,,0.010528,0.001152,4,4,48,4,1
742,0.249900,0.312700,0.041200,0.086800,0.042300,0.075700,0.003500,0.022560,0.005568,,0.013088,0.001120,4,4,48,4,1
743,0.284700,0.302000,0.041500,0.087700,0.022600,0.129900,0.002400,0.022208,0.005632,,0.010464,0.001152,4,4,48,4,1
744,0.320400,0.339800,0.043600,0.126500,0.050000,0.084800,0.015000,0.021888,0.005600,,0.010432,0.001120,4,4,48,4,1
745,0.317200,0.373200,0.042600,0.091000,0.044600,0.131100,0.007300,0.021408,0.005856,,0.010912,0.001184,4,4,48,4,1
746,0.377100,0.371800,0.043100,0.095900,0.046500,0.187000,0.004000,0.023872,0.005632,,0.012128,0.001120,4,4,48,4,1
747,0.359100,0.432800,0.043300,0.103600,0.045200,0.159100,0.007400,0.021088,0.005600,,0.010720,0.001152,4,4,48,4,1
748,0.269800,0.412900,0.044500,0.094100,0.045000,0.080100,0.005600,0.024192,0.005856,,0.011104,0.001120,4,4,48,4,1
749,0.272400,0.321700,0.042600,0.088500,0.043900,0.088100,0.008600,0.022016,0.005504,,0.010400,0.001088,4,4,48,4,1
750,0.264400,0.340200,0.045000,0.090800,0.044500,0.078000,0.005800,0.023872,0.005440,,0.011104,0.001088,4,4,48,4,1
751,0.262600,0.316200,0.042500,0.088000,0.043100,0.082900,0.005700,0.021824,0.005824,,0.010496,0.001088,4,4,48,4,1
752,0.268400,0.314400,0.042000,0.088200,0.043100,0.078000,0.016700,0.021408,0.005632,,0.010272,0.001152,4,4,48,4,1
753,0.269500,0.320400,0.041400,0.094900,0.043600,0.085500,0.003700,0.021248,0.005696,,0.010912,0.001152,4,4,48,4,1
754,0.260900,0.320900,0.041600,0.087500,0.043300,0.076900,0.011200,0.021920,0.005824,,0.010560,0.001152,4,4,48,4,1
755,0.389100,0.312200,0.041600,0.088900,0.047900,0.203000,0.007000,0.024128,0.005472,,0.012448,0.001152,4,4,48,4,1
756,0.268800,0.442600,0.048100,0.088200,0.044100,0.081700,0.006100,0.021792,0.005472,,0.010464,0.001152,4,4,48,4,1
757,0.255100,0.319800,0.041300,0.086300,0.042800,0.079000,0.005100,0.022080,0.005952,,0.012992,0.001120,4,4,48,4,1
758,0.261500,0.306400,0.042900,0.086400,0.042600,0.082600,0.006500,0.022496,0.005696,,0.012384,0.001152,4,4,48,4,1
759,0.262900,0.312600,0.041600,0.086700,0.042700,0.076300,0.015100,0.021952,0.005920,,0.010560,0.001120,4,4,48,4,1
760,0.256500,0.314100,0.040900,0.086200,0.043200,0.079800,0.005800,0.022208,0.005632,,0.010304,0.001152,4,4,48,4,1
761,0.284600,0.307800,0.041200,0.094700,0.042600,0.101100,0.004400,0.021856,0.005856,,0.010464,0.001152,4,4,48,4,1
762,0.259900,0.336100,0.041800,0.087700,0.042600,0.081900,0.005600,0.021888,0.005632,,0.010368,0.001152,4,4,48,4,1
763,0.258900,0.311200,0.041700,0.086600,0.043200,0.081800,0.005200,0.021984,0.005792,,0.013184,0.001184,4,4,48,4,1
764,0.252500,0.310200,0.041600,0.086000,0.042300,0.075600,0.006400,0.022688,0.005888,,0.013920,0.001120,4,4,48,4,1
765,0.255500,0.303900,0.041000,0.085900,0.042500,0.080200,0.005200,0.021216,0.005696,,0.010848,0.001184,4,4,48,4,1
766,0.252300,0.307100,0.042000,0.086200,0.042400,0.075200,0.006000,0.021696,0.005696,,0.010496,0.001088,4,4,48,4,1
767,0.267300,0.303400,0.041000,0.087200,0.049700,0.077300,0.011600,0.021472,0.005792,,0.010240,0.001120,4,4,48,4,1
768,0.257000,0.318800,0.041400,0.086000,0.042400,0.076700,0.010000,0.021600,0.005600,,0.010496,0.001120,4,4,48,4,1
769,0.256500,0.308400,0.040800,0.086300,0.042800,0.081900,0.004400,0.020864,0.005344,,0.010720,0.001152,4,4,48,4,1
770,0.258400,0.307800,0.041200,0.085400,0.042300,0.076200,0.012900,0.021088,0.005536,,0.010816,0.001152,4,4,48,4,1
771,0.348800,0.309400,0.040900,0.085800,0.079700,0.136600,0.005200,0.021696,0.005600,,0.013056,0.001184,4,4,48,4,1
772,0.364000,0.416300,0.052200,0.114200,0.054100,0.136000,0.006900,0.022272,0.005632,,0.010432,0.001152,4,4,48,4,1
773,0.326300,0.428900,0.050900,0.108300,0.053400,0.107200,0.006100,0.022432,0.005600,,0.013920,0.001120,4,4,48,4,1
774,0.338700,0.389600,0.049900,0.106800,0.052700,0.106500,0.022000,0.023968,0.005472,,0.012544,0.001120,4,4,48,4,1
775,0.294500,0.403200,0.050200,0.099400,0.043900,0.093500,0.007000,0.023360,0.005376,,0.012032,0.001152,4,4,48,4,1
776,0.406900,0.347800,0.042200,0.092600,0.042700,0.223300,0.005700,0.022592,0.005792,,0.013920,0.001120,4,4,48,4,1
777,0.300800,0.459500,0.043100,0.103300,0.044800,0.105300,0.003700,0.022432,0.005856,,0.010528,0.001152,4,4,48,4,1
778,0.216000,0.352400,0.041700,0.089300,0.020100,0.061200,0.003400,0.021792,0.005504,,0.010464,0.001152,4,4,48,4,1
779,0.354800,0.266900,0.041000,0.127000,0.060600,0.112300,0.013400,0.021472,0.005632,,0.010336,0.001152,4,4,48,4,1
780,0.264400,0.407000,0.041800,0.090500,0.046900,0.078800,0.006000,0.023264,0.005664,,0.011840,0.001152,4,4,48,4,1
781,0.268700,0.316300,0.042500,0.089000,0.044700,0.077200,0.014800,0.021696,0.005664,,0.010496,0.001152,4,4,48,4,1
782,0.263100,0.326500,0.041700,0.087100,0.044300,0.085600,0.004100,0.024352,0.005664,,0.012544,0.001152,4,4,48,4,1
783,0.259100,0.314200,0.041500,0.086400,0.043800,0.083200,0.003700,0.021920,0.005856,,0.013056,0.001152,4,4,48,4,1
784,0.287700,0.314600,0.041900,0.086800,0.042800,0.109300,0.006500,0.022496,0.005664,,0.013920,0.001152,4,4,48,4,1
785,0.255300,0.339000,0.041300,0.087600,0.042700,0.077800,0.005300,0.022240,0.005696,,0.010240,0.001152,4,4,48,4,1
786,0.262000,0.308000,0.041300,0.086300,0.044100,0.077300,0.012600,0.024128,0.005472,,0.011136,0.001088,4,4,48,4,1
787,0.272100,0.313000,0.045100,0.086500,0.042600,0.090800,0.006500,0.021920,0.005824,,0.010528,0.001152,4,4,48,4,1
788,0.259200,0.323200,0.041600,0.086700,0.042500,0.077300,0.010600,0.021760,0.005792,,0.010400,0.001152,4,4,48,4,1
789,0.259700,0.310500,0.041300,0.086600,0.042900,0.076900,0.011600,0.022048,0.006080,,0.010464,0.001088,4,4,48,4,1
790,0.271900,0.311000,0.041500,0.097800,0.042200,0.086300,0.003700,0.021600,0.005536,,0.010560,0.001120,4,4,48,4,1
791,0.252300,0.323400,0.041500,0.086700,0.042900,0.075700,0.005000,0.024032,0.005664,,0.011104,0.001120,4,4,48,4,1
792,0.257100,0.302800,0.041300,0.086000,0.043100,0.076500,0.009800,0.021504,0.005408,,0.013024,0.001056,4,4,48,4,1
793,0.261800,0.308200,0.041500,0.086300,0.046200,0.076600,0.010600,0.021984,0.006208,,0.010336,0.001120,4,4,48,4,1
794,0.252200,0.312900,0.041100,0.086000,0.043400,0.075100,0.006000,0.021024,0.005568,,0.010848,0.001120,4,4,48,4,1
795,0.255900,0.303500,0.041200,0.087300,0.042500,0.081200,0.003300,0.024160,0.005632,,0.011232,0.001120,4,4,48,4,1
796,0.269800,0.306900,0.041700,0.085600,0.042300,0.095900,0.003800,0.023872,0.005696,,0.012160,0.001088,4,4,48,4,1
797,0.191200,0.321200,0.041300,0.086600,0.015300,0.046600,0.001200,0.021472,0.005472,,0.010496,0.001120,4,4,48,4,1
798,0.292700,0.241800,0.040900,0.120100,0.045400,0.078700,0.007200,0.022048,0.005632,,0.010496,0.001152,4,4,48,4,1
799,0.253800,0.344000,0.042300,0.086400,0.042600,0.075700,0.006300,0.021088,0.005600,,0.010816,0.001184,4,4,48,4,1
800,0.263700,0.304700,0.041600,0.086600,0.042500,0.087300,0.005300,0.021216,0.005600,,0.010496,0.001152,4,4,48,4,1
801,0.250500,0.315200,0.041400,0.085800,0.042400,0.075400,0.004800,0.023968,0.005664,,0.012128,0.001152,4,4,48,4,1
802,0.250100,0.301400,0.041600,0.086200,0.042500,0.074400,0.004800,0.024416,0.005856,,0.011104,0.001120,4,4,48,4,1
803,0.266600,0.301200,0.041500,0.092200,0.042200,0.084300,0.005800,0.024384,0.005856,,0.011040,0.001184,4,4,48,4,1
804,0.250600,0.317700,0.041500,0.086000,0.042600,0.075300,0.004700,0.024256,0.005632,,0.012544,0.001088,4,4,48,4,1
805,0.262700,0.301600,0.041100,0.085600,0.042500,0.075800,0.017100,0.022048,0.005888,,0.013120,0.001152,4,4,48,4,1
806,0.260700,0.314000,0.041300,0.086500,0.046500,0.082400,0.003600,0.021792,0.005760,,0.010368,0.001120,4,4,48,4,1
807,0.265300,0.312000,0.041600,0.087100,0.043300,0.077000,0.015700,0.022272,0.005600,,0.010400,0.001152,4,4,48,4,1
808,0.253200,0.316700,0.041400,0.086600,0.042700,0.076000,0.006100,0.024064,0.005504,,0.011104,0.001120,4,4,48,4,1
809,0.253200,0.304400,0.041000,0.086100,0.042300,0.078600,0.004800,0.021760,0.005728,,0.010496,0.001152,4,4,48,4,1
810,0.250500,0.308900,0.041700,0.086600,0.042100,0.074600,0.005100,0.022176,0.005728,,0.012960,0.001152,4,4,48,4,1
811,0.262300,0.301200,0.041600,0.087200,0.042000,0.076400,0.014600,0.021888,0.005824,,0.013088,0.001120,4,4,48,4,1
812,0.256400,0.313000,0.041600,0.086400,0.043000,0.079400,0.005300,0.021536,0.005344,,0.013088,0.001088,4,4,48,4,1
813,0.254000,0.311300,0.041200,0.086200,0.042400,0.079600,0.004200,0.021664,0.005632,,0.010560,0.001088,4,4,48,4,1
814,0.259600,0.305300,0.041600,0.085600,0.042900,0.083500,0.005600,0.024064,0.005536,,0.011040,0.001120,4,4,48,4,1
815,0.255700,0.310600,0.041300,0.086200,0.042000,0.082100,0.003700,0.022560,0.005760,,0.013920,0.001088,4,4,48,4,1
816,0.262200,0.306900,0.041400,0.092700,0.042100,0.079300,0.006400,0.021184,0.005792,,0.010816,0.001056,4,4,48,4,1
817,0.300500,0.313500,0.044100,0.086700,0.014800,0.146500,0.007700,0.021600,0.005504,,0.013088,0.001152,4,4,48,4,1
818,0.422600,0.380900,0.062800,0.172500,0.068600,0.112700,0.005400,0.021952,0.005824,,0.010336,0.001184,4,4,48,4,1
819,0.404200,0.487300,0.051300,0.159600,0.070100,0.114500,0.008100,0.022496,0.005888,,0.010528,0.001152,4,4,48,4,1
820,0.317600,0.469100,0.050200,0.110000,0.054700,0.096100,0.006300,0.023904,0.005600,,0.012032,0.001120,4,4,48,4,1
821,0.273000,0.381500,0.048100,0.089300,0.044600,0.083900,0.006800,0.022464,0.005664,,0.013920,0.001152,4,4,48,4,1
822,0.282900,0.341500,0.043700,0.095900,0.047600,0.090400,0.004800,0.021120,0.005792,,0.012576,0.001120,4,4,48,4,1
823,0.270000,0.335300,0.042300,0.089700,0.045300,0.086100,0.006100,0.022432,0.005568,,0.013856,0.001152,4,4,48,4,1
824,0.257600,0.321700,0.041800,0.088400,0.044100,0.077200,0.005500,0.020992,0.005472,,0.010752,0.001184,4,4,48,4,1
825,0.259200,0.308900,0.041700,0.088700,0.044000,0.077500,0.006900,0.021792,0.005728,,0.010496,0.001152,4,4,48,4,1
826,0.258900,0.310900,0.042100,0.087800,0.043600,0.079400,0.005600,0.021248,0.005600,,0.010176,0.001152,4,4,48,4,1
827,0.276400,0.310300,0.041500,0.094700,0.047800,0.085400,0.006400,0.022528,0.005632,,0.013920,0.001184,4,4,48,4,1
828,0.255700,0.328000,0.041300,0.088300,0.043800,0.076800,0.005000,0.021280,0.005568,,0.010240,0.001088,4,4,48,4,1
829,0.259000,0.307300,0.041500,0.087300,0.043700,0.081000,0.004800,0.021568,0.005600,,0.010432,0.001120,4,4,48,4,1
830,0.256700,0.310600,0.041000,0.087700,0.041200,0.081600,0.005000,0.022464,0.005792,,0.010496,0.001184,4,4,48,4,1
831,0.267000,0.307700,0.040800,0.086000,0.042700,0.090700,0.006300,0.022336,0.005600,,0.010560,0.001184,4,4,48,4,1
832,0.269800,0.318400,0.041600,0.087600,0.042800,0.092100,0.005300,0.021920,0.005856,,0.010528,0.001152,4,4,48,4,1
833,0.253300,0.320800,0.041800,0.087000,0.043000,0.075800,0.005000,0.024480,0.005920,,0.011488,0.001152,4,4,48,4,1
834,0.251800,0.304300,0.041300,0.085800,0.042300,0.078600,0.003400,0.021792,0.005792,,0.010528,0.001120,4,4,48,4,1
835,0.252500,0.302700,0.041200,0.086500,0.042500,0.075400,0.006600,0.021760,0.005728,,0.013120,0.001120,4,4,48,4,1
836,0.255600,0.303300,0.041000,0.086300,0.042700,0.080100,0.004800,0.021568,0.005984,,0.010496,0.001120,4,4,48,4,1
837,0.286900,0.306200,0.041300,0.086000,0.042400,0.106900,0.009800,0.021824,0.005888,,0.010400,0.001152,4,4,48,4,1
838,0.472500,0.338100,0.041100,0.093500,0.042600,0.290000,0.004800,0.021472,0.005920,,0.010144,0.001152,4,4,48,4,1
839,0.252200,0.523400,0.041300,0.087200,0.042300,0.075200,0.005900,0.021824,0.005568,,0.010400,0.001152,4,4,48,4,1
840,0.258200,0.303500,0.041000,0.085500,0.042600,0.083500,0.005200,0.021920,0.005792,,0.010560,0.001152,4,4,48,4,1
841,0.264800,0.308800,0.041700,0.085500,0.042600,0.075700,0.018800,0.022176,0.006176,,0.010496,0.001088,4,4,48,4,1
842,0.249200,0.315800,0.041000,0.086000,0.041900,0.074400,0.005500,0.021728,0.005760,,0.010464,0.001120,4,4,48,4,1
843,0.249400,0.299800,0.041000,0.085900,0.042500,0.074600,0.005000,0.022112,0.005664,,0.012160,0.001088,4,4,48,4,1
844,0.269200,0.300400,0.041300,0.085400,0.048800,0.086700,0.006300,0.021664,0.005664,,0.010432,0.001184,4,4,48,4,1
845,0.259700,0.320100,0.041100,0.086100,0.042200,0.075800,0.014000,0.021216,0.005760,,0.010880,0.001120,4,4,48,4,1
846,0.261300,0.310600,0.041500,0.085700,0.042300,0.075100,0.016300,0.021920,0.005600,,0.010432,0.001120,4,4,48,4,1
847,0.265400,0.312300,0.041200,0.086700,0.042200,0.074700,0.020200,0.021888,0.005792,,0.013120,0.001088,4,4,48,4,1
848,0.253600,0.316700,0.042000,0.087200,0.042600,0.075300,0.005900,0.021792,0.005856,,0.010528,0.001088,4,4,48,4,1
849,0.262900,0.304100,0.041000,0.085700,0.042400,0.075800,0.017500,0.021056,0.005600,,0.010848,0.001120,4,4,48,4,1
850,0.261500,0.314100,0.040900,0.085600,0.042500,0.076000,0.016100,0.021344,0.005440,,0.010400,0.001088,4,4,48,4,1
851,0.251900,0.317800,0.041100,0.085500,0.042800,0.075600,0.006300,0.021376,0.005472,,0.010368,0.001152,4,4,48,4,1
852,0.303600,0.302700,0.041000,0.085700,0.044500,0.124200,0.007700,0.021728,0.005760,,0.010368,0.001184,4,4,48,4,1
853,0.263200,0.358400,0.042400,0.088700,0.042800,0.081600,0.007400,0.022528,0.005632,,0.013984,0.001152,4,4,48,4,1
854,0.259200,0.314400,0.041300,0.085700,0.042800,0.076800,0.012300,0.021120,0.005696,,0.010816,0.001088,4,4,48,4,1
855,0.259300,0.310300,0.041300,0.085600,0.042600,0.082400,0.006900,0.021120,0.005600,,0.010976,0.001152,4,4,48,4,1
856,0.258000,0.310100,0.041500,0.086600,0.042700,0.080600,0.006000,0.022016,0.005472,,0.010496,0.001088,4,4,48,4,1
857,0.249200,0.309000,0.041200,0.085900,0.042200,0.074500,0.004900,0.024480,0.005568,,0.011360,0.001152,4,4,48,4,1
858,0.257000,0.300200,0.041000,0.093600,0.042200,0.073900,0.005800,0.024448,0.005824,,0.011168,0.001120,4,4,48,4,1
859,0.255400,0.307600,0.040700,0.085800,0.042000,0.082300,0.004000,0.021504,0.005504,,0.010496,0.001088,4,4,48,4,1
860,0.260500,0.306200,0.040900,0.085600,0.043000,0.085200,0.005400,0.021024,0.005600,,0.010816,0.001120,4,4,48,4,1
861,0.249100,0.311300,0.041300,0.085600,0.042200,0.074700,0.004900,0.024256,0.005632,,0.012448,0.001120,4,4,48,4,1
862,0.259500,0.299900,0.041300,0.085600,0.042400,0.084800,0.004900,0.021728,0.005568,,0.013152,0.001088,4,4,48,4,1
863,0.258700,0.310700,0.041200,0.085300,0.042600,0.084400,0.004700,0.021312,0.005760,,0.010944,0.001152,4,4,48,4,1
864,0.252600,0.309400,0.041100,0.085500,0.042200,0.079700,0.003600,0.024288,0.005600,,0.011232,0.001088,4,4,48,4,1
865,0.255700,0.303800,0.041300,0.090100,0.042600,0.075200,0.006000,0.021920,0.005696,,0.010432,0.001152,4,4,48,4,1
866,0.255200,0.306700,0.041300,0.085500,0.042000,0.079000,0.007000,0.022272,0.005440,,0.013920,0.001088,4,4,48,4,1
867,0.259000,0.306900,0.041300,0.086100,0.043000,0.083100,0.005200,0.021728,0.005632,,0.013088,0.001152,4,4,48,4,1
868,0.257400,0.310200,0.040900,0.085500,0.042800,0.081700,0.006000,0.021856,0.005696,,0.013056,0.001088,4,4,48,4,1
869,0.424800,0.308100,0.041300,0.208800,0.059800,0.107700,0.006600,0.022336,0.005824,,0.010144,0.001152,4,4,48,4,1
870,0.327400,0.493500,0.051600,0.111800,0.054500,0.100900,0.008000,0.022208,0.005600,,0.010240,0.001152,4,4,48,4,1
871,0.317500,0.396000,0.050600,0.110700,0.053700,0.095000,0.007100,0.023456,0.005760,,0.012800,0.001120,4,4,48,4,1
872,0.323700,0.381400,0.050800,0.107400,0.053300,0.104400,0.007100,0.021152,0.005632,,0.012576,0.001184,4,4,48,4,1
873,0.338700,0.387600,0.049800,0.105600,0.051800,0.124800,0.006300,0.021472,0.005472,,0.010528,0.001152,4,4,48,4,1
874,0.332800,0.406600,0.051300,0.114200,0.055100,0.102300,0.009300,0.021184,0.005312,,0.010400,0.001088,4,4,48,4,1
875,0.313900,0.398100,0.050600,0.109200,0.052500,0.094500,0.006500,0.020960,0.005376,,0.010976,0.001184,4,4,48,4,1
876,0.284600,0.377900,0.048800,0.088300,0.043900,0.098900,0.004200,0.022592,0.005760,,0.013984,0.001088,4,4,48,4,1
877,0.262300,0.336900,0.042000,0.089100,0.044000,0.080200,0.006600,0.021920,0.005536,,0.010400,0.001152,4,4,48,4,1
878,0.256200,0.314500,0.041500,0.087100,0.043900,0.079000,0.004400,0.021312,0.005728,,0.010272,0.001152,4,4,48,4,1
879,0.253400,0.308000,0.041400,0.086500,0.043500,0.076600,0.004900,0.020960,0.005376,,0.010976,0.001152,4,4,48,4,1
880,0.255100,0.304600,0.041800,0.087500,0.044200,0.076500,0.004800,0.021536,0.005568,,0.010400,0.001152,4,4,48,4,1
881,0.261100,0.306200,0.041600,0.086500,0.043100,0.085900,0.003600,0.021984,0.005824,,0.012992,0.001120,4,4,48,4,1
882,0.296200,0.312200,0.041100,0.105800,0.048300,0.083500,0.017000,0.022272,0.005600,,0.010528,0.001120,4,4,48,4,1
883,0.264900,0.350600,0.042800,0.092800,0.044600,0.078900,0.005500,0.021792,0.005824,,0.010464,0.001088,4,4,48,4,1
884,0.282500,0.323200,0.042700,0.092500,0.050100,0.089000,0.007700,0.022208,0.005728,,0.010432,0.001088,4,4,48,4,1
885,0.259200,0.335600,0.042400,0.089600,0.044800,0.076600,0.005200,0.022368,0.005856,,0.010464,0.001088,4,4,48,4,1
886,0.266000,0.310800,0.042700,0.088000,0.043400,0.084200,0.007300,0.021280,0.005792,,0.012576,0.001120,4,4,48,4,1
887,0.259000,0.317100,0.041300,0.086700,0.042700,0.082600,0.005200,0.024288,0.005792,,0.011136,0.001088,4,4,48,4,1
888,0.261900,0.310700,0.041600,0.087000,0.043200,0.085800,0.003800,0.021440,0.005984,,0.010976,0.001120,4,4,48,4,1
889,0.261000,0.313300,0.041900,0.086800,0.042700,0.081600,0.007400,0.023456,0.005632,,0.013056,0.001088,4,4,48,4,1
890,0.263000,0.312100,0.041000,0.086900,0.042800,0.076300,0.015500,0.021504,0.005536,,0.010432,0.001120,4,4,48,4,1
891,0.255500,0.314100,0.041300,0.086000,0.043000,0.078000,0.006700,0.024128,0.005504,,0.011232,0.001184,4,4,48,4,1
892,0.277100,0.306800,0.041500,0.087000,0.044000,0.098200,0.006000,0.022592,0.005696,,0.013920,0.001120,4,4,48,4,1
893,0.254400,0.328600,0.042000,0.087400,0.043300,0.075700,0.005300,0.024288,0.005408,,0.011392,0.001152,4,4,48,4,1
894,0.258100,0.305500,0.041100,0.086300,0.042600,0.082600,0.004900,0.021280,0.005824,,0.010848,0.001152,4,4,48,4,1
895,0.259200,0.309200,0.041200,0.086600,0.042800,0.076900,0.011300,0.021632,0.005632,,0.010432,0.001184,4,4,48,4,1
896,0.261500,0.310700,0.040900,0.086400,0.042500,0.076700,0.014500,0.022912,0.005952,,0.013920,0.001152,4,4,48,4,1
897,0.261200,0.312900,0.041800,0.086100,0.043300,0.085600,0.003600,0.021632,0.005728,,0.010368,0.001152,4,4,48,4,1
898,0.275700,0.312500,0.041600,0.094600,0.042000,0.092700,0.004300,0.022368,0.005728,,0.010368,0.001152,4,4,48,4,1
899,0.255900,0.327300,0.041300,0.086700,0.042800,0.081200,0.003500,0.022592,0.005856,,0.010368,0.001152,4,4,48,4,1
900,0.271700,0.306800,0.041000,0.086100,0.042900,0.094600,0.006700,0.023456,0.005696,,0.011392,0.001120,4,4,48,4,1
901,0.267900,0.322900,0.042300,0.086500,0.046600,0.076900,0.015000,0.022336,0.005568,,0.013856,0.001120,4,4,48,4,1
902,0.252700,0.318800,0.041000,0.086400,0.042900,0.075800,0.006200,0.024032,0.005600,,0.011424,0.001152,4,4,48,4,1
903,0.260400,0.303800,0.041100,0.086000,0.042700,0.085800,0.004000,0.021920,0.005824,,0.010528,0.001184,4,4,48,4,1
904,0.263500,0.311200,0.041200,0.085800,0.042600,0.086500,0.006900,0.022368,0.005664,,0.010464,0.001088,4,4,48,4,1
905,0.251900,0.314500,0.041200,0.085800,0.042100,0.076700,0.005400,0.024448,0.005728,,0.011392,0.001152,4,4,48,4,1
906,0.258900,0.302700,0.041100,0.085200,0.042600,0.076600,0.012900,0.021920,0.005792,,0.013024,0.001152,4,4,48,4,1
907,0.250000,0.309700,0.040800,0.085100,0.042500,0.075100,0.005900,0.023232,0.005696,,0.011456,0.001152,4,4,48,4,1
908,0.252600,0.301000,0.041100,0.086200,0.042800,0.076900,0.005200,0.023424,0.005600,,0.012960,0.001152,4,4,48,4,1
909,0.249300,0.303400,0.041300,0.086000,0.042800,0.075300,0.003500,0.024544,0.005760,,0.011456,0.001120,4,4,48,4,1
910,0.258900,0.300400,0.041100,0.085400,0.042800,0.076500,0.012600,0.021728,0.005664,,0.013152,0.001120,4,4,48,4,1
911,0.270100,0.310000,0.041100,0.096700,0.042700,0.076600,0.012600,0.021920,0.005792,,0.012992,0.001152,4,4,48,4,1
912,0.259900,0.321400,0.041800,0.086200,0.042900,0.076900,0.011500,0.021632,0.005632,,0.010464,0.001120,4,4,48,4,1
913,0.261400,0.311000,0.041300,0.086400,0.042600,0.085500,0.005100,0.021760,0.005696,,0.010528,0.001152,4,4,48,4,1
914,0.259300,0.312300,0.041200,0.085800,0.042400,0.077200,0.012300,0.021408,0.005472,,0.010400,0.001152,4,4,48,4,1
915,0.262400,0.310600,0.041500,0.086300,0.042900,0.085300,0.005900,0.020992,0.005536,,0.010816,0.001120,4,4,48,4,1
916,0.259600,0.313700,0.041200,0.085900,0.042400,0.075900,0.013800,0.021216,0.005632,,0.010400,0.001152,4,4,48,4,1
917,0.448000,0.384800,0.088300,0.160800,0.068200,0.124100,0.005900,0.021920,0.005696,,0.013152,0.001120,4,4,48,4,1
918,0.393700,0.528000,0.059800,0.129700,0.063800,0.132800,0.006700,0.020992,0.005472,,0.012608,0.001152,4,4,48,4,1
919,0.342000,0.470700,0.059400,0.122100,0.053000,0.100500,0.006700,0.021824,0.005728,,0.010528,0.001152,4,4,48,4,1
920,0.338800,0.405700,0.050200,0.106200,0.054400,0.115100,0.012500,0.021536,0.005504,,0.013088,0.001088,4,4,48,4,1
921,0.260800,0.391400,0.042400,0.090900,0.043600,0.077700,0.005700,0.022496,0.005664,,0.013888,0.001152,4,4,48,4,1
922,0.279700,0.314100,0.045300,0.088300,0.042900,0.095200,0.007200,0.023264,0.005728,,0.011616,0.001120,4,4,48,4,1
923,0.323700,0.344400,0.051400,0.111800,0.055600,0.097900,0.006500,0.024256,0.005600,,0.012512,0.001152,4,4,48,4,1
924,0.312400,0.387400,0.050000,0.107300,0.053400,0.095000,0.006300,0.023936,0.005632,,0.011104,0.001120,4,4,48,4,1
925,0.309800,0.375800,0.050100,0.105700,0.052400,0.093100,0.007700,0.024160,0.005696,,0.012000,0.001120,4,4,48,4,1
926,0.368500,0.373600,0.049300,0.105600,0.023700,0.181500,0.007900,0.021920,0.005472,,0.010464,0.001088,4,4,48,4,1
927,0.401400,0.423200,0.043300,0.133400,0.048000,0.170300,0.005800,0.021856,0.005664,,0.013120,0.001184,4,4,48,4,1
928,0.271800,0.453500,0.042800,0.092300,0.045700,0.079700,0.010900,0.021088,0.005568,,0.010528,0.001152,4,4,48,4,1
929,0.270300,0.323800,0.041700,0.088600,0.051800,0.081600,0.006100,0.021792,0.005856,,0.010432,0.001152,4,4,48,4,1
930,0.261200,0.321900,0.041500,0.086900,0.043900,0.082300,0.006000,0.021376,0.005696,,0.010272,0.001184,4,4,48,4,1
931,0.273700,0.312300,0.043100,0.087800,0.042300,0.093500,0.006400,0.024160,0.005696,,0.011040,0.001120,4,4,48,4,1
932,0.260200,0.324900,0.041600,0.086900,0.042800,0.082300,0.006100,0.021696,0.005728,,0.010432,0.001152,4,4,48,4,1
933,0.265200,0.311700,0.041300,0.094800,0.043000,0.079800,0.005800,0.021760,0.005760,,0.010496,0.001120,4,4,48,4,1
934,0.255900,0.316600,0.041500,0.087100,0.042800,0.077300,0.006700,0.022144,0.005504,,0.010304,0.001152,4,4,48,4,1
935,0.254600,0.308200,0.041300,0.086800,0.043500,0.076300,0.006200,0.021728,0.005664,,0.010528,0.001152,4,4,48,4,1
936,0.263100,0.306000,0.041500,0.086800,0.042800,0.085500,0.006000,0.021888,0.005824,,0.010560,0.001120,4,4,48,4,1
937,0.270400,0.314200,0.041100,0.086300,0.042900,0.089500,0.009900,0.024000,0.005472,,0.011008,0.001120,4,4,48,4,1
938,0.271900,0.321500,0.041500,0.096200,0.042900,0.077300,0.013500,0.022368,0.005696,,0.010368,0.001088,4,4,48,4,1
939,0.269800,0.323500,0.041300,0.086300,0.046200,0.082800,0.012600,0.021920,0.005376,,0.010432,0.001184,4,4,48,4,1
940,0.261000,0.321400,0.041700,0.087100,0.042200,0.084000,0.005400,0.024192,0.005920,,0.011040,0.001088,4,4,48,4,1
941,0.253600,0.312600,0.041800,0.086300,0.043200,0.077500,0.004300,0.022560,0.005696,,0.013920,0.001152,4,4,48,4,1
942,0.263600,0.305300,0.041500,0.086600,0.044900,0.080800,0.009300,0.024032,0.005568,,0.011360,0.001184,4,4,48,4,1
943,0.258400,0.314400,0.041300,0.085500,0.042500,0.075000,0.013600,0.022560,0.005728,,0.013952,0.001088,4,4,48,4,1
944,0.266100,0.309700,0.041200,0.086000,0.042200,0.088000,0.008400,0.021664,0.005600,,0.013120,0.001120,4,4,48,4,1
945,0.256100,0.317400,0.041000,0.085500,0.042100,0.079500,0.007800,0.022496,0.005632,,0.013952,0.001152,4,4,48,4,1
946,0.269200,0.307300,0.047400,0.086700,0.042200,0.084300,0.008100,0.021632,0.005664,,0.010432,0.001152,4,4,48,4,1
947,0.251300,0.320200,0.041200,0.086400,0.042400,0.075400,0.005200,0.021856,0.005632,,0.013056,0.001152,4,4,48,4,1
948,0.266300,0.302400,0.041200,0.086700,0.042600,0.076300,0.018900,0.021280,0.005888,,0.010784,0.001120,4,4,48,4,1
949,0.259000,0.317100,0.041300,0.090300,0.042800,0.077600,0.006400,0.024000,0.005536,,0.011072,0.001120,4,4,48,4,1
950,0.251800,0.311000,0.041400,0.086400,0.042700,0.075400,0.005500,0.024096,0.005568,,0.011040,0.001088,4,4,48,4,1
951,0.252400,0.303400,0.041300,0.086000,0.042700,0.076800,0.005200,0.021792,0.005632,,0.013184,0.001152,4,4,48,4,1
952,0.271500,0.303800,0.041800,0.086200,0.051900,0.077000,0.014200,0.021824,0.005408,,0.013024,0.001152,4,4,48,4,1
953,0.272900,0.322500,0.041200,0.100400,0.042900,0.075500,0.012400,0.021120,0.005664,,0.010848,0.001120,4,4,48,4,1
954,0.258000,0.324000,0.041500,0.085900,0.042400,0.076000,0.011800,0.020960,0.005440,,0.010848,0.001088,4,4,48,4,1
955,0.266400,0.309400,0.041100,0.085600,0.042400,0.090200,0.006300,0.021728,0.005632,,0.010528,0.001184,4,4,48,4,1
956,0.259000,0.318100,0.041500,0.086600,0.042500,0.076500,0.011500,0.021440,0.005504,,0.010432,0.001152,4,4,48,4,1
957,0.259000,0.310400,0.041400,0.086100,0.042800,0.076600,0.011500,0.021472,0.005632,,0.010336,0.001120,4,4,48,4,1
958,0.261800,0.310200,0.041200,0.086900,0.042800,0.076800,0.013500,0.021792,0.005792,,0.010464,0.001152,4,4,48,4,1
959,0.260000,0.321200,0.041200,0.085900,0.042500,0.076300,0.013600,0.021824,0.005728,,0.010592,0.001184,4,4,48,4,1
960,0.267400,0.311400,0.041300,0.086100,0.042400,0.091400,0.005700,0.021536,0.005568,,0.010496,0.001056,4,4,48,4,1
961,0.260600,0.318300,0.041600,0.086300,0.043400,0.077500,0.011300,0.021376,0.005664,,0.010304,0.001152,4,4,48,4,1
962,0.260900,0.316000,0.041500,0.086500,0.043200,0.085600,0.003700,0.021792,0.005824,,0.010432,0.001152,4,4,48,4,1
963,0.344700,0.329200,0.061100,0.103700,0.055000,0.120200,0.004100,0.021760,0.005856,,0.010400,0.001152,4,4,48,4,1
964,0.313300,0.420000,0.052900,0.094200,0.045500,0.112900,0.007100,0.021568,0.005312,,0.010400,0.001152,4,4,48,4,1
965,0.336500,0.381300,0.052800,0.116600,0.055700,0.104600,0.006200,0.021952,0.005696,,0.010432,0.001152,4,4,48,4,1
966,0.341200,0.402200,0.051400,0.109400,0.054400,0.118400,0.007200,0.021856,0.005920,,0.010464,0.001088,4,4,48,4,1
967,0.278000,0.406700,0.050100,0.089800,0.043700,0.087500,0.006300,0.022016,0.005728,,0.010464,0.001152,4,4,48,4,1
968,0.259300,0.330000,0.042400,0.088500,0.043400,0.078200,0.006400,0.021760,0.005664,,0.013056,0.001120,4,4,48,4,1
969,0.300300,0.311600,0.041500,0.087600,0.044100,0.122400,0.004100,0.024192,0.005664,,0.011040,0.001152,4,4,48,4,1
970,0.275700,0.353000,0.042900,0.090700,0.044500,0.080900,0.016200,0.022432,0.005536,,0.014016,0.001120,4,4,48,4,1
971,0.270000,0.327200,0.042000,0.088600,0.044200,0.078800,0.015900,0.021856,0.005472,,0.013024,0.001152,4,4,48,4,1
972,0.255500,0.321600,0.042200,0.088100,0.043300,0.077900,0.003500,0.024064,0.005536,,0.011072,0.001088,4,4,48,4,1
973,0.254900,0.307000,0.041600,0.086600,0.043700,0.077000,0.005200,0.023808,0.005440,,0.011104,0.001152,4,4,48,4,1
974,0.263000,0.306300,0.041700,0.094800,0.043600,0.077200,0.005300,0.024192,0.005664,,0.011008,0.001152,4,4,48,4,1
975,0.270000,0.314700,0.047600,0.087400,0.043300,0.076700,0.014400,0.021888,0.005824,,0.010496,0.001184,4,4,48,4,1
976,0.274300,0.321400,0.042000,0.086600,0.045500,0.094400,0.005300,0.022240,0.006016,,0.013152,0.001152,4,4,48,4,1
977,0.252300,0.325700,0.041100,0.086100,0.042600,0.076700,0.005300,0.024128,0.005568,,0.011072,0.001184,4,4,48,4,1
978,0.253200,0.303900,0.041500,0.086200,0.043100,0.075800,0.006200,0.024096,0.005664,,0.011072,0.001088,4,4,48,4,1
979,0.251200,0.304200,0.041300,0.086000,0.042700,0.075300,0.005400,0.021856,0.005696,,0.013024,0.001152,4,4,48,4,1
980,0.261300,0.302300,0.041400,0.085900,0.042600,0.076100,0.015000,0.021696,0.005568,,0.010560,0.001184,4,4,48,4,1
981,0.264900,0.312600,0.042000,0.086500,0.047800,0.082300,0.005900,0.021632,0.005632,,0.013056,0.001152,4,4,48,4,1
982,0.254800,0.316600,0.041400,0.087300,0.042100,0.080000,0.003500,0.021664,0.005632,,0.013088,0.001056,4,4,48,4,1
983,0.251100,0.305900,0.041200,0.085800,0.042600,0.074900,0.006000,0.021632,0.005440,,0.012992,0.001184,4,4,48,4,1
984,0.259700,0.302700,0.041200,0.086600,0.040700,0.076900,0.013900,0.022304,0.005728,,0.010432,0.001088,4,4,48,4,1
985,0.250300,0.317500,0.040900,0.086100,0.042300,0.074600,0.006000,0.024192,0.005536,,0.012512,0.001152,4,4,48,4,1
986,0.261400,0.301600,0.041100,0.086100,0.042200,0.085800,0.005700,0.024384,0.005792,,0.011104,0.001120,4,4,48,4,1
987,0.307700,0.315800,0.041900,0.088800,0.043000,0.127400,0.006100,0.024384,0.005728,,0.011104,0.001152,4,4,48,4,1
988,0.261600,0.361900,0.043900,0.087200,0.043400,0.076200,0.010200,0.024128,0.005568,,0.011136,0.001120,4,4,48,4,1
989,0.266700,0.313600,0.041500,0.086400,0.042300,0.092200,0.003600,0.022496,0.005664,,0.013952,0.001152,4,4,48,4,1
990,0.259200,0.318500,0.041700,0.086700,0.042700,0.080400,0.007100,0.021984,0.005504,,0.010464,0.001088,4,4,48,4,1
991,0.254500,0.310400,0.041700,0.088500,0.042600,0.075100,0.006100,0.022272,0.005760,,0.010304,0.001088,4,4,48,4,1
992,0.261500,0.305500,0.041500,0.086500,0.042400,0.076400,0.014400,0.022240,0.005600,,0.010368,0.001152,4,4,48,4,1
993,0.251500,0.312600,0.041400,0.086500,0.042600,0.075300,0.004900,0.023968,0.005440,,0.012448,0.001152,4,4,48,4,1
994,0.259100,0.302800,0.041200,0.085800,0.044800,0.081200,0.005700,0.024384,0.005952,,0.011456,0.001088,4,4,48,4,1
995,0.275600,0.310300,0.041200,0.098900,0.042500,0.075000,0.017300,0.022464,0.005856,,0.010368,0.001184,4,4,48,4,1
996,0.258600,0.326800,0.041100,0.087700,0.042800,0.078200,0.008200,0.021664,0.005632,,0.010528,0.001088,4,4,48,4,1
997,0.260100,0.310200,0.041500,0.086400,0.041900,0.075400,0.014500,0.022112,0.005824,,0.010336,0.001152,4,4,48,4,1
998,0.269200,0.315100,0.041600,0.087400,0.044700,0.078300,0.017000,0.022208,0.005536,,0.010368,0.001120,4,4,48,4,1
999,0.282100,0.320400,0.041100,0.088700,0.041300,0.104600,0.005600,0.021952,0.005440,,0.010464,0.001152,4,4,48,4,1
1000,0.257900,0.333000,0.041600,0.086400,0.042900,0.081100,0.005300,0.023232,0.005728,,0.011808,0.001088,4,4,48,4,1
1001,0.307900,0.309300,0.041400,0.086700,0.020700,0.156200,0.002200,0.022464,0.005568,,0.013920,0.001184,4,4,48,4,1
1002,0.309600,0.362800,0.043600,0.125800,0.049400,0.085200,0.005000,0.022400,0.005792,,0.010368,0.001152,4,4,48,4,1
1003,0.281900,0.362700,0.042800,0.092800,0.045700,0.080300,0.019900,0.021984,0.005664,,0.012992,0.001088,4,4,48,4,1
1004,0.261300,0.333700,0.043300,0.089300,0.045300,0.078400,0.004500,0.021632,0.005632,,0.010496,0.001120,4,4,48,4,1
1005,0.259000,0.313300,0.041600,0.088500,0.044400,0.079600,0.004400,0.021312,0.005344,,0.010400,0.001152,4,4,48,4,1
1006,0.254100,0.310400,0.042400,0.087100,0.043500,0.076400,0.004200,0.024544,0.005920,,0.012512,0.001120,4,4,48,4,1
1007,0.268500,0.305400,0.041600,0.099900,0.043700,0.078400,0.004500,0.021184,0.005728,,0.010848,0.001120,4,4,48,4,1
1008,0.253500,0.320000,0.041800,0.087000,0.043700,0.076400,0.004200,0.021312,0.005632,,0.010304,0.001152,4,4,48,4,1
1009,0.343900,0.305000,0.042000,0.086600,0.042800,0.165600,0.006100,0.021472,0.005632,,0.010368,0.001088,4,4,48,4,1
1010,0.366500,0.424400,0.060400,0.133400,0.065400,0.101600,0.005200,0.022624,0.005824,,0.013856,0.001152,4,4,48,4,1
1011,0.314400,0.431000,0.050400,0.107800,0.054000,0.096300,0.005200,0.022624,0.005792,,0.013952,0.001120,4,4,48,4,1
1012,0.312800,0.378300,0.050500,0.106300,0.053100,0.097000,0.005200,0.021312,0.005408,,0.010432,0.001088,4,4,48,4,1
1013,0.307900,0.376700,0.049600,0.105800,0.053400,0.093400,0.005200,0.021728,0.005728,,0.010496,0.001120,4,4,48,4,1
1014,0.336400,0.393200,0.053100,0.116800,0.057600,0.102500,0.005900,0.021344,0.005344,,0.013120,0.001088,4,4,48,4,1
1015,0.317600,0.402000,0.050500,0.109200,0.053700,0.097800,0.005800,0.021920,0.005824,,0.010592,0.001120,4,4,48,4,1
1016,0.314200,0.381800,0.050300,0.106500,0.053000,0.097700,0.006300,0.022336,0.005728,,0.010304,0.001152,4,4,48,4,1
1017,0.310900,0.378200,0.049700,0.105300,0.053600,0.095000,0.006700,0.021568,0.005568,,0.013120,0.001120,4,4,48,4,1
1018,0.293700,0.374400,0.049700,0.114300,0.047800,0.076300,0.005200,0.024736,0.005824,,0.011488,0.001120,4,4,48,4,1
1019,0.261600,0.345200,0.041500,0.086800,0.043400,0.084700,0.004800,0.021632,0.005728,,0.010368,0.001152,4,4,48,4,1
1020,0.252700,0.340700,0.041300,0.087500,0.043400,0.075300,0.004700,0.024192,0.005568,,0.011232,0.001088,4,4,48,4,1
1021,0.251000,0.304100,0.041300,0.086400,0.042500,0.075100,0.005200,0.022432,0.005632,,0.010208,0.001184,4,4,48,4,1
1022,0.253300,0.301900,0.041300,0.085900,0.043300,0.075700,0.006700,0.022624,0.005824,,0.013888,0.001120,4,4,48,4,1
1023,0.270500,0.304300,0.041200,0.085700,0.042300,0.090700,0.010100,0.024512,0.005920,,0.011104,0.001120,4,4,48,4,1
1024,0.258800,0.321600,0.041200,0.086000,0.042300,0.080600,0.008200,0.022688,0.005888,,0.013920,0.001120,4,4,48,4,1
1025,0.260900,0.309700,0.041000,0.086400,0.042400,0.075600,0.015000,0.020960,0.005440,,0.012672,0.001184,4,4,48,4,1
1026,0.256600,0.311700,0.041300,0.085600,0.042400,0.081700,0.005100,0.021728,0.005632,,0.010592,0.001120,4,4,48,4,1
1027,0.261100,0.307600,0.041300,0.086100,0.042200,0.076500,0.014500,0.023872,0.005632,,0.011040,0.001120,4,4,48,4,1
1028,0.257600,0.311700,0.041000,0.086400,0.042900,0.082100,0.004800,0.021536,0.005856,,0.010176,0.001152,4,4,48,4,1
1029,0.251000,0.308700,0.041500,0.085600,0.042400,0.075300,0.005600,0.024224,0.005600,,0.012576,0.001152,4,4,48,4,1
1030,0.260600,0.302200,0.041000,0.085600,0.042800,0.076400,0.014300,0.020992,0.005536,,0.010912,0.001088,4,4,48,4,1
1031,0.263500,0.311400,0.041000,0.092000,0.042400,0.076000,0.011700,0.021856,0.005920,,0.013056,0.001088,4,4,48,4,1
1032,0.250600,0.314400,0.041100,0.085600,0.042400,0.075100,0.005700,0.024224,0.005760,,0.012416,0.001088,4,4,48,4,1
1033,0.257300,0.301500,0.041200,0.085200,0.042000,0.076100,0.012300,0.021824,0.005856,,0.010464,0.001120,4,4,48,4,1
1034,0.248700,0.308000,0.041300,0.085400,0.042300,0.074400,0.004800,0.024224,0.005632,,0.012416,0.001120,4,4,48,4,1
1035,0.265900,0.299300,0.040900,0.092900,0.042100,0.075400,0.014000,0.021152,0.005664,,0.010816,0.001152,4,4,48,4,1
1036,0.253000,0.317200,0.041700,0.085400,0.042000,0.080000,0.003300,0.023712,0.005600,,0.012032,0.001088,4,4,48,4,1
1037,0.302500,0.303900,0.041400,0.085500,0.015600,0.156700,0.002800,0.022464,0.005792,,0.010528,0.001120,4,4,48,4,1
1038,0.357000,0.368600,0.050800,0.142400,0.057100,0.101200,0.004900,0.021472,0.005568,,0.010432,0.001120,4,4,48,4,1
1039,0.313200,0.420700,0.050300,0.107200,0.053500,0.096800,0.004500,0.022400,0.005536,,0.013920,0.001152,4,4,48,4,1
1040,0.277700,0.376600,0.049600,0.095100,0.043300,0.077500,0.011600,0.021312,0.005696,,0.010560,0.001088,4,4,48,4,1
1041,0.261200,0.329400,0.041800,0.087100,0.043500,0.077400,0.011000,0.024512,0.005856,,0.012480,0.001152,4,4,48,4,1
1042,0.282100,0.312400,0.041100,0.106100,0.042700,0.084500,0.007100,0.021632,0.005696,,0.010400,0.001152,4,4,48,4,1
1043,0.258500,0.333500,0.041600,0.087200,0.042600,0.082600,0.004100,0.021024,0.005568,,0.010784,0.001120,4,4,48,4,1
1044,0.263900,0.309500,0.040900,0.086900,0.042300,0.088800,0.004500,0.021152,0.005664,,0.010208,0.001184,4,4,48,4,1
1045,0.257500,0.314900,0.041100,0.085800,0.043700,0.082200,0.004100,0.021280,0.005856,,0.010720,0.001152,4,4,48,4,1
1046,0.260900,0.309300,0.041100,0.086000,0.042800,0.085000,0.005600,0.021664,0.005472,,0.013120,0.001152,4,4,48,4,1
1047,0.260000,0.311800,0.041400,0.086300,0.042500,0.076500,0.012800,0.021728,0.005728,,0.010464,0.001120,4,4,48,4,1
1048,0.249400,0.311000,0.040800,0.085400,0.042300,0.074800,0.005800,0.024288,0.005760,,0.012384,0.001088,4,4,48,4,1
1049,0.267700,0.300300,0.046200,0.086300,0.042400,0.076400,0.015900,0.022656,0.005824,,0.013920,0.001120,4,4,48,4,1
1050,0.258900,0.318700,0.041100,0.086100,0.042700,0.075900,0.012800,0.021536,0.005504,,0.010464,0.001120,4,4,48,4,1
1051,0.256500,0.310100,0.041600,0.085500,0.042000,0.076000,0.010800,0.021088,0.005600,,0.010944,0.001152,4,4,48,4,1
1052,0.249700,0.307500,0.040900,0.085300,0.042500,0.074800,0.005800,0.024192,0.005728,,0.011040,0.001152,4,4,48,4,1
1053,0.257200,0.300900,0.040800,0.085300,0.042200,0.081800,0.006700,0.023808,0.005504,,0.011072,0.001152,4,4,48,4,1
1054,0.249300,0.308300,0.040900,0.085700,0.042100,0.074800,0.005300,0.021728,0.005664,,0.013088,0.001120,4,4,48,4,1
1055,0.251500,0.300000,0.040900,0.085100,0.042400,0.079000,0.003400,0.023648,0.005472,,0.012128,0.001088,4,4,48,4,1
1056,0.253800,0.302700,0.041100,0.085400,0.042800,0.076500,0.007600,0.022752,0.005760,,0.013952,0.001152,4,4,48,4,1
1057,0.386600,0.304200,0.054200,0.143300,0.049900,0.131800,0.006900,0.021920,0.005408,,0.010464,0.001184,4,4,48,4,1
1058,0.269800,0.438600,0.042100,0.090300,0.044400,0.086300,0.006200,0.021920,0.005856,,0.010496,0.001184,4,4,48,4,1
1059,0.270600,0.321000,0.041400,0.086900,0.043500,0.092500,0.005700,0.023936,0.005376,,0.011424,0.001152,4,4,48,4,1
1060,0.258400,0.322100,0.041000,0.086900,0.042600,0.081900,0.005600,0.021024,0.005632,,0.010880,0.001088,4,4,48,4,1
1061,0.251100,0.309100,0.041100,0.086500,0.042400,0.074800,0.005800,0.021728,0.005632,,0.010560,0.001152,4,4,48,4,1
1062,0.252500,0.302000,0.041000,0.086400,0.042900,0.076200,0.005600,0.024672,0.006016,,0.011136,0.001184,4,4,48,4,1
1063,0.273600,0.311900,0.043300,0.094300,0.042600,0.087100,0.005600,0.024064,0.005632,,0.011008,0.001120,4,4,48,4,1
1064,0.251500,0.324800,0.041200,0.085900,0.042800,0.075600,0.005600,0.023936,0.005504,,0.012544,0.001120,4,4,48,4,1
1065,0.260800,0.302500,0.041100,0.086100,0.042600,0.076300,0.014200,0.021440,0.005472,,0.010464,0.001120,4,4,48,4,1
1066,0.286100,0.311900,0.041500,0.112400,0.042600,0.076100,0.013000,0.021600,0.005696,,0.010464,0.001184,4,4,48,4,1
1067,0.252100,0.337300,0.041300,0.085900,0.043000,0.075800,0.005700,0.024416,0.005856,,0.011040,0.001152,4,4,48,4,1
1068,0.257100,0.303200,0.041000,0.085600,0.042200,0.076300,0.011600,0.021504,0.005952,,0.010464,0.001088,4,4,48,4,1
1069,0.263100,0.308200,0.041100,0.085800,0.042100,0.089800,0.003700,0.021728,0.005600,,0.013056,0.001120,4,4,48,4,1
1070,0.258700,0.314200,0.041300,0.086000,0.042400,0.076000,0.012600,0.021312,0.005856,,0.010560,0.001088,4,4,48,4,1
1071,0.252000,0.309500,0.041100,0.085800,0.042700,0.075800,0.006100,0.021664,0.005632,,0.010400,0.001088,4,4,48,4,1
1072,0.262600,0.302900,0.040800,0.085600,0.042500,0.087100,0.006000,0.022496,0.006080,,0.010112,0.001088,4,4,48,4,1
1073,0.259900,0.313500,0.040500,0.085700,0.042000,0.076300,0.014800,0.021248,0.005760,,0.010688,0.001088,4,4,48,4,1
1074,0.254300,0.310900,0.041200,0.085900,0.042700,0.080600,0.003400,0.023808,0.005504,,0.012160,0.001120,4,4,48,4,1
1075,0.251000,0.305500,0.041600,0.085300,0.042200,0.074800,0.006400,0.022720,0.005856,,0.013984,0.001088,4,4,48,4,1
1076,0.265000,0.302100,0.041200,0.091800,0.042700,0.075700,0.013300,0.021728,0.005760,,0.010496,0.001088,4,4,48,4,1
1077,0.257000,0.316100,0.041000,0.085300,0.042000,0.075900,0.012400,0.021920,0.005760,,0.012992,0.001120,4,4,48,4,1
1078,0.249600,0.307800,0.040800,0.085900,0.042000,0.075400,0.005100,0.022400,0.005600,,0.013920,0.001088,4,4,48,4,1
1079,0.249100,0.300900,0.041100,0.085400,0.041800,0.074600,0.005700,0.022304,0.005760,,0.010144,0.001120,4,4,48,4,1
1080,0.259600,0.299700,0.040900,0.085500,0.042500,0.076200,0.014100,0.022016,0.006080,,0.010432,0.001152,4,4,48,4,1
1081,0.257700,0.310600,0.041600,0.085400,0.042400,0.076100,0.011700,0.021632,0.005536,,0.010592,0.001152,4,4,48,4,1
1082,0.260500,0.308900,0.041000,0.085400,0.042500,0.086200,0.004900,0.021504,0.005472,,0.010464,0.001152,4,4,48,4,1
1083,0.251700,0.311700,0.041200,0.086300,0.042400,0.075700,0.005700,0.023840,0.005504,,0.011104,0.001152,4,4,48,4,1
1084,0.249700,0.302400,0.040800,0.085500,0.042000,0.075100,0.005700,0.022400,0.005568,,0.013920,0.001152,4,4,48,4,1
1085,0.250200,0.300300,0.041200,0.085700,0.042400,0.074800,0.005700,0.024832,0.005888,,0.011456,0.001152,4,4,48,4,1
1086,0.265600,0.301400,0.041100,0.085200,0.046500,0.074200,0.018200,0.021952,0.005696,,0.010400,0.001152,4,4,48,4,1
1087,0.251800,0.316400,0.041000,0.085800,0.041900,0.075400,0.007200,0.022528,0.005664,,0.013952,0.001152,4,4,48,4,1
1088,0.249700,0.302600,0.040900,0.085500,0.041900,0.074800,0.006000,0.022144,0.005248,,0.013984,0.001120,4,4,48,4,1
1089,0.265800,0.301100,0.041000,0.091100,0.042400,0.076600,0.014200,0.021792,0.005856,,0.010464,0.001120,4,4,48,4,1
1090,0.256500,0.316600,0.040900,0.085600,0.042200,0.076000,0.011200,0.021664,0.005696,,0.010432,0.001152,4,4,48,4,1
1091,0.258100,0.307500,0.041300,0.085700,0.042100,0.076300,0.012200,0.021792,0.005792,,0.010528,0.001088,4,4,48,4,1
1092,0.256700,0.308700,0.041200,0.085700,0.042500,0.076000,0.011000,0.021888,0.005888,,0.010464,0.001120,4,4,48,4,1
1093,0.248100,0.307300,0.040900,0.085300,0.042400,0.074100,0.005000,0.024064,0.005536,,0.011072,0.001184,4,4,48,4,1
1094,0.249000,0.299500,0.040700,0.085300,0.042400,0.075100,0.005100,0.022368,0.005760,,0.010080,0.001120,4,4,48,4,1
1095,0.256900,0.300400,0.041500,0.085200,0.042600,0.075200,0.011700,0.022336,0.005472,,0.012416,0.001152,4,4,48,4,1
1096,0.276500,0.308000,0.041300,0.086900,0.042600,0.098600,0.006600,0.021824,0.005888,,0.010400,0.001120,4,4,48,4,1
1097,0.256100,0.327400,0.041000,0.085000,0.042400,0.080700,0.006100,0.024864,0.005824,,0.011456,0.001184,4,4,48,4,1
1098,0.256900,0.307200,0.041000,0.085600,0.042200,0.076300,0.011500,0.021856,0.005824,,0.010560,0.001088,4,4,48,4,1
1099,0.249600,0.307600,0.041000,0.085700,0.042300,0.074600,0.005700,0.024288,0.005664,,0.011104,0.001152,4,4,48,4,1
1100,0.267800,0.300100,0.041300,0.085600,0.042100,0.092500,0.005800,0.022016,0.005760,,0.013152,0.001152,4,4,48,4,1
1101,0.259100,0.318700,0.041300,0.086100,0.042400,0.076200,0.012800,0.021664,0.005632,,0.013088,0.001120,4,4,48,4,1
1102,0.255600,0.310100,0.040900,0.091900,0.042000,0.074500,0.005800,0.024256,0.005664,,0.011040,0.001120,4,4,48,4,1
1103,0.249700,0.306400,0.042000,0.085600,0.042300,0.074500,0.005000,0.022240,0.005568,,0.012192,0.001184,4,4,48,4,1
1104,0.259400,0.300500,0.041000,0.085500,0.042100,0.075100,0.015200,0.022048,0.005824,,0.013120,0.001152,4,4,48,4,1
1105,0.258600,0.310200,0.041000,0.085200,0.042300,0.075500,0.014100,0.021120,0.005696,,0.010848,0.001120,4,4,48,4,1
1106,0.258500,0.309600,0.041100,0.085300,0.042200,0.075700,0.013800,0.021984,0.005824,,0.010560,0.001184,4,4,48,4,1
1107,0.323600,0.309500,0.041200,0.108400,0.043400,0.123100,0.007000,0.023520,0.005664,,0.012160,0.001184,4,4,48,4,1
1108,0.329700,0.389800,0.051600,0.113300,0.055900,0.102900,0.005400,0.021440,0.005568,,0.010368,0.001120,4,4,48,4,1
1109,0.334400,0.393900,0.050500,0.107500,0.053300,0.117100,0.005400,0.022464,0.005792,,0.010400,0.001184,4,4,48,4,1
1110,0.311100,0.398100,0.049700,0.105800,0.052800,0.096600,0.005500,0.021984,0.005824,,0.013088,0.001184,4,4,48,4,1
1111,0.310400,0.374900,0.050800,0.105400,0.052200,0.096000,0.005500,0.022496,0.005728,,0.013856,0.001120,4,4,48,4,1
1112,0.301100,0.374000,0.050300,0.126900,0.041900,0.077900,0.003500,0.023840,0.006016,,0.012992,0.001120,4,4,48,4,1
1113,0.252400,0.352300,0.041400,0.085200,0.042900,0.074600,0.008000,0.022080,0.005504,,0.010368,0.001152,4,4,48,4,1
1114,0.271000,0.325300,0.041500,0.086800,0.042600,0.088500,0.011200,0.020864,0.005344,,0.010464,0.001088,4,4,48,4,1
1115,0.251200,0.322300,0.041400,0.085700,0.042500,0.075000,0.006200,0.021984,0.005568,,0.010464,0.001120,4,4,48,4,1
1116,0.250700,0.301800,0.041100,0.085600,0.042400,0.075100,0.005700,0.022656,0.005760,,0.013920,0.001184,4,4,48,4,1
1117,0.255800,0.301600,0.041100,0.085200,0.042300,0.074800,0.011900,0.021984,0.005632,,0.010368,0.001152,4,4,48,4,1
1118,0.250400,0.306700,0.041000,0.085600,0.042300,0.074900,0.006000,0.022464,0.005632,,0.013856,0.001184,4,4,48,4,1
1119,0.258500,0.301400,0.041000,0.085300,0.042700,0.076300,0.012700,0.022176,0.005792,,0.013056,0.001088,4,4,48,4,1
1120,0.249100,0.309500,0.040900,0.085600,0.042100,0.074100,0.005800,0.022432,0.005632,,0.013920,0.001120,4,4,48,4,1
1121,0.257800,0.300400,0.041400,0.085100,0.042200,0.075800,0.012300,0.021888,0.005856,,0.010464,0.001184,4,4,48,4,1
1122,0.265500,0.309300,0.041300,0.085600,0.042500,0.089800,0.005700,0.020896,0.005504,,0.010944,0.001088,4,4,48,4,1
1123,0.259300,0.316400,0.041200,0.085400,0.042100,0.075900,0.014400,0.021824,0.005760,,0.010560,0.001120,4,4,48,4,1
1124,0.256200,0.309900,0.041000,0.091700,0.042500,0.074700,0.005800,0.022208,0.005600,,0.010400,0.001184,4,4,48,4,1
1125,0.257600,0.307100,0.041300,0.085600,0.042000,0.076100,0.011900,0.022208,0.006208,,0.010496,0.001120,4,4,48,4,1
1126,0.259600,0.308200,0.041700,0.085400,0.042100,0.076100,0.013900,0.021472,0.005536,,0.010432,0.001088,4,4,48,4,1
1127,0.260600,0.310600,0.041200,0.085200,0.042000,0.076400,0.015300,0.024256,0.005632,,0.012480,0.001152,4,4,48,4,1
1128,0.258400,0.311200,0.041000,0.084900,0.042300,0.075500,0.014300,0.022336,0.006240,,0.010528,0.001152,4,4,48,4,1
1129,0.256400,0.309700,0.041100,0.085300,0.041900,0.075300,0.012200,0.021504,0.005632,,0.010368,0.001088,4,4,48,4,1
1130,0.281700,0.307200,0.040900,0.101500,0.042300,0.091000,0.005600,0.021312,0.005888,,0.010880,0.001120,4,4,48,4,1
1131,0.257900,0.332700,0.041000,0.085900,0.042100,0.075600,0.012900,0.021376,0.005440,,0.010400,0.001152,4,4,48,4,1
1132,0.252000,0.309200,0.040800,0.085900,0.042300,0.074600,0.008000,0.022592,0.005664,,0.013888,0.001152,4,4,48,4,1
1133,0.251800,0.303200,0.041200,0.085400,0.042100,0.074900,0.007800,0.022784,0.005824,,0.013920,0.001152,4,4,48,4,1
1134,0.259300,0.302500,0.040900,0.085200,0.042500,0.075800,0.014500,0.021696,0.005824,,0.010496,0.001120,4,4,48,4,1
1135,0.261000,0.310100,0.041100,0.085600,0.046700,0.075900,0.011200,0.021376,0.005536,,0.010304,0.001152,4,4,48,4,1
1136,0.256900,0.311800,0.040900,0.085600,0.042100,0.075500,0.012300,0.021504,0.006016,,0.010784,0.001152,4,4,48,4,1
1137,0.266800,0.308000,0.040800,0.091400,0.041700,0.086400,0.005800,0.022304,0.005600,,0.012768,0.001152,4,4,48,4,1
1138,0.257200,0.317700,0.041200,0.085500,0.041900,0.075800,0.012400,0.021792,0.005856,,0.010368,0.001184,4,4,48,4,1
1139,0.249300,0.308300,0.041300,0.084900,0.042200,0.074700,0.005600,0.024192,0.005600,,0.012448,0.001152,4,4,48,4,1
1140,0.255900,0.300000,0.040900,0.084900,0.041800,0.075400,0.012500,0.021120,0.005600,,0.010944,0.001088,4,4,48,4,1
1141,0.249800,0.306700,0.041300,0.085600,0.041800,0.074800,0.005700,0.024288,0.005664,,0.011104,0.001152,4,4,48,4,1
1142,0.257200,0.300600,0.041100,0.085800,0.041900,0.075400,0.012600,0.021216,0.005600,,0.010112,0.001120,4,4,48,4,1
1143,0.261400,0.307800,0.040800,0.085400,0.042200,0.088300,0.004200,0.021600,0.005760,,0.010304,0.001152,4,4,48,4,1
1144,0.250200,0.312200,0.041000,0.085600,0.042500,0.075000,0.005800,0.024128,0.005568,,0.011136,0.001088,4,4,48,4,1
1145,0.259200,0.301000,0.040700,0.085400,0.042200,0.076000,0.014300,0.023936,0.005568,,0.011136,0.001152,4,4,48,4,1
1146,0.248900,0.309900,0.040900,0.085200,0.042300,0.074700,0.005200,0.021760,0.005696,,0.013056,0.001152,4,4,48,4,1
1147,0.248900,0.299900,0.041300,0.085200,0.042000,0.074200,0.005800,0.024064,0.005568,,0.011040,0.001088,4,4,48,4,1
1148,0.250000,0.299600,0.040600,0.085500,0.042400,0.075300,0.005800,0.021568,0.005792,,0.010336,0.001152,4,4,48,4,1
1149,0.256300,0.303300,0.045300,0.086300,0.041900,0.075800,0.006700,0.022464,0.005856,,0.010112,0.001120,4,4,48,4,1
1150,0.255100,0.306800,0.041000,0.092000,0.041700,0.074200,0.005900,0.024480,0.005920,,0.011104,0.001088,4,4,48,4,1
1151,0.250000,0.306200,0.040700,0.085900,0.042600,0.075200,0.005200,0.022112,0.005664,,0.012960,0.001152,4,4,48,4,1
1152,0.269700,0.300900,0.041300,0.098700,0.042000,0.080300,0.006900,0.023424,0.005824,,0.012064,0.001088,4,4,48,4,1
1153,0.249500,0.321200,0.041300,0.085500,0.041900,0.074200,0.006000,0.021888,0.005888,,0.010528,0.001088,4,4,48,4,1
1154,0.255400,0.300300,0.040900,0.085100,0.042200,0.081500,0.005200,0.021728,0.005696,,0.010496,0.001152,4,4,48,4,1
1155,0.259800,0.306200,0.041200,0.085500,0.042500,0.075600,0.014400,0.021728,0.005760,,0.010560,0.001120,4,4,48,4,1
1156,0.248900,0.310700,0.041300,0.085100,0.041600,0.074700,0.005700,0.024544,0.005920,,0.011136,0.001088,4,4,48,4,1
1157,0.349800,0.304600,0.041200,0.125900,0.048200,0.111100,0.022800,0.020864,0.005440,,0.012544,0.001152,4,4,48,4,1
1158,0.258100,0.401800,0.041600,0.088500,0.043200,0.077300,0.007100,0.022592,0.005696,,0.013952,0.001152,4,4,48,4,1
1159,0.266600,0.309100,0.041600,0.093500,0.043000,0.082400,0.005400,0.021952,0.005856,,0.010592,0.001120,4,4,48,4,1
1160,0.258100,0.317700,0.041400,0.086600,0.042700,0.082100,0.004900,0.021760,0.005792,,0.010400,0.001120,4,4,48,4,1
1161,0.256800,0.309300,0.041100,0.085700,0.042800,0.081800,0.004900,0.021568,0.005568,,0.010464,0.001152,4,4,48,4,1
1162,0.262200,0.307700,0.041000,0.085300,0.042000,0.088400,0.005200,0.021472,0.005536,,0.010432,0.001088,4,4,48,4,1
1163,0.281700,0.313100,0.041000,0.085900,0.061400,0.087000,0.005900,0.021344,0.005344,,0.013056,0.001152,4,4,48,4,1
1164,0.250800,0.333100,0.041500,0.085700,0.042600,0.074600,0.005700,0.023968,0.005568,,0.011136,0.001152,4,4,48,4,1
1165,0.255500,0.301600,0.040900,0.085800,0.042500,0.080800,0.005000,0.020928,0.005504,,0.010624,0.001120,4,4,48,4,1
1166,0.257900,0.306700,0.041400,0.085500,0.042500,0.076000,0.012000,0.021728,0.005600,,0.010592,0.001152,4,4,48,4,1
1167,0.253800,0.308700,0.041100,0.084900,0.042000,0.080500,0.004900,0.024160,0.005696,,0.011040,0.001088,4,4,48,4,1
1168,0.259300,0.304600,0.041400,0.085900,0.042000,0.075800,0.013700,0.021632,0.005664,,0.010400,0.001152,4,4,48,4,1
1169,0.267100,0.310100,0.047100,0.085900,0.042300,0.076500,0.014800,0.021088,0.005536,,0.010272,0.001120,4,4,48,4,1
1170,0.257600,0.318200,0.041300,0.085500,0.042700,0.076200,0.011400,0.021408,0.005888,,0.010976,0.001120,4,4,48,4,1
1171,0.299300,0.308200,0.051300,0.109100,0.047700,0.082600,0.008000,0.022112,0.005568,,0.010528,0.001120,4,4,48,4,1
1172,0.267200,0.350200,0.041700,0.085700,0.043800,0.088400,0.007000,0.021952,0.005408,,0.010272,0.001120,4,4,48,4,1
1173,0.290500,0.318100,0.044100,0.085100,0.046000,0.111000,0.003700,0.021536,0.005536,,0.010496,0.001120,4,4,48,4,1
1174,0.266600,0.342100,0.041200,0.092800,0.044500,0.081500,0.006100,0.022592,0.005728,,0.012448,0.001088,4,4,48,4,1
1175,0.259900,0.317500,0.041700,0.092900,0.042800,0.076100,0.006000,0.024128,0.005632,,0.011072,0.001120,4,4,48,4,1
1176,0.267700,0.310800,0.041100,0.086600,0.043300,0.090500,0.005800,0.024256,0.005632,,0.011712,0.001120,4,4,48,4,1
1177,0.268100,0.319800,0.042000,0.090900,0.043900,0.085000,0.005800,0.023840,0.005472,,0.012032,0.001120,4,4,48,4,1
1178,0.256100,0.321500,0.041200,0.087500,0.043600,0.076700,0.006600,0.022144,0.005664,,0.010272,0.001152,4,4,48,4,1
1179,0.261400,0.306900,0.041300,0.086400,0.042600,0.086700,0.003700,0.021664,0.005760,,0.010368,0.001152,4,4,48,4,1
1180,0.253500,0.312400,0.041300,0.086600,0.043000,0.076700,0.005200,0.021056,0.005664,,0.010848,0.001088,4,4,48,4,1
1181,0.260500,0.306900,0.041500,0.086300,0.042600,0.082500,0.007100,0.022112,0.005728,,0.010240,0.001152,4,4,48,4,1
1182,0.270000,0.311700,0.041300,0.094000,0.042400,0.076600,0.015100,0.021536,0.006048,,0.010816,0.001088,4,4,48,4,1
1183,0.263600,0.320800,0.041500,0.086300,0.042600,0.086700,0.005900,0.021728,0.005760,,0.010464,0.001120,4,4,48,4,1
1184,0.251700,0.314100,0.041300,0.085700,0.042900,0.075500,0.005800,0.024064,0.005408,,0.011104,0.001152,4,4,48,4,1
1185,0.258300,0.302400,0.041300,0.085900,0.042700,0.082500,0.005200,0.021600,0.005792,,0.010272,0.001152,4,4,48,4,1
1186,0.261000,0.309500,0.041400,0.085600,0.042600,0.077000,0.014000,0.021600,0.005760,,0.010368,0.001088,4,4,48,4,1
1187,0.262000,0.312400,0.041500,0.085500,0.042500,0.086200,0.005800,0.021376,0.005632,,0.010272,0.001120,4,4,48,4,1
1188,0.262200,0.312900,0.041400,0.086100,0.042700,0.085800,0.005800,0.021472,0.005504,,0.010400,0.001152,4,4,48,4,1
1189,0.261800,0.313100,0.041400,0.086600,0.042600,0.084800,0.005600,0.021824,0.005888,,0.010400,0.001152,4,4,48,4,1
1190,0.256700,0.312600,0.040600,0.085500,0.043000,0.081700,0.005400,0.022432,0.005568,,0.013920,0.001152,4,4,48,4,1
1191,0.255600,0.307600,0.041400,0.086000,0.042400,0.078000,0.007000,0.022080,0.005856,,0.010560,0.001152,4,4,48,4,1
1192,0.257000,0.306600,0.040900,0.085300,0.042300,0.082400,0.005600,0.021536,0.005600,,0.010400,0.001184,4,4,48,4,1
1193,0.251300,0.308000,0.041000,0.085800,0.042200,0.075600,0.006300,0.021088,0.005568,,0.010880,0.001184,4,4,48,4,1
1194,0.255500,0.302100,0.041100,0.085800,0.042100,0.080900,0.005200,0.024384,0.005792,,0.011072,0.001120,4,4,48,4,1
1195,0.260000,0.306700,0.041200,0.092800,0.041700,0.079000,0.004900,0.021216,0.005792,,0.010816,0.001152,4,4,48,4,1
1196,0.249300,0.310900,0.041000,0.085900,0.042500,0.074500,0.004700,0.021600,0.005600,,0.010464,0.001152,4,4,48,4,1
1197,0.251000,0.300400,0.041400,0.086100,0.042500,0.075800,0.004900,0.021120,0.005632,,0.010784,0.001184,4,4,48,4,1
1198,0.262900,0.302300,0.040800,0.085800,0.042400,0.087100,0.006200,0.021728,0.005792,,0.010464,0.001120,4,4,48,4,1
1199,0.265100,0.314000,0.042500,0.085800,0.043200,0.087600,0.005500,0.024256,0.005600,,0.012544,0.001152,4,4,48,4,1
1200,0.260400,0.316400,0.041300,0.086500,0.042800,0.084500,0.004900,0.021632,0.005728,,0.010432,0.001088,4,4,48,4,1
1201,0.264100,0.311600,0.043500,0.086100,0.042500,0.087900,0.003400,0.021408,0.005504,,0.010432,0.001152,4,4,48,4,1
1202,0.311500,0.315500,0.041300,0.088000,0.044400,0.127600,0.009500,0.022112,0.005696,,0.010432,0.001184,4,4,48,4,1
1203,0.344500,0.379000,0.057700,0.116400,0.057400,0.105500,0.007000,0.022464,0.005632,,0.013888,0.001152,4,4,48,4,1
1204,0.326000,0.408900,0.054600,0.108700,0.053900,0.094300,0.014000,0.022304,0.005376,,0.013920,0.001120,4,4,48,4,1
1205,0.296700,0.390300,0.050400,0.105100,0.044500,0.078600,0.017700,0.022048,0.006112,,0.010432,0.001120,4,4,48,4,1
1206,0.258300,0.348300,0.041500,0.087600,0.044700,0.079000,0.004900,0.024352,0.005760,,0.011072,0.001120,4,4,48,4,1
1207,0.271600,0.309800,0.041500,0.087100,0.043900,0.094300,0.004300,0.021568,0.005568,,0.010496,0.001120,4,4,48,4,1
1208,0.341200,0.323300,0.041200,0.127600,0.053400,0.113400,0.005000,0.023136,0.005472,,0.011840,0.001088,4,4,48,4,1
1209,0.302900,0.410300,0.061700,0.127200,0.025800,0.085500,0.002000,0.021184,0.005632,,0.010880,0.001152,4,4,48,4,1
1210,0.381700,0.377800,0.057100,0.151900,0.052800,0.113800,0.005500,0.022272,0.005888,,0.010304,0.001120,4,4,48,4,1
1211,0.336100,0.442100,0.042200,0.120800,0.058800,0.106300,0.007500,0.022176,0.005856,,0.010368,0.001152,4,4,48,4,1
1212,0.305600,0.388200,0.042300,0.113100,0.046300,0.089100,0.014200,0.021536,0.005696,,0.010368,0.001152,4,4,48,4,1
1213,0.293300,0.357500,0.042000,0.091500,0.059100,0.096000,0.003700,0.022144,0.005888,,0.012960,0.001152,4,4,48,4,1
1214,0.259000,0.344900,0.042200,0.088600,0.045100,0.078000,0.004800,0.023328,0.005440,,0.012160,0.001152,4,4,48,4,1
1215,0.275900,0.310400,0.041800,0.088400,0.044900,0.093600,0.006500,0.023808,0.005408,,0.010816,0.001152,4,4,48,4,1
1216,0.265000,0.327400,0.042600,0.088600,0.044600,0.084100,0.004600,0.024416,0.005760,,0.011616,0.001120,4,4,48,4,1
1217,0.253500,0.316000,0.041300,0.087900,0.043100,0.076100,0.004400,0.021728,0.005696,,0.010496,0.001152,4,4,48,4,1
1218,0.254600,0.304700,0.041200,0.087200,0.043700,0.076800,0.005200,0.022048,0.005856,,0.010656,0.001120,4,4,48,4,1
1219,0.255200,0.310800,0.041300,0.086400,0.044000,0.076900,0.005900,0.024256,0.005664,,0.011072,0.001184,4,4,48,4,1
1220,0.260600,0.306200,0.041400,0.087400,0.043600,0.076500,0.011400,0.021088,0.005504,,0.010240,0.001088,4,4,48,4,1
1221,0.257100,0.311700,0.041300,0.086100,0.042900,0.082800,0.003600,0.021216,0.005376,,0.010432,0.001056,4,4,48,4,1
1222,0.255700,0.308100,0.041100,0.086300,0.042500,0.080900,0.004400,0.021216,0.005760,,0.010784,0.001088,4,4,48,4,1
1223,0.255100,0.306500,0.041000,0.087000,0.042900,0.079500,0.004200,0.021888,0.005696,,0.013120,0.001184,4,4,48,4,1
1224,0.253500,0.306200,0.041500,0.085600,0.042700,0.079000,0.004200,0.021248,0.005376,,0.010464,0.001152,4,4,48,4,1
1225,0.255600,0.304100,0.041100,0.085600,0.047800,0.076300,0.004200,0.024288,0.005888,,0.011360,0.001152,4,4,48,4,1
1226,0.311800,0.306700,0.041200,0.085600,0.042500,0.138400,0.003600,0.021376,0.005696,,0.010560,0.001152,4,4,48,4,1
1227,0.260700,0.363000,0.041200,0.087300,0.042600,0.076500,0.012600,0.021248,0.005696,,0.010720,0.001184,4,4,48,4,1
1228,0.257100,0.312100,0.041300,0.086800,0.042600,0.081000,0.005100,0.020800,0.005312,,0.010912,0.001088,4,4,48,4,1
1229,0.258000,0.307900,0.040900,0.085500,0.042400,0.076200,0.012500,0.021248,0.005696,,0.010912,0.001152,4,4,48,4,1
1230,0.251000,0.308700,0.041300,0.086000,0.042300,0.075400,0.005700,0.024224,0.005664,,0.011104,0.001088,4,4,48,4,1
1231,0.255400,0.301900,0.041600,0.085500,0.042200,0.079700,0.005600,0.024288,0.005728,,0.011104,0.001152,4,4,48,4,1
1232,0.256500,0.306300,0.041100,0.085500,0.042400,0.076100,0.011000,0.021696,0.005568,,0.013120,0.001120,4,4,48,4,1
1233,0.257600,0.307200,0.040900,0.085600,0.042200,0.076100,0.012300,0.021760,0.005504,,0.013056,0.001152,4,4,48,4,1
1234,0.261400,0.308800,0.041300,0.085600,0.042200,0.075900,0.015800,0.024224,0.005568,,0.011136,0.001120,4,4,48,4,1
1235,0.257900,0.312400,0.041200,0.085400,0.042200,0.075800,0.012800,0.021920,0.005504,,0.012928,0.001152,4,4,48,4,1
1236,0.256300,0.308800,0.041200,0.085600,0.041900,0.076000,0.011100,0.021184,0.005472,,0.010208,0.001184,4,4,48,4,1
1237,0.249100,0.307400,0.041100,0.085100,0.041900,0.074800,0.005800,0.024320,0.005600,,0.011136,0.001088,4,4,48,4,1
1238,0.266400,0.299900,0.041500,0.091900,0.042300,0.076100,0.013800,0.021344,0.005504,,0.010336,0.001120,4,4,48,4,1
1239,0.259500,0.317600,0.041000,0.085100,0.042000,0.075600,0.015400,0.021088,0.005600,,0.010944,0.001088,4,4,48,4,1
1240,0.256300,0.310600,0.040800,0.085100,0.042200,0.075800,0.012000,0.021856,0.005792,,0.013088,0.001120,4,4,48,4,1
1241,0.258700,0.307100,0.041300,0.085400,0.041800,0.075600,0.013900,0.021632,0.005696,,0.010464,0.001088,4,4,48,4,1
1242,0.248900,0.309700,0.040500,0.085300,0.041900,0.075600,0.005100,0.023712,0.005472,,0.012064,0.001120,4,4,48,4,1
1243,0.251200,0.299500,0.041000,0.085900,0.042000,0.074900,0.006800,0.022368,0.005824,,0.010336,0.001152,4,4,48,4,1
1244,0.248900,0.302100,0.041000,0.085100,0.042400,0.074600,0.005500,0.022240,0.005696,,0.010400,0.001152,4,4,48,4,1
1245,0.284900,0.304900,0.040900,0.085800,0.057300,0.096800,0.003800,0.023872,0.005568,,0.011104,0.001120,4,4,48,4,1
1246,0.252700,0.335700,0.041500,0.086100,0.042300,0.078900,0.003400,0.022304,0.005760,,0.010080,0.001152,4,4,48,4,1
1247,0.249500,0.303500,0.041000,0.085300,0.042100,0.074800,0.005900,0.022592,0.005760,,0.013952,0.001120,4,4,48,4,1
1248,0.247600,0.300400,0.040700,0.085000,0.042000,0.074400,0.005300,0.024352,0.005824,,0.011104,0.001120,4,4,48,4,1
1249,0.258000,0.298300,0.040900,0.085700,0.041900,0.075400,0.013500,0.021568,0.005472,,0.010528,0.001184,4,4,48,4,1
1250,0.257400,0.308800,0.041500,0.085500,0.042000,0.075900,0.012200,0.022080,0.005664,,0.012992,0.001088,4,4,48,4,1
1251,0.263400,0.308400,0.041100,0.091900,0.042400,0.076500,0.011100,0.021376,0.005632,,0.010464,0.001152,4,4,48,4,1
1252,0.255400,0.314200,0.041100,0.085300,0.041800,0.081700,0.005100,0.021696,0.005824,,0.010304,0.001120,4,4,48,4,1
1253,0.249400,0.306200,0.041200,0.085200,0.041900,0.074700,0.005800,0.021408,0.005472,,0.010400,0.001152,4,4,48,4,1
1254,0.271700,0.300400,0.041000,0.096900,0.042200,0.075700,0.015200,0.021792,0.005760,,0.010464,0.001152,4,4,48,4,1
1255,0.286300,0.322400,0.040600,0.085000,0.067500,0.077700,0.015000,0.021600,0.005664,,0.010464,0.001152,4,4,48,4,1
1256,0.262200,0.337400,0.040800,0.086000,0.053900,0.075200,0.005700,0.024000,0.005472,,0.011232,0.001088,4,4,48,4,1
1257,0.265400,0.313000,0.040800,0.086000,0.041700,0.090800,0.005600,0.024192,0.005600,,0.012512,0.001088,4,4,48,4,1
1258,0.309200,0.316500,0.040800,0.085800,0.042100,0.130300,0.009700,0.023776,0.005632,,0.012032,0.001120,4,4,48,4,1
1259,0.358300,0.404000,0.058300,0.115900,0.056100,0.122000,0.005100,0.022144,0.005568,,0.010400,0.001088,4,4,48,4,1
1260,0.314900,0.423000,0.049900,0.107800,0.053300,0.098300,0.005000,0.022528,0.005696,,0.013920,0.001120,4,4,48,4,1
1261,0.316500,0.378200,0.050000,0.105200,0.053200,0.102400,0.005100,0.023648,0.005568,,0.011968,0.001120,4,4,48,4,1
1262,0.307800,0.380500,0.049900,0.105500,0.052400,0.095100,0.004400,0.022176,0.005632,,0.010272,0.001152,4,4,48,4,1
1263,0.299800,0.378500,0.049400,0.105000,0.052600,0.087800,0.004300,0.022400,0.005792,,0.010432,0.001152,4,4,48,4,1
1264,0.252300,0.350900,0.040900,0.086500,0.043600,0.077500,0.003300,0.021536,0.005600,,0.010496,0.001184,4,4,48,4,1
1265,0.266200,0.303400,0.041000,0.086200,0.042400,0.091500,0.004600,0.022144,0.005632,,0.010464,0.001184,4,4,48,4,1
1266,0.253900,0.317000,0.040700,0.086300,0.042700,0.078900,0.005000,0.024224,0.005664,,0.011264,0.001088,4,4,48,4,1
1267,0.258800,0.305200,0.041000,0.085300,0.043100,0.076100,0.012600,0.021888,0.005824,,0.013088,0.001120,4,4,48,4,1
1268,0.258600,0.309900,0.041000,0.085900,0.043000,0.084700,0.003500,0.021632,0.005600,,0.010464,0.001184,4,4,48,4,1
1269,0.258900,0.309700,0.041000,0.093800,0.042400,0.076400,0.004800,0.023104,0.005408,,0.011776,0.001184,4,4,48,4,1
1270,0.251300,0.310000,0.041600,0.086200,0.042000,0.075200,0.005800,0.021952,0.005888,,0.013056,0.001152,4,4,48,4,1
1271,0.251000,0.302600,0.041200,0.085700,0.042600,0.075300,0.005600,0.022752,0.005472,,0.011456,0.001120,4,4,48,4,1
1272,0.258300,0.301700,0.040900,0.085600,0.042700,0.076000,0.012600,0.021728,0.005696,,0.013120,0.001120,4,4,48,4,1
1273,0.257100,0.309200,0.041000,0.085700,0.042500,0.076600,0.010900,0.021696,0.005696,,0.010400,0.001184,4,4,48,4,1
1274,0.274100,0.308100,0.041200,0.091200,0.046600,0.086400,0.008200,0.021600,0.005504,,0.013088,0.001184,4,4,48,4,1
1275,0.263100,0.325900,0.041000,0.085400,0.042900,0.089600,0.003700,0.021088,0.005664,,0.010464,0.001120,4,4,48,4,1
1276,0.256800,0.314100,0.041400,0.086000,0.042000,0.075700,0.011200,0.021792,0.005984,,0.010304,0.001088,4,4,48,4,1
1277,0.271000,0.307800,0.041300,0.085500,0.042200,0.091500,0.010000,0.021248,0.005344,,0.010528,0.001120,4,4,48,4,1
1278,0.249500,0.322000,0.040700,0.085700,0.042000,0.074900,0.005700,0.021664,0.005472,,0.010208,0.001120,4,4,48,4,1
1279,0.258900,0.300600,0.040700,0.085100,0.042000,0.076200,0.014400,0.021472,0.005504,,0.010496,0.001152,4,4,48,4,1
1280,0.257400,0.309700,0.041000,0.085000,0.042000,0.076200,0.012600,0.022336,0.005472,,0.013952,0.001120,4,4,48,4,1
1281,0.251900,0.308300,0.040900,0.085800,0.042400,0.076100,0.005800,0.024320,0.005664,,0.011136,0.001152,4,4,48,4,1
1282,0.258000,0.302800,0.041000,0.093200,0.042200,0.075300,0.005800,0.023936,0.005408,,0.011104,0.001120,4,4,48,4,1
1283,0.250300,0.309000,0.040800,0.085500,0.042200,0.075500,0.005800,0.024448,0.005824,,0.011104,0.001152,4,4,48,4,1
1284,0.253100,0.301400,0.040900,0.085100,0.041900,0.077400,0.007600,0.021824,0.005824,,0.013088,0.001152,4,4,48,4,1
1285,0.250500,0.303700,0.040900,0.085700,0.041600,0.074600,0.007400,0.022720,0.005856,,0.013856,0.001152,4,4,48,4,1
1286,0.256300,0.301200,0.040900,0.085400,0.041900,0.075700,0.012000,0.021472,0.005504,,0.010464,0.001088,4,4,48,4,1
1287,0.256500,0.307200,0.041000,0.085400,0.042900,0.075800,0.010900,0.021088,0.005696,,0.010752,0.001120,4,4,48,4,1
1288,0.255500,0.307300,0.040900,0.085100,0.042400,0.079700,0.007000,0.021600,0.005472,,0.010464,0.001152,4,4,48,4,1
1289,0.252800,0.306500,0.040600,0.085000,0.042600,0.078900,0.005300,0.021792,0.005856,,0.010400,0.001152,4,4,48,4,1
1290,0.256000,0.303700,0.040400,0.085400,0.041900,0.075900,0.011900,0.021728,0.005760,,0.010432,0.001120,4,4,48,4,1
1291,0.249700,0.306600,0.041200,0.085100,0.042300,0.075400,0.005200,0.021888,0.005856,,0.010528,0.001152,4,4,48,4,1
1292,0.258900,0.300200,0.040600,0.085700,0.042100,0.075400,0.014700,0.021664,0.005600,,0.013024,0.001152,4,4,48,4,1
1293,0.255400,0.309800,0.041200,0.085200,0.042000,0.080600,0.006000,0.024160,0.005664,,0.011104,0.001152,4,4,48,4,1
1294,0.248600,0.306100,0.041300,0.085500,0.041700,0.074600,0.005200,0.022336,0.005728,,0.010304,0.001088,4,4,48,4,1
1295,0.283600,0.299400,0.041200,0.092200,0.041900,0.100100,0.007600,0.022176,0.005504,,0.010400,0.001120,4,4,48,4,1
1296,0.331700,0.350900,0.051700,0.118100,0.055600,0.100400,0.005300,0.022432,0.005824,,0.010368,0.001088,4,4,48,4,1
1297,0.313400,0.396100,0.050100,0.108100,0.054000,0.095100,0.005600,0.022304,0.005472,,0.013920,0.001120,4,4,48,4,1
1298,0.309200,0.377400,0.049600,0.106200,0.053000,0.094400,0.005400,0.021888,0.005728,,0.013120,0.001120,4,4,48,4,1
1299,0.309700,0.372400,0.049400,0.105100,0.052600,0.096300,0.005600,0.022272,0.005760,,0.010528,0.001152,4,4,48,4,1
1300,0.330300,0.372900,0.049600,0.137000,0.045800,0.093000,0.004400,0.021728,0.005504,,0.013120,0.001184,4,4,48,4,1
1301,0.331000,0.382300,0.042200,0.089500,0.051700,0.117600,0.029300,0.022304,0.005728,,0.010496,0.001152,4,4,48,4,1
1302,0.313800,0.394000,0.049900,0.106600,0.052100,0.096500,0.008300,0.022496,0.005568,,0.013952,0.001184,4,4,48,4,1
1303,0.303700,0.377300,0.049000,0.103800,0.051600,0.091600,0.007200,0.021216,0.005696,,0.012576,0.001152,4,4,48,4,1
1304,0.251100,0.363300,0.040900,0.085800,0.042600,0.075400,0.006000,0.024192,0.005632,,0.011072,0.001120,4,4,48,4,1
1305,0.518600,0.302400,0.212800,0.131100,0.055800,0.108500,0.009800,0.021952,0.005632,,0.010464,0.001152,4,4,48,4,1
1306,0.335000,0.587000,0.053600,0.116300,0.057000,0.100900,0.006800,0.020864,0.005344,,0.012608,0.001152,4,4,48,4,1
1307,0.316900,0.398900,0.053900,0.107900,0.052700,0.095600,0.006300,0.022560,0.005632,,0.013920,0.001120,4,4,48,4,1
1308,0.308800,0.380200,0.049400,0.104400,0.052800,0.095800,0.005700,0.022176,0.005664,,0.010496,0.001120,4,4,48,4,1
1309,0.297400,0.364300,0.062000,0.095400,0.046100,0.089400,0.004000,0.024288,0.005632,,0.011200,0.001120,4,4,48,4,1
1310,0.262000,0.359000,0.042100,0.087900,0.043400,0.083200,0.005000,0.021696,0.005632,,0.010496,0.001184,4,4,48,4,1
1311,0.253800,0.313500,0.041700,0.086800,0.043000,0.076000,0.005800,0.023776,0.005600,,0.012128,0.001120,4,4,48,4,1
1312,0.259400,0.304800,0.041200,0.086500,0.042400,0.076700,0.012100,0.021280,0.005824,,0.010816,0.001152,4,4,48,4,1
1313,0.257400,0.310500,0.041000,0.086400,0.042400,0.082200,0.004900,0.021984,0.005600,,0.013024,0.001088,4,4,48,4,1
1314,0.262400,0.308500,0.041000,0.086400,0.042100,0.087000,0.005500,0.022432,0.005792,,0.012704,0.001120,4,4,48,4,1
1315,0.259900,0.313000,0.041100,0.085600,0.042500,0.084900,0.005600,0.021024,0.005536,,0.010656,0.001152,4,4,48,4,1
1316,0.265400,0.311000,0.040900,0.091400,0.042500,0.076600,0.013600,0.021632,0.005696,,0.010400,0.001152,4,4,48,4,1
1317,0.259400,0.316600,0.041100,0.085500,0.042700,0.085300,0.004300,0.021184,0.005664,,0.010592,0.001152,4,4,48,4,1
1318,0.259700,0.310100,0.041100,0.085700,0.042100,0.076000,0.014300,0.022688,0.005952,,0.013856,0.001088,4,4,48,4,1
1319,0.253400,0.311000,0.040700,0.085600,0.042400,0.080800,0.003400,0.021216,0.005600,,0.010752,0.001184,4,4,48,4,1
1320,0.258600,0.304300,0.041300,0.085600,0.042000,0.080900,0.008300,0.021536,0.005376,,0.010432,0.001184,4,4,48,4,1
1321,0.256300,0.309300,0.046600,0.085700,0.042500,0.074700,0.006200,0.024384,0.005632,,0.011392,0.001120,4,4,48,4,1
1322,0.257000,0.307500,0.040800,0.085200,0.042500,0.076300,0.011700,0.021568,0.005504,,0.010496,0.001152,4,4,48,4,1
1323,0.280000,0.308500,0.041200,0.102600,0.042400,0.088800,0.004500,0.021120,0.005600,,0.010880,0.001152,4,4,48,4,1
1324,0.250100,0.331400,0.040900,0.085800,0.042300,0.075000,0.005700,0.024288,0.005664,,0.012384,0.001152,4,4,48,4,1
1325,0.266600,0.300800,0.041100,0.085700,0.041900,0.091600,0.005700,0.021792,0.005792,,0.010528,0.001152,4,4,48,4,1
1326,0.259300,0.318000,0.040800,0.086200,0.041700,0.075300,0.014800,0.021760,0.005664,,0.013024,0.001088,4,4,48,4,1
1327,0.261700,0.310300,0.041100,0.085200,0.047700,0.076200,0.011000,0.021856,0.005856,,0.010464,0.001088,4,4,48,4,1
1328,0.249600,0.312800,0.041400,0.085700,0.042000,0.074700,0.005100,0.024128,0.005504,,0.011104,0.001152,4,4,48,4,1
1329,0.249500,0.300500,0.041500,0.085300,0.041800,0.074600,0.005800,0.024160,0.005600,,0.011072,0.001152,4,4,48,4,1
1330,0.249300,0.300500,0.041100,0.085900,0.042100,0.074100,0.005700,0.022432,0.005888,,0.010272,0.001120,4,4,48,4,1
1331,0.256000,0.300300,0.040900,0.084800,0.042200,0.076000,0.011600,0.021792,0.005824,,0.010496,0.001088,4,4,48,4,1
1332,0.258700,0.306800,0.041000,0.084800,0.041900,0.075900,0.014700,0.022208,0.005760,,0.013024,0.001152,4,4,48,4,1
1333,0.256500,0.309800,0.040900,0.084900,0.042100,0.075500,0.012700,0.021600,0.005664,,0.010432,0.001120,4,4,48,4,1
1334,0.267800,0.307600,0.046400,0.086500,0.045200,0.085800,0.003500,0.022400,0.005440,,0.013984,0.001152,4,4,48,4,1
1335,0.277800,0.318800,0.041000,0.086000,0.042300,0.101000,0.006800,0.021248,0.005856,,0.010720,0.001120,4,4,48,4,1
1336,0.251600,0.328900,0.041600,0.085400,0.042100,0.075900,0.006100,0.022656,0.005888,,0.013856,0.001120,4,4,48,4,1
1337,0.261100,0.303000,0.040300,0.085400,0.042700,0.076100,0.016100,0.023264,0.005472,,0.011488,0.001152,4,4,48,4,1
1338,0.258600,0.312000,0.041000,0.085500,0.041800,0.075200,0.014600,0.022752,0.005760,,0.013952,0.001152,4,4,48,4,1
1339,0.255600,0.320600,0.040500,0.085100,0.042500,0.079400,0.007500,0.022272,0.005856,,0.010400,0.001152,4,4,48,4,1
1340,0.262600,0.306100,0.041000,0.085200,0.047400,0.076300,0.012300,0.021664,0.005600,,0.010464,0.001152,4,4,48,4,1
1341,0.255800,0.313600,0.041100,0.085500,0.042400,0.075500,0.010800,0.021024,0.005472,,0.010144,0.001088,4,4,48,4,1
1342,0.261200,0.306700,0.040700,0.085400,0.042200,0.086800,0.005700,0.020928,0.005504,,0.010720,0.001120,4,4,48,4,1
1343,0.250100,0.316700,0.041000,0.086200,0.042100,0.074500,0.005700,0.024000,0.005664,,0.011072,0.001152,4,4,48,4,1
1344,0.260600,0.301400,0.040800,0.085600,0.042100,0.076300,0.015400,0.023968,0.005568,,0.012544,0.001120,4,4,48,4,1
1345,0.249400,0.311300,0.041100,0.085100,0.042200,0.074700,0.005700,0.024352,0.005920,,0.012384,0.001152,4,4,48,4,1
1346,0.256500,0.300400,0.041200,0.085200,0.042000,0.075700,0.011700,0.021472,0.005440,,0.010528,0.001120,4,4,48,4,1
1347,0.250900,0.316400,0.041300,0.085700,0.042500,0.074900,0.005700,0.023872,0.005600,,0.011072,0.001120,4,4,48,4,1
1348,0.249100,0.301400,0.040800,0.085400,0.042100,0.074700,0.005700,0.021600,0.005760,,0.010368,0.001088,4,4,48,4,1
1349,0.258100,0.299700,0.041000,0.086100,0.042100,0.075200,0.013100,0.021056,0.005568,,0.010400,0.001120,4,4,48,4,1
1350,0.256400,0.309100,0.040700,0.084900,0.041800,0.075800,0.012400,0.021984,0.005600,,0.012224,0.001088,4,4,48,4,1
1351,0.261000,0.307200,0.041400,0.085500,0.042100,0.076000,0.015300,0.023840,0.005600,,0.011008,0.001120,4,4,48,4,1
1352,0.250500,0.312100,0.041400,0.085500,0.042200,0.074800,0.005900,0.024000,0.005536,,0.011072,0.001152,4,4,48,4,1
1353,0.484900,0.301700,0.040900,0.089300,0.156800,0.190700,0.006500,0.021920,0.005632,,0.010432,0.001088,4,4,48,4,1
1354,0.267000,0.537800,0.042700,0.092400,0.044800,0.079900,0.006800,0.022400,0.005888,,0.010304,0.001088,4,4,48,4,1
1355,0.282000,0.318200,0.041400,0.087100,0.043800,0.091800,0.017500,0.021632,0.005760,,0.010464,0.001088,4,4,48,4,1
1356,0.260300,0.333000,0.041600,0.086700,0.042700,0.076400,0.012400,0.021856,0.005888,,0.010432,0.001152,4,4,48,4,1
1357,0.258700,0.311400,0.041300,0.085800,0.042500,0.076100,0.012500,0.021024,0.005600,,0.012480,0.001184,4,4,48,4,1
1358,0.250000,0.309300,0.041200,0.085500,0.042900,0.074400,0.005300,0.022240,0.005792,,0.010496,0.001120,4,4,48,4,1
1359,0.260400,0.304800,0.041200,0.093000,0.042600,0.075300,0.007900,0.022368,0.005408,,0.013984,0.001184,4,4,48,4,1
1360,0.259000,0.311300,0.041200,0.086500,0.042200,0.075900,0.012700,0.021248,0.005760,,0.012608,0.001120,4,4,48,4,1
1361,0.256900,0.310200,0.041100,0.085700,0.042200,0.076300,0.011000,0.021696,0.005504,,0.013184,0.001152,4,4,48,4,1
1362,0.272800,0.308100,0.041100,0.098200,0.042400,0.076100,0.014600,0.024512,0.005856,,0.011168,0.001120,4,4,48,4,1
1363,0.250300,0.323600,0.041300,0.085100,0.042200,0.075800,0.005100,0.023808,0.005472,,0.011040,0.001152,4,4,48,4,1
1364,0.256600,0.301500,0.041000,0.085400,0.042600,0.075900,0.011300,0.021600,0.005504,,0.013088,0.001184,4,4,48,4,1
1365,0.263200,0.307400,0.041000,0.085700,0.042100,0.089300,0.004600,0.022080,0.005472,,0.010400,0.001152,4,4,48,4,1
1366,0.253200,0.314000,0.041600,0.086000,0.042100,0.075400,0.007400,0.022368,0.005536,,0.010400,0.001152,4,4,48,4,1
1367,0.250200,0.304000,0.041100,0.085300,0.042300,0.074900,0.006000,0.024096,0.005536,,0.011104,0.001152,4,4,48,4,1
1368,0.257000,0.301200,0.041000,0.085600,0.042500,0.076100,0.011300,0.020992,0.005600,,0.012544,0.001088,4,4,48,4,1
1369,0.258700,0.307600,0.041400,0.085500,0.042000,0.075400,0.013900,0.021472,0.005472,,0.010496,0.001152,4,4,48,4,1
1370,0.260600,0.309500,0.041000,0.085600,0.042200,0.075600,0.015600,0.024096,0.005856,,0.011040,0.001120,4,4,48,4,1
1371,0.256700,0.311700,0.040900,0.085000,0.042400,0.075700,0.012100,0.021280,0.005472,,0.010272,0.001152,4,4,48,4,1
1372,0.263300,0.307500,0.040900,0.093200,0.042400,0.076500,0.010000,0.021856,0.005824,,0.010528,0.001088,4,4,48,4,1
1373,0.249300,0.314400,0.040900,0.085300,0.042500,0.074400,0.005700,0.024224,0.005600,,0.012512,0.001152,4,4,48,4,1
1374,0.259300,0.300000,0.041100,0.086500,0.042700,0.076000,0.012700,0.021728,0.005536,,0.013184,0.001120,4,4,48,4,1
1375,0.251600,0.310600,0.040900,0.086100,0.043000,0.075100,0.005900,0.024224,0.005664,,0.011200,0.001152,4,4,48,4,1
1376,0.257800,0.302500,0.040800,0.085900,0.042100,0.076200,0.012400,0.021824,0.005792,,0.010528,0.001120,4,4,48,4,1
1377,0.252900,0.308700,0.040900,0.085400,0.042100,0.080600,0.003400,0.024256,0.005888,,0.010784,0.001152,4,4,48,4,1
1378,0.279800,0.303600,0.041600,0.101700,0.042400,0.080600,0.013000,0.021568,0.005312,,0.010528,0.001088,4,4,48,4,1
1379,0.257300,0.330600,0.041200,0.085300,0.042200,0.075300,0.012900,0.021760,0.005632,,0.012960,0.001120,4,4,48,4,1
1380,0.250600,0.308100,0.040900,0.086000,0.042500,0.074700,0.006200,0.024416,0.005728,,0.011104,0.001088,4,4,48,4,1
1381,0.257400,0.301600,0.041300,0.086000,0.041800,0.075300,0.012500,0.021888,0.005792,,0.010560,0.001120,4,4,48,4,1
1382,0.260500,0.308300,0.041100,0.085300,0.042600,0.075900,0.015300,0.022336,0.005440,,0.013952,0.001120,4,4,48,4,1
1383,0.251800,0.311300,0.041300,0.086500,0.042800,0.074800,0.006000,0.023968,0.005664,,0.011136,0.001088,4,4,48,4,1
1384,0.249500,0.302700,0.040500,0.085800,0.042200,0.074600,0.005900,0.021536,0.005536,,0.010496,0.001152,4,4,48,4,1
1385,0.264900,0.300500,0.040900,0.091700,0.042600,0.076300,0.013100,0.021472,0.005600,,0.010368,0.001120,4,4,48,4,1
1386,0.256300,0.315900,0.041000,0.085200,0.042200,0.075600,0.011800,0.021184,0.005632,,0.010912,0.001152,4,4,48,4,1
1387,0.255600,0.307300,0.040800,0.085700,0.042500,0.075300,0.010900,0.021280,0.005248,,0.010496,0.001120,4,4,48,4,1
1388,0.261000,0.306600,0.041100,0.085200,0.042300,0.086100,0.005700,0.021568,0.005632,,0.010400,0.001152,4,4,48,4,1
1389,0.256900,0.311700,0.041000,0.085600,0.041700,0.076000,0.012000,0.022144,0.005632,,0.013056,0.001184,4,4,48,4,1
1390,0.259200,0.307800,0.041200,0.085400,0.041900,0.075500,0.014700,0.021824,0.005664,,0.013120,0.001152,4,4,48,4,1
1391,0.268100,0.310200,0.040900,0.086500,0.042400,0.090900,0.006800,0.024288,0.005632,,0.012416,0.001152,4,4,48,4,1
1392,0.250300,0.319500,0.041500,0.085800,0.042200,0.074600,0.005800,0.022528,0.005600,,0.013888,0.001120,4,4,48,4,1
1393,0.257300,0.301000,0.041100,0.085100,0.041800,0.076100,0.012600,0.021280,0.005632,,0.010176,0.001120,4,4,48,4,1
1394,0.248900,0.308400,0.040900,0.085300,0.042100,0.074600,0.005700,0.021088,0.005344,,0.010208,0.001152,4,4,48,4,1
1395,0.255600,0.299900,0.041100,0.092000,0.041700,0.074300,0.006000,0.021632,0.005696,,0.010400,0.001152,4,4,48,4,1
1396,0.249600,0.306600,0.041100,0.085100,0.042300,0.075000,0.005700,0.022400,0.005536,,0.013984,0.001120,4,4,48,4,1
1397,0.251100,0.300600,0.040800,0.085200,0.042300,0.075800,0.006400,0.023584,0.005856,,0.011360,0.001152,4,4,48,4,1
1398,0.265300,0.302000,0.046100,0.092000,0.042000,0.081300,0.003400,0.021728,0.005632,,0.010560,0.001152,4,4,48,4,1
1399,0.259500,0.316400,0.044000,0.085100,0.042000,0.080100,0.007500,0.022208,0.005696,,0.010560,0.001088,4,4,48,4,1
1400,0.261100,0.310600,0.041200,0.085800,0.042000,0.085700,0.006300,0.020896,0.005504,,0.010496,0.001088,4,4,48,4,1
1401,0.261600,0.312100,0.040900,0.085500,0.042400,0.075500,0.016700,0.022176,0.005728,,0.012992,0.001184,4,4,48,4,1
1402,0.392600,0.320900,0.084900,0.136900,0.056300,0.107200,0.006600,0.022272,0.005760,,0.010464,0.001152,4,4,48,4,1
1403,0.314600,0.459400,0.050600,0.107200,0.053800,0.096900,0.005500,0.021824,0.005824,,0.010464,0.001152,4,4,48,4,1
1404,0.314400,0.378600,0.049400,0.109000,0.053100,0.096900,0.005500,0.022624,0.005792,,0.013920,0.001152,4,4,48,4,1
1405,0.305600,0.378500,0.049400,0.104000,0.052400,0.094300,0.005000,0.024128,0.005664,,0.011392,0.001152,4,4,48,4,1
1406,0.323600,0.368800,0.050000,0.121400,0.054700,0.088100,0.008500,0.021312,0.005472,,0.010464,0.001152,4,4,48,4,1
1407,0.269100,0.375600,0.042100,0.089400,0.043300,0.088200,0.005600,0.021664,0.005536,,0.010592,0.001152,4,4,48,4,1
1408,0.264800,0.320500,0.041100,0.086900,0.043300,0.076700,0.016400,0.021792,0.005376,,0.010432,0.001120,4,4,48,4,1
1409,0.261600,0.316100,0.041100,0.085900,0.042400,0.077100,0.014700,0.021632,0.005600,,0.010528,0.001152,4,4,48,4,1
1410,0.257200,0.312500,0.041000,0.085800,0.042800,0.082600,0.004600,0.022016,0.006016,,0.010496,0.001120,4,4,48,4,1
1411,0.261600,0.308100,0.041200,0.086100,0.042900,0.076800,0.014100,0.024096,0.005568,,0.011104,0.001088,4,4,48,4,1
1412,0.261100,0.318000,0.041000,0.087000,0.042600,0.077700,0.012400,0.024288,0.005664,,0.011104,0.001088,4,4,48,4,1
1413,0.269900,0.312100,0.041300,0.086100,0.055100,0.082000,0.004900,0.021408,0.005792,,0.010400,0.001152,4,4,48,4,1
1414,0.256500,0.320800,0.040600,0.086200,0.041900,0.076900,0.010200,0.021888,0.005888,,0.010432,0.001152,4,4,48,4,1
1415,0.250300,0.307500,0.041100,0.085400,0.043000,0.075600,0.004500,0.023744,0.005600,,0.012160,0.001184,4,4,48,4,1
1416,0.257900,0.301100,0.040600,0.086600,0.042300,0.080600,0.007200,0.021696,0.005728,,0.010464,0.001088,4,4,48,4,1
1417,0.256300,0.308800,0.040900,0.085800,0.041800,0.075800,0.011500,0.020896,0.005472,,0.010528,0.001152,4,4,48,4,1
1418,0.271000,0.307300,0.041200,0.093500,0.042700,0.075500,0.017700,0.022752,0.005984,,0.013888,0.001088,4,4,48,4,1
1419,0.260700,0.322000,0.041100,0.085500,0.042800,0.076000,0.014700,0.021664,0.005504,,0.013024,0.001088,4,4,48,4,1
1420,0.255800,0.311500,0.040800,0.085800,0.042100,0.075500,0.011400,0.021696,0.005600,,0.013120,0.001088,4,4,48,4,1
1421,0.260900,0.306800,0.041100,0.084800,0.042100,0.086700,0.005700,0.021696,0.005632,,0.010560,0.001120,4,4,48,4,1
1422,0.261000,0.312300,0.041100,0.085900,0.042300,0.075600,0.015700,0.022464,0.005664,,0.013888,0.001120,4,4,48,4,1
1423,0.249600,0.312100,0.040900,0.085000,0.042500,0.074700,0.005900,0.024064,0.005536,,0.011072,0.001152,4,4,48,4,1
1424,0.261300,0.300000,0.041100,0.085200,0.041700,0.086700,0.006100,0.021760,0.005824,,0.010400,0.001152,4,4,48,4,1
1425,0.259800,0.312400,0.041000,0.085400,0.042400,0.075900,0.014800,0.024288,0.005664,,0.011104,0.001152,4,4,48,4,1
1426,0.260800,0.311000,0.041300,0.085400,0.042800,0.075500,0.015500,0.021696,0.005760,,0.010432,0.001152,4,4,48,4,1
1427,0.256300,0.311600,0.041000,0.085400,0.042200,0.075900,0.011400,0.022144,0.005952,,0.013056,0.001152,4,4,48,4,1
1428,0.249800,0.307200,0.041100,0.085200,0.042300,0.075000,0.005600,0.024064,0.005600,,0.011008,0.001088,4,4,48,4,1
1429,0.248800,0.300500,0.041100,0.085100,0.041600,0.074700,0.005700,0.024096,0.005472,,0.011104,0.001152,4,4,48,4,1
1430,0.256800,0.299800,0.041200,0.085400,0.042700,0.079900,0.007200,0.022016,0.005888,,0.010464,0.001152,4,4,48,4,1
1431,0.255100,0.307300,0.040800,0.091500,0.042200,0.075100,0.005200,0.021888,0.005696,,0.010624,0.001184,4,4,48,4,1
1432,0.257000,0.306300,0.041100,0.085600,0.042300,0.075800,0.011700,0.022048,0.005696,,0.012128,0.001088,4,4,48,4,1
1433,0.257200,0.308000,0.041000,0.085500,0.042200,0.075400,0.012500,0.021952,0.005728,,0.012992,0.001184,4,4,48,4,1
1434,0.255700,0.308100,0.040800,0.085500,0.042500,0.075900,0.010400,0.021216,0.005728,,0.010784,0.001120,4,4,48,4,1
1435,0.259500,0.306800,0.040900,0.084800,0.042000,0.075100,0.016200,0.022752,0.005920,,0.010496,0.001152,4,4,48,4,1
1436,0.250900,0.310100,0.041000,0.085900,0.042100,0.074300,0.007100,0.021664,0.005664,,0.013088,0.001152,4,4,48,4,1
1437,0.261600,0.301700,0.041000,0.085300,0.041800,0.075400,0.017500,0.021760,0.005600,,0.010592,0.001152,4,4,48,4,1
1438,0.259500,0.312300,0.041000,0.085900,0.041800,0.075500,0.014800,0.021856,0.005664,,0.012992,0.001088,4,4,48,4,1
1439,0.258100,0.310600,0.041200,0.086000,0.042400,0.075200,0.012600,0.021472,0.005504,,0.010432,0.001152,4,4,48,4,1
1440,0.255400,0.308900,0.040700,0.085600,0.042000,0.075600,0.011100,0.021632,0.005632,,0.010464,0.001152,4,4,48,4,1
1441,0.274600,0.306200,0.041400,0.085000,0.060000,0.076900,0.010800,0.021664,0.005728,,0.010464,0.001088,4,4,48,4,1
1442,0.255700,0.326000,0.041000,0.085300,0.042500,0.075700,0.010900,0.021760,0.005632,,0.013120,0.001088,4,4,48,4,1
1443,0.249100,0.306400,0.041000,0.085200,0.041700,0.074800,0.005800,0.024288,0.005632,,0.012384,0.001184,4,4,48,4,1
1444,0.262600,0.299700,0.040800,0.090900,0.042100,0.075900,0.012600,0.021216,0.005760,,0.010784,0.001152,4,4,48,4,1
1445,0.249600,0.313700,0.041000,0.085200,0.042100,0.075100,0.005800,0.023680,0.005472,,0.012096,0.001184,4,4,48,4,1
1446,0.256500,0.300500,0.040800,0.085400,0.042000,0.075400,0.012600,0.021696,0.005824,,0.010368,0.001120,4,4,48,4,1
1447,0.256800,0.307400,0.040700,0.084600,0.042100,0.075600,0.013200,0.020992,0.005568,,0.010624,0.001088,4,4,48,4,1
1448,0.259500,0.307700,0.041000,0.085000,0.046700,0.075900,0.010400,0.021664,0.005760,,0.010368,0.001152,4,4,48,4,1
1449,0.303600,0.310300,0.040800,0.085500,0.042000,0.128100,0.006600,0.021856,0.005920,,0.010400,0.001152,4,4,48,4,1
1450,0.325200,0.386000,0.051700,0.114600,0.055000,0.099100,0.004500,0.022656,0.005856,,0.012384,0.001088,4,4,48,4,1
1451,0.312700,0.389200,0.050200,0.108400,0.054800,0.094400,0.004300,0.022112,0.005760,,0.010400,0.001152,4,4,48,4,1
1452,0.319700,0.376500,0.059900,0.106200,0.054400,0.094400,0.004300,0.022432,0.005600,,0.013920,0.001120,4,4,48,4,1
1453,0.342500,0.383400,0.049600,0.105200,0.054000,0.121500,0.011500,0.021952,0.005728,,0.010464,0.001152,4,4,48,4,1
1454,0.367400,0.409900,0.052000,0.126700,0.065000,0.117000,0.006100,0.021536,0.005600,,0.010432,0.001152,4,4,48,4,1
1455,0.366500,0.444600,0.058700,0.126700,0.065100,0.110100,0.005100,0.021632,0.005696,,0.010432,0.001120,4,4,48,4,1
1456,0.335300,0.442100,0.059100,0.123700,0.053800,0.093800,0.004400,0.021376,0.005568,,0.010336,0.001088,4,4,48,4,1
1457,0.306700,0.398700,0.049500,0.104600,0.052500,0.094900,0.004700,0.022016,0.005632,,0.010432,0.001152,4,4,48,4,1
1458,0.330200,0.394300,0.059700,0.109200,0.056000,0.092200,0.012600,0.022400,0.005760,,0.010528,0.001152,4,4,48,4,1
1459,0.310000,0.393700,0.049700,0.105400,0.052000,0.096600,0.005900,0.022976,0.005408,,0.011840,0.001152,4,4,48,4,1
1460,0.302100,0.372600,0.049500,0.103200,0.051400,0.091500,0.005800,0.024192,0.005728,,0.011616,0.001152,4,4,48,4,1
1461,0.299700,0.364900,0.049600,0.103300,0.051100,0.089800,0.005300,0.022432,0.005792,,0.010368,0.001184,4,4,48,4,1
1462,0.263900,0.350500,0.040900,0.085700,0.042500,0.088100,0.006200,0.021760,0.005664,,0.013024,0.001152,4,4,48,4,1
1463,0.256400,0.315100,0.040900,0.085400,0.042600,0.075900,0.010900,0.021600,0.005632,,0.010464,0.001152,4,4,48,4,1
1464,0.250000,0.307000,0.040900,0.085800,0.042300,0.074700,0.005800,0.024192,0.005664,,0.012384,0.001152,4,4,48,4,1
1465,0.259100,0.301000,0.041400,0.085000,0.042200,0.075400,0.014600,0.021824,0.005696,,0.010560,0.001184,4,4,48,4,1
1466,0.256500,0.310300,0.040700,0.085300,0.042200,0.076300,0.011600,0.021280,0.005664,,0.010464,0.001184,4,4,48,4,1
1467,0.250100,0.307500,0.040800,0.085900,0.042000,0.075300,0.005800,0.024512,0.005920,,0.011040,0.001120,4,4,48,4,1
1468,0.257800,0.300800,0.040900,0.087100,0.042400,0.076200,0.010800,0.021824,0.005856,,0.010400,0.001184,4,4,48,4,1
1469,0.258000,0.308900,0.040700,0.093900,0.042600,0.075100,0.005100,0.024000,0.005568,,0.011072,0.001120,4,4,48,4,1
1470,0.250000,0.309000,0.040900,0.085700,0.042100,0.075600,0.005200,0.021760,0.005792,,0.010432,0.001152,4,4,48,4,1
1471,0.256400,0.300700,0.041000,0.089200,0.043000,0.074600,0.008000,0.022368,0.005824,,0.010464,0.001120,4,4,48,4,1
1472,0.251400,0.307200,0.041200,0.085500,0.041900,0.074700,0.007700,0.022368,0.005472,,0.013984,0.001152,4,4,48,4,1
1473,0.250000,0.302200,0.041000,0.085300,0.042400,0.074600,0.006100,0.024160,0.005536,,0.011072,0.001120,4,4,48,4,1
1474,0.258600,0.300500,0.041300,0.085700,0.042200,0.075500,0.013100,0.021472,0.005792,,0.010240,0.001120,4,4,48,4,1
1475,0.255400,0.309600,0.040900,0.085700,0.042100,0.075600,0.010400,0.024160,0.005600,,0.011040,0.001120,4,4,48,4,1
1476,0.258400,0.306400,0.041400,0.086500,0.042300,0.075500,0.012200,0.021376,0.005408,,0.010464,0.001120,4,4,48,4,1
1477,0.260700,0.309000,0.041100,0.085300,0.041900,0.086300,0.005700,0.021728,0.005760,,0.010464,0.001120,4,4,48,4,1
1478,0.261500,0.311800,0.041100,0.085600,0.042200,0.086400,0.005800,0.021344,0.005696,,0.010304,0.001152,4,4,48,4,1
1479,0.249400,0.312400,0.041000,0.085400,0.042300,0.075000,0.005000,0.024064,0.005728,,0.011040,0.001184,4,4,48,4,1
1480,0.257100,0.300100,0.040900,0.085000,0.042300,0.076000,0.012300,0.021664,0.005632,,0.010464,0.001152,4,4,48,4,1
1481,0.255700,0.308100,0.040900,0.085000,0.042300,0.081600,0.005200,0.021632,0.005696,,0.010368,0.001152,4,4,48,4,1
1482,0.263500,0.306800,0.041200,0.091900,0.042100,0.075300,0.012700,0.021696,0.005472,,0.013152,0.001088,4,4,48,4,1
1483,0.256900,0.314600,0.041200,0.085600,0.042000,0.075900,0.011500,0.021696,0.005728,,0.010464,0.001120,4,4,48,4,1
1484,0.257700,0.307900,0.041100,0.086300,0.042000,0.075900,0.012000,0.021312,0.005664,,0.010240,0.001152,4,4,48,4,1
1485,0.256300,0.308700,0.041300,0.085200,0.042300,0.075600,0.011200,0.021376,0.005728,,0.010240,0.001152,4,4,48,4,1
1486,0.249300,0.307400,0.041400,0.085300,0.042000,0.074600,0.005700,0.024224,0.005600,,0.011040,0.001120,4,4,48,4,1
1487,0.256900,0.300400,0.040900,0.085200,0.041700,0.075700,0.012900,0.022176,0.005952,,0.013152,0.001184,4,4,48,4,1
1488,0.262400,0.308400,0.041000,0.091600,0.041900,0.078700,0.008700,0.022176,0.005760,,0.013056,0.001152,4,4,48,4,1
1489,0.258100,0.313100,0.041000,0.085800,0.042100,0.075800,0.013100,0.021568,0.005600,,0.010560,0.001184,4,4,48,4,1
1490,0.258600,0.308800,0.041200,0.085900,0.041700,0.075100,0.014000,0.023264,0.005632,,0.011968,0.001120,4,4,48,4,1
1491,0.274200,0.309700,0.043700,0.085100,0.042100,0.096000,0.006900,0.022336,0.005376,,0.013952,0.001120,4,4,48,4,1
1492,0.251400,0.325300,0.041100,0.085600,0.042000,0.074600,0.007600,0.021536,0.005600,,0.010400,0.001120,4,4,48,4,1
1493,0.255900,0.302000,0.040800,0.084900,0.042000,0.075700,0.011800,0.021888,0.005792,,0.010592,0.001152,4,4,48,4,1
1494,0.248600,0.306800,0.040600,0.085500,0.041900,0.074400,0.005700,0.022656,0.005760,,0.013952,0.001184,4,4,48,4,1
1495,0.264600,0.299500,0.041100,0.091500,0.042300,0.075700,0.013500,0.021792,0.005888,,0.010400,0.001120,4,4,48,4,1
1496,0.256900,0.315400,0.041400,0.085200,0.042200,0.076200,0.011300,0.021408,0.005472,,0.010432,0.001120,4,4,48,4,1
1497,0.257900,0.307900,0.041300,0.085900,0.042000,0.075600,0.012700,0.021216,0.005792,,0.010464,0.001088,4,4,48,4,1
1498,0.404000,0.308800,0.041000,0.186400,0.062500,0.107300,0.006200,0.022592,0.005760,,0.013952,0.001120,4,4,48,4,1
1499,0.360000,0.470200,0.050900,0.108400,0.059500,0.134700,0.005700,0.021632,0.005728,,0.010368,0.001152,4,4,48,4,1
1500,0.326000,0.424100,0.049900,0.114900,0.051900,0.103200,0.005500,0.022048,0.005888,,0.012992,0.001184,4,4,48,4,1
1501,0.310300,0.389900,0.050000,0.105400,0.053100,0.096000,0.005400,0.021760,0.005696,,0.013088,0.001120,4,4,48,4,1
1502,0.316200,0.373900,0.049600,0.104700,0.065700,0.091600,0.004000,0.021792,0.005728,,0.010496,0.001184,4,4,48,4,1
1503,0.267600,0.368300,0.041700,0.089200,0.043500,0.078600,0.014100,0.024288,0.005664,,0.011488,0.001120,4,4,48,4,1
1504,0.261300,0.318800,0.041400,0.087600,0.042500,0.077200,0.012000,0.020960,0.005536,,0.010688,0.001088,4,4,48,4,1
1505,0.265400,0.312300,0.040800,0.086600,0.042200,0.089400,0.005800,0.021536,0.005760,,0.010240,0.001152,4,4,48,4,1
1506,0.302500,0.328300,0.049000,0.104100,0.051400,0.092400,0.005200,0.022080,0.005952,,0.010528,0.001184,4,4,48,4,1
1507,0.317400,0.365500,0.049500,0.103200,0.051300,0.108100,0.004700,0.022272,0.005632,,0.010560,0.001120,4,4,48,4,1
1508,0.272700,0.380200,0.048900,0.100700,0.042100,0.074000,0.006600,0.021440,0.005536,,0.010368,0.001152,4,4,48,4,1
1509,0.251900,0.333600,0.041000,0.086000,0.041800,0.075000,0.007700,0.021760,0.005632,,0.013056,0.001184,4,4,48,4,1
1510,0.250900,0.303200,0.040900,0.086200,0.042400,0.074900,0.006100,0.022592,0.005632,,0.013984,0.001184,4,4,48,4,1
1511,0.249800,0.302100,0.040800,0.085200,0.042100,0.075400,0.005700,0.023712,0.005600,,0.012160,0.001120,4,4,48,4,1
1512,0.261100,0.300600,0.041400,0.086100,0.042200,0.075400,0.015300,0.021664,0.005632,,0.010528,0.001120,4,4,48,4,1
1513,0.260000,0.311800,0.041100,0.085600,0.042000,0.076300,0.014500,0.024480,0.005824,,0.012544,0.001120,4,4,48,4,1
1514,0.250600,0.315900,0.041200,0.085900,0.042300,0.074900,0.005800,0.024288,0.005696,,0.012576,0.001184,4,4,48,4,1
1515,0.260400,0.301200,0.041400,0.086000,0.042300,0.075900,0.014200,0.021632,0.005632,,0.010432,0.001120,4,4,48,4,1
1516,0.257100,0.311500,0.041400,0.085500,0.042400,0.075600,0.011600,0.021632,0.005728,,0.010400,0.001088,4,4,48,4,1
1517,0.257000,0.307800,0.041000,0.086300,0.042500,0.081700,0.004900,0.021696,0.005632,,0.010496,0.001184,4,4,48,4,1
1518,0.250200,0.308000,0.041000,0.085400,0.042200,0.076000,0.005200,0.021920,0.005536,,0.012960,0.001056,4,4,48,4,1
1519,0.277400,0.301200,0.041100,0.099000,0.042300,0.090300,0.004200,0.021728,0.005568,,0.013120,0.001120,4,4,48,4,1
1520,0.266100,0.328400,0.040900,0.090900,0.041700,0.088500,0.003500,0.021728,0.005696,,0.010528,0.001088,4,4,48,4,1
1521,0.249800,0.316900,0.041100,0.085100,0.041600,0.075500,0.005800,0.024256,0.005600,,0.012512,0.001184,4,4,48,4,1
1522,0.249300,0.300600,0.040800,0.086200,0.042000,0.074100,0.005800,0.023904,0.005600,,0.011008,0.001152,4,4,48,4,1
1523,0.257400,0.300400,0.041000,0.085600,0.042500,0.076300,0.011500,0.021696,0.005856,,0.010336,0.001120,4,4,48,4,1
1524,0.255800,0.308000,0.040900,0.086000,0.042300,0.075800,0.010500,0.021440,0.005440,,0.010560,0.001088,4,4,48,4,1
1525,0.263300,0.307200,0.041100,0.092900,0.042000,0.076300,0.010400,0.021696,0.005792,,0.010400,0.001120,4,4,48,4,1
1526,0.249900,0.314200,0.041000,0.085600,0.042400,0.074500,0.005800,0.022976,0.005408,,0.011584,0.001152,4,4,48,4,1
1527,0.250300,0.306200,0.041100,0.085500,0.042100,0.075900,0.005100,0.021024,0.005568,,0.010848,0.001152,4,4,48,4,1
1528,0.266000,0.301500,0.041200,0.101500,0.041900,0.074700,0.006300,0.022176,0.005536,,0.013888,0.001120,4,4,48,4,1
1529,0.259200,0.316700,0.040800,0.085200,0.041600,0.075400,0.015200,0.021568,0.005536,,0.010528,0.001120,4,4,48,4,1
1530,0.250300,0.310600,0.041200,0.085500,0.041800,0.075700,0.005700,0.024320,0.005824,,0.011040,0.001120,4,4,48,4,1
1531,0.250600,0.301400,0.041400,0.085500,0.042500,0.075000,0.005700,0.022304,0.005504,,0.013856,0.001152,4,4,48,4,1
1532,0.258300,0.301400,0.041100,0.085200,0.041700,0.075600,0.014300,0.021856,0.005536,,0.012928,0.001152,4,4,48,4,1
1533,0.280700,0.309400,0.041200,0.106200,0.042200,0.076200,0.014400,0.022496,0.005600,,0.013952,0.001152,4,4,48,4,1
1534,0.259500,0.331700,0.040900,0.086000,0.042100,0.075500,0.014600,0.022656,0.005856,,0.013952,0.001088,4,4,48,4,1
1535,0.250600,0.310200,0.041400,0.085400,0.042400,0.074800,0.005900,0.024032,0.005600,,0.011104,0.001184,4,4,48,4,1
1536,0.258000,0.301800,0.041100,0.085900,0.041900,0.075600,0.013000,0.021536,0.005632,,0.010368,0.001120,4,4,48,4,1
1537,0.248500,0.309000,0.040900,0.084900,0.041700,0.074700,0.005800,0.022656,0.005728,,0.013856,0.001184,4,4,48,4,1
1538,0.249600,0.299300,0.041400,0.085700,0.042200,0.074900,0.005000,0.024352,0.005728,,0.012480,0.001088,4,4,48,4,1
1539,0.258200,0.300400,0.041000,0.085300,0.042500,0.076300,0.012400,0.021056,0.005632,,0.010816,0.001120,4,4,48,4,1
1540,0.251500,0.314100,0.041300,0.086900,0.042300,0.074900,0.005600,0.024736,0.005792,,0.011392,0.001088,4,4,48,4,1
1541,0.260300,0.302200,0.040700,0.085200,0.042000,0.086500,0.005500,0.021504,0.005408,,0.010496,0.001152,4,4,48,4,1
1542,0.248700,0.311000,0.040900,0.086100,0.042100,0.074200,0.005000,0.021792,0.005728,,0.010496,0.001184,4,4,48,4,1
1543,0.257100,0.299700,0.041100,0.085000,0.042000,0.076100,0.012300,0.021312,0.005408,,0.010400,0.001088,4,4,48,4,1
1544,0.255000,0.308100,0.040900,0.085200,0.042200,0.075700,0.010400,0.021632,0.005568,,0.010528,0.001152,4,4,48,4,1
1545,0.250000,0.306000,0.041400,0.085300,0.042100,0.074800,0.005700,0.024128,0.005728,,0.011168,0.001152,4,4,48,4,1
1546,0.453000,0.300600,0.041500,0.086200,0.174200,0.144200,0.006500,0.021888,0.005600,,0.010336,0.001152,4,4,48,4,1
1547,0.350400,0.521400,0.060000,0.118100,0.056700,0.107100,0.007800,0.022336,0.005408,,0.013984,0.001152,4,4,48,4,1
1548,0.318600,0.415200,0.050700,0.108400,0.053900,0.099300,0.005700,0.022432,0.005600,,0.010528,0.001120,4,4,48,4,1
1549,0.309900,0.382200,0.049800,0.105900,0.053500,0.094100,0.005600,0.021728,0.005568,,0.013120,0.001152,4,4,48,4,1
1550,0.312000,0.373300,0.050200,0.105900,0.053000,0.096800,0.005500,0.022656,0.005696,,0.013920,0.001184,4,4,48,4,1
1551,0.365300,0.374800,0.049700,0.150800,0.057700,0.101000,0.005400,0.021664,0.005696,,0.010496,0.001088,4,4,48,4,1
1552,0.315600,0.432100,0.051100,0.109700,0.052800,0.096900,0.004500,0.022368,0.005568,,0.013920,0.001088,4,4,48,4,1
1553,0.324600,0.380200,0.049900,0.106300,0.054300,0.109200,0.004300,0.022528,0.005568,,0.013984,0.001184,4,4,48,4,1
1554,0.290900,0.388300,0.049700,0.105200,0.047500,0.082900,0.005100,0.021952,0.005824,,0.010656,0.001152,4,4,48,4,1
1555,0.259200,0.342200,0.041500,0.086300,0.043100,0.077200,0.010600,0.021696,0.005632,,0.010496,0.001184,4,4,48,4,1
1556,0.258800,0.316300,0.041200,0.086800,0.043200,0.082300,0.004700,0.021376,0.005824,,0.010144,0.001120,4,4,48,4,1
1557,0.262500,0.310100,0.041300,0.086400,0.042600,0.077800,0.013700,0.022400,0.005792,,0.010336,0.001088,4,4,48,4,1
1558,0.260800,0.313400,0.041000,0.086200,0.042600,0.076400,0.014100,0.023968,0.005664,,0.011072,0.001088,4,4,48,4,1
1559,0.261700,0.311900,0.041100,0.087200,0.043400,0.077500,0.012000,0.024096,0.005568,,0.011136,0.001152,4,4,48,4,1
1560,0.260900,0.312700,0.041400,0.086900,0.042600,0.076300,0.013300,0.021248,0.005760,,0.010784,0.001152,4,4,48,4,1
1561,0.258200,0.311700,0.041900,0.086000,0.042800,0.075800,0.011300,0.021504,0.005504,,0.010496,0.001120,4,4,48,4,1
1562,0.268600,0.309000,0.041400,0.092200,0.042200,0.087200,0.005200,0.022016,0.006016,,0.010496,0.001120,4,4,48,4,1
1563,0.251300,0.319400,0.041300,0.086500,0.042700,0.075100,0.005200,0.023904,0.005568,,0.011104,0.001152,4,4,48,4,1
1564,0.262100,0.302200,0.040900,0.086300,0.042900,0.074500,0.017100,0.021568,0.005600,,0.010432,0.001088,4,4,48,4,1
1565,0.263400,0.313400,0.045600,0.085200,0.042100,0.075600,0.014400,0.023520,0.005600,,0.012096,0.001152,4,4,48,4,1
1566,0.268600,0.314200,0.040700,0.102100,0.042700,0.075000,0.007700,0.024192,0.005600,,0.011040,0.001184,4,4,48,4,1
1567,0.259200,0.319800,0.041400,0.085600,0.042300,0.076400,0.013000,0.021600,0.005760,,0.010336,0.001120,4,4,48,4,1
1568,0.259800,0.310200,0.041200,0.085800,0.042300,0.086400,0.003700,0.021696,0.005792,,0.010368,0.001120,4,4,48,4,1
1569,0.259500,0.310800,0.041300,0.086200,0.042100,0.076100,0.013400,0.021504,0.005792,,0.010400,0.001184,4,4,48,4,1
1570,0.257500,0.310400,0.040700,0.086400,0.042600,0.082400,0.004900,0.021696,0.005536,,0.013152,0.001120,4,4,48,4,1
1571,0.250300,0.308600,0.041200,0.085400,0.042000,0.075400,0.005700,0.024192,0.005600,,0.011072,0.001120,4,4,48,4,1
1572,0.263500,0.301000,0.041000,0.086100,0.042000,0.088100,0.005600,0.021472,0.005440,,0.010496,0.001152,4,4,48,4,1
1573,0.257400,0.314700,0.041000,0.085000,0.042100,0.076500,0.012300,0.021792,0.005824,,0.010464,0.001120,4,4,48,4,1
1574,0.259100,0.308400,0.040800,0.085300,0.041900,0.076100,0.014400,0.021344,0.005280,,0.010528,0.001120,4,4,48,4,1
1575,0.263600,0.309700,0.041400,0.092400,0.042600,0.081700,0.004900,0.021824,0.005664,,0.010592,0.001184,4,4,48,4,1
1576,0.266500,0.314400,0.050300,0.086700,0.042400,0.076100,0.010600,0.021024,0.005632,,0.010720,0.001152,4,4,48,4,1
1577,0.259400,0.317300,0.041300,0.085800,0.042300,0.075700,0.013900,0.020992,0.005664,,0.010752,0.001120,4,4,48,4,1
1578,0.259700,0.310000,0.040700,0.086300,0.042100,0.075900,0.014300,0.023808,0.005408,,0.011200,0.001120,4,4,48,4,1
1579,0.268300,0.310300,0.041000,0.085700,0.042000,0.093900,0.005200,0.024448,0.005952,,0.011392,0.001088,4,4,48,4,1
1580,0.255800,0.319500,0.040900,0.085700,0.042500,0.075600,0.010700,0.021696,0.005728,,0.010432,0.001152,4,4,48,4,1
1581,0.262200,0.306700,0.040700,0.086400,0.042500,0.086800,0.005200,0.021600,0.005632,,0.010432,0.001152,4,4,48,4,1
1582,0.262600,0.313100,0.040700,0.086500,0.042000,0.087100,0.005800,0.020864,0.005408,,0.010912,0.001120,4,4,48,4,1
1583,0.258700,0.313500,0.044900,0.090300,0.042300,0.075700,0.005000,0.022752,0.005792,,0.013920,0.001152,4,4,48,4,1
1584,0.263600,0.310200,0.041100,0.096900,0.042300,0.074800,0.007900,0.021824,0.005952,,0.010400,0.001120,4,4,48,4,1
1585,0.262900,0.314600,0.041000,0.086300,0.042500,0.076400,0.016000,0.021376,0.005504,,0.010400,0.001088,4,4,48,4,1
1586,0.251000,0.313700,0.040800,0.086300,0.042400,0.074800,0.006200,0.024064,0.005536,,0.011104,0.001088,4,4,48,4,1
1587,0.249400,0.302100,0.040900,0.085900,0.042000,0.075000,0.005200,0.023776,0.005568,,0.012160,0.001120,4,4,48,4,1
1588,0.265200,0.300400,0.040800,0.091700,0.042100,0.075300,0.014800,0.021920,0.005792,,0.013120,0.001152,4,4,48,4,1
1589,0.256900,0.316500,0.041300,0.085400,0.042800,0.081800,0.005100,0.021152,0.005632,,0.010976,0.001152,4,4,48,4,1
1590,0.250000,0.308000,0.040800,0.085400,0.041900,0.075500,0.005800,0.024352,0.005696,,0.011104,0.001152,4,4,48,4,1
1591,0.257300,0.300800,0.040900,0.085500,0.042100,0.075800,0.012500,0.021024,0.005536,,0.010816,0.001184,4,4,48,4,1
1592,0.254100,0.308200,0.041400,0.085300,0.042200,0.077500,0.007200,0.021600,0.005696,,0.010464,0.001056,4,4,48,4,1
1593,0.309700,0.318300,0.055700,0.116000,0.044100,0.075900,0.017500,0.022304,0.005664,,0.010464,0.001152,4,4,48,4,1
1594,0.264100,0.360800,0.041300,0.087500,0.047900,0.081000,0.005800,0.024416,0.005824,,0.011040,0.001152,4,4,48,4,1
1595,0.264500,0.315100,0.041200,0.086400,0.043100,0.087900,0.005400,0.021344,0.005344,,0.010464,0.001152,4,4,48,4,1
1596,0.260600,0.316000,0.040900,0.085900,0.042200,0.076200,0.015000,0.021664,0.005568,,0.013120,0.001120,4,4,48,4,1
1597,0.251300,0.311800,0.041400,0.085700,0.042100,0.075800,0.005900,0.021760,0.005920,,0.010336,0.001120,4,4,48,4,1
1598,0.259900,0.302400,0.040800,0.085800,0.042300,0.076300,0.014100,0.021696,0.005760,,0.010464,0.001088,4,4,48,4,1
1599,0.261300,0.316200,0.040800,0.086100,0.042500,0.076100,0.015300,0.024032,0.005760,,0.011040,0.001120,4,4,48,4,1
1600,0.255500,0.312600,0.040800,0.086300,0.042500,0.080400,0.005100,0.021696,0.005600,,0.010560,0.001152,4,4,48,4,1
1601,0.257300,0.311300,0.041300,0.087200,0.043200,0.079000,0.006000,0.024320,0.005728,,0.011264,0.001120,4,4,48,4,1
1602,0.259000,0.308300,0.041100,0.085800,0.042800,0.084900,0.003900,0.021056,0.005568,,0.010880,0.001088,4,4,48,4,1
1603,0.252600,0.309700,0.040100,0.086400,0.042400,0.075800,0.007500,0.022112,0.005472,,0.010560,0.001152,4,4,48,4,1
1604,0.252000,0.303400,0.040800,0.086100,0.042000,0.074900,0.007800,0.021984,0.005408,,0.010464,0.001120,4,4,48,4,1
1605,0.260400,0.303300,0.041100,0.095000,0.042500,0.075100,0.006200,0.024320,0.005696,,0.011104,0.001184,4,4,48,4,1
1606,0.249400,0.311300,0.040800,0.086100,0.042300,0.074600,0.005000,0.024448,0.005824,,0.011136,0.001120,4,4,48,4,1
1607,0.262900,0.300400,0.040600,0.091000,0.042100,0.076000,0.012700,0.021216,0.005824,,0.010816,0.001088,4,4,48,4,1
1608,0.259100,0.313800,0.041200,0.085600,0.042100,0.084700,0.005000,0.020992,0.005472,,0.010592,0.001120,4,4,48,4,1
1609,0.257500,0.310300,0.041100,0.085600,0.042000,0.076300,0.012100,0.021120,0.005600,,0.011008,0.001152,4,4,48,4,1
1610,0.250000,0.308100,0.040700,0.085900,0.042100,0.075200,0.005700,0.024256,0.005536,,0.011136,0.001184,4,4,48,4,1
1611,0.259200,0.301100,0.041000,0.085100,0.042000,0.076200,0.014300,0.024032,0.005664,,0.011072,0.001152,4,4,48,4,1
1612,0.251100,0.310200,0.041000,0.086300,0.042600,0.075100,0.005700,0.023968,0.005472,,0.011040,0.001120,4,4,48,4,1
1613,0.249900,0.301900,0.040800,0.085900,0.042100,0.074800,0.005700,0.024128,0.005504,,0.011104,0.001184,4,4,48,4,1
1614,0.250500,0.305900,0.041200,0.086000,0.042000,0.075200,0.005700,0.024160,0.005664,,0.011072,0.001120,4,4,48,4,1
1615,0.249100,0.301600,0.041200,0.085200,0.042400,0.074300,0.005700,0.024352,0.005664,,0.012480,0.001152,4,4,48,4,1
1616,0.254600,0.300100,0.040900,0.085500,0.042000,0.079300,0.006500,0.021664,0.005664,,0.010464,0.001152,4,4,48,4,1
1617,0.254700,0.305100,0.040800,0.085600,0.042100,0.079800,0.006000,0.024256,0.005664,,0.011136,0.001152,4,4,48,4,1
1618,0.249500,0.305500,0.040800,0.085900,0.042300,0.074500,0.005700,0.021760,0.005792,,0.010400,0.001184,4,4,48,4,1
1619,0.257500,0.300100,0.040700,0.085500,0.042500,0.076000,0.012200,0.021664,0.005696,,0.010464,0.001120,4,4,48,4,1
1620,0.265800,0.308400,0.040800,0.085700,0.046800,0.086200,0.005700,0.021184,0.005632,,0.010336,0.001088,4,4,48,4,1
1621,0.257700,0.316900,0.040800,0.085600,0.041500,0.075600,0.013800,0.021376,0.005344,,0.010496,0.001152,4,4,48,4,1
1622,0.311700,0.308500,0.040700,0.085300,0.041900,0.075500,0.067600,0.021728,0.005856,,0.010336,0.001152,4,4,48,4,1
1623,0.252000,0.362500,0.041200,0.085400,0.041600,0.075300,0.008000,0.022528,0.005696,,0.010528,0.001152,4,4,48,4,1
1624,0.249800,0.303000,0.040600,0.085200,0.041700,0.074700,0.007100,0.021696,0.005696,,0.013056,0.001120,4,4,48,4,1
1625,0.250500,0.300500,0.040800,0.085700,0.042300,0.074800,0.006000,0.024416,0.005856,,0.012384,0.001184,4,4,48,4,1
1626,0.257000,0.301300,0.040800,0.085900,0.042200,0.076700,0.011000,0.021920,0.005728,,0.013056,0.001120,4,4,48,4,1
1627,0.257700,0.312400,0.041000,0.085900,0.042300,0.075500,0.012500,0.021184,0.005568,,0.010208,0.001120,4,4,48,4,1
1628,0.279200,0.308700,0.042300,0.104900,0.042700,0.076400,0.012600,0.021216,0.005728,,0.010368,0.001088,4,4,48,4,1
1629,0.257200,0.330400,0.040800,0.085000,0.042400,0.075600,0.012600,0.021504,0.005600,,0.010400,0.001120,4,4,48,4,1
1630,0.255300,0.308100,0.041200,0.085000,0.042200,0.081500,0.004800,0.021792,0.005856,,0.010432,0.001120,4,4,48,4,1
1631,0.256700,0.306000,0.040900,0.085300,0.042200,0.075500,0.012300,0.021344,0.005408,,0.010400,0.001152,4,4,48,4,1
1632,0.249000,0.307500,0.041200,0.085700,0.041800,0.075000,0.004900,0.024448,0.005856,,0.011136,0.001120,4,4,48,4,1
1633,0.263700,0.299700,0.040800,0.092100,0.041600,0.075500,0.013000,0.021824,0.005728,,0.010528,0.001152,4,4,48,4,1
1634,0.251000,0.315100,0.041200,0.085700,0.042400,0.075500,0.005700,0.024416,0.005696,,0.011168,0.001152,4,4,48,4,1
1635,0.260600,0.301900,0.040900,0.085600,0.042400,0.086300,0.004900,0.021312,0.005856,,0.010816,0.001152,4,4,48,4,1
1636,0.256700,0.311300,0.040800,0.085200,0.041900,0.076300,0.012000,0.021824,0.005760,,0.010560,0.001120,4,4,48,4,1
1637,0.258900,0.307800,0.041100,0.085300,0.041900,0.084300,0.005700,0.021024,0.005472,,0.010656,0.001184,4,4,48,4,1
1638,0.256500,0.309500,0.040800,0.085300,0.042000,0.075800,0.012200,0.021312,0.005632,,0.010784,0.001152,4,4,48,4,1
1639,0.256400,0.307300,0.040900,0.084800,0.042200,0.075600,0.012400,0.021440,0.005856,,0.010432,0.001152,4,4,48,4,1
1640,0.248900,0.307000,0.041000,0.085200,0.041800,0.074700,0.005700,0.021056,0.005408,,0.010336,0.001152,4,4,48,4,1
1641,0.255700,0.299800,0.041100,0.085700,0.041700,0.081600,0.004900,0.021856,0.005760,,0.010560,0.001120,4,4,48,4,1
1642,0.249800,0.306700,0.041100,0.086000,0.042300,0.076700,0.003300,0.021984,0.005504,,0.010560,0.001184,4,4,48,4,1
1643,0.251600,0.300500,0.041200,0.086200,0.042300,0.075000,0.006400,0.022112,0.005632,,0.010496,0.001184,4,4,48,4,1
1644,0.307100,0.302500,0.041000,0.085700,0.042000,0.131100,0.006800,0.021216,0.005728,,0.012544,0.001152,4,4,48,4,1
1645,0.352700,0.383300,0.067200,0.113800,0.055300,0.109300,0.006300,0.024256,0.005760,,0.011072,0.001152,4,4,48,4,1
1646,0.309500,0.417000,0.050300,0.107100,0.053100,0.093800,0.004400,0.022336,0.005600,,0.013792,0.001120,4,4,48,4,1
1647,0.272200,0.372600,0.049700,0.097400,0.043900,0.076300,0.004400,0.024576,0.005696,,0.011360,0.001152,4,4,48,4,1
1648,0.254300,0.330100,0.041200,0.086900,0.042800,0.077000,0.006000,0.021824,0.005888,,0.010432,0.001120,4,4,48,4,1
1649,0.263900,0.305800,0.040700,0.086900,0.043400,0.087400,0.005200,0.022592,0.005632,,0.013888,0.001184,4,4,48,4,1
1650,0.262700,0.315400,0.043800,0.086400,0.042400,0.076000,0.013400,0.021792,0.005664,,0.010592,0.001152,4,4,48,4,1
1651,0.257900,0.313800,0.040900,0.085700,0.043300,0.083800,0.003700,0.021920,0.005920,,0.010496,0.001120,4,4,48,4,1
1652,0.261200,0.308900,0.040900,0.086200,0.043000,0.076500,0.014000,0.021024,0.005472,,0.010720,0.001120,4,4,48,4,1
1653,0.257900,0.312300,0.041000,0.085500,0.050600,0.074900,0.005600,0.024160,0.005824,,0.011136,0.001120,4,4,48,4,1
1654,0.258400,0.308500,0.040700,0.086000,0.042400,0.075500,0.013400,0.021792,0.005696,,0.012992,0.001152,4,4,48,4,1
1655,0.249600,0.309700,0.041000,0.085300,0.042000,0.075400,0.005300,0.021120,0.005632,,0.010848,0.001184,4,4,48,4,1
1656,0.264700,0.300500,0.046600,0.086600,0.042100,0.075600,0.013300,0.021760,0.005888,,0.010400,0.001088,4,4,48,4,1
1657,0.258200,0.316000,0.041500,0.087100,0.042400,0.076400,0.010500,0.021568,0.005696,,0.010304,0.001184,4,4,48,4,1
1658,0.259400,0.309400,0.041500,0.086500,0.042500,0.076900,0.011500,0.021728,0.005792,,0.010368,0.001152,4,4,48,4,1
1659,0.257800,0.310800,0.041300,0.086500,0.042300,0.076000,0.011200,0.021696,0.005568,,0.010560,0.001184,4,4,48,4,1
1660,0.259100,0.308700,0.040900,0.086800,0.042400,0.075600,0.013000,0.021760,0.005760,,0.010496,0.001152,4,4,48,4,1
1661,0.249000,0.309800,0.040800,0.085800,0.042200,0.076500,0.003500,0.022176,0.005664,,0.010464,0.001152,4,4,48,4,1
1662,0.262600,0.300200,0.040900,0.085700,0.041900,0.082000,0.011700,0.022400,0.005760,,0.010080,0.001152,4,4,48,4,1
1663,0.250100,0.313800,0.040900,0.085500,0.042400,0.075100,0.005600,0.024128,0.005632,,0.011104,0.001120,4,4,48,4,1
1664,0.250100,0.300800,0.041100,0.085500,0.042400,0.075200,0.005300,0.024192,0.005568,,0.011072,0.001120,4,4,48,4,1
1665,0.253900,0.301200,0.041000,0.086400,0.042600,0.078000,0.005300,0.021984,0.006016,,0.010496,0.001120,4,4,48,4,1
1666,0.259200,0.305000,0.041100,0.086700,0.042200,0.075700,0.012900,0.021408,0.005536,,0.010400,0.001088,4,4,48,4,1
1667,0.259000,0.310200,0.040700,0.085400,0.042500,0.075900,0.014000,0.021664,0.005664,,0.010432,0.001152,4,4,48,4,1
1668,0.258800,0.310000,0.041200,0.085600,0.042600,0.075800,0.013200,0.021120,0.005600,,0.010592,0.001152,4,4,48,4,1
1669,0.348700,0.309700,0.126800,0.087000,0.042900,0.076500,0.015100,0.021792,0.005792,,0.010464,0.001152,4,4,48,4,1
1670,0.250600,0.400100,0.041300,0.085900,0.042500,0.074800,0.005600,0.021152,0.005600,,0.010912,0.001152,4,4,48,4,1
1671,0.250000,0.301300,0.041400,0.085800,0.042200,0.074600,0.005500,0.024064,0.005760,,0.012160,0.001152,4,4,48,4,1
1672,0.257200,0.300700,0.041200,0.093000,0.042200,0.075100,0.005300,0.024288,0.005760,,0.011104,0.001120,4,4,48,4,1
1673,0.260500,0.308200,0.041600,0.086400,0.042600,0.075900,0.013300,0.021184,0.005728,,0.010880,0.001088,4,4,48,4,1
1674,0.260000,0.311300,0.041000,0.086200,0.042500,0.075700,0.014200,0.024064,0.005536,,0.012448,0.001120,4,4,48,4,1
1675,0.339300,0.311300,0.040800,0.134700,0.056800,0.100800,0.005800,0.021568,0.005536,,0.010528,0.001120,4,4,48,4,1
1676,0.332300,0.404000,0.069500,0.108900,0.052700,0.096200,0.004300,0.022624,0.005792,,0.013824,0.001088,4,4,48,4,1
1677,0.307100,0.396100,0.049700,0.105400,0.052000,0.094400,0.005100,0.021568,0.005408,,0.013184,0.001152,4,4,48,4,1
1678,0.308300,0.370800,0.049400,0.104600,0.052600,0.096900,0.004300,0.022272,0.005760,,0.010400,0.001152,4,4,48,4,1
1679,0.401900,0.371300,0.049400,0.104100,0.052800,0.091300,0.103700,0.023072,0.005408,,0.011872,0.001184,4,4,48,4,1
1680,0.307500,0.465000,0.049700,0.105100,0.052700,0.092600,0.007000,0.022112,0.005824,,0.010464,0.001152,4,4,48,4,1
1681,0.264000,0.370600,0.047000,0.085500,0.042700,0.076300,0.012000,0.021536,0.005664,,0.010304,0.001184,4,4,48,4,1
1682,0.264000,0.315000,0.041100,0.085900,0.042700,0.076700,0.017100,0.021664,0.005664,,0.010464,0.001152,4,4,48,4,1
1683,0.259200,0.315400,0.040800,0.086400,0.043100,0.084400,0.004100,0.021792,0.005760,,0.010528,0.001120,4,4,48,4,1
1684,0.251400,0.310100,0.040800,0.086700,0.042900,0.075400,0.005300,0.024000,0.005568,,0.011072,0.001120,4,4,48,4,1
1685,0.261000,0.302300,0.040800,0.086400,0.042600,0.085600,0.005300,0.021824,0.005792,,0.013056,0.001088,4,4,48,4,1
1686,0.251400,0.312100,0.040800,0.087000,0.042500,0.075200,0.005400,0.024192,0.005664,,0.011072,0.001120,4,4,48,4,1
1687,0.250900,0.302300,0.041300,0.086100,0.042900,0.075000,0.005200,0.024096,0.005504,,0.011104,0.001152,4,4,48,4,1
1688,0.250500,0.301600,0.041200,0.085700,0.042700,0.074900,0.005400,0.023904,0.005344,,0.012416,0.001120,4,4,48,4,1
1689,0.249900,0.301700,0.041000,0.085800,0.042500,0.074900,0.005300,0.021152,0.005632,,0.010816,0.001152,4,4,48,4,1
1690,0.256600,0.300900,0.040900,0.085400,0.042000,0.075600,0.012300,0.021408,0.005952,,0.010656,0.001120,4,4,48,4,1
1691,0.255900,0.307500,0.041000,0.085200,0.042400,0.075600,0.011400,0.021760,0.005696,,0.010560,0.001152,4,4,48,4,1
1692,0.356800,0.307200,0.041200,0.092400,0.051500,0.163800,0.007400,0.021440,0.005408,,0.010432,0.001120,4,4,48,4,1
1693,0.319000,0.420900,0.050800,0.110500,0.054200,0.097600,0.005100,0.022144,0.005632,,0.010304,0.001152,4,4,48,4,1
1694,0.310400,0.381900,0.050000,0.106900,0.053000,0.095400,0.004600,0.021920,0.005824,,0.013152,0.001152,4,4,48,4,1
1695,0.305700,0.381100,0.049700,0.104500,0.052400,0.094300,0.004300,0.022720,0.005824,,0.013888,0.001152,4,4,48,4,1
1696,0.267000,0.373800,0.049600,0.093500,0.043200,0.075900,0.004300,0.024832,0.005728,,0.011520,0.001152,4,4,48,4,1
1697,0.257100,0.317900,0.040800,0.085600,0.043100,0.083100,0.004100,0.023136,0.005504,,0.011616,0.001152,4,4,48,4,1
1698,0.342800,0.333700,0.052300,0.126400,0.057200,0.100500,0.005900,0.022336,0.005472,,0.013952,0.001120,4,4,48,4,1
1699,0.368400,0.407800,0.144500,0.089400,0.043400,0.085400,0.005200,0.021760,0.005664,,0.013120,0.001120,4,4,48,4,1
1700,0.265000,0.420100,0.041200,0.086100,0.042900,0.089700,0.004500,0.021568,0.005504,,0.013120,0.001152,4,4,48,4,1
1701,0.250600,0.315800,0.041200,0.086000,0.042700,0.075100,0.005300,0.024096,0.005568,,0.011456,0.001152,4,4,48,4,1
1702,0.258900,0.301600,0.040600,0.086200,0.042700,0.076600,0.012500,0.021280,0.005792,,0.010688,0.001088,4,4,48,4,1
1703,0.264000,0.310100,0.041500,0.086000,0.042900,0.088400,0.004700,0.021664,0.005472,,0.013120,0.001152,4,4,48,4,1
1704,0.262400,0.314500,0.041000,0.086500,0.042200,0.087600,0.004600,0.021792,0.005664,,0.013120,0.001088,4,4,48,4,1
1705,0.258300,0.313300,0.041100,0.086100,0.042500,0.076200,0.011900,0.021472,0.005664,,0.010304,0.001152,4,4,48,4,1
1706,0.260300,0.309000,0.041400,0.086700,0.042800,0.076900,0.012100,0.021248,0.005600,,0.010432,0.001152,4,4,48,4,1
1707,0.260200,0.310900,0.041100,0.087200,0.042700,0.081900,0.006700,0.022112,0.005632,,0.010368,0.001152,4,4,48,4,1
1708,0.249700,0.311100,0.040900,0.085600,0.042300,0.074700,0.005500,0.024352,0.005792,,0.011136,0.001120,4,4,48,4,1
1709,0.259000,0.300500,0.040900,0.085600,0.042100,0.075500,0.014200,0.021280,0.005728,,0.010368,0.001152,4,4,48,4,1
1710,0.258600,0.309800,0.040800,0.086100,0.042600,0.076400,0.012300,0.021888,0.005856,,0.010496,0.001120,4,4,48,4,1
1711,0.266100,0.309700,0.046300,0.086100,0.042400,0.076900,0.013800,0.021440,0.005632,,0.010304,0.001152,4,4,48,4,1
1712,0.258100,0.317400,0.040900,0.085800,0.042600,0.076200,0.012100,0.021504,0.005568,,0.010400,0.001120,4,4,48,4,1
1713,0.269500,0.309400,0.041000,0.085400,0.042000,0.095000,0.005600,0.021152,0.005632,,0.010944,0.001184,4,4,48,4,1
1714,0.260000,0.320500,0.041200,0.095400,0.042300,0.075200,0.005500,0.024000,0.005856,,0.012064,0.001088,4,4,48,4,1
1715,0.256900,0.310800,0.040800,0.085100,0.042600,0.076400,0.011400,0.021696,0.005632,,0.010528,0.001152,4,4,48,4,1
1716,0.252000,0.307800,0.041000,0.085100,0.042500,0.075700,0.007400,0.021888,0.005952,,0.010496,0.001152,4,4,48,4,1
1717,0.269300,0.303000,0.044900,0.085400,0.046900,0.076800,0.015000,0.021504,0.005600,,0.010400,0.001120,4,4,48,4,1
1718,0.257600,0.320300,0.041400,0.085600,0.042000,0.075700,0.012400,0.021248,0.005600,,0.010560,0.001152,4,4,48,4,1
1719,0.267100,0.308600,0.041100,0.085600,0.042300,0.090300,0.007400,0.021792,0.005664,,0.013184,0.001152,4,4,48,4,1
1720,0.260100,0.318500,0.040900,0.086800,0.042200,0.076200,0.013600,0.021312,0.005664,,0.010240,0.001152,4,4,48,4,1
1721,0.248700,0.311100,0.040900,0.085100,0.042100,0.074400,0.005800,0.023968,0.005600,,0.011104,0.001152,4,4,48,4,1
1722,0.258000,0.299700,0.040700,0.085700,0.042100,0.075600,0.013500,0.021472,0.005472,,0.010432,0.001184,4,4,48,4,1
1723,0.260300,0.308900,0.041200,0.085700,0.042500,0.076200,0.014300,0.024320,0.005632,,0.012576,0.001152,4,4,48,4,1
1724,0.258200,0.316100,0.041400,0.085900,0.042700,0.075800,0.012000,0.021600,0.005632,,0.013120,0.001152,4,4,48,4,1
1725,0.256300,0.308900,0.040700,0.085600,0.042400,0.075900,0.011100,0.021504,0.005568,,0.010432,0.001152,4,4,48,4,1
1726,0.257800,0.307200,0.040900,0.085500,0.042100,0.075500,0.013400,0.021696,0.005664,,0.010496,0.001152,4,4,48,4,1
1727,0.257400,0.308800,0.041100,0.085100,0.042500,0.076100,0.012100,0.021280,0.005632,,0.010496,0.001184,4,4,48,4,1
1728,0.249700,0.308300,0.040700,0.085100,0.042400,0.076000,0.005000,0.024224,0.005696,,0.011008,0.001152,4,4,48,4,1
1729,0.248900,0.300900,0.041100,0.085000,0.042400,0.074600,0.005300,0.024288,0.005568,,0.011136,0.001184,4,4,48,4,1
1730,0.261400,0.299400,0.041200,0.085500,0.046700,0.076800,0.010700,0.022144,0.005568,,0.012960,0.001120,4,4,48,4,1
1731,0.283100,0.312300,0.041100,0.086200,0.042400,0.107500,0.005300,0.021344,0.005696,,0.010336,0.001152,4,4,48,4,1
1732,0.258200,0.333800,0.041500,0.085700,0.042000,0.076200,0.012300,0.022176,0.005760,,0.012928,0.001152,4,4,48,4,1
1733,0.255900,0.309000,0.041200,0.085000,0.042300,0.076000,0.010600,0.021088,0.005504,,0.010496,0.001152,4,4,48,4,1
1734,0.258600,0.306700,0.041400,0.085200,0.042000,0.075300,0.014100,0.022112,0.006080,,0.010496,0.001152,4,4,48,4,1
1735,0.249500,0.309300,0.041000,0.085200,0.042300,0.074900,0.005400,0.024320,0.005792,,0.012480,0.001152,4,4,48,4,1
1736,0.259400,0.300400,0.041100,0.085600,0.042200,0.075600,0.014500,0.021664,0.005728,,0.010432,0.001120,4,4,48,4,1
1737,0.259900,0.315000,0.041100,0.085100,0.042700,0.076300,0.014100,0.021504,0.005408,,0.013056,0.001184,4,4,48,4,1
1738,0.250600,0.310800,0.040900,0.085600,0.041900,0.074700,0.006900,0.023936,0.005600,,0.012352,0.001120,4,4,48,4,1
1739,0.256100,0.301800,0.040600,0.084900,0.042400,0.084100,0.003700,0.022272,0.005600,,0.010368,0.001152,4,4,48,4,1
1740,0.260700,0.307300,0.040800,0.085400,0.041900,0.075400,0.016800,0.021632,0.005536,,0.010528,0.001184,4,4,48,4,1
1741,0.258300,0.311300,0.040900,0.084900,0.042100,0.075500,0.014400,0.021088,0.005664,,0.010752,0.001184,4,4,48,4,1
1742,0.331800,0.309300,0.040900,0.085300,0.068900,0.129400,0.006700,0.022336,0.005952,,0.010400,0.001184,4,4,48,4,1
1743,0.271100,0.394200,0.052400,0.089400,0.043500,0.079600,0.005600,0.021696,0.005632,,0.010560,0.001152,4,4,48,4,1
1744,0.264500,0.322000,0.041000,0.087000,0.042800,0.076300,0.016800,0.022464,0.005856,,0.010336,0.001152,4,4,48,4,1
1745,0.252200,0.315600,0.041200,0.086600,0.042500,0.075900,0.005500,0.022048,0.005568,,0.012992,0.001152,4,4,48,4,1
1746,0.258900,0.303200,0.041400,0.085700,0.042400,0.076400,0.012400,0.021536,0.005504,,0.010464,0.001120,4,4,48,4,1
1747,0.251700,0.309800,0.041000,0.086200,0.042600,0.075900,0.005400,0.024256,0.005824,,0.011392,0.001088,4,4,48,4,1
1748,0.265300,0.302500,0.041400,0.092800,0.042100,0.076300,0.012200,0.020992,0.005472,,0.010656,0.001184,4,4,48,4,1
1749,0.258800,0.316600,0.040900,0.085600,0.042200,0.076000,0.013600,0.021696,0.005632,,0.013120,0.001088,4,4,48,4,1
1750,0.258900,0.309900,0.041000,0.086300,0.042100,0.075700,0.013400,0.022016,0.005696,,0.012928,0.001120,4,4,48,4,1
1751,0.259600,0.309600,0.040900,0.085000,0.042700,0.076000,0.014400,0.021472,0.005344,,0.010560,0.001184,4,4,48,4,1
1752,0.254600,0.310800,0.041200,0.090100,0.042100,0.075400,0.005500,0.022624,0.005632,,0.013952,0.001152,4,4,48,4,1
1753,0.258500,0.305300,0.040800,0.085400,0.042100,0.075500,0.014100,0.021152,0.005664,,0.010912,0.001184,4,4,48,4,1
1754,0.260100,0.309100,0.041000,0.085600,0.042200,0.085500,0.005300,0.021920,0.006176,,0.010208,0.001152,4,4,48,4,1
1755,0.251000,0.311000,0.041100,0.085800,0.042300,0.074200,0.006900,0.022624,0.005664,,0.013984,0.001120,4,4,48,4,1
1756,0.259300,0.302500,0.043600,0.085500,0.042200,0.083500,0.003800,0.024160,0.005728,,0.011040,0.001152,4,4,48,4,1
1757,0.261200,0.310100,0.040800,0.086200,0.042000,0.076200,0.015500,0.021376,0.005664,,0.010272,0.001152,4,4,48,4,1
1758,0.265700,0.311800,0.041200,0.085400,0.042300,0.090400,0.005900,0.023872,0.005376,,0.011136,0.001056,4,4,48,4,1
1759,0.257200,0.316900,0.041100,0.085400,0.042200,0.075600,0.012400,0.021152,0.005664,,0.010560,0.001152,4,4,48,4,1
1760,0.259100,0.307900,0.040800,0.086000,0.042300,0.075800,0.013800,0.022016,0.005824,,0.013120,0.001088,4,4,48,4,1
1761,0.265000,0.310100,0.041400,0.092000,0.041900,0.075700,0.013600,0.021120,0.005728,,0.010816,0.001120,4,4,48,4,1
1762,0.249500,0.316000,0.040900,0.085800,0.042000,0.074800,0.005500,0.021120,0.005696,,0.010816,0.001152,4,4,48,4,1
1763,0.258900,0.300100,0.041200,0.085300,0.042200,0.076200,0.013500,0.021408,0.005792,,0.010272,0.001120,4,4,48,4,1
1764,0.257700,0.309800,0.041200,0.085600,0.042600,0.075900,0.011800,0.021568,0.005568,,0.010368,0.001184,4,4,48,4,1
1765,0.253300,0.308300,0.044300,0.085300,0.042500,0.075300,0.005400,0.023872,0.005600,,0.011008,0.001152,4,4,48,4,1
1766,0.248600,0.304100,0.041000,0.085300,0.041800,0.074700,0.005300,0.021408,0.005504,,0.010368,0.001184,4,4,48,4,1
1767,0.261500,0.299500,0.040900,0.085300,0.041900,0.089000,0.003800,0.021792,0.005632,,0.010592,0.001152,4,4,48,4,1
1768,0.258500,0.312300,0.041000,0.085600,0.042000,0.075800,0.013600,0.021824,0.005632,,0.013056,0.001120,4,4,48,4,1
1769,0.261500,0.309500,0.041300,0.085700,0.042300,0.086900,0.004800,0.024256,0.005664,,0.011040,0.001152,4,4,48,4,1
1770,0.256800,0.312400,0.041000,0.085700,0.042000,0.075800,0.011900,0.021952,0.005856,,0.013088,0.001120,4,4,48,4,1
1771,0.258100,0.307600,0.040900,0.085200,0.042700,0.082300,0.006500,0.021632,0.005824,,0.010496,0.001088,4,4,48,4,1
1772,0.256900,0.309000,0.046800,0.085400,0.042400,0.075100,0.006800,0.022080,0.005664,,0.010432,0.001184,4,4,48,4,1
1773,0.251300,0.307500,0.041300,0.086200,0.042500,0.075100,0.005600,0.021664,0.005728,,0.010368,0.001152,4,4,48,4,1
1774,0.257500,0.302100,0.040900,0.093100,0.042300,0.075700,0.005100,0.021504,0.005568,,0.010432,0.001120,4,4,48,4,1
1775,0.256400,0.308600,0.040800,0.089900,0.042400,0.074900,0.007800,0.021408,0.005440,,0.010432,0.001152,4,4,48,4,1
1776,0.250300,0.306800,0.041200,0.085400,0.041900,0.074000,0.007400,0.022208,0.005600,,0.010272,0.001088,4,4,48,4,1
1777,0.256700,0.301200,0.041200,0.085000,0.042300,0.075400,0.012100,0.021088,0.005600,,0.010208,0.001120,4,4,48,4,1
1778,0.250900,0.307600,0.041400,0.085700,0.042300,0.075400,0.005700,0.024256,0.005728,,0.011008,0.001120,4,4,48,4,1
1779,0.258800,0.301600,0.041000,0.085900,0.041900,0.075400,0.014200,0.021728,0.005504,,0.013120,0.001120,4,4,48,4,1
1780,0.259000,0.309500,0.041200,0.084900,0.041900,0.085300,0.005200,0.021536,0.005632,,0.010368,0.001152,4,4,48,4,1
1781,0.260000,0.309900,0.041400,0.085600,0.042300,0.075900,0.014300,0.021984,0.005920,,0.010560,0.001152,4,4,48,4,1
1782,0.257400,0.311100,0.040800,0.085100,0.042300,0.075400,0.013500,0.021920,0.005472,,0.012960,0.001152,4,4,48,4,1
1783,0.250000,0.308400,0.041100,0.085300,0.042400,0.074900,0.005400,0.023936,0.005376,,0.011200,0.001152,4,4,48,4,1
1784,0.257500,0.300500,0.041200,0.093300,0.042400,0.074800,0.005300,0.024288,0.005696,,0.011232,0.001184,4,4,48,4,1
1785,0.257000,0.308400,0.040800,0.085700,0.042100,0.076000,0.012100,0.021312,0.005792,,0.010240,0.001088,4,4,48,4,1
1786,0.258900,0.308000,0.040800,0.085700,0.042000,0.075500,0.014500,0.021632,0.005568,,0.010496,0.001184,4,4,48,4,1
1787,0.265200,0.310200,0.041100,0.092000,0.042200,0.075300,0.014300,0.021760,0.005760,,0.010496,0.001120,4,4,48,4,1
1788,0.258700,0.316100,0.041300,0.085700,0.042000,0.075400,0.013900,0.021760,0.005536,,0.013184,0.001088,4,4,48,4,1
1789,0.257800,0.309800,0.040800,0.085300,0.042300,0.075200,0.013700,0.021760,0.005664,,0.010560,0.001152,4,4,48,4,1
1790,0.399500,0.308400,0.103000,0.118800,0.067600,0.099700,0.009800,0.022496,0.005888,,0.010432,0.001056,4,4,48,4,1
1791,0.407700,0.473100,0.140000,0.110400,0.054100,0.096300,0.006400,0.022080,0.005664,,0.010464,0.001152,4,4,48,4,1
1792,0.312700,0.472500,0.050000,0.106300,0.053000,0.096100,0.006700,0.022240,0.005824,,0.010784,0.001152,4,4,48,4,1
1793,0.317300,0.376900,0.050100,0.108100,0.052300,0.098300,0.007900,0.021696,0.005664,,0.010528,0.001152,4,4,48,4,1
1794,0.333900,0.380800,0.049700,0.104500,0.051800,0.121400,0.005800,0.021664,0.005568,,0.013216,0.001088,4,4,48,4,1
1795,0.306600,0.396900,0.049200,0.104600,0.053000,0.093800,0.005300,0.022176,0.005632,,0.010304,0.001152,4,4,48,4,1
1796,0.301700,0.370000,0.070000,0.095300,0.046500,0.084900,0.004700,0.024160,0.005696,,0.011104,0.001152,4,4,48,4,1
1797,0.261600,0.354700,0.041800,0.087900,0.043500,0.082600,0.005300,0.021120,0.005664,,0.010912,0.001120,4,4,48,4,1
1798,0.253600,0.313600,0.041400,0.088200,0.042800,0.075400,0.005300,0.023936,0.005664,,0.012192,0.001120,4,4,48,4,1
1799,0.259200,0.304900,0.041200,0.087400,0.042900,0.081800,0.005500,0.021632,0.005504,,0.010592,0.001152,4,4,48,4,1
1800,0.259300,0.310600,0.040900,0.086500,0.042300,0.083900,0.005200,0.021344,0.005632,,0.010272,0.001152,4,4,48,4,1
1801,0.279400,0.310100,0.041100,0.086400,0.057000,0.088500,0.005700,0.022400,0.005920,,0.012256,0.001120,4,4,48,4,1
1802,0.262500,0.330400,0.041200,0.086200,0.043800,0.076900,0.013700,0.022240,0.005472,,0.013856,0.001120,4,4,48,4,1
1803,0.252400,0.313500,0.041100,0.086800,0.042600,0.076000,0.005500,0.021888,0.005792,,0.010528,0.001152,4,4,48,4,1
1804,0.258100,0.315300,0.041300,0.085200,0.042700,0.076200,0.012200,0.021376,0.005952,,0.010784,0.001152,4,4,48,4,1
1805,0.261600,0.308800,0.041000,0.085700,0.042900,0.076200,0.015400,0.021856,0.005696,,0.012992,0.001152,4,4,48,4,1
1806,0.250100,0.312300,0.041200,0.085800,0.042100,0.075000,0.005400,0.024320,0.005792,,0.011168,0.001088,4,4,48,4,1
1807,0.271900,0.300800,0.041100,0.085900,0.042400,0.097000,0.005200,0.021280,0.005568,,0.010272,0.001088,4,4,48,4,1
1808,0.259700,0.327500,0.041800,0.086600,0.042700,0.076300,0.011900,0.021312,0.005824,,0.010944,0.001152,4,4,48,4,1
1809,0.251000,0.311100,0.041100,0.086500,0.042200,0.075400,0.005400,0.024128,0.005504,,0.011136,0.001152,4,4,48,4,1
1810,0.249600,0.302100,0.040800,0.085900,0.042100,0.075200,0.005200,0.024192,0.005600,,0.011040,0.001120,4,4,48,4,1
1811,0.261000,0.300300,0.041100,0.085700,0.042500,0.085900,0.005300,0.021920,0.005824,,0.010560,0.001152,4,4,48,4,1
1812,0.259000,0.311800,0.041000,0.085900,0.043300,0.080600,0.007900,0.021792,0.005664,,0.010560,0.001152,4,4,48,4,1
1813,0.250300,0.310200,0.041100,0.085300,0.042000,0.074300,0.007200,0.021856,0.005824,,0.010496,0.001152,4,4,48,4,1
1814,0.256800,0.301300,0.041200,0.085200,0.048300,0.075800,0.005800,0.024576,0.005856,,0.011104,0.001152,4,4,48,4,1
1815,0.278400,0.307300,0.040900,0.085000,0.060400,0.077500,0.014200,0.021120,0.005632,,0.010688,0.001184,4,4,48,4,1
1816,0.259600,0.329700,0.041000,0.086000,0.042400,0.075600,0.014200,0.021408,0.005696,,0.010496,0.001152,4,4,48,4,1
1817,0.258700,0.310800,0.041100,0.085000,0.041800,0.076500,0.013700,0.024032,0.005664,,0.011136,0.001152,4,4,48,4,1
1818,0.256600,0.309400,0.040700,0.085300,0.042100,0.076200,0.012000,0.021536,0.005568,,0.010496,0.001088,4,4,48,4,1
1819,0.259800,0.307800,0.041200,0.085700,0.042700,0.075900,0.014000,0.022048,0.005568,,0.012192,0.001152,4,4,48,4,1
1820,0.248700,0.310600,0.041000,0.085200,0.042000,0.074800,0.005400,0.023968,0.005664,,0.011104,0.001120,4,4,48,4,1
1821,0.259300,0.304400,0.040900,0.086000,0.041800,0.075800,0.014200,0.021440,0.005472,,0.010400,0.001152,4,4,48,4,1
1822,0.249800,0.310300,0.041100,0.085700,0.042600,0.074600,0.005400,0.024096,0.005536,,0.012384,0.001120,4,4,48,4,1
1823,0.258400,0.300500,0.041300,0.085600,0.042500,0.076200,0.012300,0.021792,0.005600,,0.013152,0.001152,4,4,48,4,1
1824,0.258400,0.309300,0.041200,0.085700,0.041900,0.075400,0.013800,0.022464,0.005632,,0.013920,0.001152,4,4,48,4,1
1825,0.249700,0.309100,0.041100,0.085800,0.042000,0.074800,0.005500,0.024352,0.005856,,0.011072,0.001120,4,4,48,4,1
1826,0.248500,0.300700,0.040900,0.085500,0.041900,0.074300,0.005300,0.024160,0.005792,,0.012384,0.001152,4,4,48,4,1
1827,0.262400,0.299200,0.041200,0.086000,0.046600,0.082300,0.005600,0.024384,0.005728,,0.012384,0.001184,4,4,48,4,1
1828,0.257400,0.313200,0.040800,0.085400,0.041700,0.075400,0.013400,0.021472,0.005664,,0.010272,0.001088,4,4,48,4,1
1829,0.257700,0.308000,0.040700,0.085500,0.041900,0.075300,0.013600,0.021440,0.005600,,0.010336,0.001152,4,4,48,4,1
1830,0.260100,0.308400,0.040800,0.085500,0.043600,0.076000,0.013500,0.022016,0.005408,,0.010496,0.001152,4,4,48,4,1
1831,0.327100,0.310800,0.040900,0.085100,0.042000,0.148700,0.009500,0.023168,0.005696,,0.011520,0.001120,4,4,48,4,1
1832,0.383400,0.409800,0.061200,0.134200,0.065600,0.115600,0.006200,0.021888,0.005632,,0.010368,0.001120,4,4,48,4,1
1833,0.369000,0.460500,0.059100,0.126800,0.063300,0.114000,0.005200,0.022304,0.005568,,0.013888,0.001088,4,4,48,4,1
1834,0.336900,0.444400,0.058800,0.111900,0.062700,0.097000,0.005800,0.022496,0.005824,,0.010368,0.001184,4,4,48,4,1
1835,0.405200,0.401000,0.049500,0.117000,0.062700,0.168000,0.007200,0.021952,0.005600,,0.010432,0.001120,4,4,48,4,1
1836,0.319400,0.470000,0.050400,0.109900,0.053100,0.100200,0.005400,0.021472,0.005376,,0.010560,0.001152,4,4,48,4,1
1837,0.325000,0.384000,0.049600,0.106100,0.052600,0.111000,0.005200,0.023904,0.005664,,0.012064,0.001120,4,4,48,4,1
1838,0.319000,0.388200,0.051300,0.105300,0.052200,0.104500,0.005100,0.021664,0.005600,,0.010528,0.001152,4,4,48,4,1
1839,0.273500,0.382800,0.049700,0.090400,0.043500,0.085800,0.003800,0.021248,0.005728,,0.010560,0.001152,4,4,48,4,1
1840,0.302800,0.324500,0.041300,0.120100,0.047500,0.089500,0.003800,0.021504,0.005568,,0.010464,0.001088,4,4,48,4,1
1841,0.264800,0.355100,0.041700,0.088500,0.043600,0.086600,0.003800,0.021952,0.005728,,0.013152,0.001120,4,4,48,4,1
1842,0.290500,0.316000,0.041500,0.097000,0.051800,0.094200,0.005100,0.021568,0.005696,,0.010400,0.001120,4,4,48,4,1
1843,0.306500,0.353500,0.049400,0.104400,0.052400,0.094500,0.005100,0.021824,0.005696,,0.013088,0.001184,4,4,48,4,1
1844,0.304400,0.369500,0.049200,0.104000,0.051400,0.094300,0.005100,0.022080,0.005440,,0.010464,0.001152,4,4,48,4,1
1845,0.259400,0.366200,0.040700,0.094100,0.042900,0.075700,0.005400,0.024352,0.005632,,0.011104,0.001152,4,4,48,4,1
1846,0.257700,0.310400,0.040500,0.086900,0.042700,0.076200,0.011000,0.021440,0.005888,,0.010432,0.001088,4,4,48,4,1
1847,0.253500,0.308700,0.041300,0.086600,0.042600,0.079200,0.003400,0.024320,0.005632,,0.011072,0.001152,4,4,48,4,1
1848,0.265500,0.304800,0.043000,0.096600,0.042200,0.076500,0.006600,0.021952,0.005888,,0.013056,0.001088,4,4,48,4,1
1849,0.259000,0.316500,0.040900,0.092600,0.042400,0.076900,0.005800,0.024160,0.005600,,0.012512,0.001152,4,4,48,4,1
1850,0.256000,0.309500,0.041100,0.091800,0.042600,0.074700,0.005500,0.023008,0.005376,,0.011712,0.001152,4,4,48,4,1
1851,0.261700,0.307100,0.040800,0.086000,0.042800,0.080900,0.010700,0.021152,0.005472,,0.010336,0.001184,4,4,48,4,1
1852,0.267000,0.312800,0.041200,0.085700,0.042200,0.093900,0.003300,0.022208,0.005984,,0.013024,0.001152,4,4,48,4,1
1853,0.253400,0.318200,0.043500,0.085400,0.042400,0.075400,0.006300,0.022208,0.005696,,0.010272,0.001152,4,4,48,4,1
1854,0.249900,0.304500,0.041100,0.084900,0.041800,0.074800,0.006900,0.022048,0.005504,,0.010080,0.001056,4,4,48,4,1
1855,0.249900,0.300700,0.040600,0.085700,0.042400,0.075100,0.005600,0.022176,0.005536,,0.010496,0.001120,4,4,48,4,1
1856,0.259100,0.301200,0.040800,0.086400,0.042200,0.075800,0.013400,0.021600,0.005568,,0.010496,0.001152,4,4,48,4,1
1857,0.248800,0.310000,0.040700,0.085500,0.041900,0.074900,0.005400,0.024128,0.005568,,0.011168,0.001152,4,4,48,4,1
1858,0.255500,0.300200,0.040600,0.092000,0.042300,0.074700,0.005300,0.022528,0.005888,,0.010368,0.001120,4,4,48,4,1
1859,0.265400,0.306200,0.040800,0.085000,0.042400,0.091300,0.005300,0.022368,0.005600,,0.013952,0.001088,4,4,48,4,1
1860,0.249300,0.316500,0.041300,0.085200,0.042000,0.075000,0.005300,0.021856,0.005408,,0.010496,0.001184,4,4,48,4,1
1861,0.248700,0.300100,0.040800,0.085000,0.042000,0.075000,0.005300,0.024064,0.005472,,0.011232,0.001152,4,4,48,4,1
1862,0.257400,0.299600,0.040800,0.085300,0.042300,0.075800,0.012500,0.021760,0.005440,,0.012992,0.001120,4,4,48,4,1
1863,0.250300,0.308200,0.040700,0.085200,0.042300,0.075000,0.006600,0.021472,0.005600,,0.010400,0.001152,4,4,48,4,1
1864,0.258600,0.301400,0.040900,0.085600,0.041900,0.075700,0.014100,0.021824,0.005888,,0.010400,0.001120,4,4,48,4,1
1865,0.250300,0.314500,0.040900,0.086000,0.042200,0.075100,0.005600,0.024224,0.005664,,0.011040,0.001120,4,4,48,4,1
1866,0.248100,0.301300,0.040800,0.085100,0.041900,0.074700,0.005400,0.024256,0.005600,,0.011104,0.001120,4,4,48,4,1
1867,0.251800,0.298900,0.040700,0.085700,0.042400,0.079200,0.003400,0.022784,0.005344,,0.012928,0.001152,4,4,48,4,1
1868,0.262900,0.302900,0.041200,0.088400,0.041800,0.075200,0.015700,0.022592,0.005696,,0.013888,0.001088,4,4,48,4,1
1869,0.261500,0.313600,0.040700,0.084900,0.042400,0.075600,0.017300,0.021088,0.005632,,0.010816,0.001088,4,4,48,4,1
1870,0.249300,0.311800,0.040900,0.085400,0.041900,0.074900,0.005800,0.024032,0.005568,,0.012448,0.001152,4,4,48,4,1
1871,0.262000,0.299900,0.040600,0.084800,0.047400,0.076300,0.012400,0.021888,0.005760,,0.010592,0.001152,4,4,48,4,1
1872,0.259000,0.313000,0.040600,0.085700,0.042300,0.076200,0.013700,0.021664,0.005600,,0.010528,0.001152,4,4,48,4,1
1873,0.255700,0.310000,0.040800,0.085000,0.041700,0.075600,0.012100,0.021632,0.005728,,0.010400,0.001120,4,4,48,4,1
1874,0.256400,0.306800,0.040700,0.084800,0.042400,0.075800,0.012400,0.021280,0.005760,,0.010816,0.001152,4,4,48,4,1
1875,0.254700,0.307600,0.041100,0.085400,0.043900,0.080000,0.003600,0.021792,0.005440,,0.010400,0.001152,4,4,48,4,1
1876,0.260700,0.306000,0.044500,0.085700,0.042300,0.083700,0.004100,0.021984,0.005632,,0.010496,0.001152,4,4,48,4,1
1877,0.247900,0.311400,0.040500,0.084800,0.041600,0.074900,0.005500,0.022240,0.005408,,0.013952,0.001152,4,4,48,4,1
1878,0.259300,0.303700,0.041000,0.086100,0.042100,0.075700,0.013900,0.021760,0.005728,,0.010496,0.001152,4,4,48,4,1
1879,0.249000,0.310400,0.040800,0.085400,0.042100,0.074800,0.005200,0.024192,0.005600,,0.011104,0.001152,4,4,48,4,1
1880,0.256500,0.300000,0.040500,0.084900,0.042000,0.076200,0.012400,0.021696,0.005600,,0.010560,0.001120,4,4,48,4,1
1881,0.257300,0.307500,0.040600,0.085300,0.041600,0.075600,0.013800,0.021760,0.005760,,0.010496,0.001152,4,4,48,4,1
1882,0.320700,0.308000,0.040700,0.086300,0.042200,0.142800,0.008300,0.021824,0.005856,,0.010464,0.001120,4,4,48,4,1
1883,0.426400,0.377400,0.055100,0.110800,0.046100,0.202300,0.011400,0.022400,0.005728,,0.010336,0.001152,4,4,48,4,1
1884,0.341500,0.494400,0.059600,0.122000,0.054900,0.098000,0.006300,0.022176,0.005600,,0.010400,0.001152,4,4,48,4,1
1885,0.258700,0.392900,0.041400,0.088100,0.043700,0.079600,0.005300,0.021120,0.005632,,0.010816,0.001152,4,4,48,4,1
1886,0.255900,0.309800,0.041400,0.087300,0.045700,0.075700,0.005300,0.021824,0.005824,,0.010528,0.001152,4,4,48,4,1
1887,0.253900,0.307300,0.041100,0.086500,0.044200,0.075600,0.006000,0.024064,0.005728,,0.011136,0.001152,4,4,48,4,1
1888,0.259600,0.304600,0.041000,0.086800,0.043400,0.083400,0.004600,0.021664,0.005632,,0.010464,0.001152,4,4,48,4,1
1889,0.258700,0.310400,0.047600,0.086600,0.043500,0.075100,0.005500,0.024256,0.005696,,0.012448,0.001152,4,4,48,4,1
1890,0.250400,0.309500,0.041000,0.086000,0.042600,0.075100,0.005300,0.021696,0.005664,,0.010528,0.001184,4,4,48,4,1
1891,0.260200,0.301000,0.041000,0.086800,0.043900,0.082700,0.005300,0.023200,0.005600,,0.011840,0.001152,4,4,48,4,1
1892,0.250100,0.311300,0.041300,0.085700,0.042400,0.074800,0.005400,0.021824,0.005664,,0.013152,0.001120,4,4,48,4,1
1893,0.260200,0.300500,0.041000,0.087000,0.042700,0.085300,0.003600,0.022688,0.005824,,0.010560,0.001088,4,4,48,4,1
1894,0.257500,0.310800,0.041000,0.094200,0.042700,0.074200,0.004900,0.021600,0.005408,,0.012992,0.001152,4,4,48,4,1
1895,0.264500,0.308800,0.041000,0.086000,0.042600,0.087600,0.006700,0.022528,0.005920,,0.010560,0.001152,4,4,48,4,1
1896,0.257500,0.315400,0.041100,0.086800,0.042600,0.081500,0.004900,0.021472,0.005472,,0.010432,0.001152,4,4,48,4,1
1897,0.255900,0.308200,0.041100,0.086200,0.042600,0.075800,0.009600,0.021600,0.005472,,0.013056,0.001152,4,4,48,4,1
1898,0.256200,0.306900,0.041100,0.085400,0.042600,0.076900,0.009700,0.024160,0.005600,,0.012352,0.001120,4,4,48,4,1
1899,0.256800,0.307200,0.041200,0.085700,0.042500,0.075700,0.011200,0.021568,0.005664,,0.010400,0.001184,4,4,48,4,1
1900,0.261200,0.307400,0.040900,0.085900,0.042200,0.087200,0.004400,0.023968,0.005344,,0.012480,0.001088,4,4,48,4,1
1901,0.251200,0.311800,0.041000,0.086100,0.042100,0.076200,0.005300,0.023840,0.005376,,0.012320,0.001152,4,4,48,4,1
1902,0.265100,0.302100,0.047100,0.087200,0.041900,0.075800,0.012800,0.021632,0.005760,,0.010432,0.001152,4,4,48,4,1
1903,0.249100,0.316200,0.041000,0.085400,0.042300,0.074700,0.005200,0.023968,0.005536,,0.012480,0.001120,4,4,48,4,1
1904,0.249100,0.299800,0.041200,0.085500,0.042200,0.074500,0.005300,0.024096,0.005696,,0.010976,0.001120,4,4,48,4,1
1905,0.250200,0.300200,0.041200,0.085100,0.042200,0.076100,0.005100,0.024160,0.005664,,0.011008,0.001152,4,4,48,4,1
1906,0.256000,0.301300,0.040900,0.090200,0.042100,0.074800,0.007600,0.021728,0.005856,,0.010368,0.001152,4,4,48,4,1
1907,0.214300,0.307100,0.040900,0.085400,0.023500,0.063100,0.001100,0.024032,0.005600,,0.012416,0.001152,4,4,48,4,1
1908,0.376700,0.264400,0.039900,0.103700,0.010000,0.097400,0.125200,0.021824,0.005792,,0.013056,0.001088,4,4,48,4,1
1909,0.328900,0.427400,0.042300,0.114300,0.072500,0.094000,0.005400,0.024064,0.005600,,0.010976,0.001120,4,4,48,4,1
1910,0.292700,0.380600,0.041400,0.096600,0.057000,0.077300,0.019700,0.022688,0.005760,,0.010176,0.001152,4,4,48,4,1
1911,0.269500,0.343700,0.041200,0.087500,0.043900,0.076600,0.019600,0.021824,0.005888,,0.010432,0.001088,4,4,48,4,1
1912,0.256200,0.321100,0.040700,0.086300,0.043000,0.078900,0.006600,0.021440,0.005600,,0.010496,0.001120,4,4,48,4,1
1913,0.261900,0.307300,0.041400,0.086500,0.040700,0.087300,0.005400,0.182048,0.163712,,0.011040,0.001120,4,4,48,4,1
1914,0.199700,0.312800,0.047200,0.086800,0.014600,0.043200,0.007500,0.022432,0.005536,,0.010464,0.001120,4,4,48,4,1
1915,0.288100,0.249800,0.043400,0.109900,0.044400,0.082900,0.006900,0.024352,0.005408,,0.011776,0.001152,4,4,48,4,1
1916,0.266900,0.339300,0.041300,0.088000,0.043800,0.077300,0.016100,0.021600,0.005600,,0.010400,0.001152,4,4,48,4,1
1917,0.261800,0.317900,0.041100,0.086800,0.043300,0.077200,0.013100,0.021696,0.005632,,0.010528,0.001152,4,4,48,4,1
1918,0.258800,0.313700,0.040700,0.085700,0.043000,0.075300,0.013700,0.023456,0.005888,,0.011680,0.001088,4,4,48,4,1
1919,0.258000,0.309700,0.040900,0.085600,0.043100,0.076000,0.011900,0.021376,0.005568,,0.010336,0.001088,4,4,48,4,1
1920,0.263900,0.316200,0.041200,0.086500,0.043300,0.083200,0.009200,0.022592,0.005856,,0.010464,0.001120,4,4,48,4,1
1921,0.251600,0.314700,0.041400,0.086000,0.042700,0.075300,0.005800,0.022176,0.005472,,0.010528,0.001152,4,4,48,4,1
1922,0.262300,0.302500,0.041100,0.086300,0.042300,0.076500,0.015500,0.022624,0.005664,,0.013920,0.001152,4,4,48,4,1
1923,0.254400,0.313600,0.041000,0.086100,0.043000,0.078400,0.005600,0.021824,0.005824,,0.010464,0.001152,4,4,48,4,1
1924,0.251600,0.305400,0.040900,0.086500,0.042600,0.076300,0.005000,0.021568,0.005696,,0.010368,0.001120,4,4,48,4,1
1925,0.198200,0.310300,0.041600,0.098700,0.013900,0.042300,0.001000,0.022368,0.005664,,0.010432,0.001152,4,4,48,4,1
1926,0.241200,0.248000,0.040600,0.101900,0.038600,0.044000,0.015900,0.021984,0.005536,,0.010912,0.001088,4,4,48,4,1
1927,0.287300,0.291900,0.042000,0.113600,0.045000,0.079100,0.007200,0.022240,0.005792,,0.010368,0.001088,4,4,48,4,1
1928,0.261500,0.338300,0.041300,0.087100,0.042700,0.086000,0.003800,0.021504,0.005664,,0.010432,0.001088,4,4,48,4,1
1929,0.259400,0.312300,0.041300,0.085900,0.042400,0.085300,0.004000,0.021728,0.005664,,0.010496,0.001184,4,4,48,4,1
1930,0.262300,0.310100,0.041100,0.085900,0.042500,0.086600,0.005800,0.020832,0.005376,,0.010816,0.001152,4,4,48,4,1
1931,0.323000,0.313200,0.091300,0.095300,0.044100,0.085200,0.006400,0.021664,0.005664,,0.013056,0.001152,4,4,48,4,1
1932,0.263500,0.374200,0.048000,0.087400,0.042900,0.077500,0.007100,0.022080,0.005664,,0.010592,0.001152,4,4,48,4,1
1933,0.269800,0.315100,0.041000,0.086100,0.042800,0.077300,0.022100,0.021696,0.005632,,0.010528,0.001152,4,4,48,4,1
1934,0.268000,0.320700,0.041500,0.093900,0.042200,0.086100,0.003700,0.022080,0.005856,,0.013088,0.001184,4,4,48,4,1
1935,0.263400,0.318900,0.041400,0.086400,0.042800,0.075900,0.016400,0.021728,0.005664,,0.013120,0.001088,4,4,48,4,1
1936,0.260400,0.314200,0.041000,0.086400,0.042500,0.075900,0.014200,0.021696,0.005632,,0.010560,0.001152,4,4,48,4,1
1937,0.257400,0.311200,0.040800,0.085700,0.043000,0.075900,0.011100,0.021856,0.005856,,0.010432,0.001152,4,4,48,4,1
1938,0.261900,0.308300,0.041000,0.085900,0.047500,0.082700,0.004400,0.021664,0.005728,,0.010400,0.001152,4,4,48,4,1
1939,0.256400,0.312700,0.041100,0.085400,0.042400,0.082000,0.005000,0.020992,0.005504,,0.010720,0.001120,4,4,48,4,1
1940,0.258400,0.307500,0.041400,0.085800,0.042900,0.076000,0.011900,0.021600,0.005664,,0.010368,0.001184,4,4,48,4,1
1941,0.257300,0.309300,0.041200,0.085500,0.042200,0.075400,0.012500,0.021152,0.005760,,0.010496,0.001120,4,4,48,4,1
1942,0.257000,0.308100,0.042900,0.085200,0.042000,0.075800,0.010700,0.021632,0.005568,,0.010560,0.001152,4,4,48,4,1
1943,0.257100,0.307800,0.041300,0.085800,0.042300,0.081400,0.005700,0.024000,0.005568,,0.011168,0.001120,4,4,48,4,1
1944,0.258700,0.307800,0.040400,0.085700,0.042700,0.073900,0.015600,0.022304,0.005664,,0.010336,0.001152,4,4,48,4,1
1945,0.255800,0.314600,0.045600,0.086200,0.042400,0.074800,0.006300,0.022208,0.005408,,0.013888,0.001152,4,4,48,4,1
1946,0.249500,0.306800,0.040900,0.085500,0.041800,0.075900,0.005000,0.021952,0.005536,,0.012128,0.001088,4,4,48,4,1
1947,0.256400,0.300500,0.040900,0.085400,0.042500,0.075500,0.011500,0.022016,0.005984,,0.010528,0.001088,4,4,48,4,1
1948,0.257400,0.307500,0.041400,0.085800,0.042100,0.075800,0.011800,0.021632,0.005696,,0.010368,0.001152,4,4,48,4,1
1949,0.255200,0.308600,0.041300,0.085000,0.042000,0.076100,0.010400,0.021536,0.005664,,0.010336,0.001152,4,4,48,4,1
1950,0.257500,0.306100,0.041400,0.085600,0.042000,0.076100,0.011900,0.021312,0.005792,,0.010848,0.001120,4,4,48,4,1
1951,0.260300,0.307900,0.041300,0.085200,0.046300,0.076900,0.010100,0.021248,0.005760,,0.010816,0.001152,4,4,48,4,1
1952,0.250000,0.311100,0.041100,0.085900,0.042100,0.074700,0.005700,0.024224,0.005600,,0.012416,0.001120,4,4,48,4,1
1953,0.250000,0.300800,0.041000,0.085400,0.042100,0.075100,0.005700,0.023968,0.005536,,0.012416,0.001120,4,4,48,4,1
1954,0.249500,0.301000,0.041100,0.085200,0.042200,0.074900,0.005600,0.024192,0.005600,,0.012480,0.001120,4,4,48,4,1
1955,0.259000,0.300200,0.041100,0.085100,0.041900,0.075500,0.014800,0.021472,0.005504,,0.010528,0.001152,4,4,48,4,1
1956,0.250700,0.310000,0.040800,0.085400,0.041800,0.078500,0.003800,0.021728,0.005760,,0.010528,0.001088,4,4,48,4,1
1957,0.257500,0.301600,0.041700,0.085100,0.042600,0.075600,0.012100,0.020960,0.005472,,0.010880,0.001184,4,4,48,4,1
1958,0.262100,0.308600,0.046100,0.085900,0.041600,0.084600,0.003400,0.021280,0.005376,,0.010368,0.001152,4,4,48,4,1
1959,0.259800,0.312900,0.040900,0.085400,0.042300,0.076300,0.014400,0.021376,0.005504,,0.010368,0.001152,4,4,48,4,1
1960,0.249400,0.310500,0.041100,0.085500,0.041900,0.074400,0.006000,0.023424,0.005408,,0.012224,0.001088,4,4,48,4,1
1961,0.250300,0.300400,0.041100,0.084500,0.042300,0.074800,0.007000,0.021824,0.005792,,0.010528,0.001120,4,4,48,4,1
1962,0.258200,0.301100,0.040500,0.085100,0.042400,0.075300,0.014300,0.021472,0.005536,,0.010496,0.001184,4,4,48,4,1
1963,0.257800,0.308900,0.041200,0.086100,0.041900,0.075600,0.012500,0.021696,0.005760,,0.010432,0.001120,4,4,48,4,1
1964,0.265400,0.308400,0.041000,0.085800,0.041600,0.087200,0.009200,0.022080,0.005248,,0.013920,0.001120,4,4,48,4,1
1965,0.251200,0.316100,0.041200,0.085300,0.041900,0.075100,0.007200,0.021952,0.005536,,0.010368,0.001056,4,4,48,4,1
1966,0.260300,0.302200,0.040800,0.085700,0.041700,0.075100,0.016400,0.021792,0.005760,,0.010496,0.001152,4,4,48,4,1
1967,0.258800,0.310700,0.040900,0.085600,0.042400,0.075500,0.013900,0.021536,0.005728,,0.010432,0.001120,4,4,48,4,1
1968,0.276600,0.309700,0.041100,0.085500,0.057800,0.085700,0.006000,0.023136,0.005504,,0.011872,0.001120,4,4,48,4,1
1969,0.248500,0.327800,0.041000,0.085300,0.041900,0.074200,0.005700,0.021792,0.005792,,0.010528,0.001088,4,4,48,4,1
1970,0.257600,0.299200,0.040800,0.085300,0.042300,0.076000,0.012500,0.021600,0.005664,,0.010496,0.001088,4,4,48,4,1
1971,0.266800,0.308500,0.046600,0.085500,0.042200,0.086200,0.005600,0.021856,0.005888,,0.010464,0.001120,4,4,48,4,1
1972,0.248700,0.317500,0.041300,0.085300,0.041700,0.074300,0.005600,0.022336,0.005600,,0.010400,0.001152,4,4,48,4,1
1973,0.257300,0.299300,0.041200,0.085500,0.041900,0.075700,0.012600,0.021408,0.005440,,0.010432,0.001152,4,4,48,4,1
1974,0.256000,0.308100,0.041000,0.085900,0.041900,0.076000,0.010700,0.021472,0.005408,,0.010560,0.001120,4,4,48,4,1
1975,0.267200,0.307100,0.052700,0.085700,0.042000,0.075500,0.010900,0.021312,0.005376,,0.010432,0.001120,4,4,48,4,1
1976,0.247600,0.318200,0.040800,0.084500,0.042500,0.074500,0.004900,0.022528,0.005600,,0.013984,0.001152,4,4,48,4,1
1977,0.254200,0.298300,0.041300,0.085100,0.042000,0.080500,0.005000,0.022368,0.005536,,0.013856,0.001120,4,4,48,4,1
1978,0.272400,0.305400,0.040900,0.096800,0.041900,0.075400,0.016800,0.021056,0.005632,,0.010688,0.001088,4,4,48,4,1
1979,0.250300,0.323100,0.041300,0.085700,0.041900,0.075900,0.005100,0.021088,0.005600,,0.010848,0.001152,4,4,48,4,1
1980,0.798400,0.301300,0.040900,0.559400,0.063200,0.127600,0.006600,0.021728,0.005632,,0.010400,0.001088,4,4,48,4,1
1981,0.439900,0.887500,0.160700,0.113400,0.054200,0.101600,0.009400,0.021632,0.005664,,0.010464,0.001120,4,4,48,4,1
1982,0.311000,0.504800,0.049700,0.106600,0.053200,0.094900,0.006300,0.022528,0.005824,,0.010496,0.001152,4,4,48,4,1
1983,0.296400,0.375300,0.049800,0.106000,0.047800,0.086900,0.005400,0.021504,0.005920,,0.010848,0.001184,4,4,48,4,1
1984,0.263200,0.347900,0.040900,0.088500,0.043400,0.086000,0.003700,0.021312,0.005888,,0.010816,0.001120,4,4,48,4,1
1985,0.251400,0.314600,0.041100,0.086400,0.042900,0.075700,0.004500,0.023904,0.005632,,0.012128,0.001152,4,4,48,4,1
1986,0.269200,0.302900,0.047300,0.086900,0.042800,0.076900,0.014700,0.024416,0.005664,,0.011104,0.001152,4,4,48,4,1
1987,0.260900,0.329300,0.041900,0.085900,0.042300,0.076800,0.013500,0.021728,0.005696,,0.010528,0.001120,4,4,48,4,1
1988,0.252100,0.311800,0.041100,0.086600,0.043000,0.075200,0.005800,0.021696,0.005728,,0.010528,0.001088,4,4,48,4,1
1989,0.251600,0.303200,0.041300,0.085800,0.042700,0.075200,0.006200,0.022592,0.005664,,0.014016,0.001152,4,4,48,4,1
1990,0.259900,0.302300,0.041300,0.085800,0.042700,0.076400,0.013100,0.021760,0.005760,,0.010496,0.001120,4,4,48,4,1
1991,0.268500,0.310900,0.041000,0.085600,0.042800,0.089300,0.009200,0.023968,0.005440,,0.011200,0.001152,4,4,48,4,1
1992,0.256900,0.320000,0.041300,0.085900,0.048400,0.075600,0.005300,0.024384,0.005760,,0.011168,0.001088,4,4,48,4,1
1993,0.250000,0.307500,0.041200,0.085900,0.042200,0.075000,0.005300,0.024192,0.005600,,0.011040,0.001152,4,4,48,4,1
1994,0.263800,0.300900,0.041000,0.085500,0.042400,0.075900,0.018200,0.021056,0.005568,,0.010720,0.001152,4,4,48,4,1
1995,0.255400,0.318400,0.041200,0.085600,0.042500,0.080200,0.005500,0.021728,0.005632,,0.010560,0.001152,4,4,48,4,1
1996,0.260200,0.306200,0.040700,0.085700,0.042600,0.076500,0.014300,0.022080,0.005792,,0.012992,0.001152,4,4,48,4,1
1997,0.261500,0.311300,0.040800,0.086200,0.042900,0.085900,0.005200,0.021248,0.005856,,0.010816,0.001088,4,4,48,4,1
1998,0.249900,0.312900,0.041000,0.086300,0.042000,0.074800,0.005200,0.021056,0.005536,,0.010816,0.001120,4,4,48,4,1
1999,0.283600,0.305900,0.041700,0.086200,0.042300,0.104800,0.008000,0.021536,0.005568,,0.010464,0.001120,4,4,48,4,1
2000,0.269400,0.334500,0.040700,0.086000,0.042400,0.092800,0.007200,0.021760,0.005728,,0.010464,0.001152,4,4,48,4,1
2001,0.283100,0.320000,0.041400,0.086100,0.042500,0.108400,0.004400,0.021824,0.005824,,0.010464,0.001152,4,4,48,4,1
2002,0.260300,0.334100,0.041300,0.085600,0.042400,0.075900,0.014700,0.022016,0.006080,,0.010400,0.001120,4,4,48,4,1
2003,0.257900,0.310900,0.041400,0.086000,0.042300,0.075800,0.012100,0.021888,0.005664,,0.012960,0.001088,4,4,48,4,1
2004,0.266300,0.308800,0.040900,0.094800,0.042200,0.076200,0.011800,0.021536,0.005536,,0.010496,0.001088,4,4,48,4,1
2005,0.266200,0.317300,0.040900,0.093200,0.041800,0.075800,0.013900,0.022496,0.005728,,0.013952,0.001088,4,4,48,4,1
2006,0.257200,0.317600,0.041300,0.085900,0.042300,0.075900,0.011400,0.021568,0.005568,,0.010496,0.001120,4,4,48,4,1
2007,0.258000,0.308300,0.041700,0.086000,0.042100,0.075800,0.011700,0.021856,0.005600,,0.013152,0.001152,4,4,48,4,1
2008,0.254800,0.308900,0.040800,0.086300,0.041700,0.079800,0.005500,0.024352,0.005856,,0.011040,0.001120,4,4,48,4,1
2009,0.249500,0.305600,0.040800,0.085900,0.041900,0.075200,0.005300,0.022752,0.005856,,0.013920,0.001088,4,4,48,4,1
2010,0.255500,0.300300,0.041200,0.086000,0.042400,0.080100,0.005400,0.024256,0.005600,,0.011104,0.001120,4,4,48,4,1
2011,0.261100,0.306300,0.041200,0.086200,0.042200,0.086400,0.004400,0.021216,0.005696,,0.010784,0.001184,4,4,48,4,1
2012,0.260500,0.312600,0.041100,0.085400,0.041700,0.075700,0.016100,0.021056,0.005536,,0.010944,0.001088,4,4,48,4,1
2013,0.250100,0.311600,0.041200,0.085700,0.042000,0.075300,0.005500,0.024224,0.005600,,0.011072,0.001088,4,4,48,4,1
2014,0.257300,0.301100,0.041200,0.085800,0.042300,0.076000,0.011400,0.021344,0.005728,,0.010432,0.001152,4,4,48,4,1
2015,0.261200,0.308200,0.041300,0.086900,0.042400,0.076400,0.013800,0.021888,0.005888,,0.013088,0.001120,4,4,48,4,1
2016,0.258400,0.312200,0.041100,0.085400,0.042100,0.076100,0.013200,0.021760,0.005760,,0.010464,0.001152,4,4,48,4,1
2017,0.259200,0.309200,0.041000,0.085200,0.042300,0.076000,0.014300,0.021440,0.005376,,0.010528,0.001152,4,4,48,4,1
2018,0.262400,0.310200,0.041300,0.091200,0.041800,0.075600,0.012000,0.021408,0.005888,,0.010208,0.001088,4,4,48,4,1
2019,0.251400,0.313400,0.041200,0.085900,0.042600,0.077900,0.003400,0.021344,0.005408,,0.010464,0.001088,4,4,48,4,1
2020,0.266300,0.302600,0.042200,0.099300,0.042100,0.074300,0.007800,0.021536,0.005440,,0.013120,0.001088,4,4,48,4,1
2021,0.261400,0.317700,0.041200,0.088900,0.041800,0.085300,0.003600,0.022400,0.005472,,0.012416,0.001184,4,4,48,4,1
2022,0.249500,0.311900,0.041100,0.085300,0.042200,0.074700,0.005600,0.024224,0.005536,,0.012512,0.001152,4,4,48,4,1
2023,0.258400,0.300000,0.040800,0.085300,0.042200,0.075500,0.013900,0.021248,0.005632,,0.010496,0.001152,4,4,48,4,1
2024,0.263100,0.309300,0.040900,0.085600,0.042100,0.089800,0.004200,0.022176,0.005632,,0.010336,0.001088,4,4,48,4,1
2025,0.249900,0.314500,0.041200,0.085300,0.042100,0.075800,0.005100,0.021536,0.005568,,0.010496,0.001120,4,4,48,4,1
2026,0.258800,0.300900,0.041100,0.084900,0.042400,0.075600,0.014300,0.020928,0.005472,,0.010752,0.001120,4,4,48,4,1
2027,0.259300,0.310000,0.041500,0.085700,0.042400,0.076200,0.013100,0.021920,0.005728,,0.013024,0.001152,4,4,48,4,1
2028,0.257400,0.310000,0.040800,0.085700,0.042000,0.076400,0.011900,0.021216,0.005888,,0.010720,0.001088,4,4,48,4,1
2029,0.312100,0.308200,0.057900,0.096700,0.066000,0.087300,0.003600,0.021664,0.005568,,0.013088,0.001152,4,4,48,4,1
2030,0.258300,0.371400,0.041200,0.086400,0.042000,0.084600,0.003800,0.021856,0.005664,,0.013120,0.001088,4,4,48,4,1
2031,0.251400,0.314300,0.041500,0.085900,0.042200,0.075700,0.005600,0.024224,0.005600,,0.011072,0.001088,4,4,48,4,1
2032,0.258000,0.302300,0.041000,0.086100,0.042100,0.084300,0.003900,0.021888,0.005856,,0.010464,0.001184,4,4,48,4,1
2033,0.256800,0.309200,0.041200,0.086100,0.042500,0.081400,0.005100,0.021792,0.005600,,0.013152,0.001152,4,4,48,4,1
2034,0.251000,0.307900,0.041400,0.085700,0.042600,0.075500,0.005300,0.024160,0.005536,,0.011456,0.001088,4,4,48,4,1
2035,0.257500,0.301800,0.041200,0.085600,0.042200,0.084100,0.003800,0.021472,0.005600,,0.010336,0.001152,4,4,48,4,1
2036,0.249900,0.308400,0.041000,0.086000,0.042200,0.074800,0.005300,0.024384,0.005792,,0.012416,0.001088,4,4,48,4,1
2037,0.263400,0.300900,0.041100,0.086100,0.046900,0.084700,0.004000,0.021888,0.005696,,0.013056,0.001184,4,4,48,4,1
2038,0.257100,0.314200,0.041100,0.085400,0.042300,0.084300,0.003600,0.021216,0.005760,,0.010816,0.001120,4,4,48,4,1
2039,0.263000,0.308100,0.040200,0.085300,0.041900,0.086800,0.008200,0.021632,0.005504,,0.010560,0.001184,4,4,48,4,1
2040,0.251800,0.313700,0.041200,0.086100,0.041800,0.074900,0.007400,0.021568,0.005472,,0.013120,0.001120,4,4,48,4,1
2041,0.264800,0.302900,0.040900,0.085300,0.041900,0.075300,0.021000,0.022528,0.005632,,0.012416,0.001152,4,4,48,4,1
2042,0.250100,0.315800,0.041000,0.085200,0.042100,0.075700,0.005700,0.021728,0.005440,,0.012992,0.001120,4,4,48,4,1
2043,0.256900,0.301400,0.041200,0.085200,0.042000,0.084300,0.003700,0.021344,0.005312,,0.010496,0.001152,4,4,48,4,1
2044,0.256500,0.313100,0.041000,0.086200,0.042300,0.082000,0.004500,0.021600,0.005536,,0.010464,0.001184,4,4,48,4,1
2045,0.257400,0.307300,0.041300,0.085600,0.042400,0.083800,0.003900,0.021440,0.005472,,0.010464,0.001088,4,4,48,4,1
2046,0.254600,0.308400,0.040700,0.086000,0.042100,0.080900,0.004400,0.022048,0.005664,,0.013056,0.001152,4,4,48,4,1
2047,0.256800,0.305400,0.041500,0.085600,0.042000,0.082900,0.004200,0.021472,0.005536,,0.010528,0.001152,4,4,48,4,1
2048,0.256800,0.307900,0.041200,0.086000,0.041700,0.083900,0.003500,0.024224,0.005664,,0.012416,0.001184,4,4,48,4,1
2049,0.257100,0.307600,0.041200,0.085600,0.041800,0.084100,0.004000,0.021632,0.005504,,0.012960,0.001152,4,4,48,4,1
2050,0.262100,0.327000,0.041200,0.092000,0.041700,0.076100,0.010500,0.022048,0.005920,,0.012992,0.001120,4,4,48,4,1
2051,0.256600,0.313100,0.041100,0.086600,0.042600,0.075800,0.010200,0.023936,0.005568,,0.011072,0.001152,4,4,48,4,1
2052,0.256400,0.308200,0.041100,0.085500,0.042100,0.083200,0.003900,0.021120,0.005536,,0.010944,0.001184,4,4,48,4,1
2053,0.250900,0.307400,0.040700,0.085500,0.042500,0.075000,0.006600,0.022048,0.005728,,0.010368,0.001120,4,4,48,4,1
2054,0.257400,0.301600,0.041000,0.085300,0.042100,0.076200,0.012400,0.021920,0.005856,,0.010528,0.001152,4,4,48,4,1
2055,0.255200,0.308600,0.041000,0.086300,0.042100,0.079700,0.005600,0.024352,0.005696,,0.011072,0.001184,4,4,48,4,1
2056,0.248300,0.306300,0.040800,0.085300,0.042100,0.074300,0.005400,0.024224,0.005728,,0.011072,0.001120,4,4,48,4,1
2057,0.258500,0.304900,0.041000,0.085500,0.042000,0.075500,0.013900,0.021696,0.005568,,0.013088,0.001088,4,4,48,4,1
2058,0.249400,0.309300,0.040900,0.085800,0.042000,0.075200,0.005100,0.021312,0.005408,,0.013152,0.001120,4,4,48,4,1
2059,0.269100,0.300100,0.041400,0.100600,0.042500,0.076900,0.007300,0.022560,0.005664,,0.013920,0.001184,4,4,48,4,1
2060,0.256800,0.319900,0.040900,0.085800,0.042000,0.075100,0.012500,0.021856,0.005792,,0.010528,0.001152,4,4,48,4,1
2061,0.257400,0.307700,0.041100,0.085600,0.041900,0.076200,0.012000,0.021216,0.005664,,0.012608,0.001152,4,4,48,4,1
2062,0.257000,0.308200,0.040900,0.085100,0.042000,0.074900,0.013500,0.021536,0.005632,,0.010400,0.001088,4,4,48,4,1
2063,0.254600,0.308000,0.041000,0.090600,0.041900,0.074800,0.005700,0.024288,0.005696,,0.011008,0.001152,4,4,48,4,1
2064,0.258100,0.306000,0.040900,0.085600,0.042100,0.075600,0.013400,0.021728,0.005696,,0.010528,0.001120,4,4,48,4,1
2065,0.256800,0.308700,0.041000,0.085600,0.042200,0.075700,0.011600,0.021888,0.005824,,0.010560,0.001152,4,4,48,4,1
2066,0.250200,0.307700,0.041200,0.085600,0.042400,0.075300,0.005200,0.023840,0.005344,,0.011072,0.001088,4,4,48,4,1
2067,0.257700,0.301100,0.041600,0.085400,0.042400,0.075600,0.012100,0.021600,0.005568,,0.013088,0.001120,4,4,48,4,1
2068,0.256100,0.308300,0.041000,0.085300,0.042400,0.075800,0.011200,0.021824,0.005888,,0.010368,0.001152,4,4,48,4,1
2069,0.259600,0.307200,0.041600,0.085500,0.042100,0.076100,0.013900,0.021760,0.005504,,0.013024,0.001152,4,4,48,4,1
2070,0.256500,0.315200,0.041200,0.085400,0.041900,0.075500,0.012100,0.021824,0.005920,,0.010432,0.001088,4,4,48,4,1
2071,0.257600,0.307500,0.040900,0.085400,0.042100,0.075500,0.013200,0.021696,0.005664,,0.012992,0.001120,4,4,48,4,1
2072,0.253500,0.308500,0.041200,0.085100,0.046400,0.075000,0.005400,0.024288,0.005760,,0.011008,0.001152,4,4,48,4,1
2073,0.259200,0.304900,0.040900,0.085200,0.042300,0.076100,0.014200,0.024192,0.005824,,0.011168,0.001088,4,4,48,4,1
2074,0.257200,0.310000,0.041000,0.085500,0.042700,0.076300,0.011200,0.022112,0.005728,,0.012224,0.001088,4,4,48,4,1
2075,0.250400,0.308200,0.040800,0.085900,0.042500,0.075400,0.005300,0.024032,0.005472,,0.012448,0.001152,4,4,48,4,1
2076,0.255100,0.301300,0.041100,0.085900,0.047100,0.075100,0.005300,0.024672,0.005696,,0.011392,0.001152,4,4,48,4,1
2077,0.256700,0.306300,0.040800,0.085100,0.042300,0.076000,0.012100,0.021856,0.005728,,0.013120,0.001088,4,4,48,4,1
2078,0.249800,0.307800,0.040800,0.085300,0.042000,0.075900,0.005300,0.023008,0.005664,,0.011520,0.001120,4,4,48,4,1
2079,0.305600,0.301000,0.043100,0.085700,0.046300,0.122200,0.007600,0.021472,0.005568,,0.013152,0.001120,4,4,48,4,1
2080,0.332800,0.396100,0.054800,0.115100,0.056300,0.101700,0.004300,0.021600,0.005728,,0.010336,0.001120,4,4,48,4,1
2081,0.315900,0.397100,0.050800,0.108200,0.055100,0.097000,0.004200,0.021632,0.005600,,0.010464,0.001184,4,4,48,4,1
2082,0.308900,0.379000,0.049700,0.106000,0.054400,0.094000,0.004200,0.022272,0.005536,,0.010400,0.001184,4,4,48,4,1
2083,0.307400,0.372800,0.049500,0.105300,0.054700,0.093300,0.004100,0.021792,0.005696,,0.013088,0.001152,4,4,48,4,1
2084,0.375800,0.370800,0.050100,0.160100,0.057900,0.102700,0.004500,0.022528,0.005696,,0.013888,0.001152,4,4,48,4,1
2085,0.317300,0.442600,0.051500,0.108600,0.052800,0.096500,0.007400,0.021664,0.005568,,0.010432,0.001120,4,4,48,4,1
2086,0.331800,0.381300,0.049900,0.106100,0.058900,0.102800,0.013600,0.022496,0.005696,,0.012384,0.001088,4,4,48,4,1
2087,0.311300,0.395000,0.050200,0.104500,0.052100,0.098800,0.005100,0.021824,0.005696,,0.013120,0.001152,4,4,48,4,1
2088,0.272200,0.364300,0.042300,0.090000,0.044500,0.091100,0.003700,0.021600,0.005600,,0.010432,0.001152,4,4,48,4,1
2089,0.265100,0.325400,0.042400,0.089400,0.044400,0.083900,0.004400,0.021632,0.005728,,0.010432,0.001088,4,4,48,4,1
2090,0.274600,0.319200,0.049500,0.090000,0.044500,0.086100,0.003800,0.024128,0.005600,,0.011072,0.001088,4,4,48,4,1
2091,0.259000,0.330700,0.041100,0.086000,0.042600,0.076900,0.011900,0.021600,0.005632,,0.010368,0.001152,4,4,48,4,1
2092,0.249200,0.309900,0.040800,0.085100,0.042400,0.075100,0.005200,0.021856,0.005792,,0.010560,0.001120,4,4,48,4,1
2093,0.257200,0.300200,0.041100,0.086200,0.042700,0.076300,0.010400,0.021696,0.005632,,0.010496,0.001184,4,4,48,4,1
2094,0.258200,0.308100,0.041200,0.086200,0.042600,0.075800,0.012000,0.021248,0.005760,,0.010848,0.001120,4,4,48,4,1
2095,0.258700,0.308900,0.040900,0.092300,0.041900,0.079600,0.003400,0.023232,0.005632,,0.011904,0.001088,4,4,48,4,1
2096,0.267700,0.310100,0.043200,0.097000,0.041900,0.077700,0.007500,0.022432,0.005536,,0.014016,0.001120,4,4,48,4,1
2097,0.276600,0.318500,0.041000,0.103900,0.042300,0.076600,0.012300,0.021408,0.005888,,0.011008,0.001120,4,4,48,4,1
2098,0.250600,0.328400,0.041100,0.086100,0.042200,0.075100,0.005800,0.024288,0.005824,,0.011008,0.001120,4,4,48,4,1
2099,0.257900,0.301200,0.041000,0.086500,0.042200,0.075800,0.012000,0.021600,0.005728,,0.010368,0.001088,4,4,48,4,1
2100,0.263600,0.308700,0.040800,0.086300,0.042200,0.088100,0.005700,0.021472,0.005472,,0.010496,0.001120,4,4,48,4,1
2101,0.267000,0.315000,0.041100,0.086100,0.042400,0.091700,0.005200,0.021728,0.005856,,0.010336,0.001120,4,4,48,4,1
2102,0.248900,0.317700,0.041000,0.086000,0.041900,0.074400,0.005200,0.023968,0.005632,,0.011008,0.001088,4,4,48,4,1
2103,0.250500,0.299700,0.041200,0.085500,0.042000,0.075900,0.005100,0.021920,0.005792,,0.010592,0.001152,4,4,48,4,1
2104,0.278900,0.301500,0.041000,0.100700,0.042400,0.088700,0.005500,0.024000,0.005664,,0.011072,0.001088,4,4,48,4,1
2105,0.258500,0.329800,0.041000,0.085900,0.042400,0.076100,0.012300,0.021984,0.005696,,0.013120,0.001184,4,4,48,4,1
2106,0.255900,0.309300,0.041000,0.085500,0.042000,0.075900,0.011100,0.021760,0.005632,,0.013152,0.001120,4,4,48,4,1
2107,0.271200,0.306700,0.052100,0.086200,0.042500,0.075600,0.014400,0.021856,0.005728,,0.013120,0.001152,4,4,48,4,1
2108,0.267000,0.322000,0.046800,0.085900,0.042400,0.077000,0.014500,0.023936,0.005600,,0.011104,0.001152,4,4,48,4,1
2109,0.256000,0.317600,0.041200,0.085300,0.042600,0.075100,0.011200,0.021824,0.005760,,0.010528,0.001184,4,4,48,4,1
2110,0.249000,0.306800,0.040900,0.085500,0.042300,0.074200,0.005800,0.024192,0.005696,,0.011200,0.001120,4,4,48,4,1
2111,0.249600,0.299900,0.040900,0.085400,0.042400,0.075200,0.005200,0.021888,0.005824,,0.010496,0.001184,4,4,48,4,1
2112,0.255700,0.300500,0.041100,0.085900,0.042300,0.075600,0.010500,0.021504,0.005728,,0.010336,0.001152,4,4,48,4,1
2113,0.259600,0.306800,0.040900,0.085300,0.042400,0.084800,0.005700,0.021504,0.005632,,0.010368,0.001120,4,4,48,4,1
2114,0.256100,0.310500,0.040800,0.085300,0.047700,0.075900,0.005700,0.023168,0.005216,,0.012128,0.001120,4,4,48,4,1
2115,0.256800,0.307100,0.040300,0.086200,0.042600,0.079900,0.007600,0.022400,0.005536,,0.010112,0.001152,4,4,48,4,1
2116,0.249800,0.307500,0.040800,0.085200,0.042000,0.074200,0.007100,0.022432,0.005600,,0.013888,0.001152,4,4,48,4,1
2117,0.249800,0.300600,0.041100,0.085600,0.041900,0.074600,0.006100,0.024288,0.005632,,0.012416,0.001152,4,4,48,4,1
2118,0.257800,0.300500,0.040900,0.085600,0.042100,0.075800,0.012900,0.021888,0.005888,,0.010464,0.001120,4,4,48,4,1
2119,0.256700,0.308800,0.040900,0.085200,0.041700,0.075300,0.013000,0.022048,0.005824,,0.013120,0.001120,4,4,48,4,1
2120,0.254900,0.307500,0.041100,0.085600,0.042000,0.080900,0.005000,0.020864,0.005408,,0.010848,0.001088,4,4,48,4,1
2121,0.255000,0.305700,0.046300,0.085600,0.042100,0.074600,0.005900,0.024224,0.005664,,0.011040,0.001152,4,4,48,4,1
2122,0.257100,0.305900,0.040900,0.085300,0.042400,0.075800,0.012300,0.021120,0.005536,,0.010912,0.001152,4,4,48,4,1
2123,0.249900,0.308500,0.041100,0.085700,0.042000,0.074800,0.005700,0.024192,0.005632,,0.012480,0.001120,4,4,48,4,1
2124,0.259800,0.300800,0.041000,0.085700,0.042300,0.075800,0.014500,0.021632,0.005600,,0.010560,0.001120,4,4,48,4,1
2125,0.248600,0.310900,0.040800,0.085800,0.042100,0.074500,0.005000,0.024128,0.005536,,0.011040,0.001152,4,4,48,4,1
2126,0.255900,0.299900,0.040700,0.084900,0.041800,0.075700,0.012300,0.021888,0.005760,,0.013056,0.001184,4,4,48,4,1
2127,0.260700,0.306600,0.040900,0.085300,0.041700,0.081000,0.011200,0.024352,0.005696,,0.011264,0.001184,4,4,48,4,1
2128,0.434400,0.311700,0.041000,0.209300,0.065500,0.111100,0.006800,0.024448,0.005504,,0.011392,0.001120,4,4,48,4,1
2129,0.317500,0.501500,0.051100,0.109200,0.053300,0.097800,0.005500,0.021952,0.005664,,0.012928,0.001152,4,4,48,4,1
2130,0.311400,0.382000,0.049900,0.106700,0.052600,0.096000,0.005600,0.021728,0.005792,,0.010368,0.001152,4,4,48,4,1
2131,0.310900,0.375100,0.049800,0.105000,0.052600,0.097600,0.005400,0.024416,0.005856,,0.011488,0.001152,4,4,48,4,1
2132,0.330500,0.374500,0.049500,0.105600,0.052300,0.117100,0.005500,0.024192,0.005824,,0.012512,0.001120,4,4,48,4,1
2133,0.270700,0.382400,0.051700,0.088900,0.043800,0.079000,0.006800,0.023520,0.005760,,0.013120,0.001120,4,4,48,4,1
2134,0.260600,0.321600,0.040900,0.087300,0.042600,0.083800,0.005600,0.022624,0.005792,,0.013920,0.001120,4,4,48,4,1
2135,0.302500,0.323400,0.049600,0.104300,0.052100,0.091900,0.004100,0.022336,0.005664,,0.010400,0.001120,4,4,48,4,1
2136,0.304500,0.368200,0.048900,0.104500,0.051300,0.093900,0.005400,0.021504,0.005472,,0.010496,0.001152,4,4,48,4,1
2137,0.290100,0.367600,0.048800,0.103400,0.045300,0.086800,0.005200,0.021408,0.005376,,0.010528,0.001120,4,4,48,4,1
2138,0.254000,0.341100,0.041000,0.086300,0.042500,0.078200,0.005600,0.024704,0.005696,,0.011424,0.001152,4,4,48,4,1
2139,0.258100,0.305000,0.041100,0.086200,0.042700,0.075900,0.011500,0.021312,0.005440,,0.010496,0.001120,4,4,48,4,1
2140,0.259600,0.308900,0.041200,0.085500,0.042000,0.075800,0.014600,0.021696,0.005824,,0.010528,0.001120,4,4,48,4,1
2141,0.257200,0.310600,0.040800,0.085500,0.042300,0.076000,0.012200,0.021504,0.005536,,0.010464,0.001120,4,4,48,4,1
2142,0.261000,0.307600,0.040700,0.096400,0.042300,0.075100,0.006000,0.020864,0.005344,,0.010848,0.001088,4,4,48,4,1
2143,0.254900,0.312300,0.040700,0.085300,0.041800,0.075900,0.010700,0.021024,0.005696,,0.010560,0.001088,4,4,48,4,1
2144,0.263800,0.305500,0.040700,0.091200,0.041700,0.075400,0.014400,0.021664,0.005696,,0.010432,0.001152,4,4,48,4,1
2145,0.259600,0.314200,0.041100,0.085100,0.041900,0.077200,0.013900,0.023936,0.005344,,0.012576,0.001184,4,4,48,4,1
2146,0.262900,0.310300,0.040700,0.090600,0.041900,0.085300,0.003900,0.021600,0.005632,,0.010432,0.001152,4,4,48,4,1
2147,0.250100,0.313800,0.040800,0.085800,0.042300,0.074800,0.005900,0.021664,0.005888,,0.010272,0.001152,4,4,48,4,1
2148,0.259600,0.300600,0.040700,0.085500,0.041700,0.075500,0.015900,0.022432,0.005568,,0.013920,0.001184,4,4,48,4,1
2149,0.257000,0.310500,0.040800,0.085800,0.042600,0.075600,0.011700,0.022112,0.005728,,0.012992,0.001152,4,4,48,4,1
2150,0.267500,0.307700,0.041000,0.085400,0.042200,0.092900,0.005700,0.024160,0.005504,,0.011136,0.001152,4,4,48,4,1
2151,0.257200,0.318100,0.041000,0.085100,0.042100,0.075900,0.012600,0.021696,0.005696,,0.010432,0.001184,4,4,48,4,1
2152,0.249300,0.308100,0.041000,0.085300,0.042200,0.076900,0.003300,0.023200,0.005568,,0.012992,0.001088,4,4,48,4,1
2153,0.255800,0.300000,0.040800,0.090700,0.042400,0.074800,0.006700,0.021984,0.005664,,0.010560,0.001184,4,4,48,4,1
2154,0.258000,0.306800,0.040700,0.085500,0.042500,0.075800,0.013000,0.021568,0.005568,,0.010464,0.001120,4,4,48,4,1
2155,0.256200,0.308900,0.040900,0.085200,0.042100,0.075900,0.011600,0.021824,0.005440,,0.012928,0.001184,4,4,48,4,1
